current_plan_group_id,organization_id,indicator_id,plan_fiscal_year,ed_scope,source_record_ids,intervention_count
current_group_e67dc91bf84cd9954e13,org_004976c32c109a2a,ind_0646035afd9bba7c,2026/27,excluded,"[""file_fd960952b94a17c6133039e5515cdb29b133b2905b36909786e69941eb196f09:record_787""]",1
current_group_37bad8db5d3ab7fe5e8a,org_004976c32c109a2a,ind_06590f50f65eac7e,2026/27,included,"[""file_fd960952b94a17c6133039e5515cdb29b133b2905b36909786e69941eb196f09:record_793""]",1
current_group_091bc23657c66ee2c722,org_004976c32c109a2a,ind_37478f8fb5db2bb6,2026/27,excluded,"[""file_fd960952b94a17c6133039e5515cdb29b133b2905b36909786e69941eb196f09:record_794"",""file_fd960952b94a17c6133039e5515cdb29b133b2905b36909786e69941eb196f09:record_795"",""file_fd960952b94a17c6133039e5515cdb29b133b2905b36909786e69941eb196f09:record_796""]",3
current_group_ba68d1a4bff193f73f6f,org_004976c32c109a2a,ind_5314e24f5f6e6912,2026/27,excluded,"[""file_fd960952b94a17c6133039e5515cdb29b133b2905b36909786e69941eb196f09:record_797""]",1
current_group_c629a8accec512531b6e,org_004976c32c109a2a,ind_5b2e1352e31909e8,2026/27,included,"[""file_fd960952b94a17c6133039e5515cdb29b133b2905b36909786e69941eb196f09:record_803""]",1
current_group_e93992478c7c69ceb984,org_004976c32c109a2a,ind_67ee717abbe20a1b,2026/27,excluded,"[""file_fd960952b94a17c6133039e5515cdb29b133b2905b36909786e69941eb196f09:record_788"",""file_fd960952b94a17c6133039e5515cdb29b133b2905b36909786e69941eb196f09:record_789""]",2
current_group_f705f899a390d647674c,org_004976c32c109a2a,ind_7ebd4762b8a6c688,2026/27,included,"[""file_fd960952b94a17c6133039e5515cdb29b133b2905b36909786e69941eb196f09:record_800""]",1
current_group_a54bd2ff4fc235f49171,org_004976c32c109a2a,ind_e666bcb709405e0f,2026/27,included,"[""file_fd960952b94a17c6133039e5515cdb29b133b2905b36909786e69941eb196f09:record_798"",""file_fd960952b94a17c6133039e5515cdb29b133b2905b36909786e69941eb196f09:record_799""]",2
current_group_3a91a658d7d92c895f2b,org_004976c32c109a2a,ind_e7cd9b5804f1c518,2026/27,included,"[""file_fd960952b94a17c6133039e5515cdb29b133b2905b36909786e69941eb196f09:record_801"",""file_fd960952b94a17c6133039e5515cdb29b133b2905b36909786e69941eb196f09:record_802""]",2
current_group_d6d67e67ac639237d922,org_004976c32c109a2a,ind_ee70b593aad3e4f6,2026/27,included,"[""file_fd960952b94a17c6133039e5515cdb29b133b2905b36909786e69941eb196f09:record_790"",""file_fd960952b94a17c6133039e5515cdb29b133b2905b36909786e69941eb196f09:record_791""]",2
current_group_705eaba88d1207755fdc,org_004976c32c109a2a,ind_ef4a9573ead4ee92,2026/27,included,"[""file_fd960952b94a17c6133039e5515cdb29b133b2905b36909786e69941eb196f09:record_792""]",1
current_group_f68511a38484c56e688f,org_004976c32c109a2a,ind_f197a93604c302d2,2026/27,included,"[""file_fd960952b94a17c6133039e5515cdb29b133b2905b36909786e69941eb196f09:record_804"",""file_fd960952b94a17c6133039e5515cdb29b133b2905b36909786e69941eb196f09:record_805""]",2
current_group_b20e42df3360e50821b7,org_01f7d38f0c7f1cff,ind_0646035afd9bba7c,2026/27,excluded,"[""file_fd960952b94a17c6133039e5515cdb29b133b2905b36909786e69941eb196f09:record_870""]",1
current_group_4d9e7975d11421122dce,org_01f7d38f0c7f1cff,ind_06590f50f65eac7e,2026/27,included,"[""file_fd960952b94a17c6133039e5515cdb29b133b2905b36909786e69941eb196f09:record_874""]",1
current_group_a895772c533c4f713c3a,org_01f7d38f0c7f1cff,ind_21977806f701e279,2026/27,needs_review,"[""file_fd960952b94a17c6133039e5515cdb29b133b2905b36909786e69941eb196f09:record_878""]",1
current_group_eb9cc43dfcdde597c2ff,org_01f7d38f0c7f1cff,ind_37478f8fb5db2bb6,2026/27,excluded,"[""file_fd960952b94a17c6133039e5515cdb29b133b2905b36909786e69941eb196f09:record_880""]",1
current_group_bc38ed5b04e8c350dfbe,org_01f7d38f0c7f1cff,ind_5314e24f5f6e6912,2026/27,excluded,"[""file_fd960952b94a17c6133039e5515cdb29b133b2905b36909786e69941eb196f09:record_881""]",1
current_group_048dad5223110fed4d3a,org_01f7d38f0c7f1cff,ind_5b2e1352e31909e8,2026/27,included,"[""file_fd960952b94a17c6133039e5515cdb29b133b2905b36909786e69941eb196f09:record_876""]",1
current_group_4d52064d536956c28186,org_01f7d38f0c7f1cff,ind_67ee717abbe20a1b,2026/27,excluded,"[""file_fd960952b94a17c6133039e5515cdb29b133b2905b36909786e69941eb196f09:record_871""]",1
current_group_27786c046bff8012b4dc,org_01f7d38f0c7f1cff,ind_7ebd4762b8a6c688,2026/27,included,"[""file_fd960952b94a17c6133039e5515cdb29b133b2905b36909786e69941eb196f09:record_883""]",1
current_group_9d333eb040ff9af5cdf4,org_01f7d38f0c7f1cff,ind_a8f6cca5fe8befdf,2026/27,excluded,"[""file_fd960952b94a17c6133039e5515cdb29b133b2905b36909786e69941eb196f09:record_879""]",1
current_group_472e5f459a3fa1ad9bc1,org_01f7d38f0c7f1cff,ind_c2ff2b1872f9acce,2026/27,needs_review,"[""file_fd960952b94a17c6133039e5515cdb29b133b2905b36909786e69941eb196f09:record_875""]",1
current_group_6e612b9397541beba1da,org_01f7d38f0c7f1cff,ind_e666bcb709405e0f,2026/27,included,"[""file_fd960952b94a17c6133039e5515cdb29b133b2905b36909786e69941eb196f09:record_882""]",1
current_group_5cc9186da3c55c73f01c,org_01f7d38f0c7f1cff,ind_e7cd9b5804f1c518,2026/27,included,"[""file_fd960952b94a17c6133039e5515cdb29b133b2905b36909786e69941eb196f09:record_884""]",1
current_group_22c33f34dd38e5876c85,org_01f7d38f0c7f1cff,ind_ee70b593aad3e4f6,2026/27,included,"[""file_fd960952b94a17c6133039e5515cdb29b133b2905b36909786e69941eb196f09:record_872""]",1
current_group_3efc9bd1b24297f6f11a,org_01f7d38f0c7f1cff,ind_ef4a9573ead4ee92,2026/27,included,"[""file_fd960952b94a17c6133039e5515cdb29b133b2905b36909786e69941eb196f09:record_873""]",1
current_group_65ec5ce4e17dc2ff139d,org_01f7d38f0c7f1cff,ind_f197a93604c302d2,2026/27,included,"[""file_fd960952b94a17c6133039e5515cdb29b133b2905b36909786e69941eb196f09:record_877""]",1
current_group_a12cbe5e888408923656,org_0544e3760b9436c3,ind_0646035afd9bba7c,2026/27,excluded,"[""file_fd960952b94a17c6133039e5515cdb29b133b2905b36909786e69941eb196f09:record_692""]",1
current_group_57b2913fe0c758ed9dd1,org_0544e3760b9436c3,ind_06590f50f65eac7e,2026/27,included,"[""file_fd960952b94a17c6133039e5515cdb29b133b2905b36909786e69941eb196f09:record_696""]",1
current_group_9eec6ad294bb9c89e31c,org_0544e3760b9436c3,ind_21977806f701e279,2026/27,needs_review,"[""file_fd960952b94a17c6133039e5515cdb29b133b2905b36909786e69941eb196f09:record_700""]",1
current_group_4265b247537802a550c5,org_0544e3760b9436c3,ind_37478f8fb5db2bb6,2026/27,excluded,"[""file_fd960952b94a17c6133039e5515cdb29b133b2905b36909786e69941eb196f09:record_702""]",1
current_group_11f616f389cff9f67176,org_0544e3760b9436c3,ind_5314e24f5f6e6912,2026/27,excluded,"[""file_fd960952b94a17c6133039e5515cdb29b133b2905b36909786e69941eb196f09:record_703""]",1
current_group_e0694bd57ca66669b311,org_0544e3760b9436c3,ind_5b2e1352e31909e8,2026/27,included,"[""file_fd960952b94a17c6133039e5515cdb29b133b2905b36909786e69941eb196f09:record_698""]",1
current_group_2ded5cb1468913b73944,org_0544e3760b9436c3,ind_67ee717abbe20a1b,2026/27,excluded,"[""file_fd960952b94a17c6133039e5515cdb29b133b2905b36909786e69941eb196f09:record_693""]",1
current_group_f1c503ee2e1df9f5daf3,org_0544e3760b9436c3,ind_7ebd4762b8a6c688,2026/27,included,"[""file_fd960952b94a17c6133039e5515cdb29b133b2905b36909786e69941eb196f09:record_705""]",1
current_group_030b9089aa62a17e659e,org_0544e3760b9436c3,ind_a8f6cca5fe8befdf,2026/27,excluded,"[""file_fd960952b94a17c6133039e5515cdb29b133b2905b36909786e69941eb196f09:record_701""]",1
current_group_e236fd924957ace45e88,org_0544e3760b9436c3,ind_c2ff2b1872f9acce,2026/27,needs_review,"[""file_fd960952b94a17c6133039e5515cdb29b133b2905b36909786e69941eb196f09:record_697""]",1
current_group_bdd299f229d75efb09a4,org_0544e3760b9436c3,ind_e666bcb709405e0f,2026/27,included,"[""file_fd960952b94a17c6133039e5515cdb29b133b2905b36909786e69941eb196f09:record_704""]",1
current_group_c366071078fc58b4c794,org_0544e3760b9436c3,ind_e7cd9b5804f1c518,2026/27,included,"[""file_fd960952b94a17c6133039e5515cdb29b133b2905b36909786e69941eb196f09:record_706""]",1
current_group_56a5f94c25bcd866a3b2,org_0544e3760b9436c3,ind_ee70b593aad3e4f6,2026/27,included,"[""file_fd960952b94a17c6133039e5515cdb29b133b2905b36909786e69941eb196f09:record_694""]",1
current_group_30073989f4e97b7592c8,org_0544e3760b9436c3,ind_ef4a9573ead4ee92,2026/27,included,"[""file_fd960952b94a17c6133039e5515cdb29b133b2905b36909786e69941eb196f09:record_695""]",1
current_group_e84a190ff57b1a06fa9b,org_0544e3760b9436c3,ind_f197a93604c302d2,2026/27,included,"[""file_fd960952b94a17c6133039e5515cdb29b133b2905b36909786e69941eb196f09:record_699""]",1
current_group_22516c4cb2f8f043e415,org_08b519baf6f3ee0b,ind_0646035afd9bba7c,2026/27,excluded,"[""file_fd960952b94a17c6133039e5515cdb29b133b2905b36909786e69941eb196f09:record_686""]",1
current_group_12b727592ec8231f4d78,org_08b519baf6f3ee0b,ind_5b2e1352e31909e8,2026/27,included,"[""file_fd960952b94a17c6133039e5515cdb29b133b2905b36909786e69941eb196f09:record_680"",""file_fd960952b94a17c6133039e5515cdb29b133b2905b36909786e69941eb196f09:record_681""]",2
current_group_81cd41e1782a5bc1e909,org_08b519baf6f3ee0b,ind_67ee717abbe20a1b,2026/27,excluded,"[""file_fd960952b94a17c6133039e5515cdb29b133b2905b36909786e69941eb196f09:record_687""]",1
current_group_1ed35a8212e8cb62d99e,org_08b519baf6f3ee0b,ind_91da8606c8bb476c,2026/27,needs_review,"[""file_fd960952b94a17c6133039e5515cdb29b133b2905b36909786e69941eb196f09:record_682"",""file_fd960952b94a17c6133039e5515cdb29b133b2905b36909786e69941eb196f09:record_683""]",2
current_group_01ae197ef176d15b5724,org_08b519baf6f3ee0b,ind_9e671c7111f1943f,2026/27,needs_review,"[""file_fd960952b94a17c6133039e5515cdb29b133b2905b36909786e69941eb196f09:record_684"",""file_fd960952b94a17c6133039e5515cdb29b133b2905b36909786e69941eb196f09:record_685""]",2
current_group_4f433c3bf8d227c8b3cf,org_08b519baf6f3ee0b,ind_e666bcb709405e0f,2026/27,included,"[""file_fd960952b94a17c6133039e5515cdb29b133b2905b36909786e69941eb196f09:record_690"",""file_fd960952b94a17c6133039e5515cdb29b133b2905b36909786e69941eb196f09:record_691""]",2
current_group_9e2cdde58c62354fe742,org_08b519baf6f3ee0b,ind_e7cd9b5804f1c518,2026/27,included,"[""file_fd960952b94a17c6133039e5515cdb29b133b2905b36909786e69941eb196f09:record_679""]",1
current_group_c30a22cc641a47fb4a6d,org_08b519baf6f3ee0b,ind_ee70b593aad3e4f6,2026/27,included,"[""file_fd960952b94a17c6133039e5515cdb29b133b2905b36909786e69941eb196f09:record_688""]",1
current_group_46831e54fa560594fc84,org_08b519baf6f3ee0b,ind_ef4a9573ead4ee92,2026/27,included,"[""file_fd960952b94a17c6133039e5515cdb29b133b2905b36909786e69941eb196f09:record_689""]",1
current_group_8a29b2834ccbb57d5d3b,org_09b15e54e367b728,ind_0646035afd9bba7c,2026/27,excluded,"[""file_fd960952b94a17c6133039e5515cdb29b133b2905b36909786e69941eb196f09:record_140"",""file_fd960952b94a17c6133039e5515cdb29b133b2905b36909786e69941eb196f09:record_141"",""file_fd960952b94a17c6133039e5515cdb29b133b2905b36909786e69941eb196f09:record_142"",""file_fd960952b94a17c6133039e5515cdb29b133b2905b36909786e69941eb196f09:record_143""]",4
current_group_a00cc38634ff0091a5cf,org_09b15e54e367b728,ind_37478f8fb5db2bb6,2026/27,excluded,"[""file_fd960952b94a17c6133039e5515cdb29b133b2905b36909786e69941eb196f09:record_147"",""file_fd960952b94a17c6133039e5515cdb29b133b2905b36909786e69941eb196f09:record_148"",""file_fd960952b94a17c6133039e5515cdb29b133b2905b36909786e69941eb196f09:record_149"",""file_fd960952b94a17c6133039e5515cdb29b133b2905b36909786e69941eb196f09:record_150"",""file_fd960952b94a17c6133039e5515cdb29b133b2905b36909786e69941eb196f09:record_151"",""file_fd960952b94a17c6133039e5515cdb29b133b2905b36909786e69941eb196f09:record_152""]",6
current_group_3c5799609eb9d6a48b3d,org_09b15e54e367b728,ind_5314e24f5f6e6912,2026/27,excluded,"[""file_fd960952b94a17c6133039e5515cdb29b133b2905b36909786e69941eb196f09:record_153"",""file_fd960952b94a17c6133039e5515cdb29b133b2905b36909786e69941eb196f09:record_154"",""file_fd960952b94a17c6133039e5515cdb29b133b2905b36909786e69941eb196f09:record_155"",""file_fd960952b94a17c6133039e5515cdb29b133b2905b36909786e69941eb196f09:record_156"",""file_fd960952b94a17c6133039e5515cdb29b133b2905b36909786e69941eb196f09:record_157""]",5
current_group_2bf9cb633a6b452d2e66,org_09b15e54e367b728,ind_5b2e1352e31909e8,2026/27,included,"[""file_fd960952b94a17c6133039e5515cdb29b133b2905b36909786e69941eb196f09:record_171"",""file_fd960952b94a17c6133039e5515cdb29b133b2905b36909786e69941eb196f09:record_172"",""file_fd960952b94a17c6133039e5515cdb29b133b2905b36909786e69941eb196f09:record_173"",""file_fd960952b94a17c6133039e5515cdb29b133b2905b36909786e69941eb196f09:record_174"",""file_fd960952b94a17c6133039e5515cdb29b133b2905b36909786e69941eb196f09:record_175""]",5
current_group_842361e8310bb9dd4864,org_09b15e54e367b728,ind_7ebd4762b8a6c688,2026/27,included,"[""file_fd960952b94a17c6133039e5515cdb29b133b2905b36909786e69941eb196f09:record_162"",""file_fd960952b94a17c6133039e5515cdb29b133b2905b36909786e69941eb196f09:record_163"",""file_fd960952b94a17c6133039e5515cdb29b133b2905b36909786e69941eb196f09:record_164"",""file_fd960952b94a17c6133039e5515cdb29b133b2905b36909786e69941eb196f09:record_165""]",4
current_group_9bd6d985118baf50b7f1,org_09b15e54e367b728,ind_e666bcb709405e0f,2026/27,included,"[""file_fd960952b94a17c6133039e5515cdb29b133b2905b36909786e69941eb196f09:record_158"",""file_fd960952b94a17c6133039e5515cdb29b133b2905b36909786e69941eb196f09:record_159"",""file_fd960952b94a17c6133039e5515cdb29b133b2905b36909786e69941eb196f09:record_160"",""file_fd960952b94a17c6133039e5515cdb29b133b2905b36909786e69941eb196f09:record_161""]",4
current_group_1ed8bf0c78f0224ed181,org_09b15e54e367b728,ind_e7cd9b5804f1c518,2026/27,included,"[""file_fd960952b94a17c6133039e5515cdb29b133b2905b36909786e69941eb196f09:record_166"",""file_fd960952b94a17c6133039e5515cdb29b133b2905b36909786e69941eb196f09:record_167"",""file_fd960952b94a17c6133039e5515cdb29b133b2905b36909786e69941eb196f09:record_168"",""file_fd960952b94a17c6133039e5515cdb29b133b2905b36909786e69941eb196f09:record_169"",""file_fd960952b94a17c6133039e5515cdb29b133b2905b36909786e69941eb196f09:record_170""]",5
current_group_1fde177c526bfbeaa705,org_09b15e54e367b728,ind_ee70b593aad3e4f6,2026/27,included,"[""file_fd960952b94a17c6133039e5515cdb29b133b2905b36909786e69941eb196f09:record_144"",""file_fd960952b94a17c6133039e5515cdb29b133b2905b36909786e69941eb196f09:record_145"",""file_fd960952b94a17c6133039e5515cdb29b133b2905b36909786e69941eb196f09:record_146""]",3
current_group_89b999f72ca86c79b20b,org_09cdc83f1003ae8a,ind_0f479706141c7c70,2026/27,needs_review,"[""file_fd960952b94a17c6133039e5515cdb29b133b2905b36909786e69941eb196f09:record_956"",""file_fd960952b94a17c6133039e5515cdb29b133b2905b36909786e69941eb196f09:record_957""]",2
current_group_03e8d45bc15649b374dd,org_09cdc83f1003ae8a,ind_3d4aeb139e49fc30,2026/27,needs_review,"[""file_fd960952b94a17c6133039e5515cdb29b133b2905b36909786e69941eb196f09:record_958"",""file_fd960952b94a17c6133039e5515cdb29b133b2905b36909786e69941eb196f09:record_959"",""file_fd960952b94a17c6133039e5515cdb29b133b2905b36909786e69941eb196f09:record_960""]",3
current_group_956e1a2c2ad4a3f0572d,org_09cdc83f1003ae8a,ind_5b5b0bc6a26d0c5e,2026/27,needs_review,"[""file_fd960952b94a17c6133039e5515cdb29b133b2905b36909786e69941eb196f09:record_954"",""file_fd960952b94a17c6133039e5515cdb29b133b2905b36909786e69941eb196f09:record_955""]",2
current_group_d9d297fc94c2ca218e72,org_09cdc83f1003ae8a,ind_5f3471dcce8abc6e,2026/27,needs_review,"[""file_fd960952b94a17c6133039e5515cdb29b133b2905b36909786e69941eb196f09:record_961"",""file_fd960952b94a17c6133039e5515cdb29b133b2905b36909786e69941eb196f09:record_962"",""file_fd960952b94a17c6133039e5515cdb29b133b2905b36909786e69941eb196f09:record_963""]",3
current_group_48e374220220ab44b4de,org_09cdc83f1003ae8a,ind_70b67533626ea33c,2026/27,needs_review,"[""file_fd960952b94a17c6133039e5515cdb29b133b2905b36909786e69941eb196f09:record_952"",""file_fd960952b94a17c6133039e5515cdb29b133b2905b36909786e69941eb196f09:record_953""]",2
current_group_caee69dea0dd8bfae172,org_09cdc83f1003ae8a,ind_7ebd4762b8a6c688,2026/27,included,"[""file_fd960952b94a17c6133039e5515cdb29b133b2905b36909786e69941eb196f09:record_947"",""file_fd960952b94a17c6133039e5515cdb29b133b2905b36909786e69941eb196f09:record_948""]",2
current_group_9edb0ecafdd6350860f2,org_09cdc83f1003ae8a,ind_f197a93604c302d2,2026/27,included,"[""file_fd960952b94a17c6133039e5515cdb29b133b2905b36909786e69941eb196f09:record_949"",""file_fd960952b94a17c6133039e5515cdb29b133b2905b36909786e69941eb196f09:record_950"",""file_fd960952b94a17c6133039e5515cdb29b133b2905b36909786e69941eb196f09:record_951""]",3
current_group_344c8e9db26893e245d7,org_09e512f7a82833f6,ind_071425b13fe13ad9,2026/27,needs_review,"[""file_fd960952b94a17c6133039e5515cdb29b133b2905b36909786e69941eb196f09:record_1273"",""file_fd960952b94a17c6133039e5515cdb29b133b2905b36909786e69941eb196f09:record_1274"",""file_fd960952b94a17c6133039e5515cdb29b133b2905b36909786e69941eb196f09:record_1275"",""file_fd960952b94a17c6133039e5515cdb29b133b2905b36909786e69941eb196f09:record_1276""]",4
current_group_00169d1695197f9b811b,org_09e512f7a82833f6,ind_0b81146a34e8a853,2026/27,needs_review,"[""file_fd960952b94a17c6133039e5515cdb29b133b2905b36909786e69941eb196f09:record_1279"",""file_fd960952b94a17c6133039e5515cdb29b133b2905b36909786e69941eb196f09:record_1280"",""file_fd960952b94a17c6133039e5515cdb29b133b2905b36909786e69941eb196f09:record_1281"",""file_fd960952b94a17c6133039e5515cdb29b133b2905b36909786e69941eb196f09:record_1282""]",4
current_group_9c696c6a0834fc0270f1,org_09e512f7a82833f6,ind_37478f8fb5db2bb6,2026/27,excluded,"[""file_fd960952b94a17c6133039e5515cdb29b133b2905b36909786e69941eb196f09:record_1266"",""file_fd960952b94a17c6133039e5515cdb29b133b2905b36909786e69941eb196f09:record_1267"",""file_fd960952b94a17c6133039e5515cdb29b133b2905b36909786e69941eb196f09:record_1268""]",3
current_group_e912ba899b8daf40b122,org_09e512f7a82833f6,ind_4cff662cd6682c73,2026/27,needs_review,"[""file_fd960952b94a17c6133039e5515cdb29b133b2905b36909786e69941eb196f09:record_1277"",""file_fd960952b94a17c6133039e5515cdb29b133b2905b36909786e69941eb196f09:record_1278""]",2
current_group_5b71f1c49389437fbdd7,org_09e512f7a82833f6,ind_62c7e80914d75544,2026/27,needs_review,"[""file_fd960952b94a17c6133039e5515cdb29b133b2905b36909786e69941eb196f09:record_1269"",""file_fd960952b94a17c6133039e5515cdb29b133b2905b36909786e69941eb196f09:record_1270"",""file_fd960952b94a17c6133039e5515cdb29b133b2905b36909786e69941eb196f09:record_1271"",""file_fd960952b94a17c6133039e5515cdb29b133b2905b36909786e69941eb196f09:record_1272""]",4
current_group_0900bb35506dde048169,org_09e512f7a82833f6,ind_67ee717abbe20a1b,2026/27,excluded,"[""file_fd960952b94a17c6133039e5515cdb29b133b2905b36909786e69941eb196f09:record_1264"",""file_fd960952b94a17c6133039e5515cdb29b133b2905b36909786e69941eb196f09:record_1265""]",2
current_group_bba114be17f427c84577,org_09e512f7a82833f6,ind_cd25a0ef7909d207,2026/27,needs_review,"[""file_fd960952b94a17c6133039e5515cdb29b133b2905b36909786e69941eb196f09:record_1283"",""file_fd960952b94a17c6133039e5515cdb29b133b2905b36909786e69941eb196f09:record_1284"",""file_fd960952b94a17c6133039e5515cdb29b133b2905b36909786e69941eb196f09:record_1285""]",3
current_group_3edd08d4d609977ca0f6,org_09e512f7a82833f6,ind_d38f8ca6eda8fc1d,2026/27,needs_review,"[""file_fd960952b94a17c6133039e5515cdb29b133b2905b36909786e69941eb196f09:record_1286""]",1
current_group_a71f42470b95b1284e5f,org_0a50e18543c02308,ind_001a288c000187d5,2026/27,needs_review,"[""file_fd960952b94a17c6133039e5515cdb29b133b2905b36909786e69941eb196f09:record_535""]",1
current_group_903005619efdb1bb885e,org_0a50e18543c02308,ind_0646035afd9bba7c,2026/27,excluded,"[""file_fd960952b94a17c6133039e5515cdb29b133b2905b36909786e69941eb196f09:record_515""]",1
current_group_c41cd9ae2fcd976c86d1,org_0a50e18543c02308,ind_22bc7f8694a0ca01,2026/27,needs_review,"[""file_fd960952b94a17c6133039e5515cdb29b133b2905b36909786e69941eb196f09:record_523"",""file_fd960952b94a17c6133039e5515cdb29b133b2905b36909786e69941eb196f09:record_524""]",2
current_group_8c6a3cc54772122ceced,org_0a50e18543c02308,ind_37478f8fb5db2bb6,2026/27,excluded,"[""file_fd960952b94a17c6133039e5515cdb29b133b2905b36909786e69941eb196f09:record_517"",""file_fd960952b94a17c6133039e5515cdb29b133b2905b36909786e69941eb196f09:record_518""]",2
current_group_41c3f2489342928c3759,org_0a50e18543c02308,ind_48834037d4507e8c,2026/27,needs_review,"[""file_fd960952b94a17c6133039e5515cdb29b133b2905b36909786e69941eb196f09:record_532"",""file_fd960952b94a17c6133039e5515cdb29b133b2905b36909786e69941eb196f09:record_533""]",2
current_group_eea071ab128ae9f77778,org_0a50e18543c02308,ind_4bef012ed5e478cc,2026/27,needs_review,"[""file_fd960952b94a17c6133039e5515cdb29b133b2905b36909786e69941eb196f09:record_525"",""file_fd960952b94a17c6133039e5515cdb29b133b2905b36909786e69941eb196f09:record_526"",""file_fd960952b94a17c6133039e5515cdb29b133b2905b36909786e69941eb196f09:record_527""]",3
current_group_a899f52293f40747cb74,org_0a50e18543c02308,ind_67ee717abbe20a1b,2026/27,excluded,"[""file_fd960952b94a17c6133039e5515cdb29b133b2905b36909786e69941eb196f09:record_516""]",1
current_group_95cb7722d6f05fbc529c,org_0a50e18543c02308,ind_87b775dea4fd2091,2026/27,needs_review,"[""file_fd960952b94a17c6133039e5515cdb29b133b2905b36909786e69941eb196f09:record_528"",""file_fd960952b94a17c6133039e5515cdb29b133b2905b36909786e69941eb196f09:record_529""]",2
current_group_4c128fbec8c4065acb56,org_0a50e18543c02308,ind_906cff79001b6b5a,2026/27,needs_review,"[""file_fd960952b94a17c6133039e5515cdb29b133b2905b36909786e69941eb196f09:record_530"",""file_fd960952b94a17c6133039e5515cdb29b133b2905b36909786e69941eb196f09:record_531""]",2
current_group_4126dccbd0fe0aef82d2,org_0a50e18543c02308,ind_9639940e12b0b58c,2026/27,needs_review,"[""file_fd960952b94a17c6133039e5515cdb29b133b2905b36909786e69941eb196f09:record_537"",""file_fd960952b94a17c6133039e5515cdb29b133b2905b36909786e69941eb196f09:record_538"",""file_fd960952b94a17c6133039e5515cdb29b133b2905b36909786e69941eb196f09:record_539"",""file_fd960952b94a17c6133039e5515cdb29b133b2905b36909786e69941eb196f09:record_540""]",4
current_group_41d342b2ee145928e2e6,org_0a50e18543c02308,ind_9afb16fff8cb2967,2026/27,needs_review,"[""file_fd960952b94a17c6133039e5515cdb29b133b2905b36909786e69941eb196f09:record_552""]",1
current_group_6b9adc2e2a0626c7b057,org_0a50e18543c02308,ind_9da736a66f9a7b71,2026/27,needs_review,"[""file_fd960952b94a17c6133039e5515cdb29b133b2905b36909786e69941eb196f09:record_534""]",1
current_group_3cc88fb677ff9217ce48,org_0a50e18543c02308,ind_a3cbb562d9d386c4,2026/27,needs_review,"[""file_fd960952b94a17c6133039e5515cdb29b133b2905b36909786e69941eb196f09:record_521"",""file_fd960952b94a17c6133039e5515cdb29b133b2905b36909786e69941eb196f09:record_522""]",2
current_group_0c41cda809a504823356,org_0a50e18543c02308,ind_a4e81d70f4dfb1b5,2026/27,needs_review,"[""file_fd960952b94a17c6133039e5515cdb29b133b2905b36909786e69941eb196f09:record_548""]",1
current_group_2356bb1f4c1722685bfe,org_0a50e18543c02308,ind_b6ab3e7335dfce74,2026/27,needs_review,"[""file_fd960952b94a17c6133039e5515cdb29b133b2905b36909786e69941eb196f09:record_549"",""file_fd960952b94a17c6133039e5515cdb29b133b2905b36909786e69941eb196f09:record_550"",""file_fd960952b94a17c6133039e5515cdb29b133b2905b36909786e69941eb196f09:record_551""]",3
current_group_c4fed49ce5afcddeda1a,org_0a50e18543c02308,ind_beed92794276990a,2026/27,needs_review,"[""file_fd960952b94a17c6133039e5515cdb29b133b2905b36909786e69941eb196f09:record_543"",""file_fd960952b94a17c6133039e5515cdb29b133b2905b36909786e69941eb196f09:record_544""]",2
current_group_504ba90cc2c86f687447,org_0a50e18543c02308,ind_c53aa17f492190cf,2026/27,needs_review,"[""file_fd960952b94a17c6133039e5515cdb29b133b2905b36909786e69941eb196f09:record_519"",""file_fd960952b94a17c6133039e5515cdb29b133b2905b36909786e69941eb196f09:record_520""]",2
current_group_483fc20bb1fab799a759,org_0a50e18543c02308,ind_d35202ae108e8b6d,2026/27,needs_review,"[""file_fd960952b94a17c6133039e5515cdb29b133b2905b36909786e69941eb196f09:record_546"",""file_fd960952b94a17c6133039e5515cdb29b133b2905b36909786e69941eb196f09:record_547""]",2
current_group_130da5107d494168177c,org_0a50e18543c02308,ind_d9d5f0e8f7d514f3,2026/27,needs_review,"[""file_fd960952b94a17c6133039e5515cdb29b133b2905b36909786e69941eb196f09:record_536""]",1
current_group_3e87fa89ae0b72fe5bec,org_0a50e18543c02308,ind_dcf927c51e224a13,2026/27,needs_review,"[""file_fd960952b94a17c6133039e5515cdb29b133b2905b36909786e69941eb196f09:record_541"",""file_fd960952b94a17c6133039e5515cdb29b133b2905b36909786e69941eb196f09:record_542""]",2
current_group_2dd7c45adf6a918bfbc5,org_0a50e18543c02308,ind_ded6fad84d67ad42,2026/27,needs_review,"[""file_fd960952b94a17c6133039e5515cdb29b133b2905b36909786e69941eb196f09:record_545""]",1
current_group_e071ea6706877229adbb,org_0b49a1f094021633,ind_05760c55df01195a,2026/27,needs_review,"[""file_fd960952b94a17c6133039e5515cdb29b133b2905b36909786e69941eb196f09:record_181"",""file_fd960952b94a17c6133039e5515cdb29b133b2905b36909786e69941eb196f09:record_182"",""file_fd960952b94a17c6133039e5515cdb29b133b2905b36909786e69941eb196f09:record_183"",""file_fd960952b94a17c6133039e5515cdb29b133b2905b36909786e69941eb196f09:record_184"",""file_fd960952b94a17c6133039e5515cdb29b133b2905b36909786e69941eb196f09:record_185""]",1
current_group_37fb31ecb7dcf08bbcd8,org_0b49a1f094021633,ind_0756a1ab5287a6dd,2026/27,needs_review,"[""file_fd960952b94a17c6133039e5515cdb29b133b2905b36909786e69941eb196f09:record_207""]",1
current_group_fa1b5b5931db357b16b3,org_0b49a1f094021633,ind_24947cfc79dda548,2026/27,needs_review,"[""file_fd960952b94a17c6133039e5515cdb29b133b2905b36909786e69941eb196f09:record_176"",""file_fd960952b94a17c6133039e5515cdb29b133b2905b36909786e69941eb196f09:record_177"",""file_fd960952b94a17c6133039e5515cdb29b133b2905b36909786e69941eb196f09:record_178"",""file_fd960952b94a17c6133039e5515cdb29b133b2905b36909786e69941eb196f09:record_179"",""file_fd960952b94a17c6133039e5515cdb29b133b2905b36909786e69941eb196f09:record_180""]",5
current_group_37662c96e6de2c2752cf,org_0b49a1f094021633,ind_434ecc8fd070ed16,2026/27,needs_review,"[""file_fd960952b94a17c6133039e5515cdb29b133b2905b36909786e69941eb196f09:record_192""]",1
current_group_4eaeac28f5f7e6ee1fe5,org_0b49a1f094021633,ind_686bad40bec2aafd,2026/27,needs_review,"[""file_fd960952b94a17c6133039e5515cdb29b133b2905b36909786e69941eb196f09:record_193""]",1
current_group_a2e44db3c7b8fd82393c,org_0b49a1f094021633,ind_6dd12bc8b93d145a,2026/27,needs_review,"[""file_fd960952b94a17c6133039e5515cdb29b133b2905b36909786e69941eb196f09:record_208"",""file_fd960952b94a17c6133039e5515cdb29b133b2905b36909786e69941eb196f09:record_209"",""file_fd960952b94a17c6133039e5515cdb29b133b2905b36909786e69941eb196f09:record_210"",""file_fd960952b94a17c6133039e5515cdb29b133b2905b36909786e69941eb196f09:record_211""]",2
current_group_8ae4dd4a28e8de63c91f,org_0b49a1f094021633,ind_7997ff0e970e9f75,2026/27,needs_review,"[""file_fd960952b94a17c6133039e5515cdb29b133b2905b36909786e69941eb196f09:record_204""]",1
current_group_bab786ecd40c02903cd2,org_0b49a1f094021633,ind_7fc689e703379fbe,2026/27,needs_review,"[""file_fd960952b94a17c6133039e5515cdb29b133b2905b36909786e69941eb196f09:record_186"",""file_fd960952b94a17c6133039e5515cdb29b133b2905b36909786e69941eb196f09:record_187"",""file_fd960952b94a17c6133039e5515cdb29b133b2905b36909786e69941eb196f09:record_188"",""file_fd960952b94a17c6133039e5515cdb29b133b2905b36909786e69941eb196f09:record_189"",""file_fd960952b94a17c6133039e5515cdb29b133b2905b36909786e69941eb196f09:record_190""]",2
current_group_bcd028ab47d19dfc0f44,org_0b49a1f094021633,ind_b0c254bf48611aad,2026/27,needs_review,"[""file_fd960952b94a17c6133039e5515cdb29b133b2905b36909786e69941eb196f09:record_194"",""file_fd960952b94a17c6133039e5515cdb29b133b2905b36909786e69941eb196f09:record_195"",""file_fd960952b94a17c6133039e5515cdb29b133b2905b36909786e69941eb196f09:record_196"",""file_fd960952b94a17c6133039e5515cdb29b133b2905b36909786e69941eb196f09:record_197"",""file_fd960952b94a17c6133039e5515cdb29b133b2905b36909786e69941eb196f09:record_198""]",3
current_group_a9d3ba798d0c9ec26917,org_0b49a1f094021633,ind_b305f9db88f3c827,2026/27,needs_review,"[""file_fd960952b94a17c6133039e5515cdb29b133b2905b36909786e69941eb196f09:record_215""]",1
current_group_e6ee7e8b47b7dc7bfd35,org_0b49a1f094021633,ind_b3d72b74b2ec4cfb,2026/27,needs_review,"[""file_fd960952b94a17c6133039e5515cdb29b133b2905b36909786e69941eb196f09:record_206""]",1
current_group_7761e92a6f6a7bd54a72,org_0b49a1f094021633,ind_b8ce4adc6f233a44,2026/27,needs_review,"[""file_fd960952b94a17c6133039e5515cdb29b133b2905b36909786e69941eb196f09:record_191""]",1
current_group_6adfdef5243835b2a588,org_0b49a1f094021633,ind_dda18ec65707be5a,2026/27,needs_review,"[""file_fd960952b94a17c6133039e5515cdb29b133b2905b36909786e69941eb196f09:record_212"",""file_fd960952b94a17c6133039e5515cdb29b133b2905b36909786e69941eb196f09:record_213"",""file_fd960952b94a17c6133039e5515cdb29b133b2905b36909786e69941eb196f09:record_214""]",3
current_group_fc188a0785a883ebe06a,org_0b49a1f094021633,ind_e46ee0219b72f2d7,2026/27,needs_review,"[""file_fd960952b94a17c6133039e5515cdb29b133b2905b36909786e69941eb196f09:record_205""]",1
current_group_1b665461299b8b5fd760,org_0b49a1f094021633,ind_e9d809a5a3850c4c,2026/27,needs_review,"[""file_fd960952b94a17c6133039e5515cdb29b133b2905b36909786e69941eb196f09:record_199"",""file_fd960952b94a17c6133039e5515cdb29b133b2905b36909786e69941eb196f09:record_200"",""file_fd960952b94a17c6133039e5515cdb29b133b2905b36909786e69941eb196f09:record_201"",""file_fd960952b94a17c6133039e5515cdb29b133b2905b36909786e69941eb196f09:record_202"",""file_fd960952b94a17c6133039e5515cdb29b133b2905b36909786e69941eb196f09:record_203""]",3
current_group_969688894ac79a18eafb,org_0c66e22f97d8ff4e,ind_0646035afd9bba7c,2026/27,excluded,"[""file_fd960952b94a17c6133039e5515cdb29b133b2905b36909786e69941eb196f09:record_1783""]",1
current_group_cb5fdf08af30a3295e0a,org_0c66e22f97d8ff4e,ind_37478f8fb5db2bb6,2026/27,excluded,"[""file_fd960952b94a17c6133039e5515cdb29b133b2905b36909786e69941eb196f09:record_1784""]",1
current_group_06042ca219e6afbaf320,org_0c66e22f97d8ff4e,ind_5314e24f5f6e6912,2026/27,excluded,"[""file_fd960952b94a17c6133039e5515cdb29b133b2905b36909786e69941eb196f09:record_1785""]",1
current_group_bf79ada09c2db67e4000,org_0d7d2a95ec582c10,ind_06590f50f65eac7e,2026/27,included,"[""file_fd960952b94a17c6133039e5515cdb29b133b2905b36909786e69941eb196f09:record_1795"",""file_fd960952b94a17c6133039e5515cdb29b133b2905b36909786e69941eb196f09:record_1796""]",2
current_group_ca2316373f17b5799f26,org_0d7d2a95ec582c10,ind_34067632b5001624,2026/27,needs_review,"[""file_fd960952b94a17c6133039e5515cdb29b133b2905b36909786e69941eb196f09:record_1803""]",1
current_group_91af5e16901f6f2d4a80,org_0d7d2a95ec582c10,ind_37478f8fb5db2bb6,2026/27,excluded,"[""file_fd960952b94a17c6133039e5515cdb29b133b2905b36909786e69941eb196f09:record_1797"",""file_fd960952b94a17c6133039e5515cdb29b133b2905b36909786e69941eb196f09:record_1798""]",2
current_group_6732605a5e2c6086bd17,org_0d7d2a95ec582c10,ind_448c6079569894b7,2026/27,needs_review,"[""file_fd960952b94a17c6133039e5515cdb29b133b2905b36909786e69941eb196f09:record_1800""]",1
current_group_2e257a2ff92dca18f852,org_0d7d2a95ec582c10,ind_67ee717abbe20a1b,2026/27,excluded,"[""file_fd960952b94a17c6133039e5515cdb29b133b2905b36909786e69941eb196f09:record_1793"",""file_fd960952b94a17c6133039e5515cdb29b133b2905b36909786e69941eb196f09:record_1794""]",2
current_group_5560adad0d6ea6eb2f1d,org_0d7d2a95ec582c10,ind_7948f5eed9fe1446,2026/27,needs_review,"[""file_fd960952b94a17c6133039e5515cdb29b133b2905b36909786e69941eb196f09:record_1802""]",1
current_group_b089d310a2a34111145f,org_0d7d2a95ec582c10,ind_8290d82271914367,2026/27,needs_review,"[""file_fd960952b94a17c6133039e5515cdb29b133b2905b36909786e69941eb196f09:record_1801""]",1
current_group_1f6fea17d853c051ef8d,org_0d7d2a95ec582c10,ind_871eeba7bbb2b92c,2026/27,needs_review,"[""file_fd960952b94a17c6133039e5515cdb29b133b2905b36909786e69941eb196f09:record_1804""]",1
current_group_68d27012d0fa43e19858,org_0d7d2a95ec582c10,ind_9b0b5b5ffaf590f9,2026/27,needs_review,"[""file_fd960952b94a17c6133039e5515cdb29b133b2905b36909786e69941eb196f09:record_1805""]",1
current_group_e6bfec8fe4a396fe8a70,org_0d7d2a95ec582c10,ind_e666bcb709405e0f,2026/27,included,"[""file_fd960952b94a17c6133039e5515cdb29b133b2905b36909786e69941eb196f09:record_1799""]",1
current_group_0c84c6924fb70edb98e7,org_0de115e8e8515922,ind_b2e36c3411602e22,2026/27,needs_review,"[""file_fd960952b94a17c6133039e5515cdb29b133b2905b36909786e69941eb196f09:record_677""]",1
current_group_cc56ce4196f374658f71,org_0de115e8e8515922,ind_ca7c0b06bfada3d0,2026/27,needs_review,"[""file_fd960952b94a17c6133039e5515cdb29b133b2905b36909786e69941eb196f09:record_678""]",1
current_group_63a224bc33131ce6db72,org_16b8f88dd0e87ca9,ind_74e6c5ac97ad0035,2026/27,needs_review,"[""file_fd960952b94a17c6133039e5515cdb29b133b2905b36909786e69941eb196f09:record_779""]",1
current_group_febde6cb87d74d7d0621,org_16b8f88dd0e87ca9,ind_aaf9b2c05892cda8,2026/27,needs_review,"[""file_fd960952b94a17c6133039e5515cdb29b133b2905b36909786e69941eb196f09:record_778""]",1
current_group_7a32111bbb1b0ac7d8d4,org_16b8f88dd0e87ca9,ind_e84a9d5f5a9696a6,2026/27,needs_review,"[""file_fd960952b94a17c6133039e5515cdb29b133b2905b36909786e69941eb196f09:record_780""]",1
current_group_082f8db481fc67cfbbd1,org_16ba29db4636ea63,ind_1e725dd70007b354,2026/27,needs_review,"[""file_fd960952b94a17c6133039e5515cdb29b133b2905b36909786e69941eb196f09:record_1641"",""file_fd960952b94a17c6133039e5515cdb29b133b2905b36909786e69941eb196f09:record_1642"",""file_fd960952b94a17c6133039e5515cdb29b133b2905b36909786e69941eb196f09:record_1643""]",3
current_group_b2eba912e04630dd0ddb,org_16ba29db4636ea63,ind_37478f8fb5db2bb6,2026/27,excluded,"[""file_fd960952b94a17c6133039e5515cdb29b133b2905b36909786e69941eb196f09:record_1632"",""file_fd960952b94a17c6133039e5515cdb29b133b2905b36909786e69941eb196f09:record_1633"",""file_fd960952b94a17c6133039e5515cdb29b133b2905b36909786e69941eb196f09:record_1634"",""file_fd960952b94a17c6133039e5515cdb29b133b2905b36909786e69941eb196f09:record_1635""]",4
current_group_7853f8b10d9194dbe513,org_16ba29db4636ea63,ind_5314e24f5f6e6912,2026/27,excluded,"[""file_fd960952b94a17c6133039e5515cdb29b133b2905b36909786e69941eb196f09:record_1636"",""file_fd960952b94a17c6133039e5515cdb29b133b2905b36909786e69941eb196f09:record_1637"",""file_fd960952b94a17c6133039e5515cdb29b133b2905b36909786e69941eb196f09:record_1638"",""file_fd960952b94a17c6133039e5515cdb29b133b2905b36909786e69941eb196f09:record_1639"",""file_fd960952b94a17c6133039e5515cdb29b133b2905b36909786e69941eb196f09:record_1640""]",1
current_group_4ca8ed5a31eb77dd5f7f,org_16ba29db4636ea63,ind_67ee717abbe20a1b,2026/27,excluded,"[""file_fd960952b94a17c6133039e5515cdb29b133b2905b36909786e69941eb196f09:record_1629"",""file_fd960952b94a17c6133039e5515cdb29b133b2905b36909786e69941eb196f09:record_1630"",""file_fd960952b94a17c6133039e5515cdb29b133b2905b36909786e69941eb196f09:record_1631""]",3
current_group_b989900a2e79bce5bb4d,org_1919e05f77f4d80e,ind_0646035afd9bba7c,2026/27,excluded,"[""file_fd960952b94a17c6133039e5515cdb29b133b2905b36909786e69941eb196f09:record_334""]",1
current_group_742f4e12c65fe456ad2f,org_1919e05f77f4d80e,ind_06590f50f65eac7e,2026/27,included,"[""file_fd960952b94a17c6133039e5515cdb29b133b2905b36909786e69941eb196f09:record_337""]",1
current_group_2f6724ba193b8a3c16c1,org_1919e05f77f4d80e,ind_5314e24f5f6e6912,2026/27,excluded,"[""file_fd960952b94a17c6133039e5515cdb29b133b2905b36909786e69941eb196f09:record_338"",""file_fd960952b94a17c6133039e5515cdb29b133b2905b36909786e69941eb196f09:record_339""]",2
current_group_8f02dc70d2263faa66f7,org_1919e05f77f4d80e,ind_5940e1e91a9cb96d,2026/27,needs_review,"[""file_fd960952b94a17c6133039e5515cdb29b133b2905b36909786e69941eb196f09:record_349"",""file_fd960952b94a17c6133039e5515cdb29b133b2905b36909786e69941eb196f09:record_350""]",2
current_group_d026ae917316373ef761,org_1919e05f77f4d80e,ind_5e3f9963fc619e2c,2026/27,needs_review,"[""file_fd960952b94a17c6133039e5515cdb29b133b2905b36909786e69941eb196f09:record_347"",""file_fd960952b94a17c6133039e5515cdb29b133b2905b36909786e69941eb196f09:record_348""]",2
current_group_30260ec5fbea2682f545,org_1919e05f77f4d80e,ind_67ee717abbe20a1b,2026/27,excluded,"[""file_fd960952b94a17c6133039e5515cdb29b133b2905b36909786e69941eb196f09:record_344"",""file_fd960952b94a17c6133039e5515cdb29b133b2905b36909786e69941eb196f09:record_345""]",2
current_group_637adaa7859a268eb023,org_1919e05f77f4d80e,ind_785df5deadb23e03,2026/27,needs_review,"[""file_fd960952b94a17c6133039e5515cdb29b133b2905b36909786e69941eb196f09:record_346""]",1
current_group_da5c4012b6b6d54067c6,org_1919e05f77f4d80e,ind_e7cd9b5804f1c518,2026/27,included,"[""file_fd960952b94a17c6133039e5515cdb29b133b2905b36909786e69941eb196f09:record_340"",""file_fd960952b94a17c6133039e5515cdb29b133b2905b36909786e69941eb196f09:record_341"",""file_fd960952b94a17c6133039e5515cdb29b133b2905b36909786e69941eb196f09:record_342""]",3
current_group_36921223ef536f5a3672,org_1919e05f77f4d80e,ind_ef4a9573ead4ee92,2026/27,included,"[""file_fd960952b94a17c6133039e5515cdb29b133b2905b36909786e69941eb196f09:record_335"",""file_fd960952b94a17c6133039e5515cdb29b133b2905b36909786e69941eb196f09:record_336""]",2
current_group_0d55075ba0a55bcb0586,org_1919e05f77f4d80e,ind_f197a93604c302d2,2026/27,included,"[""file_fd960952b94a17c6133039e5515cdb29b133b2905b36909786e69941eb196f09:record_343""]",1
current_group_af40ff16c422f3a73787,org_1a7c495aa56ff00b,ind_06590f50f65eac7e,2026/27,included,"[""file_fd960952b94a17c6133039e5515cdb29b133b2905b36909786e69941eb196f09:record_426""]",1
current_group_c8aedf4f30e493ece04a,org_1a7c495aa56ff00b,ind_1a2e14bd0e4ec88c,2026/27,needs_review,"[""file_fd960952b94a17c6133039e5515cdb29b133b2905b36909786e69941eb196f09:record_421"",""file_fd960952b94a17c6133039e5515cdb29b133b2905b36909786e69941eb196f09:record_422""]",2
current_group_8b3820a40a3007162769,org_1a7c495aa56ff00b,ind_37478f8fb5db2bb6,2026/27,excluded,"[""file_fd960952b94a17c6133039e5515cdb29b133b2905b36909786e69941eb196f09:record_427""]",1
current_group_ca68c6a106fdbbcb80ad,org_1a7c495aa56ff00b,ind_44c79c6e6fe9b527,2026/27,needs_review,"[""file_fd960952b94a17c6133039e5515cdb29b133b2905b36909786e69941eb196f09:record_423""]",1
current_group_584ea8ae4749509f982a,org_1a7c495aa56ff00b,ind_5314e24f5f6e6912,2026/27,excluded,"[""file_fd960952b94a17c6133039e5515cdb29b133b2905b36909786e69941eb196f09:record_428"",""file_fd960952b94a17c6133039e5515cdb29b133b2905b36909786e69941eb196f09:record_429"",""file_fd960952b94a17c6133039e5515cdb29b133b2905b36909786e69941eb196f09:record_430""]",3
current_group_ea1c38095acd3adb1068,org_1a7c495aa56ff00b,ind_67ee717abbe20a1b,2026/27,excluded,"[""file_fd960952b94a17c6133039e5515cdb29b133b2905b36909786e69941eb196f09:record_425""]",1
current_group_0253acf2585aeffa0d8d,org_1a7c495aa56ff00b,ind_6bef08e7d545fc2f,2026/27,needs_review,"[""file_fd960952b94a17c6133039e5515cdb29b133b2905b36909786e69941eb196f09:record_424""]",1
current_group_e9acd8a801ce72d1e859,org_1a7c495aa56ff00b,ind_e666bcb709405e0f,2026/27,included,"[""file_fd960952b94a17c6133039e5515cdb29b133b2905b36909786e69941eb196f09:record_431""]",1
current_group_2ac01a8f717be2614ffc,org_1a7c495aa56ff00b,ind_e7cd9b5804f1c518,2026/27,included,"[""file_fd960952b94a17c6133039e5515cdb29b133b2905b36909786e69941eb196f09:record_432""]",1
current_group_c97cbde10c1a22164cc7,org_1a7c495aa56ff00b,ind_f197a93604c302d2,2026/27,included,"[""file_fd960952b94a17c6133039e5515cdb29b133b2905b36909786e69941eb196f09:record_420""]",1
current_group_c0c12fd71049cc08739e,org_1ccfa630e73e76b0,ind_06590f50f65eac7e,2026/27,included,"[""file_fd960952b94a17c6133039e5515cdb29b133b2905b36909786e69941eb196f09:record_1163""]",1
current_group_8b54991b9ddc613541a5,org_1ccfa630e73e76b0,ind_5314e24f5f6e6912,2026/27,excluded,"[""file_fd960952b94a17c6133039e5515cdb29b133b2905b36909786e69941eb196f09:record_1167""]",1
current_group_4e81f420e7d4ba01ec20,org_1ccfa630e73e76b0,ind_67ee717abbe20a1b,2026/27,excluded,"[""file_fd960952b94a17c6133039e5515cdb29b133b2905b36909786e69941eb196f09:record_1160""]",1
current_group_23354bbec43fb16cf75c,org_1ccfa630e73e76b0,ind_a8f6cca5fe8befdf,2026/27,excluded,"[""file_fd960952b94a17c6133039e5515cdb29b133b2905b36909786e69941eb196f09:record_1164"",""file_fd960952b94a17c6133039e5515cdb29b133b2905b36909786e69941eb196f09:record_1165"",""file_fd960952b94a17c6133039e5515cdb29b133b2905b36909786e69941eb196f09:record_1166""]",3
current_group_4feabf6c79422491e66b,org_1ccfa630e73e76b0,ind_e7cd9b5804f1c518,2026/27,included,"[""file_fd960952b94a17c6133039e5515cdb29b133b2905b36909786e69941eb196f09:record_1168""]",1
current_group_aa2e8eec01e451e1ff57,org_1ccfa630e73e76b0,ind_ee70b593aad3e4f6,2026/27,included,"[""file_fd960952b94a17c6133039e5515cdb29b133b2905b36909786e69941eb196f09:record_1161"",""file_fd960952b94a17c6133039e5515cdb29b133b2905b36909786e69941eb196f09:record_1162""]",2
current_group_b71972a70ffb0f74cac9,org_1d175b61e7adc954,ind_12a37393bac9d10b,2026/27,needs_review,"[""file_fd960952b94a17c6133039e5515cdb29b133b2905b36909786e69941eb196f09:record_579""]",1
current_group_b8a5db86cccace35f3f9,org_1d175b61e7adc954,ind_382f7d17731df261,2026/27,needs_review,"[""file_fd960952b94a17c6133039e5515cdb29b133b2905b36909786e69941eb196f09:record_573"",""file_fd960952b94a17c6133039e5515cdb29b133b2905b36909786e69941eb196f09:record_574""]",2
current_group_196470d876c0dac540e8,org_1d175b61e7adc954,ind_3e5d9856404eda74,2026/27,needs_review,"[""file_fd960952b94a17c6133039e5515cdb29b133b2905b36909786e69941eb196f09:record_577"",""file_fd960952b94a17c6133039e5515cdb29b133b2905b36909786e69941eb196f09:record_578""]",2
current_group_e20b414c71c6b97e93f5,org_1d175b61e7adc954,ind_699fa15302fce795,2026/27,needs_review,"[""file_fd960952b94a17c6133039e5515cdb29b133b2905b36909786e69941eb196f09:record_570""]",1
current_group_cdabacdef21fb5f5a92a,org_1d175b61e7adc954,ind_7e9de416c9867f60,2026/27,needs_review,"[""file_fd960952b94a17c6133039e5515cdb29b133b2905b36909786e69941eb196f09:record_569""]",1
current_group_59297e301c9f23493a2a,org_1d175b61e7adc954,ind_91df7a9458e51f9b,2026/27,needs_review,"[""file_fd960952b94a17c6133039e5515cdb29b133b2905b36909786e69941eb196f09:record_575"",""file_fd960952b94a17c6133039e5515cdb29b133b2905b36909786e69941eb196f09:record_576""]",2
current_group_5d168767a729728d9364,org_1d175b61e7adc954,ind_bc3e04f9cdd1beea,2026/27,needs_review,"[""file_fd960952b94a17c6133039e5515cdb29b133b2905b36909786e69941eb196f09:record_572""]",1
current_group_0b25ac252ada857f4d3b,org_1d175b61e7adc954,ind_cd943cfbba7f8786,2026/27,needs_review,"[""file_fd960952b94a17c6133039e5515cdb29b133b2905b36909786e69941eb196f09:record_571""]",1
current_group_2e6f19136279363ba07c,org_21fdc7b5cfbc878e,ind_3f2b512a67d054f7,2026/27,needs_review,"[""file_fd960952b94a17c6133039e5515cdb29b133b2905b36909786e69941eb196f09:record_1594"",""file_fd960952b94a17c6133039e5515cdb29b133b2905b36909786e69941eb196f09:record_1595""]",2
current_group_e1c1b1eed49b27f92557,org_21fdc7b5cfbc878e,ind_4108543829353686,2026/27,needs_review,"[""file_fd960952b94a17c6133039e5515cdb29b133b2905b36909786e69941eb196f09:record_1586"",""file_fd960952b94a17c6133039e5515cdb29b133b2905b36909786e69941eb196f09:record_1587""]",2
current_group_1e82092481b510c0b878,org_21fdc7b5cfbc878e,ind_90bf423871be880a,2026/27,needs_review,"[""file_fd960952b94a17c6133039e5515cdb29b133b2905b36909786e69941eb196f09:record_1596"",""file_fd960952b94a17c6133039e5515cdb29b133b2905b36909786e69941eb196f09:record_1597""]",2
current_group_2de32435638a9ea19094,org_21fdc7b5cfbc878e,ind_a8f6cca5fe8befdf,2026/27,excluded,"[""file_fd960952b94a17c6133039e5515cdb29b133b2905b36909786e69941eb196f09:record_1582"",""file_fd960952b94a17c6133039e5515cdb29b133b2905b36909786e69941eb196f09:record_1583"",""file_fd960952b94a17c6133039e5515cdb29b133b2905b36909786e69941eb196f09:record_1584"",""file_fd960952b94a17c6133039e5515cdb29b133b2905b36909786e69941eb196f09:record_1585""]",4
current_group_084b9fbb5579896bd241,org_21fdc7b5cfbc878e,ind_b2ad6aec63fa6347,2026/27,needs_review,"[""file_fd960952b94a17c6133039e5515cdb29b133b2905b36909786e69941eb196f09:record_1591"",""file_fd960952b94a17c6133039e5515cdb29b133b2905b36909786e69941eb196f09:record_1592"",""file_fd960952b94a17c6133039e5515cdb29b133b2905b36909786e69941eb196f09:record_1593""]",3
current_group_bf5e2f5012e5f998081a,org_21fdc7b5cfbc878e,ind_e1957b8c91003d0e,2026/27,needs_review,"[""file_fd960952b94a17c6133039e5515cdb29b133b2905b36909786e69941eb196f09:record_1588"",""file_fd960952b94a17c6133039e5515cdb29b133b2905b36909786e69941eb196f09:record_1589"",""file_fd960952b94a17c6133039e5515cdb29b133b2905b36909786e69941eb196f09:record_1590""]",3
current_group_6c2725f33b48833c0ac0,org_21fdc7b5cfbc878e,ind_ef4a9573ead4ee92,2026/27,included,"[""file_fd960952b94a17c6133039e5515cdb29b133b2905b36909786e69941eb196f09:record_1581""]",1
current_group_4e2f4ca56865b834df09,org_2266095a27574986,ind_21977806f701e279,2026/27,needs_review,"[""file_fd960952b94a17c6133039e5515cdb29b133b2905b36909786e69941eb196f09:record_1472""]",1
current_group_e24ed5843763de5e4990,org_2266095a27574986,ind_37478f8fb5db2bb6,2026/27,excluded,"[""file_fd960952b94a17c6133039e5515cdb29b133b2905b36909786e69941eb196f09:record_1467""]",1
current_group_b6c9407f48f5ee6f80e7,org_2266095a27574986,ind_4ff909313b7ee35c,2026/27,needs_review,"[""file_fd960952b94a17c6133039e5515cdb29b133b2905b36909786e69941eb196f09:record_1477""]",1
current_group_7f666973b29e7b236f5a,org_2266095a27574986,ind_5b2e1352e31909e8,2026/27,included,"[""file_fd960952b94a17c6133039e5515cdb29b133b2905b36909786e69941eb196f09:record_1471""]",1
current_group_d44cc508c00ec4c15e3b,org_2266095a27574986,ind_6052fdc609a5c393,2026/27,needs_review,"[""file_fd960952b94a17c6133039e5515cdb29b133b2905b36909786e69941eb196f09:record_1476""]",1
current_group_b02d32a5c570ac4a34b9,org_2266095a27574986,ind_7ebd4762b8a6c688,2026/27,included,"[""file_fd960952b94a17c6133039e5515cdb29b133b2905b36909786e69941eb196f09:record_1469""]",1
current_group_eb44ee24a8d1985577ea,org_2266095a27574986,ind_919268fb759d6bed,2026/27,needs_review,"[""file_fd960952b94a17c6133039e5515cdb29b133b2905b36909786e69941eb196f09:record_1475""]",1
current_group_1ea9f53c4a0e98ffca00,org_2266095a27574986,ind_9db531cd79ac0a83,2026/27,needs_review,"[""file_fd960952b94a17c6133039e5515cdb29b133b2905b36909786e69941eb196f09:record_1473""]",1
current_group_86c1a35018b3388648cd,org_2266095a27574986,ind_b46b01ef3fb50626,2026/27,needs_review,"[""file_fd960952b94a17c6133039e5515cdb29b133b2905b36909786e69941eb196f09:record_1474""]",1
current_group_83b3a19c5f61d274f5ad,org_2266095a27574986,ind_e666bcb709405e0f,2026/27,included,"[""file_fd960952b94a17c6133039e5515cdb29b133b2905b36909786e69941eb196f09:record_1468""]",1
current_group_16764c2e9389ebba23b0,org_2266095a27574986,ind_e7cd9b5804f1c518,2026/27,included,"[""file_fd960952b94a17c6133039e5515cdb29b133b2905b36909786e69941eb196f09:record_1470""]",1
current_group_f637468d8f5ff4d882d7,org_2266095a27574986,ind_ee70b593aad3e4f6,2026/27,included,"[""file_fd960952b94a17c6133039e5515cdb29b133b2905b36909786e69941eb196f09:record_1466""]",1
current_group_48242e8f6375408b36e1,org_23ae4c97f0248228,ind_60895a34f1edc3f8,2026/27,needs_review,"[""file_fd960952b94a17c6133039e5515cdb29b133b2905b36909786e69941eb196f09:record_104"",""file_fd960952b94a17c6133039e5515cdb29b133b2905b36909786e69941eb196f09:record_105"",""file_fd960952b94a17c6133039e5515cdb29b133b2905b36909786e69941eb196f09:record_106""]",3
current_group_8903f23d5f0b0f4056d1,org_23ae4c97f0248228,ind_7ebd4762b8a6c688,2026/27,included,"[""file_fd960952b94a17c6133039e5515cdb29b133b2905b36909786e69941eb196f09:record_102""]",1
current_group_7f69a79746d33704a67c,org_23ae4c97f0248228,ind_a8f6cca5fe8befdf,2026/27,excluded,"[""file_fd960952b94a17c6133039e5515cdb29b133b2905b36909786e69941eb196f09:record_100"",""file_fd960952b94a17c6133039e5515cdb29b133b2905b36909786e69941eb196f09:record_99""]",2
current_group_b11b90487bc0928db851,org_23ae4c97f0248228,ind_e666bcb709405e0f,2026/27,included,"[""file_fd960952b94a17c6133039e5515cdb29b133b2905b36909786e69941eb196f09:record_101""]",1
current_group_88339768e9bbf9d14298,org_23ae4c97f0248228,ind_e7cd9b5804f1c518,2026/27,included,"[""file_fd960952b94a17c6133039e5515cdb29b133b2905b36909786e69941eb196f09:record_103""]",1
current_group_a84b9723e6cedd9ef092,org_23ae4c97f0248228,ind_e86e52b9dd5ab5ba,2026/27,needs_review,"[""file_fd960952b94a17c6133039e5515cdb29b133b2905b36909786e69941eb196f09:record_107"",""file_fd960952b94a17c6133039e5515cdb29b133b2905b36909786e69941eb196f09:record_108"",""file_fd960952b94a17c6133039e5515cdb29b133b2905b36909786e69941eb196f09:record_109"",""file_fd960952b94a17c6133039e5515cdb29b133b2905b36909786e69941eb196f09:record_110""]",4
current_group_39facf240134a47fd607,org_23ae4c97f0248228,ind_ee70b593aad3e4f6,2026/27,included,"[""file_fd960952b94a17c6133039e5515cdb29b133b2905b36909786e69941eb196f09:record_97"",""file_fd960952b94a17c6133039e5515cdb29b133b2905b36909786e69941eb196f09:record_98""]",2
current_group_cd6751db15b0d0db8ddd,org_267ec8ead513770a,ind_125be64af8ce1c8a,2026/27,needs_review,"[""file_fd960952b94a17c6133039e5515cdb29b133b2905b36909786e69941eb196f09:record_586"",""file_fd960952b94a17c6133039e5515cdb29b133b2905b36909786e69941eb196f09:record_587"",""file_fd960952b94a17c6133039e5515cdb29b133b2905b36909786e69941eb196f09:record_588""]",3
current_group_01378b7f67c4ea0ef3da,org_267ec8ead513770a,ind_1733d0d79e43d8bf,2026/27,needs_review,"[""file_fd960952b94a17c6133039e5515cdb29b133b2905b36909786e69941eb196f09:record_589"",""file_fd960952b94a17c6133039e5515cdb29b133b2905b36909786e69941eb196f09:record_590"",""file_fd960952b94a17c6133039e5515cdb29b133b2905b36909786e69941eb196f09:record_591""]",3
current_group_0e610d0f9594db4ad7ff,org_267ec8ead513770a,ind_a8f6cca5fe8befdf,2026/27,excluded,"[""file_fd960952b94a17c6133039e5515cdb29b133b2905b36909786e69941eb196f09:record_581"",""file_fd960952b94a17c6133039e5515cdb29b133b2905b36909786e69941eb196f09:record_582""]",2
current_group_d250192ebdc2050e1fa0,org_267ec8ead513770a,ind_e7cd9b5804f1c518,2026/27,included,"[""file_fd960952b94a17c6133039e5515cdb29b133b2905b36909786e69941eb196f09:record_583"",""file_fd960952b94a17c6133039e5515cdb29b133b2905b36909786e69941eb196f09:record_584"",""file_fd960952b94a17c6133039e5515cdb29b133b2905b36909786e69941eb196f09:record_585""]",3
current_group_f0f1175a442aacdf8af1,org_27a0d7423324814d,ind_02de1a41db3a2aae,2026/27,needs_review,"[""file_fd960952b94a17c6133039e5515cdb29b133b2905b36909786e69941eb196f09:record_1252"",""file_fd960952b94a17c6133039e5515cdb29b133b2905b36909786e69941eb196f09:record_1253"",""file_fd960952b94a17c6133039e5515cdb29b133b2905b36909786e69941eb196f09:record_1254""]",3
current_group_5a4f47a610400b0b884c,org_27a0d7423324814d,ind_0529dacadbfa6f30,2026/27,needs_review,"[""file_fd960952b94a17c6133039e5515cdb29b133b2905b36909786e69941eb196f09:record_1245"",""file_fd960952b94a17c6133039e5515cdb29b133b2905b36909786e69941eb196f09:record_1246""]",2
current_group_4d8b9f2bb195b96a70df,org_27a0d7423324814d,ind_05b81ba7b1a59dce,2026/27,needs_review,"[""file_fd960952b94a17c6133039e5515cdb29b133b2905b36909786e69941eb196f09:record_1218"",""file_fd960952b94a17c6133039e5515cdb29b133b2905b36909786e69941eb196f09:record_1219"",""file_fd960952b94a17c6133039e5515cdb29b133b2905b36909786e69941eb196f09:record_1220""]",3
current_group_6684fef9fe4b1907e95a,org_27a0d7423324814d,ind_20a00040cadcef35,2026/27,needs_review,"[""file_fd960952b94a17c6133039e5515cdb29b133b2905b36909786e69941eb196f09:record_1255"",""file_fd960952b94a17c6133039e5515cdb29b133b2905b36909786e69941eb196f09:record_1256"",""file_fd960952b94a17c6133039e5515cdb29b133b2905b36909786e69941eb196f09:record_1257""]",3
current_group_28d77fe217e16853048b,org_27a0d7423324814d,ind_26f4040d5e42bdbe,2026/27,needs_review,"[""file_fd960952b94a17c6133039e5515cdb29b133b2905b36909786e69941eb196f09:record_1261"",""file_fd960952b94a17c6133039e5515cdb29b133b2905b36909786e69941eb196f09:record_1262"",""file_fd960952b94a17c6133039e5515cdb29b133b2905b36909786e69941eb196f09:record_1263""]",3
current_group_d346716d51cfd63e0251,org_27a0d7423324814d,ind_320d97455bf36e91,2026/27,needs_review,"[""file_fd960952b94a17c6133039e5515cdb29b133b2905b36909786e69941eb196f09:record_1234"",""file_fd960952b94a17c6133039e5515cdb29b133b2905b36909786e69941eb196f09:record_1235"",""file_fd960952b94a17c6133039e5515cdb29b133b2905b36909786e69941eb196f09:record_1236"",""file_fd960952b94a17c6133039e5515cdb29b133b2905b36909786e69941eb196f09:record_1237"",""file_fd960952b94a17c6133039e5515cdb29b133b2905b36909786e69941eb196f09:record_1238"",""file_fd960952b94a17c6133039e5515cdb29b133b2905b36909786e69941eb196f09:record_1239""]",5
current_group_bd8caa47c22af44069fd,org_27a0d7423324814d,ind_50caf236c1de4eb6,2026/27,needs_review,"[""file_fd960952b94a17c6133039e5515cdb29b133b2905b36909786e69941eb196f09:record_1221"",""file_fd960952b94a17c6133039e5515cdb29b133b2905b36909786e69941eb196f09:record_1222"",""file_fd960952b94a17c6133039e5515cdb29b133b2905b36909786e69941eb196f09:record_1223""]",3
current_group_5651b7aa80fa42e1a6d4,org_27a0d7423324814d,ind_5fa9beb59afe060d,2026/27,needs_review,"[""file_fd960952b94a17c6133039e5515cdb29b133b2905b36909786e69941eb196f09:record_1258"",""file_fd960952b94a17c6133039e5515cdb29b133b2905b36909786e69941eb196f09:record_1259"",""file_fd960952b94a17c6133039e5515cdb29b133b2905b36909786e69941eb196f09:record_1260""]",3
current_group_e3115e84ace30c752132,org_27a0d7423324814d,ind_7c1f34d5eeed415b,2026/27,needs_review,"[""file_fd960952b94a17c6133039e5515cdb29b133b2905b36909786e69941eb196f09:record_1250"",""file_fd960952b94a17c6133039e5515cdb29b133b2905b36909786e69941eb196f09:record_1251""]",2
current_group_e8f697979e2e020ece87,org_27a0d7423324814d,ind_910a896770ce9041,2026/27,needs_review,"[""file_fd960952b94a17c6133039e5515cdb29b133b2905b36909786e69941eb196f09:record_1224"",""file_fd960952b94a17c6133039e5515cdb29b133b2905b36909786e69941eb196f09:record_1225"",""file_fd960952b94a17c6133039e5515cdb29b133b2905b36909786e69941eb196f09:record_1226"",""file_fd960952b94a17c6133039e5515cdb29b133b2905b36909786e69941eb196f09:record_1227"",""file_fd960952b94a17c6133039e5515cdb29b133b2905b36909786e69941eb196f09:record_1228"",""file_fd960952b94a17c6133039e5515cdb29b133b2905b36909786e69941eb196f09:record_1229"",""file_fd960952b94a17c6133039e5515cdb29b133b2905b36909786e69941eb196f09:record_1230"",""file_fd960952b94a17c6133039e5515cdb29b133b2905b36909786e69941eb196f09:record_1231"",""file_fd960952b94a17c6133039e5515cdb29b133b2905b36909786e69941eb196f09:record_1232"",""file_fd960952b94a17c6133039e5515cdb29b133b2905b36909786e69941eb196f09:record_1233""]",10
current_group_14ae6f9c00686914a89b,org_27a0d7423324814d,ind_95f4f1876860a3bd,2026/27,needs_review,"[""file_fd960952b94a17c6133039e5515cdb29b133b2905b36909786e69941eb196f09:record_1247"",""file_fd960952b94a17c6133039e5515cdb29b133b2905b36909786e69941eb196f09:record_1248"",""file_fd960952b94a17c6133039e5515cdb29b133b2905b36909786e69941eb196f09:record_1249""]",3
current_group_9046195a421eb6480930,org_27a0d7423324814d,ind_cccac58ff46cb898,2026/27,needs_review,"[""file_fd960952b94a17c6133039e5515cdb29b133b2905b36909786e69941eb196f09:record_1240"",""file_fd960952b94a17c6133039e5515cdb29b133b2905b36909786e69941eb196f09:record_1241"",""file_fd960952b94a17c6133039e5515cdb29b133b2905b36909786e69941eb196f09:record_1242"",""file_fd960952b94a17c6133039e5515cdb29b133b2905b36909786e69941eb196f09:record_1243"",""file_fd960952b94a17c6133039e5515cdb29b133b2905b36909786e69941eb196f09:record_1244""]",5
current_group_370e690dad89da189fcb,org_2b5536d6945d6d97,ind_32251529fd3b3b42,2026/27,needs_review,"[""file_fd960952b94a17c6133039e5515cdb29b133b2905b36909786e69941eb196f09:record_128"",""file_fd960952b94a17c6133039e5515cdb29b133b2905b36909786e69941eb196f09:record_129""]",2
current_group_ebb0f4f14ee0df912383,org_2b5536d6945d6d97,ind_e666bcb709405e0f,2026/27,included,"[""file_fd960952b94a17c6133039e5515cdb29b133b2905b36909786e69941eb196f09:record_125"",""file_fd960952b94a17c6133039e5515cdb29b133b2905b36909786e69941eb196f09:record_126"",""file_fd960952b94a17c6133039e5515cdb29b133b2905b36909786e69941eb196f09:record_127""]",3
current_group_7ae487eb65c20c9f7679,org_2db7f90ca34301e6,ind_257dd8e61ced7abd,2026/27,needs_review,"[""file_fd960952b94a17c6133039e5515cdb29b133b2905b36909786e69941eb196f09:record_900"",""file_fd960952b94a17c6133039e5515cdb29b133b2905b36909786e69941eb196f09:record_901"",""file_fd960952b94a17c6133039e5515cdb29b133b2905b36909786e69941eb196f09:record_902""]",3
current_group_94b6d3278917d1259286,org_2db7f90ca34301e6,ind_5b2e1352e31909e8,2026/27,included,"[""file_fd960952b94a17c6133039e5515cdb29b133b2905b36909786e69941eb196f09:record_890"",""file_fd960952b94a17c6133039e5515cdb29b133b2905b36909786e69941eb196f09:record_891"",""file_fd960952b94a17c6133039e5515cdb29b133b2905b36909786e69941eb196f09:record_892""]",3
current_group_eb8c49cddfb0a851d8f9,org_2db7f90ca34301e6,ind_a8f6cca5fe8befdf,2026/27,excluded,"[""file_fd960952b94a17c6133039e5515cdb29b133b2905b36909786e69941eb196f09:record_885"",""file_fd960952b94a17c6133039e5515cdb29b133b2905b36909786e69941eb196f09:record_886"",""file_fd960952b94a17c6133039e5515cdb29b133b2905b36909786e69941eb196f09:record_887""]",3
current_group_1aef30c3e730953d9d31,org_2db7f90ca34301e6,ind_b63866b887f21f14,2026/27,needs_review,"[""file_fd960952b94a17c6133039e5515cdb29b133b2905b36909786e69941eb196f09:record_896"",""file_fd960952b94a17c6133039e5515cdb29b133b2905b36909786e69941eb196f09:record_897"",""file_fd960952b94a17c6133039e5515cdb29b133b2905b36909786e69941eb196f09:record_898"",""file_fd960952b94a17c6133039e5515cdb29b133b2905b36909786e69941eb196f09:record_899""]",4
current_group_6ae93a9896a15da33258,org_2db7f90ca34301e6,ind_e7cd9b5804f1c518,2026/27,included,"[""file_fd960952b94a17c6133039e5515cdb29b133b2905b36909786e69941eb196f09:record_888"",""file_fd960952b94a17c6133039e5515cdb29b133b2905b36909786e69941eb196f09:record_889""]",2
current_group_05feb22fdb4116162b55,org_2db7f90ca34301e6,ind_f197a93604c302d2,2026/27,included,"[""file_fd960952b94a17c6133039e5515cdb29b133b2905b36909786e69941eb196f09:record_893"",""file_fd960952b94a17c6133039e5515cdb29b133b2905b36909786e69941eb196f09:record_894"",""file_fd960952b94a17c6133039e5515cdb29b133b2905b36909786e69941eb196f09:record_895""]",3
current_group_942b459ea0412dc8d328,org_2e8f27e53bab0301,ind_02586b3a2ab8b71a,2026/27,needs_review,"[""file_fd960952b94a17c6133039e5515cdb29b133b2905b36909786e69941eb196f09:record_1131"",""file_fd960952b94a17c6133039e5515cdb29b133b2905b36909786e69941eb196f09:record_1132"",""file_fd960952b94a17c6133039e5515cdb29b133b2905b36909786e69941eb196f09:record_1133"",""file_fd960952b94a17c6133039e5515cdb29b133b2905b36909786e69941eb196f09:record_1134"",""file_fd960952b94a17c6133039e5515cdb29b133b2905b36909786e69941eb196f09:record_1135""]",5
current_group_23ab3c2df9254ec3c4db,org_2e8f27e53bab0301,ind_117417aca1614067,2026/27,needs_review,"[""file_fd960952b94a17c6133039e5515cdb29b133b2905b36909786e69941eb196f09:record_1136"",""file_fd960952b94a17c6133039e5515cdb29b133b2905b36909786e69941eb196f09:record_1137"",""file_fd960952b94a17c6133039e5515cdb29b133b2905b36909786e69941eb196f09:record_1138""]",3
current_group_63af18e4f95165eeab14,org_2e8f27e53bab0301,ind_7a3abc3a2d1e247d,2026/27,needs_review,"[""file_fd960952b94a17c6133039e5515cdb29b133b2905b36909786e69941eb196f09:record_1142"",""file_fd960952b94a17c6133039e5515cdb29b133b2905b36909786e69941eb196f09:record_1143"",""file_fd960952b94a17c6133039e5515cdb29b133b2905b36909786e69941eb196f09:record_1144"",""file_fd960952b94a17c6133039e5515cdb29b133b2905b36909786e69941eb196f09:record_1145""]",4
current_group_835efa1bc56c73fc022b,org_2e8f27e53bab0301,ind_95bacf9e9e5f1267,2026/27,needs_review,"[""file_fd960952b94a17c6133039e5515cdb29b133b2905b36909786e69941eb196f09:record_1139"",""file_fd960952b94a17c6133039e5515cdb29b133b2905b36909786e69941eb196f09:record_1140"",""file_fd960952b94a17c6133039e5515cdb29b133b2905b36909786e69941eb196f09:record_1141""]",3
current_group_812a6e230ebe7868bea4,org_2e8f27e53bab0301,ind_e7cd9b5804f1c518,2026/27,included,"[""file_fd960952b94a17c6133039e5515cdb29b133b2905b36909786e69941eb196f09:record_1146"",""file_fd960952b94a17c6133039e5515cdb29b133b2905b36909786e69941eb196f09:record_1147"",""file_fd960952b94a17c6133039e5515cdb29b133b2905b36909786e69941eb196f09:record_1148"",""file_fd960952b94a17c6133039e5515cdb29b133b2905b36909786e69941eb196f09:record_1149"",""file_fd960952b94a17c6133039e5515cdb29b133b2905b36909786e69941eb196f09:record_1150""]",5
current_group_699112e7e3eef3478b3d,org_2fb65ae50f1d4b05,ind_0646035afd9bba7c,2026/27,excluded,"[""file_fd960952b94a17c6133039e5515cdb29b133b2905b36909786e69941eb196f09:record_1407""]",1
current_group_8823cae215bcc823e62a,org_2fb65ae50f1d4b05,ind_6617197f2dbe7457,2026/27,needs_review,"[""file_fd960952b94a17c6133039e5515cdb29b133b2905b36909786e69941eb196f09:record_1410""]",1
current_group_98c99b03ee4a835c7d99,org_2fb65ae50f1d4b05,ind_8278ab0c2ee42a4a,2026/27,needs_review,"[""file_fd960952b94a17c6133039e5515cdb29b133b2905b36909786e69941eb196f09:record_1408""]",1
current_group_513005f0d8145daa436d,org_2fb65ae50f1d4b05,ind_e595cd2dbb997c5f,2026/27,needs_review,"[""file_fd960952b94a17c6133039e5515cdb29b133b2905b36909786e69941eb196f09:record_1409""]",1
current_group_976e556a72fff04fa733,org_30500a37c4de535c,ind_142265d002ec857b,2026/27,needs_review,"[""file_fd960952b94a17c6133039e5515cdb29b133b2905b36909786e69941eb196f09:record_1130""]",1
current_group_7895f586673db3a21c52,org_30500a37c4de535c,ind_31f5b0e968dc79b1,2026/27,needs_review,"[""file_fd960952b94a17c6133039e5515cdb29b133b2905b36909786e69941eb196f09:record_1129""]",1
current_group_25d205bf630491233db7,org_30500a37c4de535c,ind_67ee717abbe20a1b,2026/27,excluded,"[""file_fd960952b94a17c6133039e5515cdb29b133b2905b36909786e69941eb196f09:record_1126""]",1
current_group_4dec5e579ddd66b128df,org_30500a37c4de535c,ind_e7cd9b5804f1c518,2026/27,included,"[""file_fd960952b94a17c6133039e5515cdb29b133b2905b36909786e69941eb196f09:record_1128""]",1
current_group_cb98bd4212ba87a53a40,org_30500a37c4de535c,ind_ee70b593aad3e4f6,2026/27,included,"[""file_fd960952b94a17c6133039e5515cdb29b133b2905b36909786e69941eb196f09:record_1127""]",1
current_group_58fd80bf0d71a7f4bdcd,org_338c8cbe14971f0f,ind_0646035afd9bba7c,2026/27,excluded,"[""file_fd960952b94a17c6133039e5515cdb29b133b2905b36909786e69941eb196f09:record_433""]",1
current_group_6eaa3576d6ce5508e3d6,org_338c8cbe14971f0f,ind_27c220571d987d84,2026/27,needs_review,"[""file_fd960952b94a17c6133039e5515cdb29b133b2905b36909786e69941eb196f09:record_443""]",1
current_group_52f4d948f81d993663ba,org_338c8cbe14971f0f,ind_3c9c90ddc5cbe2b7,2026/27,needs_review,"[""file_fd960952b94a17c6133039e5515cdb29b133b2905b36909786e69941eb196f09:record_435""]",1
current_group_ac16f14cec3d351912f9,org_338c8cbe14971f0f,ind_5314e24f5f6e6912,2026/27,excluded,"[""file_fd960952b94a17c6133039e5515cdb29b133b2905b36909786e69941eb196f09:record_434""]",1
current_group_339d13f6600d098e4242,org_338c8cbe14971f0f,ind_7259072682787af2,2026/27,needs_review,"[""file_fd960952b94a17c6133039e5515cdb29b133b2905b36909786e69941eb196f09:record_437""]",1
current_group_d05596c684d8931bdab2,org_338c8cbe14971f0f,ind_acb6bbf189a319c8,2026/27,needs_review,"[""file_fd960952b94a17c6133039e5515cdb29b133b2905b36909786e69941eb196f09:record_436""]",1
current_group_e814f00cbf41f1ca194d,org_338c8cbe14971f0f,ind_dc702b55c8a44ccd,2026/27,needs_review,"[""file_fd960952b94a17c6133039e5515cdb29b133b2905b36909786e69941eb196f09:record_438""]",1
current_group_e477d4f4ff3b04a4e8f7,org_338c8cbe14971f0f,ind_f89af249bc83b4be,2026/27,needs_review,"[""file_fd960952b94a17c6133039e5515cdb29b133b2905b36909786e69941eb196f09:record_441"",""file_fd960952b94a17c6133039e5515cdb29b133b2905b36909786e69941eb196f09:record_442""]",2
current_group_4242cf776357cdacc03a,org_338c8cbe14971f0f,ind_f9605f6ba5bc4041,2026/27,needs_review,"[""file_fd960952b94a17c6133039e5515cdb29b133b2905b36909786e69941eb196f09:record_439"",""file_fd960952b94a17c6133039e5515cdb29b133b2905b36909786e69941eb196f09:record_440""]",2
current_group_167fb6ae547b76c83931,org_338ea1409d983a36,ind_5b2e1352e31909e8,2026/27,included,"[""file_fd960952b94a17c6133039e5515cdb29b133b2905b36909786e69941eb196f09:record_1759""]",1
current_group_65707215804c553510c7,org_338ea1409d983a36,ind_7ebd4762b8a6c688,2026/27,included,"[""file_fd960952b94a17c6133039e5515cdb29b133b2905b36909786e69941eb196f09:record_1754"",""file_fd960952b94a17c6133039e5515cdb29b133b2905b36909786e69941eb196f09:record_1755""]",2
current_group_4ee17891a04baf0e0f30,org_338ea1409d983a36,ind_e666bcb709405e0f,2026/27,included,"[""file_fd960952b94a17c6133039e5515cdb29b133b2905b36909786e69941eb196f09:record_1751"",""file_fd960952b94a17c6133039e5515cdb29b133b2905b36909786e69941eb196f09:record_1752"",""file_fd960952b94a17c6133039e5515cdb29b133b2905b36909786e69941eb196f09:record_1753""]",3
current_group_dfa2be9d837344d0a25a,org_338ea1409d983a36,ind_e7cd9b5804f1c518,2026/27,included,"[""file_fd960952b94a17c6133039e5515cdb29b133b2905b36909786e69941eb196f09:record_1756"",""file_fd960952b94a17c6133039e5515cdb29b133b2905b36909786e69941eb196f09:record_1757"",""file_fd960952b94a17c6133039e5515cdb29b133b2905b36909786e69941eb196f09:record_1758""]",3
current_group_b69424ad2d0fea838091,org_338ea1409d983a36,ind_ee70b593aad3e4f6,2026/27,included,"[""file_fd960952b94a17c6133039e5515cdb29b133b2905b36909786e69941eb196f09:record_1749"",""file_fd960952b94a17c6133039e5515cdb29b133b2905b36909786e69941eb196f09:record_1750""]",2
current_group_5b6e85bb3757ba4e833d,org_3798e781b6e5310f,ind_0646035afd9bba7c,2026/27,excluded,"[""file_fd960952b94a17c6133039e5515cdb29b133b2905b36909786e69941eb196f09:record_964""]",1
current_group_ec662441d506bba2d4d9,org_3798e781b6e5310f,ind_1b8483f89d388871,2026/27,needs_review,"[""file_fd960952b94a17c6133039e5515cdb29b133b2905b36909786e69941eb196f09:record_973""]",1
current_group_db68b472560106c6ccfb,org_3798e781b6e5310f,ind_3712700ff4df7317,2026/27,needs_review,"[""file_fd960952b94a17c6133039e5515cdb29b133b2905b36909786e69941eb196f09:record_974""]",1
current_group_5ed70826d5cb07b18b6d,org_3798e781b6e5310f,ind_5246601269ab74d1,2026/27,needs_review,"[""file_fd960952b94a17c6133039e5515cdb29b133b2905b36909786e69941eb196f09:record_971""]",1
current_group_23b0d8095f7cbcdbff8f,org_3798e781b6e5310f,ind_5314e24f5f6e6912,2026/27,excluded,"[""file_fd960952b94a17c6133039e5515cdb29b133b2905b36909786e69941eb196f09:record_966""]",1
current_group_12dd106e19b4efd2637d,org_3798e781b6e5310f,ind_5b2e1352e31909e8,2026/27,included,"[""file_fd960952b94a17c6133039e5515cdb29b133b2905b36909786e69941eb196f09:record_972""]",1
current_group_18ced4c685cc259c09bb,org_3798e781b6e5310f,ind_67ee717abbe20a1b,2026/27,excluded,"[""file_fd960952b94a17c6133039e5515cdb29b133b2905b36909786e69941eb196f09:record_965""]",1
current_group_78c5372115f8570a402b,org_3798e781b6e5310f,ind_7240960268f8e4f6,2026/27,needs_review,"[""file_fd960952b94a17c6133039e5515cdb29b133b2905b36909786e69941eb196f09:record_970""]",1
current_group_888dd3f56c62dc931e52,org_3798e781b6e5310f,ind_7ebd4762b8a6c688,2026/27,included,"[""file_fd960952b94a17c6133039e5515cdb29b133b2905b36909786e69941eb196f09:record_968""]",1
current_group_36ea453836635e862f0f,org_3798e781b6e5310f,ind_8a045123b1864c6c,2026/27,needs_review,"[""file_fd960952b94a17c6133039e5515cdb29b133b2905b36909786e69941eb196f09:record_975""]",1
current_group_8776dbb30382ac194ba6,org_3798e781b6e5310f,ind_ac3aab7cafd05448,2026/27,needs_review,"[""file_fd960952b94a17c6133039e5515cdb29b133b2905b36909786e69941eb196f09:record_978""]",1
current_group_034773f1e31283e07649,org_3798e781b6e5310f,ind_e666bcb709405e0f,2026/27,included,"[""file_fd960952b94a17c6133039e5515cdb29b133b2905b36909786e69941eb196f09:record_967""]",1
current_group_73a70912de5f731f6553,org_3798e781b6e5310f,ind_e7cd9b5804f1c518,2026/27,included,"[""file_fd960952b94a17c6133039e5515cdb29b133b2905b36909786e69941eb196f09:record_969""]",1
current_group_d63f8ff32e42f5b03bf8,org_3798e781b6e5310f,ind_f3a79505ea19839c,2026/27,needs_review,"[""file_fd960952b94a17c6133039e5515cdb29b133b2905b36909786e69941eb196f09:record_976"",""file_fd960952b94a17c6133039e5515cdb29b133b2905b36909786e69941eb196f09:record_977""]",1
current_group_f001a777d2296fdda59c,org_3b49086244c14560,ind_5314e24f5f6e6912,2026/27,excluded,"[""file_fd960952b94a17c6133039e5515cdb29b133b2905b36909786e69941eb196f09:record_356"",""file_fd960952b94a17c6133039e5515cdb29b133b2905b36909786e69941eb196f09:record_357""]",2
current_group_0941ee0ae95a08579ca4,org_3b49086244c14560,ind_7ebd4762b8a6c688,2026/27,included,"[""file_fd960952b94a17c6133039e5515cdb29b133b2905b36909786e69941eb196f09:record_359""]",1
current_group_c078fe0c2fac25927c14,org_3b49086244c14560,ind_b0477c4c5a853c08,2026/27,needs_review,"[""file_fd960952b94a17c6133039e5515cdb29b133b2905b36909786e69941eb196f09:record_363"",""file_fd960952b94a17c6133039e5515cdb29b133b2905b36909786e69941eb196f09:record_364""]",2
current_group_05af0f40285f2c835683,org_3b49086244c14560,ind_ca99ad44ac667323,2026/27,needs_review,"[""file_fd960952b94a17c6133039e5515cdb29b133b2905b36909786e69941eb196f09:record_365"",""file_fd960952b94a17c6133039e5515cdb29b133b2905b36909786e69941eb196f09:record_366"",""file_fd960952b94a17c6133039e5515cdb29b133b2905b36909786e69941eb196f09:record_367""]",3
current_group_a978e2c63aebc894b0e2,org_3b49086244c14560,ind_e666bcb709405e0f,2026/27,included,"[""file_fd960952b94a17c6133039e5515cdb29b133b2905b36909786e69941eb196f09:record_358""]",1
current_group_d00ceb37343ade83417b,org_3b49086244c14560,ind_e7cd9b5804f1c518,2026/27,included,"[""file_fd960952b94a17c6133039e5515cdb29b133b2905b36909786e69941eb196f09:record_360"",""file_fd960952b94a17c6133039e5515cdb29b133b2905b36909786e69941eb196f09:record_361""]",2
current_group_5ec4b37da4bb17dbe2ef,org_3b49086244c14560,ind_efed414af72843ef,2026/27,needs_review,"[""file_fd960952b94a17c6133039e5515cdb29b133b2905b36909786e69941eb196f09:record_362""]",1
current_group_27f55760f9011da7801e,org_3c1d3536d63206c4,ind_175fab9eb94291e1,2026/27,needs_review,"[""file_fd960952b94a17c6133039e5515cdb29b133b2905b36909786e69941eb196f09:record_906"",""file_fd960952b94a17c6133039e5515cdb29b133b2905b36909786e69941eb196f09:record_907""]",2
current_group_118dae67010d0a8b345b,org_3c1d3536d63206c4,ind_50df5c353d231a09,2026/27,needs_review,"[""file_fd960952b94a17c6133039e5515cdb29b133b2905b36909786e69941eb196f09:record_908"",""file_fd960952b94a17c6133039e5515cdb29b133b2905b36909786e69941eb196f09:record_909""]",2
current_group_aaee6b012f3b163a5fe8,org_3c1d3536d63206c4,ind_6a389d3913ae58c3,2026/27,needs_review,"[""file_fd960952b94a17c6133039e5515cdb29b133b2905b36909786e69941eb196f09:record_914"",""file_fd960952b94a17c6133039e5515cdb29b133b2905b36909786e69941eb196f09:record_915"",""file_fd960952b94a17c6133039e5515cdb29b133b2905b36909786e69941eb196f09:record_916""]",3
current_group_be1ea7fc98d45e00da00,org_3c1d3536d63206c4,ind_6bfdd382106a20ba,2026/27,needs_review,"[""file_fd960952b94a17c6133039e5515cdb29b133b2905b36909786e69941eb196f09:record_903"",""file_fd960952b94a17c6133039e5515cdb29b133b2905b36909786e69941eb196f09:record_904"",""file_fd960952b94a17c6133039e5515cdb29b133b2905b36909786e69941eb196f09:record_905""]",3
current_group_12fcfa61b4d5fa325094,org_3c1d3536d63206c4,ind_89bb7ecd2a049a8d,2026/27,needs_review,"[""file_fd960952b94a17c6133039e5515cdb29b133b2905b36909786e69941eb196f09:record_910"",""file_fd960952b94a17c6133039e5515cdb29b133b2905b36909786e69941eb196f09:record_911"",""file_fd960952b94a17c6133039e5515cdb29b133b2905b36909786e69941eb196f09:record_912"",""file_fd960952b94a17c6133039e5515cdb29b133b2905b36909786e69941eb196f09:record_913""]",4
current_group_777cd78c83ce429af080,org_3c1d3536d63206c4,ind_b382c94c71d86ae4,2026/27,needs_review,"[""file_fd960952b94a17c6133039e5515cdb29b133b2905b36909786e69941eb196f09:record_917"",""file_fd960952b94a17c6133039e5515cdb29b133b2905b36909786e69941eb196f09:record_918"",""file_fd960952b94a17c6133039e5515cdb29b133b2905b36909786e69941eb196f09:record_919"",""file_fd960952b94a17c6133039e5515cdb29b133b2905b36909786e69941eb196f09:record_920""]",4
current_group_0fbda933aa6ce87d436d,org_3c60b271c600b995,ind_0646035afd9bba7c,2026/27,excluded,"[""file_fd960952b94a17c6133039e5515cdb29b133b2905b36909786e69941eb196f09:record_1541""]",1
current_group_e26e1a91e80eb2573c02,org_3c60b271c600b995,ind_06590f50f65eac7e,2026/27,included,"[""file_fd960952b94a17c6133039e5515cdb29b133b2905b36909786e69941eb196f09:record_1543""]",1
current_group_0ebd505aa1ed6fa9bf39,org_3c60b271c600b995,ind_2577d411cb76e892,2026/27,needs_review,"[""file_fd960952b94a17c6133039e5515cdb29b133b2905b36909786e69941eb196f09:record_1549""]",1
current_group_48b49c3af618e9d2d604,org_3c60b271c600b995,ind_5314e24f5f6e6912,2026/27,excluded,"[""file_fd960952b94a17c6133039e5515cdb29b133b2905b36909786e69941eb196f09:record_1544""]",1
current_group_61bb7bf4198e6c7d707b,org_3c60b271c600b995,ind_69a27a035a2924ed,2026/27,needs_review,"[""file_fd960952b94a17c6133039e5515cdb29b133b2905b36909786e69941eb196f09:record_1547"",""file_fd960952b94a17c6133039e5515cdb29b133b2905b36909786e69941eb196f09:record_1548""]",1
current_group_a6d292c4e69b4e1264d0,org_3c60b271c600b995,ind_b45b75d1836d801d,2026/27,needs_review,"[""file_fd960952b94a17c6133039e5515cdb29b133b2905b36909786e69941eb196f09:record_1550""]",1
current_group_35b2905564bfd42c8dd8,org_3c60b271c600b995,ind_e666bcb709405e0f,2026/27,included,"[""file_fd960952b94a17c6133039e5515cdb29b133b2905b36909786e69941eb196f09:record_1545""]",1
current_group_dd07d6e73d385b1613e8,org_3c60b271c600b995,ind_e7cd9b5804f1c518,2026/27,included,"[""file_fd960952b94a17c6133039e5515cdb29b133b2905b36909786e69941eb196f09:record_1546""]",1
current_group_ba197bb23626b1bc2557,org_3c60b271c600b995,ind_ef4a9573ead4ee92,2026/27,included,"[""file_fd960952b94a17c6133039e5515cdb29b133b2905b36909786e69941eb196f09:record_1542""]",1
current_group_81d6b14b743dfb70eb3c,org_3cb3343c153535ee,ind_022983814e191531,2026/27,needs_review,"[""file_fd960952b94a17c6133039e5515cdb29b133b2905b36909786e69941eb196f09:record_301""]",1
current_group_70f6799549d663584cd1,org_3cb3343c153535ee,ind_0646035afd9bba7c,2026/27,excluded,"[""file_fd960952b94a17c6133039e5515cdb29b133b2905b36909786e69941eb196f09:record_276""]",1
current_group_6972b3c681c2894975e8,org_3cb3343c153535ee,ind_37478f8fb5db2bb6,2026/27,excluded,"[""file_fd960952b94a17c6133039e5515cdb29b133b2905b36909786e69941eb196f09:record_281"",""file_fd960952b94a17c6133039e5515cdb29b133b2905b36909786e69941eb196f09:record_282""]",2
current_group_00d0cd6c008cfda41aaa,org_3cb3343c153535ee,ind_5298e86489d39d7e,2026/27,needs_review,"[""file_fd960952b94a17c6133039e5515cdb29b133b2905b36909786e69941eb196f09:record_300""]",1
current_group_a533529f6015b36f7597,org_3cb3343c153535ee,ind_5314e24f5f6e6912,2026/27,excluded,"[""file_fd960952b94a17c6133039e5515cdb29b133b2905b36909786e69941eb196f09:record_283""]",1
current_group_94597de799660a9b120f,org_3cb3343c153535ee,ind_5b2e1352e31909e8,2026/27,included,"[""file_fd960952b94a17c6133039e5515cdb29b133b2905b36909786e69941eb196f09:record_295"",""file_fd960952b94a17c6133039e5515cdb29b133b2905b36909786e69941eb196f09:record_296"",""file_fd960952b94a17c6133039e5515cdb29b133b2905b36909786e69941eb196f09:record_297""]",3
current_group_34ca83ff06251f5e894f,org_3cb3343c153535ee,ind_6601b1755e5efd53,2026/27,needs_review,"[""file_fd960952b94a17c6133039e5515cdb29b133b2905b36909786e69941eb196f09:record_286"",""file_fd960952b94a17c6133039e5515cdb29b133b2905b36909786e69941eb196f09:record_287""]",2
current_group_752b456fe7e7f38f3389,org_3cb3343c153535ee,ind_67ee717abbe20a1b,2026/27,excluded,"[""file_fd960952b94a17c6133039e5515cdb29b133b2905b36909786e69941eb196f09:record_277"",""file_fd960952b94a17c6133039e5515cdb29b133b2905b36909786e69941eb196f09:record_278""]",2
current_group_944b9644442ae9a0ed58,org_3cb3343c153535ee,ind_7ebd4762b8a6c688,2026/27,included,"[""file_fd960952b94a17c6133039e5515cdb29b133b2905b36909786e69941eb196f09:record_290"",""file_fd960952b94a17c6133039e5515cdb29b133b2905b36909786e69941eb196f09:record_291"",""file_fd960952b94a17c6133039e5515cdb29b133b2905b36909786e69941eb196f09:record_292""]",1
current_group_7fb1d159211aff10bfb1,org_3cb3343c153535ee,ind_d56d13be849c34b4,2026/27,needs_review,"[""file_fd960952b94a17c6133039e5515cdb29b133b2905b36909786e69941eb196f09:record_298"",""file_fd960952b94a17c6133039e5515cdb29b133b2905b36909786e69941eb196f09:record_299""]",2
current_group_b5b79387eded1339c090,org_3cb3343c153535ee,ind_e666bcb709405e0f,2026/27,included,"[""file_fd960952b94a17c6133039e5515cdb29b133b2905b36909786e69941eb196f09:record_284"",""file_fd960952b94a17c6133039e5515cdb29b133b2905b36909786e69941eb196f09:record_285""]",2
current_group_079eb99601a8b80b417d,org_3cb3343c153535ee,ind_e7cd9b5804f1c518,2026/27,included,"[""file_fd960952b94a17c6133039e5515cdb29b133b2905b36909786e69941eb196f09:record_293"",""file_fd960952b94a17c6133039e5515cdb29b133b2905b36909786e69941eb196f09:record_294""]",2
current_group_270ce04080e1f39baf81,org_3cb3343c153535ee,ind_ee70b593aad3e4f6,2026/27,included,"[""file_fd960952b94a17c6133039e5515cdb29b133b2905b36909786e69941eb196f09:record_279"",""file_fd960952b94a17c6133039e5515cdb29b133b2905b36909786e69941eb196f09:record_280""]",2
current_group_953eb8c311fb7e0a61d8,org_3cb3343c153535ee,ind_fc1b5107fd3f65cc,2026/27,needs_review,"[""file_fd960952b94a17c6133039e5515cdb29b133b2905b36909786e69941eb196f09:record_288"",""file_fd960952b94a17c6133039e5515cdb29b133b2905b36909786e69941eb196f09:record_289""]",2
current_group_8b1b4fb0150003d18477,org_3cd6a4bd2a94177c,ind_164028b8d003b7ac,2026/27,needs_review,"[""file_fd960952b94a17c6133039e5515cdb29b133b2905b36909786e69941eb196f09:record_1566"",""file_fd960952b94a17c6133039e5515cdb29b133b2905b36909786e69941eb196f09:record_1567"",""file_fd960952b94a17c6133039e5515cdb29b133b2905b36909786e69941eb196f09:record_1568""]",3
current_group_45ac3e1600a7ddc3abda,org_3cd6a4bd2a94177c,ind_25ab0d1ed7a5938b,2026/27,needs_review,"[""file_fd960952b94a17c6133039e5515cdb29b133b2905b36909786e69941eb196f09:record_1563"",""file_fd960952b94a17c6133039e5515cdb29b133b2905b36909786e69941eb196f09:record_1564"",""file_fd960952b94a17c6133039e5515cdb29b133b2905b36909786e69941eb196f09:record_1565""]",3
current_group_68e63df78b2aa05f070e,org_3cd6a4bd2a94177c,ind_67ee717abbe20a1b,2026/27,excluded,"[""file_fd960952b94a17c6133039e5515cdb29b133b2905b36909786e69941eb196f09:record_1551"",""file_fd960952b94a17c6133039e5515cdb29b133b2905b36909786e69941eb196f09:record_1552"",""file_fd960952b94a17c6133039e5515cdb29b133b2905b36909786e69941eb196f09:record_1553""]",3
current_group_4e7b469a99a95c53ab83,org_3cd6a4bd2a94177c,ind_cbfc2a07755b1406,2026/27,needs_review,"[""file_fd960952b94a17c6133039e5515cdb29b133b2905b36909786e69941eb196f09:record_1569"",""file_fd960952b94a17c6133039e5515cdb29b133b2905b36909786e69941eb196f09:record_1570"",""file_fd960952b94a17c6133039e5515cdb29b133b2905b36909786e69941eb196f09:record_1571""]",3
current_group_a8e7045a376620e1cb00,org_3cd6a4bd2a94177c,ind_e7cd9b5804f1c518,2026/27,included,"[""file_fd960952b94a17c6133039e5515cdb29b133b2905b36909786e69941eb196f09:record_1557"",""file_fd960952b94a17c6133039e5515cdb29b133b2905b36909786e69941eb196f09:record_1558"",""file_fd960952b94a17c6133039e5515cdb29b133b2905b36909786e69941eb196f09:record_1559""]",3
current_group_cd32b9a6bc4ba952673a,org_3cd6a4bd2a94177c,ind_ef4a9573ead4ee92,2026/27,included,"[""file_fd960952b94a17c6133039e5515cdb29b133b2905b36909786e69941eb196f09:record_1554"",""file_fd960952b94a17c6133039e5515cdb29b133b2905b36909786e69941eb196f09:record_1555"",""file_fd960952b94a17c6133039e5515cdb29b133b2905b36909786e69941eb196f09:record_1556""]",3
current_group_95d721339b08f470eb05,org_3cd6a4bd2a94177c,ind_fa6d97d2f1c2dc68,2026/27,needs_review,"[""file_fd960952b94a17c6133039e5515cdb29b133b2905b36909786e69941eb196f09:record_1560"",""file_fd960952b94a17c6133039e5515cdb29b133b2905b36909786e69941eb196f09:record_1561"",""file_fd960952b94a17c6133039e5515cdb29b133b2905b36909786e69941eb196f09:record_1562""]",3
current_group_7f4ac0172c9df599e0de,org_3d2e95a21794e4d1,ind_1d22105749406924,2026/27,needs_review,"[""file_fd960952b94a17c6133039e5515cdb29b133b2905b36909786e69941eb196f09:record_1405"",""file_fd960952b94a17c6133039e5515cdb29b133b2905b36909786e69941eb196f09:record_1406""]",2
current_group_176e286e5a95e9fa55b7,org_3d2e95a21794e4d1,ind_1d9d3850eada94b4,2026/27,needs_review,"[""file_fd960952b94a17c6133039e5515cdb29b133b2905b36909786e69941eb196f09:record_1403"",""file_fd960952b94a17c6133039e5515cdb29b133b2905b36909786e69941eb196f09:record_1404""]",2
current_group_7fbace53c8026d909395,org_3d2e95a21794e4d1,ind_2170920d5d4be6a1,2026/27,needs_review,"[""file_fd960952b94a17c6133039e5515cdb29b133b2905b36909786e69941eb196f09:record_1399"",""file_fd960952b94a17c6133039e5515cdb29b133b2905b36909786e69941eb196f09:record_1400""]",2
current_group_9cd3315575d9d8892935,org_3d2e95a21794e4d1,ind_a9b0c9212f62e6ff,2026/27,needs_review,"[""file_fd960952b94a17c6133039e5515cdb29b133b2905b36909786e69941eb196f09:record_1397"",""file_fd960952b94a17c6133039e5515cdb29b133b2905b36909786e69941eb196f09:record_1398""]",2
current_group_791b2b56e4b5471dddd8,org_3d2e95a21794e4d1,ind_bb2e7f0ac62a8daa,2026/27,needs_review,"[""file_fd960952b94a17c6133039e5515cdb29b133b2905b36909786e69941eb196f09:record_1392"",""file_fd960952b94a17c6133039e5515cdb29b133b2905b36909786e69941eb196f09:record_1393"",""file_fd960952b94a17c6133039e5515cdb29b133b2905b36909786e69941eb196f09:record_1394""]",3
current_group_ce8c987c81e5c34bfce9,org_3d2e95a21794e4d1,ind_c151238681d453e4,2026/27,needs_review,"[""file_fd960952b94a17c6133039e5515cdb29b133b2905b36909786e69941eb196f09:record_1401"",""file_fd960952b94a17c6133039e5515cdb29b133b2905b36909786e69941eb196f09:record_1402""]",2
current_group_743d0e9e6467b3273bda,org_3d2e95a21794e4d1,ind_da08a4dcc2d141d5,2026/27,needs_review,"[""file_fd960952b94a17c6133039e5515cdb29b133b2905b36909786e69941eb196f09:record_1395"",""file_fd960952b94a17c6133039e5515cdb29b133b2905b36909786e69941eb196f09:record_1396""]",2
current_group_abff974d71de2baf688c,org_3d2e95a21794e4d1,ind_e7cd9b5804f1c518,2026/27,included,"[""file_fd960952b94a17c6133039e5515cdb29b133b2905b36909786e69941eb196f09:record_1389"",""file_fd960952b94a17c6133039e5515cdb29b133b2905b36909786e69941eb196f09:record_1390"",""file_fd960952b94a17c6133039e5515cdb29b133b2905b36909786e69941eb196f09:record_1391""]",3
current_group_642afdf326e17ecf62cb,org_3e299976322b1000,ind_38bc7ec740df6281,2026/27,needs_review,"[""file_fd960952b94a17c6133039e5515cdb29b133b2905b36909786e69941eb196f09:record_718"",""file_fd960952b94a17c6133039e5515cdb29b133b2905b36909786e69941eb196f09:record_719""]",2
current_group_be6112937188debae12d,org_3e299976322b1000,ind_4124d86c85d4600a,2026/27,needs_review,"[""file_fd960952b94a17c6133039e5515cdb29b133b2905b36909786e69941eb196f09:record_716"",""file_fd960952b94a17c6133039e5515cdb29b133b2905b36909786e69941eb196f09:record_717""]",2
current_group_5e9a6acf811e7536c283,org_3e299976322b1000,ind_9be0029897595011,2026/27,needs_review,"[""file_fd960952b94a17c6133039e5515cdb29b133b2905b36909786e69941eb196f09:record_720"",""file_fd960952b94a17c6133039e5515cdb29b133b2905b36909786e69941eb196f09:record_721"",""file_fd960952b94a17c6133039e5515cdb29b133b2905b36909786e69941eb196f09:record_722""]",3
current_group_8ae694bdd74261abb538,org_3e299976322b1000,ind_a8d66ff6ec15c60e,2026/27,needs_review,"[""file_fd960952b94a17c6133039e5515cdb29b133b2905b36909786e69941eb196f09:record_713"",""file_fd960952b94a17c6133039e5515cdb29b133b2905b36909786e69941eb196f09:record_714"",""file_fd960952b94a17c6133039e5515cdb29b133b2905b36909786e69941eb196f09:record_715""]",3
current_group_4257bf1329c08141e1c9,org_3e299976322b1000,ind_e7cd9b5804f1c518,2026/27,included,"[""file_fd960952b94a17c6133039e5515cdb29b133b2905b36909786e69941eb196f09:record_710"",""file_fd960952b94a17c6133039e5515cdb29b133b2905b36909786e69941eb196f09:record_711"",""file_fd960952b94a17c6133039e5515cdb29b133b2905b36909786e69941eb196f09:record_712""]",3
current_group_ae87d00fb4b6e7a2877e,org_3e299976322b1000,ind_ee70b593aad3e4f6,2026/27,included,"[""file_fd960952b94a17c6133039e5515cdb29b133b2905b36909786e69941eb196f09:record_707"",""file_fd960952b94a17c6133039e5515cdb29b133b2905b36909786e69941eb196f09:record_708"",""file_fd960952b94a17c6133039e5515cdb29b133b2905b36909786e69941eb196f09:record_709""]",3
current_group_eafb445428c58fa3c565,org_3e9e9513663bca8e,ind_1c16ac3f1f2c48d3,2026/27,needs_review,"[""file_fd960952b94a17c6133039e5515cdb29b133b2905b36909786e69941eb196f09:record_1089""]",1
current_group_faef73d3fc7531c51eec,org_3e9e9513663bca8e,ind_32adf39f302c210d,2026/27,needs_review,"[""file_fd960952b94a17c6133039e5515cdb29b133b2905b36909786e69941eb196f09:record_1090""]",1
current_group_319599c55b896d15ae2c,org_3e9e9513663bca8e,ind_67366939d6b7a64d,2026/27,needs_review,"[""file_fd960952b94a17c6133039e5515cdb29b133b2905b36909786e69941eb196f09:record_1088""]",1
current_group_8fb1550f78e798cf33e8,org_3e9e9513663bca8e,ind_cd24e70ed071e669,2026/27,needs_review,"[""file_fd960952b94a17c6133039e5515cdb29b133b2905b36909786e69941eb196f09:record_1087""]",1
current_group_709b82a6a9b75d5ceb27,org_436e0d774e407c38,ind_0646035afd9bba7c,2026/27,excluded,"[""file_fd960952b94a17c6133039e5515cdb29b133b2905b36909786e69941eb196f09:record_1709"",""file_fd960952b94a17c6133039e5515cdb29b133b2905b36909786e69941eb196f09:record_1710"",""file_fd960952b94a17c6133039e5515cdb29b133b2905b36909786e69941eb196f09:record_1711""]",3
current_group_1a6a49f8dfbe1ea2fac2,org_436e0d774e407c38,ind_06590f50f65eac7e,2026/27,included,"[""file_fd960952b94a17c6133039e5515cdb29b133b2905b36909786e69941eb196f09:record_1715""]",1
current_group_ba05fed936e9a7d02867,org_436e0d774e407c38,ind_37478f8fb5db2bb6,2026/27,excluded,"[""file_fd960952b94a17c6133039e5515cdb29b133b2905b36909786e69941eb196f09:record_1716"",""file_fd960952b94a17c6133039e5515cdb29b133b2905b36909786e69941eb196f09:record_1717"",""file_fd960952b94a17c6133039e5515cdb29b133b2905b36909786e69941eb196f09:record_1718"",""file_fd960952b94a17c6133039e5515cdb29b133b2905b36909786e69941eb196f09:record_1719"",""file_fd960952b94a17c6133039e5515cdb29b133b2905b36909786e69941eb196f09:record_1720""]",5
current_group_da822507b11d7ca01e44,org_436e0d774e407c38,ind_67ee717abbe20a1b,2026/27,excluded,"[""file_fd960952b94a17c6133039e5515cdb29b133b2905b36909786e69941eb196f09:record_1712"",""file_fd960952b94a17c6133039e5515cdb29b133b2905b36909786e69941eb196f09:record_1713"",""file_fd960952b94a17c6133039e5515cdb29b133b2905b36909786e69941eb196f09:record_1714""]",3
current_group_f2d8bf55e5007ec67671,org_436e0d774e407c38,ind_d7a3977aaa692c43,2026/27,needs_review,"[""file_fd960952b94a17c6133039e5515cdb29b133b2905b36909786e69941eb196f09:record_1721"",""file_fd960952b94a17c6133039e5515cdb29b133b2905b36909786e69941eb196f09:record_1722""]",2
current_group_d7bb80ee5ba8bf347ad7,org_4425435f2eb3ed62,ind_35ff17584f22fc17,2026/27,needs_review,"[""file_fd960952b94a17c6133039e5515cdb29b133b2905b36909786e69941eb196f09:record_642"",""file_fd960952b94a17c6133039e5515cdb29b133b2905b36909786e69941eb196f09:record_643""]",2
current_group_1ddb7bf3b2bd173f1c21,org_4425435f2eb3ed62,ind_5314e24f5f6e6912,2026/27,excluded,"[""file_fd960952b94a17c6133039e5515cdb29b133b2905b36909786e69941eb196f09:record_639"",""file_fd960952b94a17c6133039e5515cdb29b133b2905b36909786e69941eb196f09:record_640"",""file_fd960952b94a17c6133039e5515cdb29b133b2905b36909786e69941eb196f09:record_641""]",3
current_group_2d262fdfb69de7ba6cbe,org_4425435f2eb3ed62,ind_ee70b593aad3e4f6,2026/27,included,"[""file_fd960952b94a17c6133039e5515cdb29b133b2905b36909786e69941eb196f09:record_636"",""file_fd960952b94a17c6133039e5515cdb29b133b2905b36909786e69941eb196f09:record_637"",""file_fd960952b94a17c6133039e5515cdb29b133b2905b36909786e69941eb196f09:record_638""]",3
current_group_b313a2bfbae2597912b5,org_444ddfb72c84241f,ind_01320c3693fcfb56,2026/27,needs_review,"[""file_fd960952b94a17c6133039e5515cdb29b133b2905b36909786e69941eb196f09:record_1366""]",1
current_group_a945cd93af9dfdfb29f1,org_444ddfb72c84241f,ind_082273d18459f2d0,2026/27,needs_review,"[""file_fd960952b94a17c6133039e5515cdb29b133b2905b36909786e69941eb196f09:record_1370""]",1
current_group_fdd74aecac9b361432b6,org_444ddfb72c84241f,ind_198bc08205f31867,2026/27,needs_review,"[""file_fd960952b94a17c6133039e5515cdb29b133b2905b36909786e69941eb196f09:record_1368""]",1
current_group_33dcbcb9bbd23b55d3d5,org_444ddfb72c84241f,ind_5ea4fe9b3b051560,2026/27,needs_review,"[""file_fd960952b94a17c6133039e5515cdb29b133b2905b36909786e69941eb196f09:record_1369""]",1
current_group_2e77e4ce09e7a8f57cfc,org_444ddfb72c84241f,ind_67ee717abbe20a1b,2026/27,excluded,"[""file_fd960952b94a17c6133039e5515cdb29b133b2905b36909786e69941eb196f09:record_1371""]",1
current_group_4e365aa8e61e60116de1,org_444ddfb72c84241f,ind_8984d51191351121,2026/27,needs_review,"[""file_fd960952b94a17c6133039e5515cdb29b133b2905b36909786e69941eb196f09:record_1367""]",1
current_group_9879b88c92a90946a99a,org_444ddfb72c84241f,ind_e7cd9b5804f1c518,2026/27,included,"[""file_fd960952b94a17c6133039e5515cdb29b133b2905b36909786e69941eb196f09:record_1373""]",1
current_group_d4107aade3322ad69cda,org_444ddfb72c84241f,ind_ef4a9573ead4ee92,2026/27,included,"[""file_fd960952b94a17c6133039e5515cdb29b133b2905b36909786e69941eb196f09:record_1372""]",1
current_group_9b0868db767664946d22,org_45bd58add12fc7ed,ind_1bf07cc710ecfb57,2026/27,needs_review,"[""file_fd960952b94a17c6133039e5515cdb29b133b2905b36909786e69941eb196f09:record_1061"",""file_fd960952b94a17c6133039e5515cdb29b133b2905b36909786e69941eb196f09:record_1062"",""file_fd960952b94a17c6133039e5515cdb29b133b2905b36909786e69941eb196f09:record_1063""]",3
current_group_b4dd9033843b01f81dba,org_45bd58add12fc7ed,ind_454aa970461715f3,2026/27,needs_review,"[""file_fd960952b94a17c6133039e5515cdb29b133b2905b36909786e69941eb196f09:record_1059"",""file_fd960952b94a17c6133039e5515cdb29b133b2905b36909786e69941eb196f09:record_1060""]",2
current_group_797f5eed2b0e6e151637,org_45bd58add12fc7ed,ind_45628c1b60f7efb3,2026/27,needs_review,"[""file_fd960952b94a17c6133039e5515cdb29b133b2905b36909786e69941eb196f09:record_1064"",""file_fd960952b94a17c6133039e5515cdb29b133b2905b36909786e69941eb196f09:record_1065""]",2
current_group_f908f49a5d98d6cbf098,org_45bd58add12fc7ed,ind_5314e24f5f6e6912,2026/27,excluded,"[""file_fd960952b94a17c6133039e5515cdb29b133b2905b36909786e69941eb196f09:record_1057"",""file_fd960952b94a17c6133039e5515cdb29b133b2905b36909786e69941eb196f09:record_1058""]",2
current_group_1912e252def3c5293694,org_45bd58add12fc7ed,ind_ef4a9573ead4ee92,2026/27,included,"[""file_fd960952b94a17c6133039e5515cdb29b133b2905b36909786e69941eb196f09:record_1056""]",1
current_group_d92f0e93947dba3a9c1e,org_4a3868424c0ea7ea,ind_37478f8fb5db2bb6,2026/27,excluded,"[""file_fd960952b94a17c6133039e5515cdb29b133b2905b36909786e69941eb196f09:record_1299""]",1
current_group_63434d002d050b7bd9c2,org_4a3868424c0ea7ea,ind_5b2e1352e31909e8,2026/27,included,"[""file_fd960952b94a17c6133039e5515cdb29b133b2905b36909786e69941eb196f09:record_1301""]",1
current_group_9fb5f52ab29d928c777f,org_4a3868424c0ea7ea,ind_67ee717abbe20a1b,2026/27,excluded,"[""file_fd960952b94a17c6133039e5515cdb29b133b2905b36909786e69941eb196f09:record_1297""]",1
current_group_397333d8fa6659d0d0ca,org_4a3868424c0ea7ea,ind_b9ac01e7b2f6c080,2026/27,needs_review,"[""file_fd960952b94a17c6133039e5515cdb29b133b2905b36909786e69941eb196f09:record_1303""]",1
current_group_75c8a01e6fc7491a2373,org_4a3868424c0ea7ea,ind_bd74c257c40cc41c,2026/27,needs_review,"[""file_fd960952b94a17c6133039e5515cdb29b133b2905b36909786e69941eb196f09:record_1302""]",1
current_group_bcba19b0eec902e2c32b,org_4a3868424c0ea7ea,ind_e7cd9b5804f1c518,2026/27,included,"[""file_fd960952b94a17c6133039e5515cdb29b133b2905b36909786e69941eb196f09:record_1300""]",1
current_group_a2b788621dd365b41b75,org_4a3868424c0ea7ea,ind_ee70b593aad3e4f6,2026/27,included,"[""file_fd960952b94a17c6133039e5515cdb29b133b2905b36909786e69941eb196f09:record_1298""]",1
current_group_bacd2f78d88860311774,org_4cfafec1b3a16ee5,ind_06590f50f65eac7e,2026/27,included,"[""file_fd960952b94a17c6133039e5515cdb29b133b2905b36909786e69941eb196f09:record_219"",""file_fd960952b94a17c6133039e5515cdb29b133b2905b36909786e69941eb196f09:record_220"",""file_fd960952b94a17c6133039e5515cdb29b133b2905b36909786e69941eb196f09:record_221"",""file_fd960952b94a17c6133039e5515cdb29b133b2905b36909786e69941eb196f09:record_222""]",3
current_group_02b91dda38fcf9284661,org_4cfafec1b3a16ee5,ind_2aa48441e2b4f9aa,2026/27,needs_review,"[""file_fd960952b94a17c6133039e5515cdb29b133b2905b36909786e69941eb196f09:record_237"",""file_fd960952b94a17c6133039e5515cdb29b133b2905b36909786e69941eb196f09:record_238"",""file_fd960952b94a17c6133039e5515cdb29b133b2905b36909786e69941eb196f09:record_239""]",3
current_group_19f5098546e030f29996,org_4cfafec1b3a16ee5,ind_5b2e1352e31909e8,2026/27,included,"[""file_fd960952b94a17c6133039e5515cdb29b133b2905b36909786e69941eb196f09:record_230"",""file_fd960952b94a17c6133039e5515cdb29b133b2905b36909786e69941eb196f09:record_231"",""file_fd960952b94a17c6133039e5515cdb29b133b2905b36909786e69941eb196f09:record_232"",""file_fd960952b94a17c6133039e5515cdb29b133b2905b36909786e69941eb196f09:record_233""]",3
current_group_a8f6f0e20bb6cfe7420c,org_4cfafec1b3a16ee5,ind_67ee717abbe20a1b,2026/27,excluded,"[""file_fd960952b94a17c6133039e5515cdb29b133b2905b36909786e69941eb196f09:record_216"",""file_fd960952b94a17c6133039e5515cdb29b133b2905b36909786e69941eb196f09:record_217"",""file_fd960952b94a17c6133039e5515cdb29b133b2905b36909786e69941eb196f09:record_218""]",3
current_group_f05f4d0197669e47115f,org_4cfafec1b3a16ee5,ind_c44bb682a27f673f,2026/27,needs_review,"[""file_fd960952b94a17c6133039e5515cdb29b133b2905b36909786e69941eb196f09:record_234"",""file_fd960952b94a17c6133039e5515cdb29b133b2905b36909786e69941eb196f09:record_235"",""file_fd960952b94a17c6133039e5515cdb29b133b2905b36909786e69941eb196f09:record_236""]",3
current_group_a78aecd8a7d4a5348ecd,org_4cfafec1b3a16ee5,ind_e666bcb709405e0f,2026/27,included,"[""file_fd960952b94a17c6133039e5515cdb29b133b2905b36909786e69941eb196f09:record_223"",""file_fd960952b94a17c6133039e5515cdb29b133b2905b36909786e69941eb196f09:record_224"",""file_fd960952b94a17c6133039e5515cdb29b133b2905b36909786e69941eb196f09:record_225""]",3
current_group_86c6f4b9743868094c76,org_4cfafec1b3a16ee5,ind_e7cd9b5804f1c518,2026/27,included,"[""file_fd960952b94a17c6133039e5515cdb29b133b2905b36909786e69941eb196f09:record_226"",""file_fd960952b94a17c6133039e5515cdb29b133b2905b36909786e69941eb196f09:record_227"",""file_fd960952b94a17c6133039e5515cdb29b133b2905b36909786e69941eb196f09:record_228"",""file_fd960952b94a17c6133039e5515cdb29b133b2905b36909786e69941eb196f09:record_229""]",4
current_group_0e377a2ec5057841eb93,org_4d284ff566134ecb,ind_1b2933b5b550a700,2026/27,needs_review,"[""file_fd960952b94a17c6133039e5515cdb29b133b2905b36909786e69941eb196f09:record_1616""]",1
current_group_41f3ce9cc67c2b05e2e8,org_4d284ff566134ecb,ind_34067632b5001624,2026/27,needs_review,"[""file_fd960952b94a17c6133039e5515cdb29b133b2905b36909786e69941eb196f09:record_1613""]",1
current_group_3e7ee87c9137bdc64f8d,org_4d284ff566134ecb,ind_bfbdc088c953ce1a,2026/27,needs_review,"[""file_fd960952b94a17c6133039e5515cdb29b133b2905b36909786e69941eb196f09:record_1617""]",1
current_group_f7dc2d9af85b2de382f9,org_4d284ff566134ecb,ind_fda9bd4688dcd829,2026/27,needs_review,"[""file_fd960952b94a17c6133039e5515cdb29b133b2905b36909786e69941eb196f09:record_1614"",""file_fd960952b94a17c6133039e5515cdb29b133b2905b36909786e69941eb196f09:record_1615""]",1
current_group_6b58e98051d5b42a1c6c,org_4d6f1f5a8005dbc5,ind_28e759ab1872d857,2026/27,needs_review,"[""file_fd960952b94a17c6133039e5515cdb29b133b2905b36909786e69941eb196f09:record_1779""]",1
current_group_86c4d27fe73b1dd26df9,org_4d6f1f5a8005dbc5,ind_3e46ac6dca5208d9,2026/27,needs_review,"[""file_fd960952b94a17c6133039e5515cdb29b133b2905b36909786e69941eb196f09:record_1775"",""file_fd960952b94a17c6133039e5515cdb29b133b2905b36909786e69941eb196f09:record_1776""]",2
current_group_95449e5f32f5232c1c81,org_4d6f1f5a8005dbc5,ind_5314e24f5f6e6912,2026/27,excluded,"[""file_fd960952b94a17c6133039e5515cdb29b133b2905b36909786e69941eb196f09:record_1760"",""file_fd960952b94a17c6133039e5515cdb29b133b2905b36909786e69941eb196f09:record_1761"",""file_fd960952b94a17c6133039e5515cdb29b133b2905b36909786e69941eb196f09:record_1762"",""file_fd960952b94a17c6133039e5515cdb29b133b2905b36909786e69941eb196f09:record_1763""]",4
current_group_80b5115e6d13e944459d,org_4d6f1f5a8005dbc5,ind_7bfa8da796d21230,2026/27,needs_review,"[""file_fd960952b94a17c6133039e5515cdb29b133b2905b36909786e69941eb196f09:record_1773"",""file_fd960952b94a17c6133039e5515cdb29b133b2905b36909786e69941eb196f09:record_1774""]",2
current_group_35d7c5868ad27a3ab47b,org_4d6f1f5a8005dbc5,ind_7ebd4762b8a6c688,2026/27,included,"[""file_fd960952b94a17c6133039e5515cdb29b133b2905b36909786e69941eb196f09:record_1767"",""file_fd960952b94a17c6133039e5515cdb29b133b2905b36909786e69941eb196f09:record_1768"",""file_fd960952b94a17c6133039e5515cdb29b133b2905b36909786e69941eb196f09:record_1769""]",3
current_group_a1c098d8582bbf9b12ba,org_4d6f1f5a8005dbc5,ind_d77211a0b132c00b,2026/27,needs_review,"[""file_fd960952b94a17c6133039e5515cdb29b133b2905b36909786e69941eb196f09:record_1780"",""file_fd960952b94a17c6133039e5515cdb29b133b2905b36909786e69941eb196f09:record_1781""]",2
current_group_e8322d3f591260ed8cfc,org_4d6f1f5a8005dbc5,ind_d81b95737e9f6975,2026/27,needs_review,"[""file_fd960952b94a17c6133039e5515cdb29b133b2905b36909786e69941eb196f09:record_1777"",""file_fd960952b94a17c6133039e5515cdb29b133b2905b36909786e69941eb196f09:record_1778""]",2
current_group_88787e68fb5db088ddaa,org_4d6f1f5a8005dbc5,ind_e63d71cca8e6064b,2026/27,needs_review,"[""file_fd960952b94a17c6133039e5515cdb29b133b2905b36909786e69941eb196f09:record_1782""]",1
current_group_90fdeb453d3261b3ceaf,org_4d6f1f5a8005dbc5,ind_e666bcb709405e0f,2026/27,included,"[""file_fd960952b94a17c6133039e5515cdb29b133b2905b36909786e69941eb196f09:record_1764"",""file_fd960952b94a17c6133039e5515cdb29b133b2905b36909786e69941eb196f09:record_1765"",""file_fd960952b94a17c6133039e5515cdb29b133b2905b36909786e69941eb196f09:record_1766""]",3
current_group_de019049614293d0123b,org_4d6f1f5a8005dbc5,ind_e7cd9b5804f1c518,2026/27,included,"[""file_fd960952b94a17c6133039e5515cdb29b133b2905b36909786e69941eb196f09:record_1770"",""file_fd960952b94a17c6133039e5515cdb29b133b2905b36909786e69941eb196f09:record_1771"",""file_fd960952b94a17c6133039e5515cdb29b133b2905b36909786e69941eb196f09:record_1772""]",3
current_group_57713050fe03a70a31e2,org_4de606951725f2cf,ind_195decc5f51a7875,2026/27,needs_review,"[""file_fd960952b94a17c6133039e5515cdb29b133b2905b36909786e69941eb196f09:record_1651"",""file_fd960952b94a17c6133039e5515cdb29b133b2905b36909786e69941eb196f09:record_1652"",""file_fd960952b94a17c6133039e5515cdb29b133b2905b36909786e69941eb196f09:record_1653""]",3
current_group_21fd510404623c77e15b,org_4de606951725f2cf,ind_311e7e6e0b945930,2026/27,needs_review,"[""file_fd960952b94a17c6133039e5515cdb29b133b2905b36909786e69941eb196f09:record_1663"",""file_fd960952b94a17c6133039e5515cdb29b133b2905b36909786e69941eb196f09:record_1664"",""file_fd960952b94a17c6133039e5515cdb29b133b2905b36909786e69941eb196f09:record_1665"",""file_fd960952b94a17c6133039e5515cdb29b133b2905b36909786e69941eb196f09:record_1666"",""file_fd960952b94a17c6133039e5515cdb29b133b2905b36909786e69941eb196f09:record_1667""]",5
current_group_61a6f55de977272234d5,org_4de606951725f2cf,ind_6dd0f23919f1a436,2026/27,needs_review,"[""file_fd960952b94a17c6133039e5515cdb29b133b2905b36909786e69941eb196f09:record_1656"",""file_fd960952b94a17c6133039e5515cdb29b133b2905b36909786e69941eb196f09:record_1657"",""file_fd960952b94a17c6133039e5515cdb29b133b2905b36909786e69941eb196f09:record_1658"",""file_fd960952b94a17c6133039e5515cdb29b133b2905b36909786e69941eb196f09:record_1659""]",4
current_group_204f5b826747830a55c9,org_4de606951725f2cf,ind_826b49f43fefd81a,2026/27,needs_review,"[""file_fd960952b94a17c6133039e5515cdb29b133b2905b36909786e69941eb196f09:record_1668"",""file_fd960952b94a17c6133039e5515cdb29b133b2905b36909786e69941eb196f09:record_1669""]",2
current_group_3f7aa27029438523ba58,org_4de606951725f2cf,ind_a14dbc9d8a1d6fb2,2026/27,needs_review,"[""file_fd960952b94a17c6133039e5515cdb29b133b2905b36909786e69941eb196f09:record_1648"",""file_fd960952b94a17c6133039e5515cdb29b133b2905b36909786e69941eb196f09:record_1649"",""file_fd960952b94a17c6133039e5515cdb29b133b2905b36909786e69941eb196f09:record_1650""]",3
current_group_c0163e6eb8408af6459b,org_4de606951725f2cf,ind_a7aac3e3c47e6ba7,2026/27,needs_review,"[""file_fd960952b94a17c6133039e5515cdb29b133b2905b36909786e69941eb196f09:record_1660"",""file_fd960952b94a17c6133039e5515cdb29b133b2905b36909786e69941eb196f09:record_1661"",""file_fd960952b94a17c6133039e5515cdb29b133b2905b36909786e69941eb196f09:record_1662""]",3
current_group_901df4d86cf289bfea28,org_4de606951725f2cf,ind_e33d31b5792710c6,2026/27,needs_review,"[""file_fd960952b94a17c6133039e5515cdb29b133b2905b36909786e69941eb196f09:record_1654"",""file_fd960952b94a17c6133039e5515cdb29b133b2905b36909786e69941eb196f09:record_1655""]",2
current_group_cfad372d7a4c1064c4e5,org_4de606951725f2cf,ind_ec6f3af32bd9bb36,2026/27,needs_review,"[""file_fd960952b94a17c6133039e5515cdb29b133b2905b36909786e69941eb196f09:record_1644"",""file_fd960952b94a17c6133039e5515cdb29b133b2905b36909786e69941eb196f09:record_1645"",""file_fd960952b94a17c6133039e5515cdb29b133b2905b36909786e69941eb196f09:record_1646"",""file_fd960952b94a17c6133039e5515cdb29b133b2905b36909786e69941eb196f09:record_1647""]",4
current_group_75cb312c3041436d1eb8,org_4ed5875b842f3faa,ind_5b2e1352e31909e8,2026/27,included,"[""file_fd960952b94a17c6133039e5515cdb29b133b2905b36909786e69941eb196f09:record_1517""]",1
current_group_4585c56ab34e2a2ea33c,org_4ed5875b842f3faa,ind_5f825eeb1a0d8279,2026/27,needs_review,"[""file_fd960952b94a17c6133039e5515cdb29b133b2905b36909786e69941eb196f09:record_1519""]",1
current_group_6d6bd4b3dae9f8b253d4,org_4ed5875b842f3faa,ind_67ee717abbe20a1b,2026/27,excluded,"[""file_fd960952b94a17c6133039e5515cdb29b133b2905b36909786e69941eb196f09:record_1513""]",1
current_group_873bb84262f851bfcf64,org_4ed5875b842f3faa,ind_a8f6cca5fe8befdf,2026/27,excluded,"[""file_fd960952b94a17c6133039e5515cdb29b133b2905b36909786e69941eb196f09:record_1515""]",1
current_group_6eeceea5ef4ead212e1d,org_4ed5875b842f3faa,ind_daf2d51c7fb7c194,2026/27,needs_review,"[""file_fd960952b94a17c6133039e5515cdb29b133b2905b36909786e69941eb196f09:record_1518""]",1
current_group_55298e13e6d9f7506322,org_4ed5875b842f3faa,ind_e7cd9b5804f1c518,2026/27,included,"[""file_fd960952b94a17c6133039e5515cdb29b133b2905b36909786e69941eb196f09:record_1516""]",1
current_group_9966bc8c00a55fdd26d4,org_4ed5875b842f3faa,ind_ee70b593aad3e4f6,2026/27,included,"[""file_fd960952b94a17c6133039e5515cdb29b133b2905b36909786e69941eb196f09:record_1514""]",1
current_group_5a2f3b4596598ac662e7,org_4fdc5d1037df9eeb,ind_0646035afd9bba7c,2026/27,excluded,"[""file_fd960952b94a17c6133039e5515cdb29b133b2905b36909786e69941eb196f09:record_79"",""file_fd960952b94a17c6133039e5515cdb29b133b2905b36909786e69941eb196f09:record_80""]",2
current_group_0f590010379633145432,org_4fdc5d1037df9eeb,ind_41651b96caaaa18a,2026/27,needs_review,"[""file_fd960952b94a17c6133039e5515cdb29b133b2905b36909786e69941eb196f09:record_83""]",1
current_group_94a68065b43c1da22d15,org_4fdc5d1037df9eeb,ind_ab76021cc88bcdb7,2026/27,needs_review,"[""file_fd960952b94a17c6133039e5515cdb29b133b2905b36909786e69941eb196f09:record_81""]",1
current_group_8569df32f52adab411d5,org_4fdc5d1037df9eeb,ind_f5444606ea125c73,2026/27,needs_review,"[""file_fd960952b94a17c6133039e5515cdb29b133b2905b36909786e69941eb196f09:record_82""]",1
current_group_7d51aa3a6778529357fd,org_518afa432e1df63b,ind_5b2e1352e31909e8,2026/27,included,"[""file_fd960952b94a17c6133039e5515cdb29b133b2905b36909786e69941eb196f09:record_786""]",1
current_group_c0392945419d3b96e831,org_518afa432e1df63b,ind_7ebd4762b8a6c688,2026/27,included,"[""file_fd960952b94a17c6133039e5515cdb29b133b2905b36909786e69941eb196f09:record_783"",""file_fd960952b94a17c6133039e5515cdb29b133b2905b36909786e69941eb196f09:record_784""]",2
current_group_7a281fd7b9c5d6c8516c,org_518afa432e1df63b,ind_e666bcb709405e0f,2026/27,included,"[""file_fd960952b94a17c6133039e5515cdb29b133b2905b36909786e69941eb196f09:record_782""]",1
current_group_391c0a900f0c9f946117,org_518afa432e1df63b,ind_e7cd9b5804f1c518,2026/27,included,"[""file_fd960952b94a17c6133039e5515cdb29b133b2905b36909786e69941eb196f09:record_785""]",1
current_group_0eff0e740b2e6fe44d05,org_518afa432e1df63b,ind_ee70b593aad3e4f6,2026/27,included,"[""file_fd960952b94a17c6133039e5515cdb29b133b2905b36909786e69941eb196f09:record_781""]",1
current_group_0314ca643e5d9713c0bf,org_560e1c879e01383f,ind_051ff1e9cedd2ffb,2026/27,needs_review,"[""file_fd960952b94a17c6133039e5515cdb29b133b2905b36909786e69941eb196f09:record_76""]",1
current_group_11a4ac2c7731a0b6fa3c,org_560e1c879e01383f,ind_260cded347dbb0a2,2026/27,needs_review,"[""file_fd960952b94a17c6133039e5515cdb29b133b2905b36909786e69941eb196f09:record_78""]",1
current_group_9df86ae78f8d292bb591,org_560e1c879e01383f,ind_5314e24f5f6e6912,2026/27,excluded,"[""file_fd960952b94a17c6133039e5515cdb29b133b2905b36909786e69941eb196f09:record_74""]",1
current_group_17dd5b8ae3b50778957f,org_560e1c879e01383f,ind_87de9dc570a77b7b,2026/27,needs_review,"[""file_fd960952b94a17c6133039e5515cdb29b133b2905b36909786e69941eb196f09:record_75""]",1
current_group_41c5b90bd3d2368bebe1,org_560e1c879e01383f,ind_a8f6cca5fe8befdf,2026/27,excluded,"[""file_fd960952b94a17c6133039e5515cdb29b133b2905b36909786e69941eb196f09:record_73""]",1
current_group_4d4bc3c4522d05446bdf,org_560e1c879e01383f,ind_faf273128390820c,2026/27,needs_review,"[""file_fd960952b94a17c6133039e5515cdb29b133b2905b36909786e69941eb196f09:record_77""]",1
current_group_d368e1b8562bf3855ca9,org_5817162f8fc6018f,ind_06590f50f65eac7e,2026/27,included,"[""file_fd960952b94a17c6133039e5515cdb29b133b2905b36909786e69941eb196f09:record_351"",""file_fd960952b94a17c6133039e5515cdb29b133b2905b36909786e69941eb196f09:record_352""]",2
current_group_277d48aa58f01fef4f39,org_5817162f8fc6018f,ind_37478f8fb5db2bb6,2026/27,excluded,"[""file_fd960952b94a17c6133039e5515cdb29b133b2905b36909786e69941eb196f09:record_353""]",1
current_group_08dc2d46d2e7754f83a6,org_5817162f8fc6018f,ind_8e321fbe0fce65a6,2026/27,needs_review,"[""file_fd960952b94a17c6133039e5515cdb29b133b2905b36909786e69941eb196f09:record_355""]",1
current_group_664d2d2064f6d551e0af,org_5817162f8fc6018f,ind_ceaea60c263ae415,2026/27,needs_review,"[""file_fd960952b94a17c6133039e5515cdb29b133b2905b36909786e69941eb196f09:record_354""]",1
current_group_ac646af7aa44fe2129a0,org_584e957624d8de40,ind_386d050bd75a6a2b,2026/27,needs_review,"[""file_fd960952b94a17c6133039e5515cdb29b133b2905b36909786e69941eb196f09:record_1192""]",1
current_group_22f9c00fd5a7f79f16ba,org_584e957624d8de40,ind_5314e24f5f6e6912,2026/27,excluded,"[""file_fd960952b94a17c6133039e5515cdb29b133b2905b36909786e69941eb196f09:record_1188""]",1
current_group_8d064b950593b4dba68b,org_584e957624d8de40,ind_68d53598b68d6982,2026/27,needs_review,"[""file_fd960952b94a17c6133039e5515cdb29b133b2905b36909786e69941eb196f09:record_1193"",""file_fd960952b94a17c6133039e5515cdb29b133b2905b36909786e69941eb196f09:record_1194""]",2
current_group_6702ca9591a7a37bbfa5,org_584e957624d8de40,ind_8c5fd42739f90d9c,2026/27,needs_review,"[""file_fd960952b94a17c6133039e5515cdb29b133b2905b36909786e69941eb196f09:record_1190"",""file_fd960952b94a17c6133039e5515cdb29b133b2905b36909786e69941eb196f09:record_1191""]",1
current_group_379fe9e71b036e8e42d0,org_584e957624d8de40,ind_968392df9dd800c5,2026/27,needs_review,"[""file_fd960952b94a17c6133039e5515cdb29b133b2905b36909786e69941eb196f09:record_1189""]",1
current_group_59b5ad499dd3e57e4108,org_58dc52d947049799,ind_164df8731a839af4,2026/27,needs_review,"[""file_fd960952b94a17c6133039e5515cdb29b133b2905b36909786e69941eb196f09:record_1604""]",1
current_group_d7180c6e8aeb9bdc01de,org_58dc52d947049799,ind_48b3c72b0cae6479,2026/27,needs_review,"[""file_fd960952b94a17c6133039e5515cdb29b133b2905b36909786e69941eb196f09:record_1602"",""file_fd960952b94a17c6133039e5515cdb29b133b2905b36909786e69941eb196f09:record_1603""]",2
current_group_16817dfddee854f0adff,org_58dc52d947049799,ind_49338342ed5ac513,2026/27,needs_review,"[""file_fd960952b94a17c6133039e5515cdb29b133b2905b36909786e69941eb196f09:record_1608"",""file_fd960952b94a17c6133039e5515cdb29b133b2905b36909786e69941eb196f09:record_1609""]",2
current_group_7920095812269b502e76,org_58dc52d947049799,ind_5834c2c324cbb705,2026/27,needs_review,"[""file_fd960952b94a17c6133039e5515cdb29b133b2905b36909786e69941eb196f09:record_1605"",""file_fd960952b94a17c6133039e5515cdb29b133b2905b36909786e69941eb196f09:record_1606"",""file_fd960952b94a17c6133039e5515cdb29b133b2905b36909786e69941eb196f09:record_1607""]",3
current_group_a920055f9005e660a0da,org_58dc52d947049799,ind_72818f9ac34145b6,2026/27,needs_review,"[""file_fd960952b94a17c6133039e5515cdb29b133b2905b36909786e69941eb196f09:record_1600"",""file_fd960952b94a17c6133039e5515cdb29b133b2905b36909786e69941eb196f09:record_1601""]",2
current_group_7ca15974b23d7fbf2eba,org_58dc52d947049799,ind_7de58ef4672d660c,2026/27,needs_review,"[""file_fd960952b94a17c6133039e5515cdb29b133b2905b36909786e69941eb196f09:record_1611"",""file_fd960952b94a17c6133039e5515cdb29b133b2905b36909786e69941eb196f09:record_1612""]",2
current_group_804dc14011b01871dbfb,org_58dc52d947049799,ind_cd21d815ab43637a,2026/27,needs_review,"[""file_fd960952b94a17c6133039e5515cdb29b133b2905b36909786e69941eb196f09:record_1610""]",1
current_group_caae0b16ad158692225d,org_58dc52d947049799,ind_eeb2ac8d4f6dad3c,2026/27,needs_review,"[""file_fd960952b94a17c6133039e5515cdb29b133b2905b36909786e69941eb196f09:record_1598"",""file_fd960952b94a17c6133039e5515cdb29b133b2905b36909786e69941eb196f09:record_1599""]",2
current_group_db8699a233267dc3fff7,org_5afc81cfbd5b073a,ind_5314e24f5f6e6912,2026/27,excluded,"[""file_fd960952b94a17c6133039e5515cdb29b133b2905b36909786e69941eb196f09:record_866"",""file_fd960952b94a17c6133039e5515cdb29b133b2905b36909786e69941eb196f09:record_867"",""file_fd960952b94a17c6133039e5515cdb29b133b2905b36909786e69941eb196f09:record_868"",""file_fd960952b94a17c6133039e5515cdb29b133b2905b36909786e69941eb196f09:record_869""]",4
current_group_c3bda7549145f65fd583,org_5afc81cfbd5b073a,ind_67ee717abbe20a1b,2026/27,excluded,"[""file_fd960952b94a17c6133039e5515cdb29b133b2905b36909786e69941eb196f09:record_855"",""file_fd960952b94a17c6133039e5515cdb29b133b2905b36909786e69941eb196f09:record_856"",""file_fd960952b94a17c6133039e5515cdb29b133b2905b36909786e69941eb196f09:record_857"",""file_fd960952b94a17c6133039e5515cdb29b133b2905b36909786e69941eb196f09:record_858""]",4
current_group_cacb70d5b6a4cf0cd89c,org_5afc81cfbd5b073a,ind_a8f6cca5fe8befdf,2026/27,excluded,"[""file_fd960952b94a17c6133039e5515cdb29b133b2905b36909786e69941eb196f09:record_862"",""file_fd960952b94a17c6133039e5515cdb29b133b2905b36909786e69941eb196f09:record_863"",""file_fd960952b94a17c6133039e5515cdb29b133b2905b36909786e69941eb196f09:record_864"",""file_fd960952b94a17c6133039e5515cdb29b133b2905b36909786e69941eb196f09:record_865""]",4
current_group_d3e5f9345c654abfe07a,org_5afc81cfbd5b073a,ind_ee70b593aad3e4f6,2026/27,included,"[""file_fd960952b94a17c6133039e5515cdb29b133b2905b36909786e69941eb196f09:record_859"",""file_fd960952b94a17c6133039e5515cdb29b133b2905b36909786e69941eb196f09:record_860"",""file_fd960952b94a17c6133039e5515cdb29b133b2905b36909786e69941eb196f09:record_861""]",3
current_group_9b7371fdcde3d0b63919,org_61440801564ac771,ind_2b72414121e575d3,2026/27,needs_review,"[""file_fd960952b94a17c6133039e5515cdb29b133b2905b36909786e69941eb196f09:record_1207"",""file_fd960952b94a17c6133039e5515cdb29b133b2905b36909786e69941eb196f09:record_1208""]",2
current_group_7a8fa89d9cc21b22f028,org_61440801564ac771,ind_473aaf23371e562b,2026/27,needs_review,"[""file_fd960952b94a17c6133039e5515cdb29b133b2905b36909786e69941eb196f09:record_1214"",""file_fd960952b94a17c6133039e5515cdb29b133b2905b36909786e69941eb196f09:record_1215"",""file_fd960952b94a17c6133039e5515cdb29b133b2905b36909786e69941eb196f09:record_1216""]",3
current_group_5e7236971d3838b53170,org_61440801564ac771,ind_5314e24f5f6e6912,2026/27,excluded,"[""file_fd960952b94a17c6133039e5515cdb29b133b2905b36909786e69941eb196f09:record_1212"",""file_fd960952b94a17c6133039e5515cdb29b133b2905b36909786e69941eb196f09:record_1213""]",2
current_group_cd65b9a9b23c0ebb3114,org_61440801564ac771,ind_5fa29fa553f60956,2026/27,needs_review,"[""file_fd960952b94a17c6133039e5515cdb29b133b2905b36909786e69941eb196f09:record_1217""]",1
current_group_bab86b43a2b4079ef23a,org_61440801564ac771,ind_67ee717abbe20a1b,2026/27,excluded,"[""file_fd960952b94a17c6133039e5515cdb29b133b2905b36909786e69941eb196f09:record_1209"",""file_fd960952b94a17c6133039e5515cdb29b133b2905b36909786e69941eb196f09:record_1210"",""file_fd960952b94a17c6133039e5515cdb29b133b2905b36909786e69941eb196f09:record_1211""]",3
current_group_bb7feff2b8cb2911edbe,org_640ae797d08451b6,ind_e80449aa79ca7d1a,2026/27,needs_review,"[""file_fd960952b94a17c6133039e5515cdb29b133b2905b36909786e69941eb196f09:record_580""]",1
current_group_dd9d99cf10fed96062ec,org_6450c9c921968c16,ind_0646035afd9bba7c,2026/27,excluded,"[""file_fd960952b94a17c6133039e5515cdb29b133b2905b36909786e69941eb196f09:record_666""]",1
current_group_935a6b51a6963bb23ea9,org_6450c9c921968c16,ind_06590f50f65eac7e,2026/27,included,"[""file_fd960952b94a17c6133039e5515cdb29b133b2905b36909786e69941eb196f09:record_671""]",1
current_group_02c702aec3734837cb44,org_6450c9c921968c16,ind_67ee717abbe20a1b,2026/27,excluded,"[""file_fd960952b94a17c6133039e5515cdb29b133b2905b36909786e69941eb196f09:record_667"",""file_fd960952b94a17c6133039e5515cdb29b133b2905b36909786e69941eb196f09:record_668""]",2
current_group_ee54be9e3049102607e9,org_6450c9c921968c16,ind_e7cd9b5804f1c518,2026/27,included,"[""file_fd960952b94a17c6133039e5515cdb29b133b2905b36909786e69941eb196f09:record_672""]",1
current_group_747b48f838d1f1e46865,org_6450c9c921968c16,ind_ef4a9573ead4ee92,2026/27,included,"[""file_fd960952b94a17c6133039e5515cdb29b133b2905b36909786e69941eb196f09:record_669"",""file_fd960952b94a17c6133039e5515cdb29b133b2905b36909786e69941eb196f09:record_670""]",1
current_group_66c11faf0edffd25edd0,org_67a7ed6a42947362,ind_27ec0dcb4f9e7b06,2026/27,needs_review,"[""file_fd960952b94a17c6133039e5515cdb29b133b2905b36909786e69941eb196f09:record_1441"",""file_fd960952b94a17c6133039e5515cdb29b133b2905b36909786e69941eb196f09:record_1442"",""file_fd960952b94a17c6133039e5515cdb29b133b2905b36909786e69941eb196f09:record_1443""]",3
current_group_4c3dd6aa3c91595a7d28,org_67a7ed6a42947362,ind_37478f8fb5db2bb6,2026/27,excluded,"[""file_fd960952b94a17c6133039e5515cdb29b133b2905b36909786e69941eb196f09:record_1428"",""file_fd960952b94a17c6133039e5515cdb29b133b2905b36909786e69941eb196f09:record_1429"",""file_fd960952b94a17c6133039e5515cdb29b133b2905b36909786e69941eb196f09:record_1430"",""file_fd960952b94a17c6133039e5515cdb29b133b2905b36909786e69941eb196f09:record_1431""]",4
current_group_be1de230007e849263d3,org_67a7ed6a42947362,ind_64ff1cba6ce55385,2026/27,needs_review,"[""file_fd960952b94a17c6133039e5515cdb29b133b2905b36909786e69941eb196f09:record_1439"",""file_fd960952b94a17c6133039e5515cdb29b133b2905b36909786e69941eb196f09:record_1440""]",2
current_group_2c008975e8c992d91756,org_67a7ed6a42947362,ind_67ee717abbe20a1b,2026/27,excluded,"[""file_fd960952b94a17c6133039e5515cdb29b133b2905b36909786e69941eb196f09:record_1422"",""file_fd960952b94a17c6133039e5515cdb29b133b2905b36909786e69941eb196f09:record_1423""]",2
current_group_779b75c8431b1236c180,org_67a7ed6a42947362,ind_82660a402a02c63b,2026/27,needs_review,"[""file_fd960952b94a17c6133039e5515cdb29b133b2905b36909786e69941eb196f09:record_1436"",""file_fd960952b94a17c6133039e5515cdb29b133b2905b36909786e69941eb196f09:record_1437"",""file_fd960952b94a17c6133039e5515cdb29b133b2905b36909786e69941eb196f09:record_1438""]",3
current_group_b164f75fe157ac93d496,org_67a7ed6a42947362,ind_e7cd9b5804f1c518,2026/27,included,"[""file_fd960952b94a17c6133039e5515cdb29b133b2905b36909786e69941eb196f09:record_1432"",""file_fd960952b94a17c6133039e5515cdb29b133b2905b36909786e69941eb196f09:record_1433"",""file_fd960952b94a17c6133039e5515cdb29b133b2905b36909786e69941eb196f09:record_1434"",""file_fd960952b94a17c6133039e5515cdb29b133b2905b36909786e69941eb196f09:record_1435""]",4
current_group_eb1c2c6106b7eb7f290e,org_67a7ed6a42947362,ind_ef4a9573ead4ee92,2026/27,included,"[""file_fd960952b94a17c6133039e5515cdb29b133b2905b36909786e69941eb196f09:record_1424"",""file_fd960952b94a17c6133039e5515cdb29b133b2905b36909786e69941eb196f09:record_1425"",""file_fd960952b94a17c6133039e5515cdb29b133b2905b36909786e69941eb196f09:record_1426"",""file_fd960952b94a17c6133039e5515cdb29b133b2905b36909786e69941eb196f09:record_1427""]",4
current_group_e8dc69590faaffa14e59,org_6973979025247640,ind_29493b8d5862943c,2026/27,needs_review,"[""file_fd960952b94a17c6133039e5515cdb29b133b2905b36909786e69941eb196f09:record_820"",""file_fd960952b94a17c6133039e5515cdb29b133b2905b36909786e69941eb196f09:record_821"",""file_fd960952b94a17c6133039e5515cdb29b133b2905b36909786e69941eb196f09:record_822""]",3
current_group_2c0f00cabcdf98e98ab1,org_6973979025247640,ind_2ea0cf9ef97dec23,2026/27,needs_review,"[""file_fd960952b94a17c6133039e5515cdb29b133b2905b36909786e69941eb196f09:record_823"",""file_fd960952b94a17c6133039e5515cdb29b133b2905b36909786e69941eb196f09:record_824"",""file_fd960952b94a17c6133039e5515cdb29b133b2905b36909786e69941eb196f09:record_825""]",3
current_group_5d5b3be210ec39a46d00,org_6973979025247640,ind_44b30ad492e68ed9,2026/27,needs_review,"[""file_fd960952b94a17c6133039e5515cdb29b133b2905b36909786e69941eb196f09:record_830"",""file_fd960952b94a17c6133039e5515cdb29b133b2905b36909786e69941eb196f09:record_831"",""file_fd960952b94a17c6133039e5515cdb29b133b2905b36909786e69941eb196f09:record_832"",""file_fd960952b94a17c6133039e5515cdb29b133b2905b36909786e69941eb196f09:record_833""]",4
current_group_3a6b1cb6c49f9754e119,org_6973979025247640,ind_5326632e9eac9167,2026/27,needs_review,"[""file_fd960952b94a17c6133039e5515cdb29b133b2905b36909786e69941eb196f09:record_834"",""file_fd960952b94a17c6133039e5515cdb29b133b2905b36909786e69941eb196f09:record_835"",""file_fd960952b94a17c6133039e5515cdb29b133b2905b36909786e69941eb196f09:record_836"",""file_fd960952b94a17c6133039e5515cdb29b133b2905b36909786e69941eb196f09:record_837""]",4
current_group_54abcfa122d1751cba28,org_6973979025247640,ind_5d63f00f8a940420,2026/27,needs_review,"[""file_fd960952b94a17c6133039e5515cdb29b133b2905b36909786e69941eb196f09:record_826"",""file_fd960952b94a17c6133039e5515cdb29b133b2905b36909786e69941eb196f09:record_827"",""file_fd960952b94a17c6133039e5515cdb29b133b2905b36909786e69941eb196f09:record_828"",""file_fd960952b94a17c6133039e5515cdb29b133b2905b36909786e69941eb196f09:record_829""]",4
current_group_a77e69deea210f44a215,org_6cda4d4e0d667f32,ind_37478f8fb5db2bb6,2026/27,excluded,"[""file_fd960952b94a17c6133039e5515cdb29b133b2905b36909786e69941eb196f09:record_676""]",1
current_group_da97a7ad9f74e42ebe67,org_6cda4d4e0d667f32,ind_5314e24f5f6e6912,2026/27,excluded,"[""file_fd960952b94a17c6133039e5515cdb29b133b2905b36909786e69941eb196f09:record_673""]",1
current_group_34291285525780c811e9,org_6cda4d4e0d667f32,ind_67ee717abbe20a1b,2026/27,excluded,"[""file_fd960952b94a17c6133039e5515cdb29b133b2905b36909786e69941eb196f09:record_675""]",1
current_group_58188cdcad578ffe6c63,org_6cda4d4e0d667f32,ind_ea862cae48704448,2026/27,needs_review,"[""file_fd960952b94a17c6133039e5515cdb29b133b2905b36909786e69941eb196f09:record_674""]",1
current_group_6cb78e16c7949f9bcdc4,org_6f2e0dca3e673d9a,ind_7ebd4762b8a6c688,2026/27,included,"[""file_fd960952b94a17c6133039e5515cdb29b133b2905b36909786e69941eb196f09:record_1374"",""file_fd960952b94a17c6133039e5515cdb29b133b2905b36909786e69941eb196f09:record_1375"",""file_fd960952b94a17c6133039e5515cdb29b133b2905b36909786e69941eb196f09:record_1376"",""file_fd960952b94a17c6133039e5515cdb29b133b2905b36909786e69941eb196f09:record_1377"",""file_fd960952b94a17c6133039e5515cdb29b133b2905b36909786e69941eb196f09:record_1378"",""file_fd960952b94a17c6133039e5515cdb29b133b2905b36909786e69941eb196f09:record_1379"",""file_fd960952b94a17c6133039e5515cdb29b133b2905b36909786e69941eb196f09:record_1380"",""file_fd960952b94a17c6133039e5515cdb29b133b2905b36909786e69941eb196f09:record_1381""]",3
current_group_b805c13bfbf5d8ad484e,org_6f2e0dca3e673d9a,ind_b0b054ab1c6785bd,2026/27,needs_review,"[""file_fd960952b94a17c6133039e5515cdb29b133b2905b36909786e69941eb196f09:record_1384"",""file_fd960952b94a17c6133039e5515cdb29b133b2905b36909786e69941eb196f09:record_1385"",""file_fd960952b94a17c6133039e5515cdb29b133b2905b36909786e69941eb196f09:record_1386"",""file_fd960952b94a17c6133039e5515cdb29b133b2905b36909786e69941eb196f09:record_1387"",""file_fd960952b94a17c6133039e5515cdb29b133b2905b36909786e69941eb196f09:record_1388""]",5
current_group_bb4adcda925737aa0404,org_6f2e0dca3e673d9a,ind_e7cd9b5804f1c518,2026/27,included,"[""file_fd960952b94a17c6133039e5515cdb29b133b2905b36909786e69941eb196f09:record_1382"",""file_fd960952b94a17c6133039e5515cdb29b133b2905b36909786e69941eb196f09:record_1383""]",1
current_group_1190b656b941bb64807c,org_742011c9d3ebc2b8,ind_2c5bf14a3e9e8ea9,2026/27,needs_review,"[""file_fd960952b94a17c6133039e5515cdb29b133b2905b36909786e69941eb196f09:record_630"",""file_fd960952b94a17c6133039e5515cdb29b133b2905b36909786e69941eb196f09:record_631"",""file_fd960952b94a17c6133039e5515cdb29b133b2905b36909786e69941eb196f09:record_632""]",3
current_group_dad5344901172870612d,org_742011c9d3ebc2b8,ind_37478f8fb5db2bb6,2026/27,excluded,"[""file_fd960952b94a17c6133039e5515cdb29b133b2905b36909786e69941eb196f09:record_625"",""file_fd960952b94a17c6133039e5515cdb29b133b2905b36909786e69941eb196f09:record_626"",""file_fd960952b94a17c6133039e5515cdb29b133b2905b36909786e69941eb196f09:record_627""]",3
current_group_65a0e43f7957d90c9fae,org_742011c9d3ebc2b8,ind_a8f6cca5fe8befdf,2026/27,excluded,"[""file_fd960952b94a17c6133039e5515cdb29b133b2905b36909786e69941eb196f09:record_622"",""file_fd960952b94a17c6133039e5515cdb29b133b2905b36909786e69941eb196f09:record_623"",""file_fd960952b94a17c6133039e5515cdb29b133b2905b36909786e69941eb196f09:record_624""]",3
current_group_96be22bbd4fa9f838854,org_742011c9d3ebc2b8,ind_ac22aa1ba1b9993b,2026/27,needs_review,"[""file_fd960952b94a17c6133039e5515cdb29b133b2905b36909786e69941eb196f09:record_633"",""file_fd960952b94a17c6133039e5515cdb29b133b2905b36909786e69941eb196f09:record_634"",""file_fd960952b94a17c6133039e5515cdb29b133b2905b36909786e69941eb196f09:record_635""]",3
current_group_6a7166dd0ee65e0caf08,org_742011c9d3ebc2b8,ind_c2ff2b1872f9acce,2026/27,needs_review,"[""file_fd960952b94a17c6133039e5515cdb29b133b2905b36909786e69941eb196f09:record_619"",""file_fd960952b94a17c6133039e5515cdb29b133b2905b36909786e69941eb196f09:record_620"",""file_fd960952b94a17c6133039e5515cdb29b133b2905b36909786e69941eb196f09:record_621""]",3
current_group_420d10df2d0fc6ad40f1,org_742011c9d3ebc2b8,ind_e7cd9b5804f1c518,2026/27,included,"[""file_fd960952b94a17c6133039e5515cdb29b133b2905b36909786e69941eb196f09:record_628"",""file_fd960952b94a17c6133039e5515cdb29b133b2905b36909786e69941eb196f09:record_629""]",2
current_group_4d12f2a21958d98f6fec,org_742011c9d3ebc2b8,ind_ee70b593aad3e4f6,2026/27,included,"[""file_fd960952b94a17c6133039e5515cdb29b133b2905b36909786e69941eb196f09:record_613"",""file_fd960952b94a17c6133039e5515cdb29b133b2905b36909786e69941eb196f09:record_614"",""file_fd960952b94a17c6133039e5515cdb29b133b2905b36909786e69941eb196f09:record_615""]",3
current_group_6fe66eef924dd686c396,org_742011c9d3ebc2b8,ind_ef4a9573ead4ee92,2026/27,included,"[""file_fd960952b94a17c6133039e5515cdb29b133b2905b36909786e69941eb196f09:record_616"",""file_fd960952b94a17c6133039e5515cdb29b133b2905b36909786e69941eb196f09:record_617"",""file_fd960952b94a17c6133039e5515cdb29b133b2905b36909786e69941eb196f09:record_618""]",3
current_group_7d19e8e24285554a68bf,org_745a3756d1f32bf3,ind_349df9439a41936f,2026/27,needs_review,"[""file_fd960952b94a17c6133039e5515cdb29b133b2905b36909786e69941eb196f09:record_1324""]",1
current_group_570c1dd050345d0a3bc0,org_745a3756d1f32bf3,ind_5be5a05589d19152,2026/27,needs_review,"[""file_fd960952b94a17c6133039e5515cdb29b133b2905b36909786e69941eb196f09:record_1326""]",1
current_group_e2a69634c3e46f15d2dd,org_745a3756d1f32bf3,ind_66f40ae165c4c2eb,2026/27,needs_review,"[""file_fd960952b94a17c6133039e5515cdb29b133b2905b36909786e69941eb196f09:record_1325""]",1
current_group_d4715d0265202d3b25a4,org_745a3756d1f32bf3,ind_714529844e08204d,2026/27,needs_review,"[""file_fd960952b94a17c6133039e5515cdb29b133b2905b36909786e69941eb196f09:record_1323""]",1
current_group_2319d628a12cfdffaf2f,org_745a3756d1f32bf3,ind_72921b9d5516075e,2026/27,needs_review,"[""file_fd960952b94a17c6133039e5515cdb29b133b2905b36909786e69941eb196f09:record_1322""]",1
current_group_22e46bb301635ff19d8c,org_745a3756d1f32bf3,ind_c28653b45c3c11de,2026/27,needs_review,"[""file_fd960952b94a17c6133039e5515cdb29b133b2905b36909786e69941eb196f09:record_1321""]",1
current_group_2ecd1e86d3b77f0e7734,org_745a3756d1f32bf3,ind_d7477ddd5422ded1,2026/27,needs_review,"[""file_fd960952b94a17c6133039e5515cdb29b133b2905b36909786e69941eb196f09:record_1327""]",1
current_group_e4c204d5faaa85d85fb0,org_7572022c35854d28,ind_0646035afd9bba7c,2026/27,excluded,"[""file_fd960952b94a17c6133039e5515cdb29b133b2905b36909786e69941eb196f09:record_1328""]",1
current_group_e155928c2a8ce677efa8,org_7572022c35854d28,ind_5314e24f5f6e6912,2026/27,excluded,"[""file_fd960952b94a17c6133039e5515cdb29b133b2905b36909786e69941eb196f09:record_1331""]",1
current_group_4744cdf97e47a7085a9e,org_7572022c35854d28,ind_7ebd4762b8a6c688,2026/27,included,"[""file_fd960952b94a17c6133039e5515cdb29b133b2905b36909786e69941eb196f09:record_1333""]",1
current_group_3545a71591950dfebd38,org_7572022c35854d28,ind_e666bcb709405e0f,2026/27,included,"[""file_fd960952b94a17c6133039e5515cdb29b133b2905b36909786e69941eb196f09:record_1332""]",1
current_group_c277583d1088dd4f1752,org_7572022c35854d28,ind_e7cd9b5804f1c518,2026/27,included,"[""file_fd960952b94a17c6133039e5515cdb29b133b2905b36909786e69941eb196f09:record_1334"",""file_fd960952b94a17c6133039e5515cdb29b133b2905b36909786e69941eb196f09:record_1335""]",2
current_group_d42522a9c6205293504a,org_7572022c35854d28,ind_ee70b593aad3e4f6,2026/27,included,"[""file_fd960952b94a17c6133039e5515cdb29b133b2905b36909786e69941eb196f09:record_1329"",""file_fd960952b94a17c6133039e5515cdb29b133b2905b36909786e69941eb196f09:record_1330""]",2
current_group_2058c0ad5d00dfebd5db,org_76f35dcfe4fe3961,ind_0646035afd9bba7c,2026/27,excluded,"[""file_fd960952b94a17c6133039e5515cdb29b133b2905b36909786e69941eb196f09:record_1444"",""file_fd960952b94a17c6133039e5515cdb29b133b2905b36909786e69941eb196f09:record_1445"",""file_fd960952b94a17c6133039e5515cdb29b133b2905b36909786e69941eb196f09:record_1446""]",3
current_group_3d008e30943fb530660d,org_76f35dcfe4fe3961,ind_1397f1dc0b6880a2,2026/27,needs_review,"[""file_fd960952b94a17c6133039e5515cdb29b133b2905b36909786e69941eb196f09:record_1462"",""file_fd960952b94a17c6133039e5515cdb29b133b2905b36909786e69941eb196f09:record_1463""]",2
current_group_bd4fe82bad0bd541052d,org_76f35dcfe4fe3961,ind_67ee717abbe20a1b,2026/27,excluded,"[""file_fd960952b94a17c6133039e5515cdb29b133b2905b36909786e69941eb196f09:record_1447"",""file_fd960952b94a17c6133039e5515cdb29b133b2905b36909786e69941eb196f09:record_1448"",""file_fd960952b94a17c6133039e5515cdb29b133b2905b36909786e69941eb196f09:record_1449""]",3
current_group_0ea8a702bbcbd02470ae,org_76f35dcfe4fe3961,ind_7ebd4762b8a6c688,2026/27,included,"[""file_fd960952b94a17c6133039e5515cdb29b133b2905b36909786e69941eb196f09:record_1454"",""file_fd960952b94a17c6133039e5515cdb29b133b2905b36909786e69941eb196f09:record_1455"",""file_fd960952b94a17c6133039e5515cdb29b133b2905b36909786e69941eb196f09:record_1456""]",3
current_group_eed0f333d5b4d8e969a6,org_76f35dcfe4fe3961,ind_a5aa6990d163464f,2026/27,needs_review,"[""file_fd960952b94a17c6133039e5515cdb29b133b2905b36909786e69941eb196f09:record_1464"",""file_fd960952b94a17c6133039e5515cdb29b133b2905b36909786e69941eb196f09:record_1465""]",2
current_group_7762baae164dff14f6e9,org_76f35dcfe4fe3961,ind_a8f6cca5fe8befdf,2026/27,excluded,"[""file_fd960952b94a17c6133039e5515cdb29b133b2905b36909786e69941eb196f09:record_1450"",""file_fd960952b94a17c6133039e5515cdb29b133b2905b36909786e69941eb196f09:record_1451"",""file_fd960952b94a17c6133039e5515cdb29b133b2905b36909786e69941eb196f09:record_1452"",""file_fd960952b94a17c6133039e5515cdb29b133b2905b36909786e69941eb196f09:record_1453""]",4
current_group_6f807c56d2da74baa204,org_76f35dcfe4fe3961,ind_cbf37604f666a309,2026/27,needs_review,"[""file_fd960952b94a17c6133039e5515cdb29b133b2905b36909786e69941eb196f09:record_1459"",""file_fd960952b94a17c6133039e5515cdb29b133b2905b36909786e69941eb196f09:record_1460"",""file_fd960952b94a17c6133039e5515cdb29b133b2905b36909786e69941eb196f09:record_1461""]",3
current_group_51b6b14ef6889f778e45,org_76f35dcfe4fe3961,ind_e7cd9b5804f1c518,2026/27,included,"[""file_fd960952b94a17c6133039e5515cdb29b133b2905b36909786e69941eb196f09:record_1457"",""file_fd960952b94a17c6133039e5515cdb29b133b2905b36909786e69941eb196f09:record_1458""]",2
current_group_261f9372a1e0736ff0dc,org_792f3d6269c0b645,ind_0f6aaf5b70f35ede,2026/27,needs_review,"[""file_fd960952b94a17c6133039e5515cdb29b133b2905b36909786e69941eb196f09:record_1184"",""file_fd960952b94a17c6133039e5515cdb29b133b2905b36909786e69941eb196f09:record_1185""]",1
current_group_6f356ae45d437913533f,org_792f3d6269c0b645,ind_456970dd2aedb987,2026/27,needs_review,"[""file_fd960952b94a17c6133039e5515cdb29b133b2905b36909786e69941eb196f09:record_1186"",""file_fd960952b94a17c6133039e5515cdb29b133b2905b36909786e69941eb196f09:record_1187""]",2
current_group_a73a839b70d2564595eb,org_792f3d6269c0b645,ind_5314e24f5f6e6912,2026/27,excluded,"[""file_fd960952b94a17c6133039e5515cdb29b133b2905b36909786e69941eb196f09:record_1169""]",1
current_group_82554e8963cf01dd6e0b,org_792f3d6269c0b645,ind_56196698b1a0d6fe,2026/27,needs_review,"[""file_fd960952b94a17c6133039e5515cdb29b133b2905b36909786e69941eb196f09:record_1179"",""file_fd960952b94a17c6133039e5515cdb29b133b2905b36909786e69941eb196f09:record_1180""]",2
current_group_b1c4c6b6afa9a3f3b497,org_792f3d6269c0b645,ind_729efa4fd99ade8c,2026/27,needs_review,"[""file_fd960952b94a17c6133039e5515cdb29b133b2905b36909786e69941eb196f09:record_1183""]",1
current_group_b5310ee7cc3f9ec1aab9,org_792f3d6269c0b645,ind_82503e6696c69f05,2026/27,needs_review,"[""file_fd960952b94a17c6133039e5515cdb29b133b2905b36909786e69941eb196f09:record_1175"",""file_fd960952b94a17c6133039e5515cdb29b133b2905b36909786e69941eb196f09:record_1176"",""file_fd960952b94a17c6133039e5515cdb29b133b2905b36909786e69941eb196f09:record_1177""]",3
current_group_d1eac96e2ff9e6a90bbf,org_792f3d6269c0b645,ind_88a1faf7c99de1ff,2026/27,needs_review,"[""file_fd960952b94a17c6133039e5515cdb29b133b2905b36909786e69941eb196f09:record_1178""]",1
current_group_fe2d38680b07fe90ff5b,org_792f3d6269c0b645,ind_e17dc2d5b15c7d17,2026/27,needs_review,"[""file_fd960952b94a17c6133039e5515cdb29b133b2905b36909786e69941eb196f09:record_1172"",""file_fd960952b94a17c6133039e5515cdb29b133b2905b36909786e69941eb196f09:record_1173"",""file_fd960952b94a17c6133039e5515cdb29b133b2905b36909786e69941eb196f09:record_1174""]",3
current_group_6d319bf6ee4cc17d8a38,org_792f3d6269c0b645,ind_e7cd9b5804f1c518,2026/27,included,"[""file_fd960952b94a17c6133039e5515cdb29b133b2905b36909786e69941eb196f09:record_1170"",""file_fd960952b94a17c6133039e5515cdb29b133b2905b36909786e69941eb196f09:record_1171""]",2
current_group_f3ddd689a4522393dd1d,org_792f3d6269c0b645,ind_eb8afff4b0bcd8f5,2026/27,needs_review,"[""file_fd960952b94a17c6133039e5515cdb29b133b2905b36909786e69941eb196f09:record_1181"",""file_fd960952b94a17c6133039e5515cdb29b133b2905b36909786e69941eb196f09:record_1182""]",2
current_group_487e4c7f8c0c8bca8dad,org_79c51d86ffb1cef3,ind_37478f8fb5db2bb6,2026/27,excluded,"[""file_fd960952b94a17c6133039e5515cdb29b133b2905b36909786e69941eb196f09:record_748"",""file_fd960952b94a17c6133039e5515cdb29b133b2905b36909786e69941eb196f09:record_749""]",2
current_group_81fcb0a64776e5884381,org_79c51d86ffb1cef3,ind_67ee717abbe20a1b,2026/27,excluded,"[""file_fd960952b94a17c6133039e5515cdb29b133b2905b36909786e69941eb196f09:record_739"",""file_fd960952b94a17c6133039e5515cdb29b133b2905b36909786e69941eb196f09:record_740"",""file_fd960952b94a17c6133039e5515cdb29b133b2905b36909786e69941eb196f09:record_741""]",3
current_group_b58589d86f7c7ac3a43a,org_79c51d86ffb1cef3,ind_78a11bd179dfdf23,2026/27,needs_review,"[""file_fd960952b94a17c6133039e5515cdb29b133b2905b36909786e69941eb196f09:record_750"",""file_fd960952b94a17c6133039e5515cdb29b133b2905b36909786e69941eb196f09:record_751"",""file_fd960952b94a17c6133039e5515cdb29b133b2905b36909786e69941eb196f09:record_752""]",3
current_group_9b6ef682712e387b1720,org_79c51d86ffb1cef3,ind_ef4a9573ead4ee92,2026/27,included,"[""file_fd960952b94a17c6133039e5515cdb29b133b2905b36909786e69941eb196f09:record_742"",""file_fd960952b94a17c6133039e5515cdb29b133b2905b36909786e69941eb196f09:record_743"",""file_fd960952b94a17c6133039e5515cdb29b133b2905b36909786e69941eb196f09:record_744"",""file_fd960952b94a17c6133039e5515cdb29b133b2905b36909786e69941eb196f09:record_745"",""file_fd960952b94a17c6133039e5515cdb29b133b2905b36909786e69941eb196f09:record_746"",""file_fd960952b94a17c6133039e5515cdb29b133b2905b36909786e69941eb196f09:record_747""]",6
current_group_454e54fb0911fd36082a,org_79c51d86ffb1cef3,ind_ffafdc8c79a41fe4,2026/27,needs_review,"[""file_fd960952b94a17c6133039e5515cdb29b133b2905b36909786e69941eb196f09:record_753"",""file_fd960952b94a17c6133039e5515cdb29b133b2905b36909786e69941eb196f09:record_754""]",2
current_group_ba7d9c350e5e30255e68,org_7aecc97c1caef653,ind_50089e0f997db527,2026/27,needs_review,"[""file_fd960952b94a17c6133039e5515cdb29b133b2905b36909786e69941eb196f09:record_480"",""file_fd960952b94a17c6133039e5515cdb29b133b2905b36909786e69941eb196f09:record_481"",""file_fd960952b94a17c6133039e5515cdb29b133b2905b36909786e69941eb196f09:record_482"",""file_fd960952b94a17c6133039e5515cdb29b133b2905b36909786e69941eb196f09:record_483"",""file_fd960952b94a17c6133039e5515cdb29b133b2905b36909786e69941eb196f09:record_484""]",5
current_group_2cd6331f398cd3a9a212,org_7aecc97c1caef653,ind_56c588789d968048,2026/27,needs_review,"[""file_fd960952b94a17c6133039e5515cdb29b133b2905b36909786e69941eb196f09:record_475"",""file_fd960952b94a17c6133039e5515cdb29b133b2905b36909786e69941eb196f09:record_476""]",2
current_group_a3df7d0e2336eeea42de,org_7aecc97c1caef653,ind_78bf86fae6402922,2026/27,needs_review,"[""file_fd960952b94a17c6133039e5515cdb29b133b2905b36909786e69941eb196f09:record_469""]",1
current_group_d3cfe6dcd2c30cbdb033,org_7aecc97c1caef653,ind_7b13133505c66006,2026/27,needs_review,"[""file_fd960952b94a17c6133039e5515cdb29b133b2905b36909786e69941eb196f09:record_477"",""file_fd960952b94a17c6133039e5515cdb29b133b2905b36909786e69941eb196f09:record_478"",""file_fd960952b94a17c6133039e5515cdb29b133b2905b36909786e69941eb196f09:record_479""]",3
current_group_e0387213094ddea235c0,org_7aecc97c1caef653,ind_ce7b154fd42ad078,2026/27,needs_review,"[""file_fd960952b94a17c6133039e5515cdb29b133b2905b36909786e69941eb196f09:record_472"",""file_fd960952b94a17c6133039e5515cdb29b133b2905b36909786e69941eb196f09:record_473"",""file_fd960952b94a17c6133039e5515cdb29b133b2905b36909786e69941eb196f09:record_474""]",2
current_group_6cbdf1d9d11cd2390562,org_7aecc97c1caef653,ind_d861155bc9650d4f,2026/27,needs_review,"[""file_fd960952b94a17c6133039e5515cdb29b133b2905b36909786e69941eb196f09:record_470"",""file_fd960952b94a17c6133039e5515cdb29b133b2905b36909786e69941eb196f09:record_471""]",2
current_group_afd25f0e4b3f484011f5,org_803e93a9e545177d,ind_06590f50f65eac7e,2026/27,included,"[""file_fd960952b94a17c6133039e5515cdb29b133b2905b36909786e69941eb196f09:record_1067""]",1
current_group_ff474fae9bb7d7785230,org_803e93a9e545177d,ind_5314e24f5f6e6912,2026/27,excluded,"[""file_fd960952b94a17c6133039e5515cdb29b133b2905b36909786e69941eb196f09:record_1069""]",1
current_group_c624e6b9b6236d3fdf0c,org_803e93a9e545177d,ind_5b2e1352e31909e8,2026/27,included,"[""file_fd960952b94a17c6133039e5515cdb29b133b2905b36909786e69941eb196f09:record_1072"",""file_fd960952b94a17c6133039e5515cdb29b133b2905b36909786e69941eb196f09:record_1073"",""file_fd960952b94a17c6133039e5515cdb29b133b2905b36909786e69941eb196f09:record_1074"",""file_fd960952b94a17c6133039e5515cdb29b133b2905b36909786e69941eb196f09:record_1075""]",4
current_group_1ca628c5eabac29721c9,org_803e93a9e545177d,ind_67ee717abbe20a1b,2026/27,excluded,"[""file_fd960952b94a17c6133039e5515cdb29b133b2905b36909786e69941eb196f09:record_1066""]",1
current_group_2e88fa1e9da339adc66c,org_803e93a9e545177d,ind_a8f6cca5fe8befdf,2026/27,excluded,"[""file_fd960952b94a17c6133039e5515cdb29b133b2905b36909786e69941eb196f09:record_1068""]",1
current_group_10585b486051bca0da51,org_803e93a9e545177d,ind_e7cd9b5804f1c518,2026/27,included,"[""file_fd960952b94a17c6133039e5515cdb29b133b2905b36909786e69941eb196f09:record_1070"",""file_fd960952b94a17c6133039e5515cdb29b133b2905b36909786e69941eb196f09:record_1071""]",2
current_group_1362696bb78589d0c4b7,org_81bf474b8a591abb,ind_0646035afd9bba7c,2026/27,excluded,"[""file_fd960952b94a17c6133039e5515cdb29b133b2905b36909786e69941eb196f09:record_444"",""file_fd960952b94a17c6133039e5515cdb29b133b2905b36909786e69941eb196f09:record_445"",""file_fd960952b94a17c6133039e5515cdb29b133b2905b36909786e69941eb196f09:record_446""]",3
current_group_bb00cc3587b8dc51b573,org_81bf474b8a591abb,ind_06590f50f65eac7e,2026/27,included,"[""file_fd960952b94a17c6133039e5515cdb29b133b2905b36909786e69941eb196f09:record_447"",""file_fd960952b94a17c6133039e5515cdb29b133b2905b36909786e69941eb196f09:record_448"",""file_fd960952b94a17c6133039e5515cdb29b133b2905b36909786e69941eb196f09:record_449""]",3
current_group_628e56390cc616a03f3e,org_81bf474b8a591abb,ind_209117cfef6fa7e7,2026/27,needs_review,"[""file_fd960952b94a17c6133039e5515cdb29b133b2905b36909786e69941eb196f09:record_452"",""file_fd960952b94a17c6133039e5515cdb29b133b2905b36909786e69941eb196f09:record_453""]",2
current_group_c19e3ea9b1176558215b,org_81bf474b8a591abb,ind_3d0a4a6bfceaaee4,2026/27,needs_review,"[""file_fd960952b94a17c6133039e5515cdb29b133b2905b36909786e69941eb196f09:record_450"",""file_fd960952b94a17c6133039e5515cdb29b133b2905b36909786e69941eb196f09:record_451""]",2
current_group_e416b92a57fbbeba843a,org_81bf474b8a591abb,ind_473ea6f57202d61b,2026/27,needs_review,"[""file_fd960952b94a17c6133039e5515cdb29b133b2905b36909786e69941eb196f09:record_455""]",1
current_group_739dc97cf28fc115944b,org_81bf474b8a591abb,ind_75ae7cc714186667,2026/27,needs_review,"[""file_fd960952b94a17c6133039e5515cdb29b133b2905b36909786e69941eb196f09:record_454""]",1
current_group_e12c69dc32b469ad2858,org_81bf474b8a591abb,ind_bd4c4358368e3f3c,2026/27,needs_review,"[""file_fd960952b94a17c6133039e5515cdb29b133b2905b36909786e69941eb196f09:record_456""]",1
current_group_d27619059432f8bbc5ec,org_84c71dd6340c474d,ind_67ee717abbe20a1b,2026/27,excluded,"[""file_fd960952b94a17c6133039e5515cdb29b133b2905b36909786e69941eb196f09:record_7"",""file_fd960952b94a17c6133039e5515cdb29b133b2905b36909786e69941eb196f09:record_8"",""file_fd960952b94a17c6133039e5515cdb29b133b2905b36909786e69941eb196f09:record_9""]",3
current_group_e03944593693c81a1046,org_84c71dd6340c474d,ind_a8f6cca5fe8befdf,2026/27,excluded,"[""file_fd960952b94a17c6133039e5515cdb29b133b2905b36909786e69941eb196f09:record_10"",""file_fd960952b94a17c6133039e5515cdb29b133b2905b36909786e69941eb196f09:record_11"",""file_fd960952b94a17c6133039e5515cdb29b133b2905b36909786e69941eb196f09:record_12""]",3
current_group_b6adc12fac5b9f092bb3,org_84c71dd6340c474d,ind_c55bf52c51b6d151,2026/27,needs_review,"[""file_fd960952b94a17c6133039e5515cdb29b133b2905b36909786e69941eb196f09:record_20"",""file_fd960952b94a17c6133039e5515cdb29b133b2905b36909786e69941eb196f09:record_21"",""file_fd960952b94a17c6133039e5515cdb29b133b2905b36909786e69941eb196f09:record_22""]",3
current_group_734f124cec91c5eab64d,org_84c71dd6340c474d,ind_c7d51ebab5b81eaf,2026/27,needs_review,"[""file_fd960952b94a17c6133039e5515cdb29b133b2905b36909786e69941eb196f09:record_16"",""file_fd960952b94a17c6133039e5515cdb29b133b2905b36909786e69941eb196f09:record_17"",""file_fd960952b94a17c6133039e5515cdb29b133b2905b36909786e69941eb196f09:record_18"",""file_fd960952b94a17c6133039e5515cdb29b133b2905b36909786e69941eb196f09:record_19""]",4
current_group_138f736dc75d78b2ae72,org_84c71dd6340c474d,ind_f197a93604c302d2,2026/27,included,"[""file_fd960952b94a17c6133039e5515cdb29b133b2905b36909786e69941eb196f09:record_13"",""file_fd960952b94a17c6133039e5515cdb29b133b2905b36909786e69941eb196f09:record_14"",""file_fd960952b94a17c6133039e5515cdb29b133b2905b36909786e69941eb196f09:record_15""]",3
current_group_7bf2628f2a76ed500efb,org_84f7375815ea7cee,ind_016cc0b23dbba251,2026/27,needs_review,"[""file_fd960952b94a17c6133039e5515cdb29b133b2905b36909786e69941eb196f09:record_329"",""file_fd960952b94a17c6133039e5515cdb29b133b2905b36909786e69941eb196f09:record_330""]",2
current_group_5ebd9240d9aadfcda5c9,org_84f7375815ea7cee,ind_318561b7cc81de27,2026/27,needs_review,"[""file_fd960952b94a17c6133039e5515cdb29b133b2905b36909786e69941eb196f09:record_332"",""file_fd960952b94a17c6133039e5515cdb29b133b2905b36909786e69941eb196f09:record_333""]",2
current_group_c4cc1ee3c30f4eac069b,org_84f7375815ea7cee,ind_67ee717abbe20a1b,2026/27,excluded,"[""file_fd960952b94a17c6133039e5515cdb29b133b2905b36909786e69941eb196f09:record_327"",""file_fd960952b94a17c6133039e5515cdb29b133b2905b36909786e69941eb196f09:record_328""]",2
current_group_e64605ebdd941243348c,org_84f7375815ea7cee,ind_fcefa76b2ef2cea2,2026/27,needs_review,"[""file_fd960952b94a17c6133039e5515cdb29b133b2905b36909786e69941eb196f09:record_331""]",1
current_group_3c04a44c0eb14ab37a4f,org_86b1ac010d89c0ae,ind_0646035afd9bba7c,2026/27,excluded,"[""file_fd960952b94a17c6133039e5515cdb29b133b2905b36909786e69941eb196f09:record_23"",""file_fd960952b94a17c6133039e5515cdb29b133b2905b36909786e69941eb196f09:record_24""]",2
current_group_f059e3a6e30ed9751cde,org_86b1ac010d89c0ae,ind_5314e24f5f6e6912,2026/27,excluded,"[""file_fd960952b94a17c6133039e5515cdb29b133b2905b36909786e69941eb196f09:record_25""]",1
current_group_24e503afa2c004a4d142,org_86b1ac010d89c0ae,ind_b6923849797db65a,2026/27,needs_review,"[""file_fd960952b94a17c6133039e5515cdb29b133b2905b36909786e69941eb196f09:record_28"",""file_fd960952b94a17c6133039e5515cdb29b133b2905b36909786e69941eb196f09:record_29""]",2
current_group_616e584bcb809ac2eef7,org_86b1ac010d89c0ae,ind_e84885ef676f90c8,2026/27,needs_review,"[""file_fd960952b94a17c6133039e5515cdb29b133b2905b36909786e69941eb196f09:record_26"",""file_fd960952b94a17c6133039e5515cdb29b133b2905b36909786e69941eb196f09:record_27""]",2
current_group_e7c5897d7743e08bbf39,org_8737cbba335bda39,ind_21977806f701e279,2026/27,needs_review,"[""file_fd960952b94a17c6133039e5515cdb29b133b2905b36909786e69941eb196f09:record_136""]",1
current_group_d421d7672db31cd51010,org_8737cbba335bda39,ind_49ce29f8c0f89b07,2026/27,needs_review,"[""file_fd960952b94a17c6133039e5515cdb29b133b2905b36909786e69941eb196f09:record_139""]",1
current_group_70f78a0a0f8f51ad3d9f,org_8737cbba335bda39,ind_5b2e1352e31909e8,2026/27,included,"[""file_fd960952b94a17c6133039e5515cdb29b133b2905b36909786e69941eb196f09:record_135""]",1
current_group_13cc79fec59cd0654425,org_8737cbba335bda39,ind_659aad21e1d01b4d,2026/27,needs_review,"[""file_fd960952b94a17c6133039e5515cdb29b133b2905b36909786e69941eb196f09:record_137"",""file_fd960952b94a17c6133039e5515cdb29b133b2905b36909786e69941eb196f09:record_138""]",2
current_group_c541ea34c3907cb54e44,org_8737cbba335bda39,ind_7ebd4762b8a6c688,2026/27,included,"[""file_fd960952b94a17c6133039e5515cdb29b133b2905b36909786e69941eb196f09:record_132""]",1
current_group_c8ab8f2f3ad8cf1c641f,org_8737cbba335bda39,ind_e666bcb709405e0f,2026/27,included,"[""file_fd960952b94a17c6133039e5515cdb29b133b2905b36909786e69941eb196f09:record_131""]",1
current_group_5e4434195ff05c255e84,org_8737cbba335bda39,ind_e7cd9b5804f1c518,2026/27,included,"[""file_fd960952b94a17c6133039e5515cdb29b133b2905b36909786e69941eb196f09:record_133"",""file_fd960952b94a17c6133039e5515cdb29b133b2905b36909786e69941eb196f09:record_134""]",2
current_group_3c3a0a6a150471db68e0,org_8737cbba335bda39,ind_ee70b593aad3e4f6,2026/27,included,"[""file_fd960952b94a17c6133039e5515cdb29b133b2905b36909786e69941eb196f09:record_130""]",1
current_group_9572ac4206efa29f88b5,org_87dc3b21fcebf367,ind_28f6a91b7a3c9cc2,2026/27,needs_review,"[""file_fd960952b94a17c6133039e5515cdb29b133b2905b36909786e69941eb196f09:record_1742"",""file_fd960952b94a17c6133039e5515cdb29b133b2905b36909786e69941eb196f09:record_1743""]",2
current_group_9613a33845eb97b43c5c,org_87dc3b21fcebf367,ind_3cc206b5bf3a3fbf,2026/27,needs_review,"[""file_fd960952b94a17c6133039e5515cdb29b133b2905b36909786e69941eb196f09:record_1746"",""file_fd960952b94a17c6133039e5515cdb29b133b2905b36909786e69941eb196f09:record_1747""]",2
current_group_fdd08858794f4c1d0efc,org_87dc3b21fcebf367,ind_5314e24f5f6e6912,2026/27,excluded,"[""file_fd960952b94a17c6133039e5515cdb29b133b2905b36909786e69941eb196f09:record_1739"",""file_fd960952b94a17c6133039e5515cdb29b133b2905b36909786e69941eb196f09:record_1740"",""file_fd960952b94a17c6133039e5515cdb29b133b2905b36909786e69941eb196f09:record_1741""]",3
current_group_776859e08d9e7ab91738,org_87dc3b21fcebf367,ind_67ee717abbe20a1b,2026/27,excluded,"[""file_fd960952b94a17c6133039e5515cdb29b133b2905b36909786e69941eb196f09:record_1737"",""file_fd960952b94a17c6133039e5515cdb29b133b2905b36909786e69941eb196f09:record_1738""]",2
current_group_2ae562184d8a304e1c26,org_87dc3b21fcebf367,ind_b285fc31edf55597,2026/27,needs_review,"[""file_fd960952b94a17c6133039e5515cdb29b133b2905b36909786e69941eb196f09:record_1748""]",1
current_group_30c56e28f8236c7780dd,org_87dc3b21fcebf367,ind_c54b5d7a7857c35a,2026/27,needs_review,"[""file_fd960952b94a17c6133039e5515cdb29b133b2905b36909786e69941eb196f09:record_1744"",""file_fd960952b94a17c6133039e5515cdb29b133b2905b36909786e69941eb196f09:record_1745""]",2
current_group_ccc2b9c3d56a083ba23a,org_88d1777726b4c9e7,ind_0646035afd9bba7c,2026/27,excluded,"[""file_fd960952b94a17c6133039e5515cdb29b133b2905b36909786e69941eb196f09:record_1520"",""file_fd960952b94a17c6133039e5515cdb29b133b2905b36909786e69941eb196f09:record_1521""]",2
current_group_6ad8b25de389c0828672,org_88d1777726b4c9e7,ind_173b2ed149e0a13d,2026/27,needs_review,"[""file_fd960952b94a17c6133039e5515cdb29b133b2905b36909786e69941eb196f09:record_1528"",""file_fd960952b94a17c6133039e5515cdb29b133b2905b36909786e69941eb196f09:record_1529""]",2
current_group_51cb5cfdab6d059bf176,org_88d1777726b4c9e7,ind_67ee717abbe20a1b,2026/27,excluded,"[""file_fd960952b94a17c6133039e5515cdb29b133b2905b36909786e69941eb196f09:record_1522"",""file_fd960952b94a17c6133039e5515cdb29b133b2905b36909786e69941eb196f09:record_1523""]",2
current_group_701812e6f52d59349d7a,org_88d1777726b4c9e7,ind_7ebd4762b8a6c688,2026/27,included,"[""file_fd960952b94a17c6133039e5515cdb29b133b2905b36909786e69941eb196f09:record_1524"",""file_fd960952b94a17c6133039e5515cdb29b133b2905b36909786e69941eb196f09:record_1525""]",2
current_group_5cdf8f5a1b7c1182fdda,org_88d1777726b4c9e7,ind_c2ff2b1872f9acce,2026/27,needs_review,"[""file_fd960952b94a17c6133039e5515cdb29b133b2905b36909786e69941eb196f09:record_1526"",""file_fd960952b94a17c6133039e5515cdb29b133b2905b36909786e69941eb196f09:record_1527""]",2
current_group_44b71804652bce565c5a,org_88d1777726b4c9e7,ind_e3c693a58312ce4b,2026/27,needs_review,"[""file_fd960952b94a17c6133039e5515cdb29b133b2905b36909786e69941eb196f09:record_1530"",""file_fd960952b94a17c6133039e5515cdb29b133b2905b36909786e69941eb196f09:record_1531"",""file_fd960952b94a17c6133039e5515cdb29b133b2905b36909786e69941eb196f09:record_1532"",""file_fd960952b94a17c6133039e5515cdb29b133b2905b36909786e69941eb196f09:record_1533""]",4
current_group_afd6674c3bd8e14c20e6,org_88d1777726b4c9e7,ind_e7cd9b5804f1c518,2026/27,included,"[""file_fd960952b94a17c6133039e5515cdb29b133b2905b36909786e69941eb196f09:record_1536"",""file_fd960952b94a17c6133039e5515cdb29b133b2905b36909786e69941eb196f09:record_1537""]",2
current_group_48623e2e6b3e99531901,org_88d1777726b4c9e7,ind_ef4a9573ead4ee92,2026/27,included,"[""file_fd960952b94a17c6133039e5515cdb29b133b2905b36909786e69941eb196f09:record_1534"",""file_fd960952b94a17c6133039e5515cdb29b133b2905b36909786e69941eb196f09:record_1535""]",2
current_group_b9d764e224462e2b9951,org_88d1777726b4c9e7,ind_f08954e5367b10a4,2026/27,needs_review,"[""file_fd960952b94a17c6133039e5515cdb29b133b2905b36909786e69941eb196f09:record_1538"",""file_fd960952b94a17c6133039e5515cdb29b133b2905b36909786e69941eb196f09:record_1539"",""file_fd960952b94a17c6133039e5515cdb29b133b2905b36909786e69941eb196f09:record_1540""]",3
current_group_1a734b51a5a5a89c6869,org_8cdff0e3f84b8a72,ind_22d9bbd1e9dbd1c2,2026/27,needs_review,"[""file_fd960952b94a17c6133039e5515cdb29b133b2905b36909786e69941eb196f09:record_1691"",""file_fd960952b94a17c6133039e5515cdb29b133b2905b36909786e69941eb196f09:record_1692""]",2
current_group_d2ca1f833fbbc49ef73d,org_8cdff0e3f84b8a72,ind_5b2e1352e31909e8,2026/27,included,"[""file_fd960952b94a17c6133039e5515cdb29b133b2905b36909786e69941eb196f09:record_1687"",""file_fd960952b94a17c6133039e5515cdb29b133b2905b36909786e69941eb196f09:record_1688"",""file_fd960952b94a17c6133039e5515cdb29b133b2905b36909786e69941eb196f09:record_1689"",""file_fd960952b94a17c6133039e5515cdb29b133b2905b36909786e69941eb196f09:record_1690""]",4
current_group_7ec2cfcd77fe0c70e1c8,org_8cdff0e3f84b8a72,ind_7ebd4762b8a6c688,2026/27,included,"[""file_fd960952b94a17c6133039e5515cdb29b133b2905b36909786e69941eb196f09:record_1682"",""file_fd960952b94a17c6133039e5515cdb29b133b2905b36909786e69941eb196f09:record_1683"",""file_fd960952b94a17c6133039e5515cdb29b133b2905b36909786e69941eb196f09:record_1684""]",3
current_group_422a21c5f15ac67684f8,org_8cdff0e3f84b8a72,ind_e666bcb709405e0f,2026/27,included,"[""file_fd960952b94a17c6133039e5515cdb29b133b2905b36909786e69941eb196f09:record_1680"",""file_fd960952b94a17c6133039e5515cdb29b133b2905b36909786e69941eb196f09:record_1681""]",2
current_group_5f9e574b031e853ca106,org_8cdff0e3f84b8a72,ind_e7cd9b5804f1c518,2026/27,included,"[""file_fd960952b94a17c6133039e5515cdb29b133b2905b36909786e69941eb196f09:record_1685"",""file_fd960952b94a17c6133039e5515cdb29b133b2905b36909786e69941eb196f09:record_1686""]",2
current_group_f25b9865b39df49244da,org_8da317d44c92d2eb,ind_0b9240e516eb529f,2026/27,needs_review,"[""file_fd960952b94a17c6133039e5515cdb29b133b2905b36909786e69941eb196f09:record_725"",""file_fd960952b94a17c6133039e5515cdb29b133b2905b36909786e69941eb196f09:record_726"",""file_fd960952b94a17c6133039e5515cdb29b133b2905b36909786e69941eb196f09:record_727""]",3
current_group_9948c9ab013843100fb5,org_8da317d44c92d2eb,ind_26e4c563aa8a3fd6,2026/27,needs_review,"[""file_fd960952b94a17c6133039e5515cdb29b133b2905b36909786e69941eb196f09:record_736"",""file_fd960952b94a17c6133039e5515cdb29b133b2905b36909786e69941eb196f09:record_737"",""file_fd960952b94a17c6133039e5515cdb29b133b2905b36909786e69941eb196f09:record_738""]",3
current_group_5a3738ea5bfa17dfd3ba,org_8da317d44c92d2eb,ind_48da2b610eec04d4,2026/27,needs_review,"[""file_fd960952b94a17c6133039e5515cdb29b133b2905b36909786e69941eb196f09:record_734"",""file_fd960952b94a17c6133039e5515cdb29b133b2905b36909786e69941eb196f09:record_735""]",2
current_group_d29eac6cbf32a960e8eb,org_8da317d44c92d2eb,ind_d816efd30a55824f,2026/27,needs_review,"[""file_fd960952b94a17c6133039e5515cdb29b133b2905b36909786e69941eb196f09:record_731"",""file_fd960952b94a17c6133039e5515cdb29b133b2905b36909786e69941eb196f09:record_732"",""file_fd960952b94a17c6133039e5515cdb29b133b2905b36909786e69941eb196f09:record_733""]",3
current_group_7ff8cbb0cb29083643e6,org_8da317d44c92d2eb,ind_e205eba513500fa0,2026/27,needs_review,"[""file_fd960952b94a17c6133039e5515cdb29b133b2905b36909786e69941eb196f09:record_723""]",1
current_group_c92c79fdfc8255d20340,org_8da317d44c92d2eb,ind_e819be897acabc2a,2026/27,needs_review,"[""file_fd960952b94a17c6133039e5515cdb29b133b2905b36909786e69941eb196f09:record_724""]",1
current_group_560fe328315bb0baea7d,org_8da317d44c92d2eb,ind_f7697ef4a11ab188,2026/27,needs_review,"[""file_fd960952b94a17c6133039e5515cdb29b133b2905b36909786e69941eb196f09:record_728"",""file_fd960952b94a17c6133039e5515cdb29b133b2905b36909786e69941eb196f09:record_729"",""file_fd960952b94a17c6133039e5515cdb29b133b2905b36909786e69941eb196f09:record_730""]",3
current_group_1e09fd312d2059a534d8,org_8e69cfb41c35f708,ind_1347df2747a24d5b,2026/27,needs_review,"[""file_fd960952b94a17c6133039e5515cdb29b133b2905b36909786e69941eb196f09:record_1306""]",1
current_group_a9268282380465ec662b,org_8e69cfb41c35f708,ind_72b08efec43b033b,2026/27,needs_review,"[""file_fd960952b94a17c6133039e5515cdb29b133b2905b36909786e69941eb196f09:record_1313"",""file_fd960952b94a17c6133039e5515cdb29b133b2905b36909786e69941eb196f09:record_1314""]",2
current_group_9efeba2ad0b5c8ce3eaa,org_8e69cfb41c35f708,ind_791d686f4019f9f4,2026/27,needs_review,"[""file_fd960952b94a17c6133039e5515cdb29b133b2905b36909786e69941eb196f09:record_1309"",""file_fd960952b94a17c6133039e5515cdb29b133b2905b36909786e69941eb196f09:record_1310""]",2
current_group_05cca086de174df8bd50,org_8e69cfb41c35f708,ind_795a5f2767be9f20,2026/27,needs_review,"[""file_fd960952b94a17c6133039e5515cdb29b133b2905b36909786e69941eb196f09:record_1307"",""file_fd960952b94a17c6133039e5515cdb29b133b2905b36909786e69941eb196f09:record_1308""]",2
current_group_bfcd2c218ff4a7a7e010,org_8e69cfb41c35f708,ind_bf082041d2fab662,2026/27,needs_review,"[""file_fd960952b94a17c6133039e5515cdb29b133b2905b36909786e69941eb196f09:record_1311"",""file_fd960952b94a17c6133039e5515cdb29b133b2905b36909786e69941eb196f09:record_1312""]",2
current_group_5fda6f69eb5093b99af6,org_8e69cfb41c35f708,ind_c5dc8bc1547d7b05,2026/27,needs_review,"[""file_fd960952b94a17c6133039e5515cdb29b133b2905b36909786e69941eb196f09:record_1304"",""file_fd960952b94a17c6133039e5515cdb29b133b2905b36909786e69941eb196f09:record_1305""]",2
current_group_cf84d6a8a9b791ada794,org_9254e669563b5d91,ind_419f4b432fdf01d3,2026/27,needs_review,"[""file_fd960952b94a17c6133039e5515cdb29b133b2905b36909786e69941eb196f09:record_592"",""file_fd960952b94a17c6133039e5515cdb29b133b2905b36909786e69941eb196f09:record_593"",""file_fd960952b94a17c6133039e5515cdb29b133b2905b36909786e69941eb196f09:record_594"",""file_fd960952b94a17c6133039e5515cdb29b133b2905b36909786e69941eb196f09:record_595"",""file_fd960952b94a17c6133039e5515cdb29b133b2905b36909786e69941eb196f09:record_596"",""file_fd960952b94a17c6133039e5515cdb29b133b2905b36909786e69941eb196f09:record_597"",""file_fd960952b94a17c6133039e5515cdb29b133b2905b36909786e69941eb196f09:record_598"",""file_fd960952b94a17c6133039e5515cdb29b133b2905b36909786e69941eb196f09:record_599"",""file_fd960952b94a17c6133039e5515cdb29b133b2905b36909786e69941eb196f09:record_600"",""file_fd960952b94a17c6133039e5515cdb29b133b2905b36909786e69941eb196f09:record_601"",""file_fd960952b94a17c6133039e5515cdb29b133b2905b36909786e69941eb196f09:record_602"",""file_fd960952b94a17c6133039e5515cdb29b133b2905b36909786e69941eb196f09:record_603"",""file_fd960952b94a17c6133039e5515cdb29b133b2905b36909786e69941eb196f09:record_604"",""file_fd960952b94a17c6133039e5515cdb29b133b2905b36909786e69941eb196f09:record_605"",""file_fd960952b94a17c6133039e5515cdb29b133b2905b36909786e69941eb196f09:record_606"",""file_fd960952b94a17c6133039e5515cdb29b133b2905b36909786e69941eb196f09:record_607"",""file_fd960952b94a17c6133039e5515cdb29b133b2905b36909786e69941eb196f09:record_608"",""file_fd960952b94a17c6133039e5515cdb29b133b2905b36909786e69941eb196f09:record_609"",""file_fd960952b94a17c6133039e5515cdb29b133b2905b36909786e69941eb196f09:record_610"",""file_fd960952b94a17c6133039e5515cdb29b133b2905b36909786e69941eb196f09:record_611"",""file_fd960952b94a17c6133039e5515cdb29b133b2905b36909786e69941eb196f09:record_612""]",21
current_group_e8cc33e09d755b223a19,org_97bcc6168a4ac31f,ind_5b2e1352e31909e8,2026/27,included,"[""file_fd960952b94a17c6133039e5515cdb29b133b2905b36909786e69941eb196f09:record_1101""]",1
current_group_60b1f9da13b958fc8d84,org_97bcc6168a4ac31f,ind_5c049abc1c63844c,2026/27,needs_review,"[""file_fd960952b94a17c6133039e5515cdb29b133b2905b36909786e69941eb196f09:record_1108""]",1
current_group_81facdea2d8b73794ef6,org_97bcc6168a4ac31f,ind_67ee717abbe20a1b,2026/27,excluded,"[""file_fd960952b94a17c6133039e5515cdb29b133b2905b36909786e69941eb196f09:record_1091""]",1
current_group_23bc065ba415b14f90a4,org_97bcc6168a4ac31f,ind_7ebd4762b8a6c688,2026/27,included,"[""file_fd960952b94a17c6133039e5515cdb29b133b2905b36909786e69941eb196f09:record_1096"",""file_fd960952b94a17c6133039e5515cdb29b133b2905b36909786e69941eb196f09:record_1097"",""file_fd960952b94a17c6133039e5515cdb29b133b2905b36909786e69941eb196f09:record_1098"",""file_fd960952b94a17c6133039e5515cdb29b133b2905b36909786e69941eb196f09:record_1099""]",4
current_group_7d7a194c794bb8b24022,org_97bcc6168a4ac31f,ind_93ff287e70bfcafb,2026/27,needs_review,"[""file_fd960952b94a17c6133039e5515cdb29b133b2905b36909786e69941eb196f09:record_1104"",""file_fd960952b94a17c6133039e5515cdb29b133b2905b36909786e69941eb196f09:record_1105"",""file_fd960952b94a17c6133039e5515cdb29b133b2905b36909786e69941eb196f09:record_1106""]",3
current_group_e211aee80bd515271758,org_97bcc6168a4ac31f,ind_979270475543118c,2026/27,needs_review,"[""file_fd960952b94a17c6133039e5515cdb29b133b2905b36909786e69941eb196f09:record_1107""]",1
current_group_6465ecd94f5ac6fcbadf,org_97bcc6168a4ac31f,ind_b09aff91026a38d2,2026/27,needs_review,"[""file_fd960952b94a17c6133039e5515cdb29b133b2905b36909786e69941eb196f09:record_1102"",""file_fd960952b94a17c6133039e5515cdb29b133b2905b36909786e69941eb196f09:record_1103""]",2
current_group_007147bf13fcb615590c,org_97bcc6168a4ac31f,ind_e666bcb709405e0f,2026/27,included,"[""file_fd960952b94a17c6133039e5515cdb29b133b2905b36909786e69941eb196f09:record_1095""]",1
current_group_e59de0c65074033aa979,org_97bcc6168a4ac31f,ind_e7cd9b5804f1c518,2026/27,included,"[""file_fd960952b94a17c6133039e5515cdb29b133b2905b36909786e69941eb196f09:record_1100""]",1
current_group_b32ad7e4923d9bd2c58b,org_97bcc6168a4ac31f,ind_ee70b593aad3e4f6,2026/27,included,"[""file_fd960952b94a17c6133039e5515cdb29b133b2905b36909786e69941eb196f09:record_1092""]",1
current_group_389b729fb22c5a862c37,org_97bcc6168a4ac31f,ind_ef4a9573ead4ee92,2026/27,included,"[""file_fd960952b94a17c6133039e5515cdb29b133b2905b36909786e69941eb196f09:record_1093"",""file_fd960952b94a17c6133039e5515cdb29b133b2905b36909786e69941eb196f09:record_1094""]",2
current_group_0b0495cc31add4acf46c,org_9812848367fde220,ind_0646035afd9bba7c,2026/27,excluded,"[""file_fd960952b94a17c6133039e5515cdb29b133b2905b36909786e69941eb196f09:record_2""]",1
current_group_0aafad06fd30d7bb7df0,org_9812848367fde220,ind_5314e24f5f6e6912,2026/27,excluded,"[""file_fd960952b94a17c6133039e5515cdb29b133b2905b36909786e69941eb196f09:record_4""]",1
current_group_28db1ce4cb92b244f4f6,org_9812848367fde220,ind_67ee717abbe20a1b,2026/27,excluded,"[""file_fd960952b94a17c6133039e5515cdb29b133b2905b36909786e69941eb196f09:record_3""]",1
current_group_ce7903ecb12b7786c124,org_9812848367fde220,ind_7ebd4762b8a6c688,2026/27,included,"[""file_fd960952b94a17c6133039e5515cdb29b133b2905b36909786e69941eb196f09:record_5""]",1
current_group_43c0dd35aec2ba3aa853,org_9812848367fde220,ind_e7cd9b5804f1c518,2026/27,included,"[""file_fd960952b94a17c6133039e5515cdb29b133b2905b36909786e69941eb196f09:record_6""]",1
current_group_ece0f3d6aab5e3bf8e5a,org_a58dfb2b83e51233,ind_0cc2547ce9536697,2026/27,needs_review,"[""file_fd960952b94a17c6133039e5515cdb29b133b2905b36909786e69941eb196f09:record_945""]",1
current_group_c89dc053af8ea63b439d,org_a58dfb2b83e51233,ind_260dae9a5fb06c86,2026/27,needs_review,"[""file_fd960952b94a17c6133039e5515cdb29b133b2905b36909786e69941eb196f09:record_941""]",1
current_group_75d124eaa58d901cd55d,org_a58dfb2b83e51233,ind_491aeb7a268a3101,2026/27,needs_review,"[""file_fd960952b94a17c6133039e5515cdb29b133b2905b36909786e69941eb196f09:record_943"",""file_fd960952b94a17c6133039e5515cdb29b133b2905b36909786e69941eb196f09:record_944""]",2
current_group_ed1482f04745caad2a2c,org_a58dfb2b83e51233,ind_892f831e8e6bd97c,2026/27,needs_review,"[""file_fd960952b94a17c6133039e5515cdb29b133b2905b36909786e69941eb196f09:record_942""]",1
current_group_ffa24f9fc9eee159913e,org_a58dfb2b83e51233,ind_a3d96cad155e0feb,2026/27,needs_review,"[""file_fd960952b94a17c6133039e5515cdb29b133b2905b36909786e69941eb196f09:record_933"",""file_fd960952b94a17c6133039e5515cdb29b133b2905b36909786e69941eb196f09:record_934"",""file_fd960952b94a17c6133039e5515cdb29b133b2905b36909786e69941eb196f09:record_935"",""file_fd960952b94a17c6133039e5515cdb29b133b2905b36909786e69941eb196f09:record_936"",""file_fd960952b94a17c6133039e5515cdb29b133b2905b36909786e69941eb196f09:record_937"",""file_fd960952b94a17c6133039e5515cdb29b133b2905b36909786e69941eb196f09:record_938"",""file_fd960952b94a17c6133039e5515cdb29b133b2905b36909786e69941eb196f09:record_939"",""file_fd960952b94a17c6133039e5515cdb29b133b2905b36909786e69941eb196f09:record_940""]",8
current_group_f73eb641b052de8271b8,org_a58dfb2b83e51233,ind_fe43b49e834ee4e6,2026/27,needs_review,"[""file_fd960952b94a17c6133039e5515cdb29b133b2905b36909786e69941eb196f09:record_946""]",1
current_group_4eee0d393bddaac428b3,org_a61294cfc736d43f,ind_31dceaefba31ebfa,2026/27,needs_review,"[""file_fd960952b94a17c6133039e5515cdb29b133b2905b36909786e69941eb196f09:record_1204"",""file_fd960952b94a17c6133039e5515cdb29b133b2905b36909786e69941eb196f09:record_1205""]",2
current_group_96697c424766715289ee,org_a61294cfc736d43f,ind_3c06133be934d0b2,2026/27,needs_review,"[""file_fd960952b94a17c6133039e5515cdb29b133b2905b36909786e69941eb196f09:record_1200"",""file_fd960952b94a17c6133039e5515cdb29b133b2905b36909786e69941eb196f09:record_1201"",""file_fd960952b94a17c6133039e5515cdb29b133b2905b36909786e69941eb196f09:record_1202"",""file_fd960952b94a17c6133039e5515cdb29b133b2905b36909786e69941eb196f09:record_1203""]",4
current_group_8ccede0855f44888c4c0,org_a61294cfc736d43f,ind_8af6ea5500393bcd,2026/27,needs_review,"[""file_fd960952b94a17c6133039e5515cdb29b133b2905b36909786e69941eb196f09:record_1199""]",1
current_group_ea03d2cb3d4a457f48a9,org_a61294cfc736d43f,ind_b6f544daf665c17d,2026/27,needs_review,"[""file_fd960952b94a17c6133039e5515cdb29b133b2905b36909786e69941eb196f09:record_1206""]",1
current_group_973315bd9ad3317f9b20,org_a61294cfc736d43f,ind_e7cd9b5804f1c518,2026/27,included,"[""file_fd960952b94a17c6133039e5515cdb29b133b2905b36909786e69941eb196f09:record_1197"",""file_fd960952b94a17c6133039e5515cdb29b133b2905b36909786e69941eb196f09:record_1198""]",2
current_group_b7a8b55318a0722fbadb,org_a61294cfc736d43f,ind_f197a93604c302d2,2026/27,included,"[""file_fd960952b94a17c6133039e5515cdb29b133b2905b36909786e69941eb196f09:record_1195"",""file_fd960952b94a17c6133039e5515cdb29b133b2905b36909786e69941eb196f09:record_1196""]",2
current_group_a8c94e0bd98212c1183b,org_a7c34c2ab796efb6,ind_0646035afd9bba7c,2026/27,excluded,"[""file_fd960952b94a17c6133039e5515cdb29b133b2905b36909786e69941eb196f09:record_1151""]",1
current_group_75b0fadf2bd2c8f25eb0,org_a7c34c2ab796efb6,ind_7ebd4762b8a6c688,2026/27,included,"[""file_fd960952b94a17c6133039e5515cdb29b133b2905b36909786e69941eb196f09:record_1156""]",1
current_group_921e104caf43ae0084f2,org_a7c34c2ab796efb6,ind_e666bcb709405e0f,2026/27,included,"[""file_fd960952b94a17c6133039e5515cdb29b133b2905b36909786e69941eb196f09:record_1155""]",1
current_group_60f0cee9d5461b2d0a37,org_a7c34c2ab796efb6,ind_e7cd9b5804f1c518,2026/27,included,"[""file_fd960952b94a17c6133039e5515cdb29b133b2905b36909786e69941eb196f09:record_1157"",""file_fd960952b94a17c6133039e5515cdb29b133b2905b36909786e69941eb196f09:record_1158"",""file_fd960952b94a17c6133039e5515cdb29b133b2905b36909786e69941eb196f09:record_1159""]",3
current_group_531e7d392706ca0d7e5b,org_a7c34c2ab796efb6,ind_ee70b593aad3e4f6,2026/27,included,"[""file_fd960952b94a17c6133039e5515cdb29b133b2905b36909786e69941eb196f09:record_1152"",""file_fd960952b94a17c6133039e5515cdb29b133b2905b36909786e69941eb196f09:record_1153"",""file_fd960952b94a17c6133039e5515cdb29b133b2905b36909786e69941eb196f09:record_1154""]",3
current_group_48c75816f67bd8e5861d,org_aa663ce724750163,ind_37906ec8cd41f7f1,2026/27,needs_review,"[""file_fd960952b94a17c6133039e5515cdb29b133b2905b36909786e69941eb196f09:record_37""]",1
current_group_77087fd04ac76866048e,org_aa663ce724750163,ind_7743c91c76f3d51b,2026/27,needs_review,"[""file_fd960952b94a17c6133039e5515cdb29b133b2905b36909786e69941eb196f09:record_39""]",1
current_group_83da64d8dfc407b8c081,org_aa663ce724750163,ind_abaee1b5765d5cd6,2026/27,needs_review,"[""file_fd960952b94a17c6133039e5515cdb29b133b2905b36909786e69941eb196f09:record_38""]",1
current_group_2247f51892cf9d3af0e7,org_aa663ce724750163,ind_e7cd9b5804f1c518,2026/27,included,"[""file_fd960952b94a17c6133039e5515cdb29b133b2905b36909786e69941eb196f09:record_32"",""file_fd960952b94a17c6133039e5515cdb29b133b2905b36909786e69941eb196f09:record_33"",""file_fd960952b94a17c6133039e5515cdb29b133b2905b36909786e69941eb196f09:record_34"",""file_fd960952b94a17c6133039e5515cdb29b133b2905b36909786e69941eb196f09:record_35"",""file_fd960952b94a17c6133039e5515cdb29b133b2905b36909786e69941eb196f09:record_36""]",5
current_group_69e5bf014a264be362fb,org_aa663ce724750163,ind_ee70b593aad3e4f6,2026/27,included,"[""file_fd960952b94a17c6133039e5515cdb29b133b2905b36909786e69941eb196f09:record_30"",""file_fd960952b94a17c6133039e5515cdb29b133b2905b36909786e69941eb196f09:record_31""]",2
current_group_b2c5d8f5d979bd180e4e,org_ab1ce44ff4842284,ind_0646035afd9bba7c,2026/27,excluded,"[""file_fd960952b94a17c6133039e5515cdb29b133b2905b36909786e69941eb196f09:record_1723"",""file_fd960952b94a17c6133039e5515cdb29b133b2905b36909786e69941eb196f09:record_1724"",""file_fd960952b94a17c6133039e5515cdb29b133b2905b36909786e69941eb196f09:record_1725""]",3
current_group_e05dce1df7576bb45c4f,org_ab1ce44ff4842284,ind_06590f50f65eac7e,2026/27,included,"[""file_fd960952b94a17c6133039e5515cdb29b133b2905b36909786e69941eb196f09:record_1729""]",1
current_group_1154b599a293205d1fcf,org_ab1ce44ff4842284,ind_37478f8fb5db2bb6,2026/27,excluded,"[""file_fd960952b94a17c6133039e5515cdb29b133b2905b36909786e69941eb196f09:record_1730"",""file_fd960952b94a17c6133039e5515cdb29b133b2905b36909786e69941eb196f09:record_1731"",""file_fd960952b94a17c6133039e5515cdb29b133b2905b36909786e69941eb196f09:record_1732"",""file_fd960952b94a17c6133039e5515cdb29b133b2905b36909786e69941eb196f09:record_1733"",""file_fd960952b94a17c6133039e5515cdb29b133b2905b36909786e69941eb196f09:record_1734""]",5
current_group_c76e50c6a31a39daf651,org_ab1ce44ff4842284,ind_67ee717abbe20a1b,2026/27,excluded,"[""file_fd960952b94a17c6133039e5515cdb29b133b2905b36909786e69941eb196f09:record_1726"",""file_fd960952b94a17c6133039e5515cdb29b133b2905b36909786e69941eb196f09:record_1727"",""file_fd960952b94a17c6133039e5515cdb29b133b2905b36909786e69941eb196f09:record_1728""]",3
current_group_9f266c1a96be2809328d,org_ab1ce44ff4842284,ind_f6ff250cf880839b,2026/27,needs_review,"[""file_fd960952b94a17c6133039e5515cdb29b133b2905b36909786e69941eb196f09:record_1735"",""file_fd960952b94a17c6133039e5515cdb29b133b2905b36909786e69941eb196f09:record_1736""]",2
current_group_7e387f5c2af8bfcf0a2d,org_acee81efebccf2aa,ind_37478f8fb5db2bb6,2026/27,excluded,"[""file_fd960952b94a17c6133039e5515cdb29b133b2905b36909786e69941eb196f09:record_842"",""file_fd960952b94a17c6133039e5515cdb29b133b2905b36909786e69941eb196f09:record_843"",""file_fd960952b94a17c6133039e5515cdb29b133b2905b36909786e69941eb196f09:record_844""]",1
current_group_8cfbebb47dda2c8154bc,org_acee81efebccf2aa,ind_529d8aaa1e59e48a,2026/27,needs_review,"[""file_fd960952b94a17c6133039e5515cdb29b133b2905b36909786e69941eb196f09:record_848"",""file_fd960952b94a17c6133039e5515cdb29b133b2905b36909786e69941eb196f09:record_849""]",1
current_group_ee0a316b3c6feb915f2c,org_acee81efebccf2aa,ind_738bb4d67a0c86d2,2026/27,needs_review,"[""file_fd960952b94a17c6133039e5515cdb29b133b2905b36909786e69941eb196f09:record_850"",""file_fd960952b94a17c6133039e5515cdb29b133b2905b36909786e69941eb196f09:record_851"",""file_fd960952b94a17c6133039e5515cdb29b133b2905b36909786e69941eb196f09:record_852"",""file_fd960952b94a17c6133039e5515cdb29b133b2905b36909786e69941eb196f09:record_853"",""file_fd960952b94a17c6133039e5515cdb29b133b2905b36909786e69941eb196f09:record_854""]",1
current_group_bb4f077f4809eb8bd083,org_acee81efebccf2aa,ind_a8f6cca5fe8befdf,2026/27,excluded,"[""file_fd960952b94a17c6133039e5515cdb29b133b2905b36909786e69941eb196f09:record_838"",""file_fd960952b94a17c6133039e5515cdb29b133b2905b36909786e69941eb196f09:record_839"",""file_fd960952b94a17c6133039e5515cdb29b133b2905b36909786e69941eb196f09:record_840"",""file_fd960952b94a17c6133039e5515cdb29b133b2905b36909786e69941eb196f09:record_841""]",1
current_group_5c3c756f8486d321451f,org_acee81efebccf2aa,ind_e7cd9b5804f1c518,2026/27,included,"[""file_fd960952b94a17c6133039e5515cdb29b133b2905b36909786e69941eb196f09:record_845"",""file_fd960952b94a17c6133039e5515cdb29b133b2905b36909786e69941eb196f09:record_846"",""file_fd960952b94a17c6133039e5515cdb29b133b2905b36909786e69941eb196f09:record_847""]",1
current_group_b44b9da6d28a4d7e084c,org_b110dda3fe66b0c2,ind_0c011b1fbc80f5d7,2026/27,needs_review,"[""file_fd960952b94a17c6133039e5515cdb29b133b2905b36909786e69941eb196f09:record_405"",""file_fd960952b94a17c6133039e5515cdb29b133b2905b36909786e69941eb196f09:record_406"",""file_fd960952b94a17c6133039e5515cdb29b133b2905b36909786e69941eb196f09:record_407""]",3
current_group_5efcd0740b2ac56f6915,org_b110dda3fe66b0c2,ind_334a8eb5deee3007,2026/27,needs_review,"[""file_fd960952b94a17c6133039e5515cdb29b133b2905b36909786e69941eb196f09:record_418"",""file_fd960952b94a17c6133039e5515cdb29b133b2905b36909786e69941eb196f09:record_419""]",2
current_group_f87769845e8536e6f23e,org_b110dda3fe66b0c2,ind_5356b9f185c3d888,2026/27,needs_review,"[""file_fd960952b94a17c6133039e5515cdb29b133b2905b36909786e69941eb196f09:record_414"",""file_fd960952b94a17c6133039e5515cdb29b133b2905b36909786e69941eb196f09:record_415""]",2
current_group_96b7faebf5bb39effaaf,org_b110dda3fe66b0c2,ind_671a8fc0101bee30,2026/27,needs_review,"[""file_fd960952b94a17c6133039e5515cdb29b133b2905b36909786e69941eb196f09:record_408"",""file_fd960952b94a17c6133039e5515cdb29b133b2905b36909786e69941eb196f09:record_409"",""file_fd960952b94a17c6133039e5515cdb29b133b2905b36909786e69941eb196f09:record_410""]",3
current_group_4652e6627730634980e8,org_b110dda3fe66b0c2,ind_67ee717abbe20a1b,2026/27,excluded,"[""file_fd960952b94a17c6133039e5515cdb29b133b2905b36909786e69941eb196f09:record_411"",""file_fd960952b94a17c6133039e5515cdb29b133b2905b36909786e69941eb196f09:record_412"",""file_fd960952b94a17c6133039e5515cdb29b133b2905b36909786e69941eb196f09:record_413""]",3
current_group_b5f6da4df777070a542a,org_b110dda3fe66b0c2,ind_b9c7d64ec0fc70d2,2026/27,needs_review,"[""file_fd960952b94a17c6133039e5515cdb29b133b2905b36909786e69941eb196f09:record_416"",""file_fd960952b94a17c6133039e5515cdb29b133b2905b36909786e69941eb196f09:record_417""]",2
current_group_a752f4ca6e0b18225f92,org_b1ec778cea54c697,ind_2ef767dec21afd36,2026/27,needs_review,"[""file_fd960952b94a17c6133039e5515cdb29b133b2905b36909786e69941eb196f09:record_757"",""file_fd960952b94a17c6133039e5515cdb29b133b2905b36909786e69941eb196f09:record_758"",""file_fd960952b94a17c6133039e5515cdb29b133b2905b36909786e69941eb196f09:record_759""]",3
current_group_8bad625e6c58cc78a7c4,org_b1ec778cea54c697,ind_5c9556dae87d8539,2026/27,needs_review,"[""file_fd960952b94a17c6133039e5515cdb29b133b2905b36909786e69941eb196f09:record_762"",""file_fd960952b94a17c6133039e5515cdb29b133b2905b36909786e69941eb196f09:record_763"",""file_fd960952b94a17c6133039e5515cdb29b133b2905b36909786e69941eb196f09:record_764""]",3
current_group_e2d74c36f4e90a37afa3,org_b1ec778cea54c697,ind_aa091eb1e42b15d8,2026/27,needs_review,"[""file_fd960952b94a17c6133039e5515cdb29b133b2905b36909786e69941eb196f09:record_760"",""file_fd960952b94a17c6133039e5515cdb29b133b2905b36909786e69941eb196f09:record_761""]",2
current_group_c3a049e57b86c7593110,org_b1ec778cea54c697,ind_e7cd9b5804f1c518,2026/27,included,"[""file_fd960952b94a17c6133039e5515cdb29b133b2905b36909786e69941eb196f09:record_755"",""file_fd960952b94a17c6133039e5515cdb29b133b2905b36909786e69941eb196f09:record_756""]",2
current_group_c59f95c7d418d2e2c60a,org_b7a54963ba1fc573,ind_16397b38ca4ac132,2026/27,needs_review,"[""file_fd960952b94a17c6133039e5515cdb29b133b2905b36909786e69941eb196f09:record_771""]",1
current_group_c8930d2fe035ba791352,org_b7a54963ba1fc573,ind_47518239c5cfbc55,2026/27,needs_review,"[""file_fd960952b94a17c6133039e5515cdb29b133b2905b36909786e69941eb196f09:record_772""]",1
current_group_83efd7b653a0b721c3c4,org_b7a54963ba1fc573,ind_67ee717abbe20a1b,2026/27,excluded,"[""file_fd960952b94a17c6133039e5515cdb29b133b2905b36909786e69941eb196f09:record_765""]",1
current_group_192853947cdfaf646385,org_b7a54963ba1fc573,ind_7b9e382b93ff8b4a,2026/27,needs_review,"[""file_fd960952b94a17c6133039e5515cdb29b133b2905b36909786e69941eb196f09:record_775""]",1
current_group_7b6c48bb5298a8cb96a3,org_b7a54963ba1fc573,ind_7ebd4762b8a6c688,2026/27,included,"[""file_fd960952b94a17c6133039e5515cdb29b133b2905b36909786e69941eb196f09:record_768"",""file_fd960952b94a17c6133039e5515cdb29b133b2905b36909786e69941eb196f09:record_769""]",2
current_group_6c683537a62a17c3759e,org_b7a54963ba1fc573,ind_b7cb4c6d9c3ca6b7,2026/27,needs_review,"[""file_fd960952b94a17c6133039e5515cdb29b133b2905b36909786e69941eb196f09:record_773""]",1
current_group_06621b115c311be51664,org_b7a54963ba1fc573,ind_df5a7c3fe01a44a8,2026/27,needs_review,"[""file_fd960952b94a17c6133039e5515cdb29b133b2905b36909786e69941eb196f09:record_774""]",1
current_group_8512beb32640ed65ba3e,org_b7a54963ba1fc573,ind_e666bcb709405e0f,2026/27,included,"[""file_fd960952b94a17c6133039e5515cdb29b133b2905b36909786e69941eb196f09:record_767""]",1
current_group_9a4452ea2b50be80706b,org_b7a54963ba1fc573,ind_e7cd9b5804f1c518,2026/27,included,"[""file_fd960952b94a17c6133039e5515cdb29b133b2905b36909786e69941eb196f09:record_770""]",1
current_group_67e075740522bf3de0d1,org_b7a54963ba1fc573,ind_ee70b593aad3e4f6,2026/27,included,"[""file_fd960952b94a17c6133039e5515cdb29b133b2905b36909786e69941eb196f09:record_766""]",1
current_group_7d9a7822befbf81be190,org_b7a54963ba1fc573,ind_ef4a9573ead4ee92,2026/27,included,"[""file_fd960952b94a17c6133039e5515cdb29b133b2905b36909786e69941eb196f09:record_776"",""file_fd960952b94a17c6133039e5515cdb29b133b2905b36909786e69941eb196f09:record_777""]",2
current_group_41df25dfeb7eecb89001,org_beadb4ecb792b8db,ind_0646035afd9bba7c,2026/27,excluded,"[""file_fd960952b94a17c6133039e5515cdb29b133b2905b36909786e69941eb196f09:record_1786"",""file_fd960952b94a17c6133039e5515cdb29b133b2905b36909786e69941eb196f09:record_1787"",""file_fd960952b94a17c6133039e5515cdb29b133b2905b36909786e69941eb196f09:record_1788""]",3
current_group_c30817464634c535a5f8,org_beadb4ecb792b8db,ind_5314e24f5f6e6912,2026/27,excluded,"[""file_fd960952b94a17c6133039e5515cdb29b133b2905b36909786e69941eb196f09:record_1792""]",1
current_group_12ed5be882a8e370dc26,org_beadb4ecb792b8db,ind_67ee717abbe20a1b,2026/27,excluded,"[""file_fd960952b94a17c6133039e5515cdb29b133b2905b36909786e69941eb196f09:record_1789"",""file_fd960952b94a17c6133039e5515cdb29b133b2905b36909786e69941eb196f09:record_1790"",""file_fd960952b94a17c6133039e5515cdb29b133b2905b36909786e69941eb196f09:record_1791""]",3
current_group_34cb6817dd9aa4e3d895,org_c0228dbc8d2ee4c0,ind_0646035afd9bba7c,2026/27,excluded,"[""file_fd960952b94a17c6133039e5515cdb29b133b2905b36909786e69941eb196f09:record_1572""]",1
current_group_e70a5f16b010098391c9,org_c0228dbc8d2ee4c0,ind_5314e24f5f6e6912,2026/27,excluded,"[""file_fd960952b94a17c6133039e5515cdb29b133b2905b36909786e69941eb196f09:record_1575""]",1
current_group_210925d832450fadd90b,org_c0228dbc8d2ee4c0,ind_e666bcb709405e0f,2026/27,included,"[""file_fd960952b94a17c6133039e5515cdb29b133b2905b36909786e69941eb196f09:record_1576""]",1
current_group_418907a5b0df35193919,org_c0228dbc8d2ee4c0,ind_e7cd9b5804f1c518,2026/27,included,"[""file_fd960952b94a17c6133039e5515cdb29b133b2905b36909786e69941eb196f09:record_1577""]",1
current_group_29cc89a64d7ac823950e,org_c0228dbc8d2ee4c0,ind_e93e4e2e913ccae1,2026/27,needs_review,"[""file_fd960952b94a17c6133039e5515cdb29b133b2905b36909786e69941eb196f09:record_1579"",""file_fd960952b94a17c6133039e5515cdb29b133b2905b36909786e69941eb196f09:record_1580""]",2
current_group_266ea03b97ea440ea0a9,org_c0228dbc8d2ee4c0,ind_ee70b593aad3e4f6,2026/27,included,"[""file_fd960952b94a17c6133039e5515cdb29b133b2905b36909786e69941eb196f09:record_1573""]",1
current_group_8f07b311b50ca4c2192a,org_c0228dbc8d2ee4c0,ind_ef4a9573ead4ee92,2026/27,included,"[""file_fd960952b94a17c6133039e5515cdb29b133b2905b36909786e69941eb196f09:record_1574""]",1
current_group_b6a1e130d8a88edbb9ad,org_c0228dbc8d2ee4c0,ind_f197a93604c302d2,2026/27,included,"[""file_fd960952b94a17c6133039e5515cdb29b133b2905b36909786e69941eb196f09:record_1578""]",1
current_group_adb24c8ae7ecf07ae06a,org_c19caf85a78767bd,ind_63118fb23ae28d47,2026/27,needs_review,"[""file_fd960952b94a17c6133039e5515cdb29b133b2905b36909786e69941eb196f09:record_644"",""file_fd960952b94a17c6133039e5515cdb29b133b2905b36909786e69941eb196f09:record_645"",""file_fd960952b94a17c6133039e5515cdb29b133b2905b36909786e69941eb196f09:record_646"",""file_fd960952b94a17c6133039e5515cdb29b133b2905b36909786e69941eb196f09:record_647"",""file_fd960952b94a17c6133039e5515cdb29b133b2905b36909786e69941eb196f09:record_648""]",5
current_group_2ae85781b6ab895a6d0c,org_c19caf85a78767bd,ind_90f47467783f70b6,2026/27,needs_review,"[""file_fd960952b94a17c6133039e5515cdb29b133b2905b36909786e69941eb196f09:record_649"",""file_fd960952b94a17c6133039e5515cdb29b133b2905b36909786e69941eb196f09:record_650"",""file_fd960952b94a17c6133039e5515cdb29b133b2905b36909786e69941eb196f09:record_651""]",3
current_group_726cc0af3b6cea7f5a25,org_c19caf85a78767bd,ind_9ec53da9cc952402,2026/27,needs_review,"[""file_fd960952b94a17c6133039e5515cdb29b133b2905b36909786e69941eb196f09:record_664"",""file_fd960952b94a17c6133039e5515cdb29b133b2905b36909786e69941eb196f09:record_665""]",2
current_group_db80665716a7f5639120,org_c19caf85a78767bd,ind_c06de43ea16b2f62,2026/27,needs_review,"[""file_fd960952b94a17c6133039e5515cdb29b133b2905b36909786e69941eb196f09:record_662"",""file_fd960952b94a17c6133039e5515cdb29b133b2905b36909786e69941eb196f09:record_663""]",2
current_group_7b9cce560cd680630a3c,org_c19caf85a78767bd,ind_e057736233322199,2026/27,needs_review,"[""file_fd960952b94a17c6133039e5515cdb29b133b2905b36909786e69941eb196f09:record_657"",""file_fd960952b94a17c6133039e5515cdb29b133b2905b36909786e69941eb196f09:record_658"",""file_fd960952b94a17c6133039e5515cdb29b133b2905b36909786e69941eb196f09:record_659"",""file_fd960952b94a17c6133039e5515cdb29b133b2905b36909786e69941eb196f09:record_660"",""file_fd960952b94a17c6133039e5515cdb29b133b2905b36909786e69941eb196f09:record_661""]",5
current_group_c1ef8747af6b743f159a,org_c19caf85a78767bd,ind_f0a8bd525e55e547,2026/27,needs_review,"[""file_fd960952b94a17c6133039e5515cdb29b133b2905b36909786e69941eb196f09:record_652"",""file_fd960952b94a17c6133039e5515cdb29b133b2905b36909786e69941eb196f09:record_653"",""file_fd960952b94a17c6133039e5515cdb29b133b2905b36909786e69941eb196f09:record_654"",""file_fd960952b94a17c6133039e5515cdb29b133b2905b36909786e69941eb196f09:record_655"",""file_fd960952b94a17c6133039e5515cdb29b133b2905b36909786e69941eb196f09:record_656""]",5
current_group_d812c4486058f663fcce,org_c7abaecc1f31e5af,ind_0646035afd9bba7c,2026/27,excluded,"[""file_fd960952b94a17c6133039e5515cdb29b133b2905b36909786e69941eb196f09:record_1076""]",1
current_group_77856bb4f89ba1ed8a6f,org_c7abaecc1f31e5af,ind_37478f8fb5db2bb6,2026/27,excluded,"[""file_fd960952b94a17c6133039e5515cdb29b133b2905b36909786e69941eb196f09:record_1077""]",1
current_group_481e4b9c117b4d09aeab,org_c7abaecc1f31e5af,ind_5314e24f5f6e6912,2026/27,excluded,"[""file_fd960952b94a17c6133039e5515cdb29b133b2905b36909786e69941eb196f09:record_1078""]",1
current_group_f7014e4c762fcaf36710,org_c7abaecc1f31e5af,ind_57737acfda33127f,2026/27,needs_review,"[""file_fd960952b94a17c6133039e5515cdb29b133b2905b36909786e69941eb196f09:record_1081"",""file_fd960952b94a17c6133039e5515cdb29b133b2905b36909786e69941eb196f09:record_1082"",""file_fd960952b94a17c6133039e5515cdb29b133b2905b36909786e69941eb196f09:record_1083""]",1
current_group_5a1cde6994496ba3ae4e,org_c7abaecc1f31e5af,ind_6a34850f21b75b8a,2026/27,needs_review,"[""file_fd960952b94a17c6133039e5515cdb29b133b2905b36909786e69941eb196f09:record_1085""]",1
current_group_425b08c444dbe7e86037,org_c7abaecc1f31e5af,ind_75ae27727936dfb5,2026/27,needs_review,"[""file_fd960952b94a17c6133039e5515cdb29b133b2905b36909786e69941eb196f09:record_1084""]",1
current_group_1c8987ad8cc62d4fa48b,org_c7abaecc1f31e5af,ind_8d5ba22f98e64b81,2026/27,needs_review,"[""file_fd960952b94a17c6133039e5515cdb29b133b2905b36909786e69941eb196f09:record_1080""]",1
current_group_8d0aa054052d832b807b,org_c7abaecc1f31e5af,ind_94aed56016beccb0,2026/27,needs_review,"[""file_fd960952b94a17c6133039e5515cdb29b133b2905b36909786e69941eb196f09:record_1079""]",1
current_group_43ab3117eaa3aca2b7c4,org_c7abaecc1f31e5af,ind_f3b31e6a016823f1,2026/27,needs_review,"[""file_fd960952b94a17c6133039e5515cdb29b133b2905b36909786e69941eb196f09:record_1086""]",1
current_group_c28f0033b8586dc7d58e,org_c969e1bf44bb3b09,ind_09fb9f6010cc15fc,2026/27,needs_review,"[""file_fd960952b94a17c6133039e5515cdb29b133b2905b36909786e69941eb196f09:record_983""]",1
current_group_49b6d0affc0afa314080,org_c969e1bf44bb3b09,ind_37478f8fb5db2bb6,2026/27,excluded,"[""file_fd960952b94a17c6133039e5515cdb29b133b2905b36909786e69941eb196f09:record_979""]",1
current_group_4a877cd4e5a51dd5841d,org_c969e1bf44bb3b09,ind_398874f87960953c,2026/27,needs_review,"[""file_fd960952b94a17c6133039e5515cdb29b133b2905b36909786e69941eb196f09:record_980""]",1
current_group_ef4b152a3ae057c8cb52,org_c969e1bf44bb3b09,ind_59d70dad452c56b3,2026/27,needs_review,"[""file_fd960952b94a17c6133039e5515cdb29b133b2905b36909786e69941eb196f09:record_981""]",1
current_group_5af907a4b7b3948cc407,org_c969e1bf44bb3b09,ind_80d36ab9f602a7f0,2026/27,needs_review,"[""file_fd960952b94a17c6133039e5515cdb29b133b2905b36909786e69941eb196f09:record_985""]",1
current_group_907f378d0ebfa62f408b,org_c969e1bf44bb3b09,ind_c370a067d0bfba1e,2026/27,needs_review,"[""file_fd960952b94a17c6133039e5515cdb29b133b2905b36909786e69941eb196f09:record_984""]",1
current_group_59be54f9eeed6b212908,org_c969e1bf44bb3b09,ind_e8d9414e376f4439,2026/27,needs_review,"[""file_fd960952b94a17c6133039e5515cdb29b133b2905b36909786e69941eb196f09:record_982""]",1
current_group_3a4e5396181cc96a39ac,org_ca678c161dd84b8a,ind_0646035afd9bba7c,2026/27,excluded,"[""file_fd960952b94a17c6133039e5515cdb29b133b2905b36909786e69941eb196f09:record_1001""]",1
current_group_2adb9a7ebfdf6ef3bb76,org_ca678c161dd84b8a,ind_06590f50f65eac7e,2026/27,included,"[""file_fd960952b94a17c6133039e5515cdb29b133b2905b36909786e69941eb196f09:record_1003""]",1
current_group_b81474e119569743a906,org_ca678c161dd84b8a,ind_5314e24f5f6e6912,2026/27,excluded,"[""file_fd960952b94a17c6133039e5515cdb29b133b2905b36909786e69941eb196f09:record_1004""]",1
current_group_2d4e83348f9abdd329c7,org_ca678c161dd84b8a,ind_69a27a035a2924ed,2026/27,needs_review,"[""file_fd960952b94a17c6133039e5515cdb29b133b2905b36909786e69941eb196f09:record_1008"",""file_fd960952b94a17c6133039e5515cdb29b133b2905b36909786e69941eb196f09:record_1009""]",1
current_group_b74868e511930e163f9c,org_ca678c161dd84b8a,ind_b45b75d1836d801d,2026/27,needs_review,"[""file_fd960952b94a17c6133039e5515cdb29b133b2905b36909786e69941eb196f09:record_1011""]",1
current_group_b172c2b5b8291e96ebe5,org_ca678c161dd84b8a,ind_e31888bb2d4a22b9,2026/27,needs_review,"[""file_fd960952b94a17c6133039e5515cdb29b133b2905b36909786e69941eb196f09:record_1010""]",1
current_group_b63f36601d175201b88b,org_ca678c161dd84b8a,ind_e666bcb709405e0f,2026/27,included,"[""file_fd960952b94a17c6133039e5515cdb29b133b2905b36909786e69941eb196f09:record_1005"",""file_fd960952b94a17c6133039e5515cdb29b133b2905b36909786e69941eb196f09:record_1006""]",1
current_group_0cff90eb60ee55552db2,org_ca678c161dd84b8a,ind_e7cd9b5804f1c518,2026/27,included,"[""file_fd960952b94a17c6133039e5515cdb29b133b2905b36909786e69941eb196f09:record_1007""]",1
current_group_89730fcea59136f0c204,org_ca678c161dd84b8a,ind_ef4a9573ead4ee92,2026/27,included,"[""file_fd960952b94a17c6133039e5515cdb29b133b2905b36909786e69941eb196f09:record_1002""]",1
current_group_02a9c8c7fc099da0e6a7,org_ca930a71519bf901,ind_069bd744b3ad2b14,2026/27,needs_review,"[""file_fd960952b94a17c6133039e5515cdb29b133b2905b36909786e69941eb196f09:record_245"",""file_fd960952b94a17c6133039e5515cdb29b133b2905b36909786e69941eb196f09:record_246""]",2
current_group_7d2fbc3a99ea8e2e6cda,org_ca930a71519bf901,ind_164237e4c24ea503,2026/27,needs_review,"[""file_fd960952b94a17c6133039e5515cdb29b133b2905b36909786e69941eb196f09:record_247"",""file_fd960952b94a17c6133039e5515cdb29b133b2905b36909786e69941eb196f09:record_248"",""file_fd960952b94a17c6133039e5515cdb29b133b2905b36909786e69941eb196f09:record_249""]",3
current_group_0301dd98663aecdf12bf,org_ca930a71519bf901,ind_d007760bb2b6747c,2026/27,needs_review,"[""file_fd960952b94a17c6133039e5515cdb29b133b2905b36909786e69941eb196f09:record_244""]",1
current_group_c13a06d7208b4b613a58,org_ca930a71519bf901,ind_e45f0c12f3c99239,2026/27,needs_review,"[""file_fd960952b94a17c6133039e5515cdb29b133b2905b36909786e69941eb196f09:record_242"",""file_fd960952b94a17c6133039e5515cdb29b133b2905b36909786e69941eb196f09:record_243""]",2
current_group_8e06f5c87728aa9b461d,org_ca930a71519bf901,ind_ee70b593aad3e4f6,2026/27,included,"[""file_fd960952b94a17c6133039e5515cdb29b133b2905b36909786e69941eb196f09:record_240"",""file_fd960952b94a17c6133039e5515cdb29b133b2905b36909786e69941eb196f09:record_241""]",2
current_group_90a7b97cc11397ea06a2,org_ce816d6f53154afe,ind_67ee717abbe20a1b,2026/27,excluded,"[""file_fd960952b94a17c6133039e5515cdb29b133b2905b36909786e69941eb196f09:record_84"",""file_fd960952b94a17c6133039e5515cdb29b133b2905b36909786e69941eb196f09:record_85"",""file_fd960952b94a17c6133039e5515cdb29b133b2905b36909786e69941eb196f09:record_86""]",3
current_group_204238ef7acc9f2eb77e,org_ce816d6f53154afe,ind_e7cd9b5804f1c518,2026/27,included,"[""file_fd960952b94a17c6133039e5515cdb29b133b2905b36909786e69941eb196f09:record_92"",""file_fd960952b94a17c6133039e5515cdb29b133b2905b36909786e69941eb196f09:record_93"",""file_fd960952b94a17c6133039e5515cdb29b133b2905b36909786e69941eb196f09:record_94"",""file_fd960952b94a17c6133039e5515cdb29b133b2905b36909786e69941eb196f09:record_95"",""file_fd960952b94a17c6133039e5515cdb29b133b2905b36909786e69941eb196f09:record_96""]",5
current_group_794a54bd7efb20a667b2,org_ce816d6f53154afe,ind_ef4a9573ead4ee92,2026/27,included,"[""file_fd960952b94a17c6133039e5515cdb29b133b2905b36909786e69941eb196f09:record_87"",""file_fd960952b94a17c6133039e5515cdb29b133b2905b36909786e69941eb196f09:record_88"",""file_fd960952b94a17c6133039e5515cdb29b133b2905b36909786e69941eb196f09:record_89"",""file_fd960952b94a17c6133039e5515cdb29b133b2905b36909786e69941eb196f09:record_90"",""file_fd960952b94a17c6133039e5515cdb29b133b2905b36909786e69941eb196f09:record_91""]",5
current_group_4b90d78192aefdfb2ca9,org_cfbec29ce50fd551,ind_26b1221e7077432e,2026/27,needs_review,"[""file_fd960952b94a17c6133039e5515cdb29b133b2905b36909786e69941eb196f09:record_48"",""file_fd960952b94a17c6133039e5515cdb29b133b2905b36909786e69941eb196f09:record_49"",""file_fd960952b94a17c6133039e5515cdb29b133b2905b36909786e69941eb196f09:record_50"",""file_fd960952b94a17c6133039e5515cdb29b133b2905b36909786e69941eb196f09:record_51"",""file_fd960952b94a17c6133039e5515cdb29b133b2905b36909786e69941eb196f09:record_52""]",5
current_group_0e7121fce87bebbd961e,org_cfbec29ce50fd551,ind_3d9e334d18fb6cf5,2026/27,needs_review,"[""file_fd960952b94a17c6133039e5515cdb29b133b2905b36909786e69941eb196f09:record_58"",""file_fd960952b94a17c6133039e5515cdb29b133b2905b36909786e69941eb196f09:record_59"",""file_fd960952b94a17c6133039e5515cdb29b133b2905b36909786e69941eb196f09:record_60"",""file_fd960952b94a17c6133039e5515cdb29b133b2905b36909786e69941eb196f09:record_61"",""file_fd960952b94a17c6133039e5515cdb29b133b2905b36909786e69941eb196f09:record_62"",""file_fd960952b94a17c6133039e5515cdb29b133b2905b36909786e69941eb196f09:record_63""]",5
current_group_05b84fd5989d5ac4870d,org_cfbec29ce50fd551,ind_417776f21116e33c,2026/27,needs_review,"[""file_fd960952b94a17c6133039e5515cdb29b133b2905b36909786e69941eb196f09:record_56"",""file_fd960952b94a17c6133039e5515cdb29b133b2905b36909786e69941eb196f09:record_57""]",2
current_group_31f27b48354f8d7389eb,org_cfbec29ce50fd551,ind_5314e24f5f6e6912,2026/27,excluded,"[""file_fd960952b94a17c6133039e5515cdb29b133b2905b36909786e69941eb196f09:record_40""]",1
current_group_756f809cf15e7f4a2ffa,org_cfbec29ce50fd551,ind_746b689c5c391f73,2026/27,needs_review,"[""file_fd960952b94a17c6133039e5515cdb29b133b2905b36909786e69941eb196f09:record_53"",""file_fd960952b94a17c6133039e5515cdb29b133b2905b36909786e69941eb196f09:record_54""]",2
current_group_d892bb9531b0d78a79e3,org_cfbec29ce50fd551,ind_74b5840fd203fdb3,2026/27,needs_review,"[""file_fd960952b94a17c6133039e5515cdb29b133b2905b36909786e69941eb196f09:record_46"",""file_fd960952b94a17c6133039e5515cdb29b133b2905b36909786e69941eb196f09:record_47""]",2
current_group_a42c64a198ff17bd1a70,org_cfbec29ce50fd551,ind_986a1de5f68fe9f9,2026/27,needs_review,"[""file_fd960952b94a17c6133039e5515cdb29b133b2905b36909786e69941eb196f09:record_64"",""file_fd960952b94a17c6133039e5515cdb29b133b2905b36909786e69941eb196f09:record_65""]",2
current_group_12c7de9ac43fffe9bf46,org_cfbec29ce50fd551,ind_992726f2bb66f28e,2026/27,needs_review,"[""file_fd960952b94a17c6133039e5515cdb29b133b2905b36909786e69941eb196f09:record_55""]",1
current_group_b4184acdb8d34f3318d3,org_cfbec29ce50fd551,ind_ab043aa50642e025,2026/27,needs_review,"[""file_fd960952b94a17c6133039e5515cdb29b133b2905b36909786e69941eb196f09:record_43"",""file_fd960952b94a17c6133039e5515cdb29b133b2905b36909786e69941eb196f09:record_44"",""file_fd960952b94a17c6133039e5515cdb29b133b2905b36909786e69941eb196f09:record_45""]",3
current_group_eaa9795d671363f80dc7,org_cfbec29ce50fd551,ind_d1cb6e07b840ba9f,2026/27,needs_review,"[""file_fd960952b94a17c6133039e5515cdb29b133b2905b36909786e69941eb196f09:record_66"",""file_fd960952b94a17c6133039e5515cdb29b133b2905b36909786e69941eb196f09:record_67"",""file_fd960952b94a17c6133039e5515cdb29b133b2905b36909786e69941eb196f09:record_68"",""file_fd960952b94a17c6133039e5515cdb29b133b2905b36909786e69941eb196f09:record_69"",""file_fd960952b94a17c6133039e5515cdb29b133b2905b36909786e69941eb196f09:record_70"",""file_fd960952b94a17c6133039e5515cdb29b133b2905b36909786e69941eb196f09:record_71""]",6
current_group_87ce02425bd99670529a,org_cfbec29ce50fd551,ind_ddd0aed9cf4d3bb1,2026/27,needs_review,"[""file_fd960952b94a17c6133039e5515cdb29b133b2905b36909786e69941eb196f09:record_41"",""file_fd960952b94a17c6133039e5515cdb29b133b2905b36909786e69941eb196f09:record_42""]",2
current_group_98b1af43b55a0b4b71f4,org_d12131521737652f,ind_37478f8fb5db2bb6,2026/27,excluded,"[""file_fd960952b94a17c6133039e5515cdb29b133b2905b36909786e69941eb196f09:record_1355""]",1
current_group_f93370e87656da2215e6,org_d12131521737652f,ind_5314e24f5f6e6912,2026/27,excluded,"[""file_fd960952b94a17c6133039e5515cdb29b133b2905b36909786e69941eb196f09:record_1356"",""file_fd960952b94a17c6133039e5515cdb29b133b2905b36909786e69941eb196f09:record_1357"",""file_fd960952b94a17c6133039e5515cdb29b133b2905b36909786e69941eb196f09:record_1358""]",1
current_group_c5ee6750eca217076ff6,org_d12131521737652f,ind_5b2e1352e31909e8,2026/27,included,"[""file_fd960952b94a17c6133039e5515cdb29b133b2905b36909786e69941eb196f09:record_1365""]",1
current_group_bc8cbf69e24a5b9c7760,org_d12131521737652f,ind_7ebd4762b8a6c688,2026/27,included,"[""file_fd960952b94a17c6133039e5515cdb29b133b2905b36909786e69941eb196f09:record_1361"",""file_fd960952b94a17c6133039e5515cdb29b133b2905b36909786e69941eb196f09:record_1362"",""file_fd960952b94a17c6133039e5515cdb29b133b2905b36909786e69941eb196f09:record_1363""]",3
current_group_9ff13782d885f6f26901,org_d12131521737652f,ind_e666bcb709405e0f,2026/27,included,"[""file_fd960952b94a17c6133039e5515cdb29b133b2905b36909786e69941eb196f09:record_1359"",""file_fd960952b94a17c6133039e5515cdb29b133b2905b36909786e69941eb196f09:record_1360""]",2
current_group_0b6a256452e24a02f1f6,org_d12131521737652f,ind_e7cd9b5804f1c518,2026/27,included,"[""file_fd960952b94a17c6133039e5515cdb29b133b2905b36909786e69941eb196f09:record_1364""]",1
current_group_0ed2af5ebee7aa6a9b87,org_d12131521737652f,ind_ee70b593aad3e4f6,2026/27,included,"[""file_fd960952b94a17c6133039e5515cdb29b133b2905b36909786e69941eb196f09:record_1353"",""file_fd960952b94a17c6133039e5515cdb29b133b2905b36909786e69941eb196f09:record_1354""]",2
current_group_854013dafdf4d5636afd,org_d18cf9eb0363a76a,ind_5314e24f5f6e6912,2026/27,excluded,"[""file_fd960952b94a17c6133039e5515cdb29b133b2905b36909786e69941eb196f09:record_465""]",1
current_group_fa415d061fa1b2f7ab94,org_d18cf9eb0363a76a,ind_67ee717abbe20a1b,2026/27,excluded,"[""file_fd960952b94a17c6133039e5515cdb29b133b2905b36909786e69941eb196f09:record_467""]",1
current_group_07d6abf1449df1f3a6c0,org_d18cf9eb0363a76a,ind_e2cd4a17f6e393c6,2026/27,needs_review,"[""file_fd960952b94a17c6133039e5515cdb29b133b2905b36909786e69941eb196f09:record_466""]",1
current_group_226d757140e782360340,org_d18cf9eb0363a76a,ind_ef4a9573ead4ee92,2026/27,included,"[""file_fd960952b94a17c6133039e5515cdb29b133b2905b36909786e69941eb196f09:record_468""]",1
current_group_194faf66ec1dd64ed814,org_d2bd570a3d6ca469,ind_7ebd4762b8a6c688,2026/27,included,"[""file_fd960952b94a17c6133039e5515cdb29b133b2905b36909786e69941eb196f09:record_1485"",""file_fd960952b94a17c6133039e5515cdb29b133b2905b36909786e69941eb196f09:record_1486"",""file_fd960952b94a17c6133039e5515cdb29b133b2905b36909786e69941eb196f09:record_1487""]",3
current_group_2fd748e768a1a0b7d2b1,org_d2bd570a3d6ca469,ind_9b1c3b1f860f6c0d,2026/27,needs_review,"[""file_fd960952b94a17c6133039e5515cdb29b133b2905b36909786e69941eb196f09:record_1478""]",1
current_group_67aec4bb24ae42a92056,org_d2bd570a3d6ca469,ind_cf476acd9c65ce35,2026/27,needs_review,"[""file_fd960952b94a17c6133039e5515cdb29b133b2905b36909786e69941eb196f09:record_1479"",""file_fd960952b94a17c6133039e5515cdb29b133b2905b36909786e69941eb196f09:record_1480"",""file_fd960952b94a17c6133039e5515cdb29b133b2905b36909786e69941eb196f09:record_1481""]",3
current_group_2c842916f1173ed70df7,org_d2bd570a3d6ca469,ind_d896b184906d08c2,2026/27,needs_review,"[""file_fd960952b94a17c6133039e5515cdb29b133b2905b36909786e69941eb196f09:record_1489""]",1
current_group_5325d28efefdd83ed711,org_d2bd570a3d6ca469,ind_e666bcb709405e0f,2026/27,included,"[""file_fd960952b94a17c6133039e5515cdb29b133b2905b36909786e69941eb196f09:record_1482"",""file_fd960952b94a17c6133039e5515cdb29b133b2905b36909786e69941eb196f09:record_1483"",""file_fd960952b94a17c6133039e5515cdb29b133b2905b36909786e69941eb196f09:record_1484""]",3
current_group_c6516b23226d68745d79,org_d2bd570a3d6ca469,ind_e7cd9b5804f1c518,2026/27,included,"[""file_fd960952b94a17c6133039e5515cdb29b133b2905b36909786e69941eb196f09:record_1488""]",1
current_group_13df64f824f0f3a12daa,org_d3073a9c030e8208,ind_2d5b2175de37001a,2026/27,needs_review,"[""file_fd960952b94a17c6133039e5515cdb29b133b2905b36909786e69941eb196f09:record_464""]",1
current_group_c26c0088bbc3d2ab14f4,org_d3073a9c030e8208,ind_46a94fbe2210cdb2,2026/27,needs_review,"[""file_fd960952b94a17c6133039e5515cdb29b133b2905b36909786e69941eb196f09:record_457""]",1
current_group_4b0ebbad798a21ff908b,org_d3073a9c030e8208,ind_7480b9e5fee60250,2026/27,needs_review,"[""file_fd960952b94a17c6133039e5515cdb29b133b2905b36909786e69941eb196f09:record_461""]",1
current_group_79e55394c0482ccdf54e,org_d3073a9c030e8208,ind_76d8fd3aea130c48,2026/27,needs_review,"[""file_fd960952b94a17c6133039e5515cdb29b133b2905b36909786e69941eb196f09:record_460""]",1
current_group_04089125ac17db3e2f31,org_d3073a9c030e8208,ind_85e4a675ab69281f,2026/27,needs_review,"[""file_fd960952b94a17c6133039e5515cdb29b133b2905b36909786e69941eb196f09:record_462""]",1
current_group_92476c18d16878b66138,org_d3073a9c030e8208,ind_9f18c0f59678c6e0,2026/27,needs_review,"[""file_fd960952b94a17c6133039e5515cdb29b133b2905b36909786e69941eb196f09:record_463""]",1
current_group_eab7a3d32665c8dbb4f1,org_d3073a9c030e8208,ind_c8b6505a4505070b,2026/27,needs_review,"[""file_fd960952b94a17c6133039e5515cdb29b133b2905b36909786e69941eb196f09:record_459""]",1
current_group_ce3d46af3ceff23c00b1,org_d3073a9c030e8208,ind_e0c4b05d41e30229,2026/27,needs_review,"[""file_fd960952b94a17c6133039e5515cdb29b133b2905b36909786e69941eb196f09:record_458""]",1
current_group_6fc8fc217d77673b1c5b,org_d33ca5af70454463,ind_5314e24f5f6e6912,2026/27,excluded,"[""file_fd960952b94a17c6133039e5515cdb29b133b2905b36909786e69941eb196f09:record_1000"",""file_fd960952b94a17c6133039e5515cdb29b133b2905b36909786e69941eb196f09:record_997"",""file_fd960952b94a17c6133039e5515cdb29b133b2905b36909786e69941eb196f09:record_998"",""file_fd960952b94a17c6133039e5515cdb29b133b2905b36909786e69941eb196f09:record_999""]",4
current_group_537e4f219cc03451c3da,org_d33ca5af70454463,ind_67ee717abbe20a1b,2026/27,excluded,"[""file_fd960952b94a17c6133039e5515cdb29b133b2905b36909786e69941eb196f09:record_986"",""file_fd960952b94a17c6133039e5515cdb29b133b2905b36909786e69941eb196f09:record_987"",""file_fd960952b94a17c6133039e5515cdb29b133b2905b36909786e69941eb196f09:record_988"",""file_fd960952b94a17c6133039e5515cdb29b133b2905b36909786e69941eb196f09:record_989""]",4
current_group_9bbc2668ebf68e854a25,org_d33ca5af70454463,ind_a8f6cca5fe8befdf,2026/27,excluded,"[""file_fd960952b94a17c6133039e5515cdb29b133b2905b36909786e69941eb196f09:record_993"",""file_fd960952b94a17c6133039e5515cdb29b133b2905b36909786e69941eb196f09:record_994"",""file_fd960952b94a17c6133039e5515cdb29b133b2905b36909786e69941eb196f09:record_995"",""file_fd960952b94a17c6133039e5515cdb29b133b2905b36909786e69941eb196f09:record_996""]",4
current_group_03809be514eacc21c5a6,org_d33ca5af70454463,ind_ee70b593aad3e4f6,2026/27,included,"[""file_fd960952b94a17c6133039e5515cdb29b133b2905b36909786e69941eb196f09:record_990"",""file_fd960952b94a17c6133039e5515cdb29b133b2905b36909786e69941eb196f09:record_991"",""file_fd960952b94a17c6133039e5515cdb29b133b2905b36909786e69941eb196f09:record_992""]",3
current_group_34df0a50c450b938f2a2,org_d4f8b551b6ae70ef,ind_5674d5816948251b,2026/27,needs_review,"[""file_fd960952b94a17c6133039e5515cdb29b133b2905b36909786e69941eb196f09:record_310"",""file_fd960952b94a17c6133039e5515cdb29b133b2905b36909786e69941eb196f09:record_311"",""file_fd960952b94a17c6133039e5515cdb29b133b2905b36909786e69941eb196f09:record_312"",""file_fd960952b94a17c6133039e5515cdb29b133b2905b36909786e69941eb196f09:record_313"",""file_fd960952b94a17c6133039e5515cdb29b133b2905b36909786e69941eb196f09:record_314"",""file_fd960952b94a17c6133039e5515cdb29b133b2905b36909786e69941eb196f09:record_315"",""file_fd960952b94a17c6133039e5515cdb29b133b2905b36909786e69941eb196f09:record_316"",""file_fd960952b94a17c6133039e5515cdb29b133b2905b36909786e69941eb196f09:record_317""]",4
current_group_67e22880c1484765e574,org_d4f8b551b6ae70ef,ind_7eb086623919f16d,2026/27,needs_review,"[""file_fd960952b94a17c6133039e5515cdb29b133b2905b36909786e69941eb196f09:record_323"",""file_fd960952b94a17c6133039e5515cdb29b133b2905b36909786e69941eb196f09:record_324"",""file_fd960952b94a17c6133039e5515cdb29b133b2905b36909786e69941eb196f09:record_325"",""file_fd960952b94a17c6133039e5515cdb29b133b2905b36909786e69941eb196f09:record_326""]",4
current_group_c6a45d24d3ac7937191f,org_d4f8b551b6ae70ef,ind_a17a03d283661b47,2026/27,needs_review,"[""file_fd960952b94a17c6133039e5515cdb29b133b2905b36909786e69941eb196f09:record_318"",""file_fd960952b94a17c6133039e5515cdb29b133b2905b36909786e69941eb196f09:record_319"",""file_fd960952b94a17c6133039e5515cdb29b133b2905b36909786e69941eb196f09:record_320"",""file_fd960952b94a17c6133039e5515cdb29b133b2905b36909786e69941eb196f09:record_321"",""file_fd960952b94a17c6133039e5515cdb29b133b2905b36909786e69941eb196f09:record_322""]",5
current_group_ac78456eaf6603593907,org_d4f8b551b6ae70ef,ind_a8f6cca5fe8befdf,2026/27,excluded,"[""file_fd960952b94a17c6133039e5515cdb29b133b2905b36909786e69941eb196f09:record_306"",""file_fd960952b94a17c6133039e5515cdb29b133b2905b36909786e69941eb196f09:record_307"",""file_fd960952b94a17c6133039e5515cdb29b133b2905b36909786e69941eb196f09:record_308"",""file_fd960952b94a17c6133039e5515cdb29b133b2905b36909786e69941eb196f09:record_309""]",4
current_group_c6ece3d755c24d0a8910,org_d4f8b551b6ae70ef,ind_ef4a9573ead4ee92,2026/27,included,"[""file_fd960952b94a17c6133039e5515cdb29b133b2905b36909786e69941eb196f09:record_302"",""file_fd960952b94a17c6133039e5515cdb29b133b2905b36909786e69941eb196f09:record_303"",""file_fd960952b94a17c6133039e5515cdb29b133b2905b36909786e69941eb196f09:record_304"",""file_fd960952b94a17c6133039e5515cdb29b133b2905b36909786e69941eb196f09:record_305""]",4
current_group_1d72844f5ace032bd98d,org_d571ce5754e958e6,ind_21977806f701e279,2026/27,needs_review,"[""file_fd960952b94a17c6133039e5515cdb29b133b2905b36909786e69941eb196f09:record_1626"",""file_fd960952b94a17c6133039e5515cdb29b133b2905b36909786e69941eb196f09:record_1627"",""file_fd960952b94a17c6133039e5515cdb29b133b2905b36909786e69941eb196f09:record_1628""]",3
current_group_6bf924d02c66308c9ff8,org_d571ce5754e958e6,ind_5314e24f5f6e6912,2026/27,excluded,"[""file_fd960952b94a17c6133039e5515cdb29b133b2905b36909786e69941eb196f09:record_1625""]",1
current_group_d11192899667dc4c01ed,org_d571ce5754e958e6,ind_67ee717abbe20a1b,2026/27,excluded,"[""file_fd960952b94a17c6133039e5515cdb29b133b2905b36909786e69941eb196f09:record_1618"",""file_fd960952b94a17c6133039e5515cdb29b133b2905b36909786e69941eb196f09:record_1619"",""file_fd960952b94a17c6133039e5515cdb29b133b2905b36909786e69941eb196f09:record_1620""]",3
current_group_5a482f4ff12c6327d2f1,org_d571ce5754e958e6,ind_c2ff2b1872f9acce,2026/27,needs_review,"[""file_fd960952b94a17c6133039e5515cdb29b133b2905b36909786e69941eb196f09:record_1624""]",1
current_group_642fd326a5d2b59988b9,org_d571ce5754e958e6,ind_ee70b593aad3e4f6,2026/27,included,"[""file_fd960952b94a17c6133039e5515cdb29b133b2905b36909786e69941eb196f09:record_1621"",""file_fd960952b94a17c6133039e5515cdb29b133b2905b36909786e69941eb196f09:record_1622"",""file_fd960952b94a17c6133039e5515cdb29b133b2905b36909786e69941eb196f09:record_1623""]",3
current_group_2ce73823563991116fbc,org_d6e840718693dadf,ind_0646035afd9bba7c,2026/27,excluded,"[""file_fd960952b94a17c6133039e5515cdb29b133b2905b36909786e69941eb196f09:record_1287""]",1
current_group_c78b83d8d203862ae6e8,org_d6e840718693dadf,ind_3a75c3d1636d6e41,2026/27,needs_review,"[""file_fd960952b94a17c6133039e5515cdb29b133b2905b36909786e69941eb196f09:record_1295"",""file_fd960952b94a17c6133039e5515cdb29b133b2905b36909786e69941eb196f09:record_1296""]",2
current_group_5c2aab921e6603978f3e,org_d6e840718693dadf,ind_8fc941c9af1506a9,2026/27,needs_review,"[""file_fd960952b94a17c6133039e5515cdb29b133b2905b36909786e69941eb196f09:record_1294""]",1
current_group_a2485ebcab43da5d9997,org_d6e840718693dadf,ind_94bd6f527b8dc302,2026/27,needs_review,"[""file_fd960952b94a17c6133039e5515cdb29b133b2905b36909786e69941eb196f09:record_1290"",""file_fd960952b94a17c6133039e5515cdb29b133b2905b36909786e69941eb196f09:record_1291"",""file_fd960952b94a17c6133039e5515cdb29b133b2905b36909786e69941eb196f09:record_1292""]",3
current_group_5e2708409e2c9bbca2fa,org_d6e840718693dadf,ind_957dfd4058cca568,2026/27,needs_review,"[""file_fd960952b94a17c6133039e5515cdb29b133b2905b36909786e69941eb196f09:record_1293""]",1
current_group_f1b11a94b3d0e9f34a44,org_d6e840718693dadf,ind_a8f6cca5fe8befdf,2026/27,excluded,"[""file_fd960952b94a17c6133039e5515cdb29b133b2905b36909786e69941eb196f09:record_1288"",""file_fd960952b94a17c6133039e5515cdb29b133b2905b36909786e69941eb196f09:record_1289""]",2
current_group_63f2b3ed3557474237dd,org_d891658d330cfc19,ind_51e93058cac9d1ac,2026/27,needs_review,"[""file_fd960952b94a17c6133039e5515cdb29b133b2905b36909786e69941eb196f09:record_511"",""file_fd960952b94a17c6133039e5515cdb29b133b2905b36909786e69941eb196f09:record_512"",""file_fd960952b94a17c6133039e5515cdb29b133b2905b36909786e69941eb196f09:record_513"",""file_fd960952b94a17c6133039e5515cdb29b133b2905b36909786e69941eb196f09:record_514""]",4
current_group_90363afb3ed2a9f34d01,org_d891658d330cfc19,ind_67ee717abbe20a1b,2026/27,excluded,"[""file_fd960952b94a17c6133039e5515cdb29b133b2905b36909786e69941eb196f09:record_502"",""file_fd960952b94a17c6133039e5515cdb29b133b2905b36909786e69941eb196f09:record_503"",""file_fd960952b94a17c6133039e5515cdb29b133b2905b36909786e69941eb196f09:record_504"",""file_fd960952b94a17c6133039e5515cdb29b133b2905b36909786e69941eb196f09:record_505""]",4
current_group_05b92558501a66f25887,org_d891658d330cfc19,ind_b23c8b21989a07cb,2026/27,needs_review,"[""file_fd960952b94a17c6133039e5515cdb29b133b2905b36909786e69941eb196f09:record_510""]",1
current_group_291f1a61ad1003bd07fa,org_d891658d330cfc19,ind_cb9d21b021566c52,2026/27,needs_review,"[""file_fd960952b94a17c6133039e5515cdb29b133b2905b36909786e69941eb196f09:record_506"",""file_fd960952b94a17c6133039e5515cdb29b133b2905b36909786e69941eb196f09:record_507"",""file_fd960952b94a17c6133039e5515cdb29b133b2905b36909786e69941eb196f09:record_508"",""file_fd960952b94a17c6133039e5515cdb29b133b2905b36909786e69941eb196f09:record_509""]",4
current_group_1a8e33cba0a22f3a0195,org_d8e51990ad1a5b38,ind_01e0b2bc312470a9,2026/27,needs_review,"[""file_fd960952b94a17c6133039e5515cdb29b133b2905b36909786e69941eb196f09:record_1340""]",1
current_group_09368a06c861e4fbb32c,org_d8e51990ad1a5b38,ind_0906519f6c906be0,2026/27,needs_review,"[""file_fd960952b94a17c6133039e5515cdb29b133b2905b36909786e69941eb196f09:record_1338""]",1
current_group_7ff002c4908822d6d45a,org_d8e51990ad1a5b38,ind_3ab1eab8937254d0,2026/27,needs_review,"[""file_fd960952b94a17c6133039e5515cdb29b133b2905b36909786e69941eb196f09:record_1337""]",1
current_group_55f4abbd096eb8162ceb,org_d8e51990ad1a5b38,ind_4bd4d59e27d820a2,2026/27,needs_review,"[""file_fd960952b94a17c6133039e5515cdb29b133b2905b36909786e69941eb196f09:record_1336""]",1
current_group_2d0af68571bebae8aad3,org_d8e51990ad1a5b38,ind_5be5a05589d19152,2026/27,needs_review,"[""file_fd960952b94a17c6133039e5515cdb29b133b2905b36909786e69941eb196f09:record_1341""]",1
current_group_431427e618af7a593279,org_d8e51990ad1a5b38,ind_b2b82adddb6fa9a5,2026/27,needs_review,"[""file_fd960952b94a17c6133039e5515cdb29b133b2905b36909786e69941eb196f09:record_1342""]",1
current_group_80cfb08b04b7ff6c43db,org_d8e51990ad1a5b38,ind_fe14abbfe1d2f9d6,2026/27,needs_review,"[""file_fd960952b94a17c6133039e5515cdb29b133b2905b36909786e69941eb196f09:record_1339""]",1
current_group_4a8a3da9ff7183bec2c0,org_d959f59caa11b7d8,ind_67ee717abbe20a1b,2026/27,excluded,"[""file_fd960952b94a17c6133039e5515cdb29b133b2905b36909786e69941eb196f09:record_404""]",1
current_group_4bff6999d29e46f9f82c,org_d994dbf05a4b56ae,ind_0cce0d09b66334df,2026/27,needs_review,"[""file_fd960952b94a17c6133039e5515cdb29b133b2905b36909786e69941eb196f09:record_921"",""file_fd960952b94a17c6133039e5515cdb29b133b2905b36909786e69941eb196f09:record_922""]",2
current_group_0bcdcff96f538190869b,org_d994dbf05a4b56ae,ind_5b2e1352e31909e8,2026/27,included,"[""file_fd960952b94a17c6133039e5515cdb29b133b2905b36909786e69941eb196f09:record_931"",""file_fd960952b94a17c6133039e5515cdb29b133b2905b36909786e69941eb196f09:record_932""]",2
current_group_e7e55d890f5e96c537bc,org_d994dbf05a4b56ae,ind_60fb530189344e89,2026/27,needs_review,"[""file_fd960952b94a17c6133039e5515cdb29b133b2905b36909786e69941eb196f09:record_926"",""file_fd960952b94a17c6133039e5515cdb29b133b2905b36909786e69941eb196f09:record_927"",""file_fd960952b94a17c6133039e5515cdb29b133b2905b36909786e69941eb196f09:record_928""]",3
current_group_afbd30f8ddbf43937fe0,org_d994dbf05a4b56ae,ind_9c0b4631bd5eeac8,2026/27,needs_review,"[""file_fd960952b94a17c6133039e5515cdb29b133b2905b36909786e69941eb196f09:record_923"",""file_fd960952b94a17c6133039e5515cdb29b133b2905b36909786e69941eb196f09:record_924"",""file_fd960952b94a17c6133039e5515cdb29b133b2905b36909786e69941eb196f09:record_925""]",3
current_group_26c411cbce9cde23152a,org_d994dbf05a4b56ae,ind_a805e3c9031b2d04,2026/27,needs_review,"[""file_fd960952b94a17c6133039e5515cdb29b133b2905b36909786e69941eb196f09:record_929"",""file_fd960952b94a17c6133039e5515cdb29b133b2905b36909786e69941eb196f09:record_930""]",2
current_group_963a20df8de0b8d7690e,org_dc48df72ed816670,ind_4d2c7285c450958d,2026/27,needs_review,"[""file_fd960952b94a17c6133039e5515cdb29b133b2905b36909786e69941eb196f09:record_1051"",""file_fd960952b94a17c6133039e5515cdb29b133b2905b36909786e69941eb196f09:record_1052"",""file_fd960952b94a17c6133039e5515cdb29b133b2905b36909786e69941eb196f09:record_1053"",""file_fd960952b94a17c6133039e5515cdb29b133b2905b36909786e69941eb196f09:record_1054"",""file_fd960952b94a17c6133039e5515cdb29b133b2905b36909786e69941eb196f09:record_1055""]",5
current_group_a1198c26fde8eebcca31,org_dc48df72ed816670,ind_acad99e7f50ff4e3,2026/27,needs_review,"[""file_fd960952b94a17c6133039e5515cdb29b133b2905b36909786e69941eb196f09:record_1049"",""file_fd960952b94a17c6133039e5515cdb29b133b2905b36909786e69941eb196f09:record_1050""]",2
current_group_ba85e8022d5d3d534921,org_dc48df72ed816670,ind_e7cd9b5804f1c518,2026/27,included,"[""file_fd960952b94a17c6133039e5515cdb29b133b2905b36909786e69941eb196f09:record_1045"",""file_fd960952b94a17c6133039e5515cdb29b133b2905b36909786e69941eb196f09:record_1046"",""file_fd960952b94a17c6133039e5515cdb29b133b2905b36909786e69941eb196f09:record_1047"",""file_fd960952b94a17c6133039e5515cdb29b133b2905b36909786e69941eb196f09:record_1048""]",4
current_group_0f0672a9fa8f5ba09d72,org_de01d46fcf5bb1ba,ind_43272c7db999af85,2026/27,needs_review,"[""file_fd960952b94a17c6133039e5515cdb29b133b2905b36909786e69941eb196f09:record_1343"",""file_fd960952b94a17c6133039e5515cdb29b133b2905b36909786e69941eb196f09:record_1344"",""file_fd960952b94a17c6133039e5515cdb29b133b2905b36909786e69941eb196f09:record_1345"",""file_fd960952b94a17c6133039e5515cdb29b133b2905b36909786e69941eb196f09:record_1346"",""file_fd960952b94a17c6133039e5515cdb29b133b2905b36909786e69941eb196f09:record_1347""]",4
current_group_40ec81627a637157e909,org_de01d46fcf5bb1ba,ind_4704fa30d04ddc65,2026/27,needs_review,"[""file_fd960952b94a17c6133039e5515cdb29b133b2905b36909786e69941eb196f09:record_1350"",""file_fd960952b94a17c6133039e5515cdb29b133b2905b36909786e69941eb196f09:record_1351"",""file_fd960952b94a17c6133039e5515cdb29b133b2905b36909786e69941eb196f09:record_1352""]",3
current_group_d0197e92b74eb57d162f,org_de01d46fcf5bb1ba,ind_851d619ab98cfcce,2026/27,needs_review,"[""file_fd960952b94a17c6133039e5515cdb29b133b2905b36909786e69941eb196f09:record_1348"",""file_fd960952b94a17c6133039e5515cdb29b133b2905b36909786e69941eb196f09:record_1349""]",2
current_group_af83c59c9570a1ff158a,org_df2d768da586dfa6,ind_2733cf7e6b918e3d,2026/27,needs_review,"[""file_fd960952b94a17c6133039e5515cdb29b133b2905b36909786e69941eb196f09:record_499"",""file_fd960952b94a17c6133039e5515cdb29b133b2905b36909786e69941eb196f09:record_500"",""file_fd960952b94a17c6133039e5515cdb29b133b2905b36909786e69941eb196f09:record_501""]",3
current_group_d860536f29994572fe04,org_df2d768da586dfa6,ind_4b1201f695099350,2026/27,needs_review,"[""file_fd960952b94a17c6133039e5515cdb29b133b2905b36909786e69941eb196f09:record_491"",""file_fd960952b94a17c6133039e5515cdb29b133b2905b36909786e69941eb196f09:record_492"",""file_fd960952b94a17c6133039e5515cdb29b133b2905b36909786e69941eb196f09:record_493"",""file_fd960952b94a17c6133039e5515cdb29b133b2905b36909786e69941eb196f09:record_494""]",4
current_group_e08b2c0e72f88d6c044e,org_df2d768da586dfa6,ind_cab7a0c017573371,2026/27,needs_review,"[""file_fd960952b94a17c6133039e5515cdb29b133b2905b36909786e69941eb196f09:record_495"",""file_fd960952b94a17c6133039e5515cdb29b133b2905b36909786e69941eb196f09:record_496"",""file_fd960952b94a17c6133039e5515cdb29b133b2905b36909786e69941eb196f09:record_497"",""file_fd960952b94a17c6133039e5515cdb29b133b2905b36909786e69941eb196f09:record_498""]",4
current_group_141c0bbd5ac26e816ebe,org_df3f866172290061,ind_06590f50f65eac7e,2026/27,included,"[""file_fd960952b94a17c6133039e5515cdb29b133b2905b36909786e69941eb196f09:record_1111"",""file_fd960952b94a17c6133039e5515cdb29b133b2905b36909786e69941eb196f09:record_1112""]",2
current_group_cdb17a08a79ef69f4106,org_df3f866172290061,ind_302ccf2d1bfaee9e,2026/27,needs_review,"[""file_fd960952b94a17c6133039e5515cdb29b133b2905b36909786e69941eb196f09:record_1123"",""file_fd960952b94a17c6133039e5515cdb29b133b2905b36909786e69941eb196f09:record_1124""]",1
current_group_dbf53a0db476bf1cc27f,org_df3f866172290061,ind_3712700ff4df7317,2026/27,needs_review,"[""file_fd960952b94a17c6133039e5515cdb29b133b2905b36909786e69941eb196f09:record_1125""]",1
current_group_4bc4b55f9fcd5ff0fec3,org_df3f866172290061,ind_5246601269ab74d1,2026/27,needs_review,"[""file_fd960952b94a17c6133039e5515cdb29b133b2905b36909786e69941eb196f09:record_1118""]",1
current_group_d6be865f46e31b7d47ef,org_df3f866172290061,ind_5314e24f5f6e6912,2026/27,excluded,"[""file_fd960952b94a17c6133039e5515cdb29b133b2905b36909786e69941eb196f09:record_1114""]",1
current_group_970302c93742d0b0b81b,org_df3f866172290061,ind_5992d94ddd931eb8,2026/27,needs_review,"[""file_fd960952b94a17c6133039e5515cdb29b133b2905b36909786e69941eb196f09:record_1117""]",1
current_group_e098b0654d31bcf9bd0e,org_df3f866172290061,ind_5b2e1352e31909e8,2026/27,included,"[""file_fd960952b94a17c6133039e5515cdb29b133b2905b36909786e69941eb196f09:record_1120""]",1
current_group_344a5a82e4175b982099,org_df3f866172290061,ind_67ee717abbe20a1b,2026/27,excluded,"[""file_fd960952b94a17c6133039e5515cdb29b133b2905b36909786e69941eb196f09:record_1109""]",1
current_group_780cf53266a0070fb0e6,org_df3f866172290061,ind_7ebd4762b8a6c688,2026/27,included,"[""file_fd960952b94a17c6133039e5515cdb29b133b2905b36909786e69941eb196f09:record_1119""]",1
current_group_c78bdff8b4f2d16e31ac,org_df3f866172290061,ind_a8f6cca5fe8befdf,2026/27,excluded,"[""file_fd960952b94a17c6133039e5515cdb29b133b2905b36909786e69941eb196f09:record_1113""]",1
current_group_87340a7705138d368185,org_df3f866172290061,ind_ac3aab7cafd05448,2026/27,needs_review,"[""file_fd960952b94a17c6133039e5515cdb29b133b2905b36909786e69941eb196f09:record_1116""]",1
current_group_b2eefd7dc2d671bb35dd,org_df3f866172290061,ind_e4c5bf8b617394e9,2026/27,needs_review,"[""file_fd960952b94a17c6133039e5515cdb29b133b2905b36909786e69941eb196f09:record_1122""]",1
current_group_4576936a2ab2c8856206,org_df3f866172290061,ind_e666bcb709405e0f,2026/27,included,"[""file_fd960952b94a17c6133039e5515cdb29b133b2905b36909786e69941eb196f09:record_1115""]",1
current_group_effe4ce75dcc29241370,org_df3f866172290061,ind_ef4a9573ead4ee92,2026/27,included,"[""file_fd960952b94a17c6133039e5515cdb29b133b2905b36909786e69941eb196f09:record_1110""]",1
current_group_6899e78dd130e532ab0d,org_df3f866172290061,ind_f197a93604c302d2,2026/27,included,"[""file_fd960952b94a17c6133039e5515cdb29b133b2905b36909786e69941eb196f09:record_1121""]",1
current_group_c42503bc81d4a54425b6,org_e319a00348b4ae56,ind_047e7e176a84875c,2026/27,needs_review,"[""file_fd960952b94a17c6133039e5515cdb29b133b2905b36909786e69941eb196f09:record_1703"",""file_fd960952b94a17c6133039e5515cdb29b133b2905b36909786e69941eb196f09:record_1704"",""file_fd960952b94a17c6133039e5515cdb29b133b2905b36909786e69941eb196f09:record_1705""]",3
current_group_2c877890c1ae07d03d0e,org_e319a00348b4ae56,ind_474c28e2c409343a,2026/27,needs_review,"[""file_fd960952b94a17c6133039e5515cdb29b133b2905b36909786e69941eb196f09:record_1706"",""file_fd960952b94a17c6133039e5515cdb29b133b2905b36909786e69941eb196f09:record_1707"",""file_fd960952b94a17c6133039e5515cdb29b133b2905b36909786e69941eb196f09:record_1708""]",1
current_group_ba4ba8900ccf3671d8d5,org_e319a00348b4ae56,ind_48a60292ec779469,2026/27,needs_review,"[""file_fd960952b94a17c6133039e5515cdb29b133b2905b36909786e69941eb196f09:record_1695"",""file_fd960952b94a17c6133039e5515cdb29b133b2905b36909786e69941eb196f09:record_1696""]",2
current_group_ddd3c2963b5c4a173c8a,org_e319a00348b4ae56,ind_c0703106feb40e3e,2026/27,needs_review,"[""file_fd960952b94a17c6133039e5515cdb29b133b2905b36909786e69941eb196f09:record_1693"",""file_fd960952b94a17c6133039e5515cdb29b133b2905b36909786e69941eb196f09:record_1694""]",1
current_group_c0edc175df3844f3f567,org_e319a00348b4ae56,ind_c81588461cddeaff,2026/27,needs_review,"[""file_fd960952b94a17c6133039e5515cdb29b133b2905b36909786e69941eb196f09:record_1700"",""file_fd960952b94a17c6133039e5515cdb29b133b2905b36909786e69941eb196f09:record_1701"",""file_fd960952b94a17c6133039e5515cdb29b133b2905b36909786e69941eb196f09:record_1702""]",3
current_group_2d36f323196a980bca79,org_e319a00348b4ae56,ind_ca260e2f3781466b,2026/27,needs_review,"[""file_fd960952b94a17c6133039e5515cdb29b133b2905b36909786e69941eb196f09:record_1697"",""file_fd960952b94a17c6133039e5515cdb29b133b2905b36909786e69941eb196f09:record_1698"",""file_fd960952b94a17c6133039e5515cdb29b133b2905b36909786e69941eb196f09:record_1699""]",3
current_group_d9aef21f1223dd0f9e02,org_ea2f8e44d526fffc,ind_7e3f99a165d52ff4,2026/27,needs_review,"[""file_fd960952b94a17c6133039e5515cdb29b133b2905b36909786e69941eb196f09:record_260"",""file_fd960952b94a17c6133039e5515cdb29b133b2905b36909786e69941eb196f09:record_261"",""file_fd960952b94a17c6133039e5515cdb29b133b2905b36909786e69941eb196f09:record_262""]",3
current_group_b844de4a0ef848d2ebf3,org_ea2f8e44d526fffc,ind_8b15eda87509468e,2026/27,needs_review,"[""file_fd960952b94a17c6133039e5515cdb29b133b2905b36909786e69941eb196f09:record_263"",""file_fd960952b94a17c6133039e5515cdb29b133b2905b36909786e69941eb196f09:record_264"",""file_fd960952b94a17c6133039e5515cdb29b133b2905b36909786e69941eb196f09:record_265"",""file_fd960952b94a17c6133039e5515cdb29b133b2905b36909786e69941eb196f09:record_266""]",4
current_group_c1444b622404b6aa2106,org_ea2f8e44d526fffc,ind_8e182b7d955fc6ab,2026/27,needs_review,"[""file_fd960952b94a17c6133039e5515cdb29b133b2905b36909786e69941eb196f09:record_270"",""file_fd960952b94a17c6133039e5515cdb29b133b2905b36909786e69941eb196f09:record_271"",""file_fd960952b94a17c6133039e5515cdb29b133b2905b36909786e69941eb196f09:record_272""]",3
current_group_4a7c12d9eb4f11dbc6f5,org_ea2f8e44d526fffc,ind_906087f3facc6965,2026/27,needs_review,"[""file_fd960952b94a17c6133039e5515cdb29b133b2905b36909786e69941eb196f09:record_257"",""file_fd960952b94a17c6133039e5515cdb29b133b2905b36909786e69941eb196f09:record_258"",""file_fd960952b94a17c6133039e5515cdb29b133b2905b36909786e69941eb196f09:record_259""]",3
current_group_ec2e276e154b4e8a4eca,org_ea2f8e44d526fffc,ind_c090a4c58ec89636,2026/27,needs_review,"[""file_fd960952b94a17c6133039e5515cdb29b133b2905b36909786e69941eb196f09:record_273"",""file_fd960952b94a17c6133039e5515cdb29b133b2905b36909786e69941eb196f09:record_274"",""file_fd960952b94a17c6133039e5515cdb29b133b2905b36909786e69941eb196f09:record_275""]",3
current_group_dee17ad3a2a56e295c07,org_ea2f8e44d526fffc,ind_f5ca02e1dbd1898d,2026/27,needs_review,"[""file_fd960952b94a17c6133039e5515cdb29b133b2905b36909786e69941eb196f09:record_267"",""file_fd960952b94a17c6133039e5515cdb29b133b2905b36909786e69941eb196f09:record_268"",""file_fd960952b94a17c6133039e5515cdb29b133b2905b36909786e69941eb196f09:record_269""]",3
current_group_6488e1f8d19249e95c47,org_ef7fa0230fe84ddb,ind_0646035afd9bba7c,2026/27,excluded,"[""file_fd960952b94a17c6133039e5515cdb29b133b2905b36909786e69941eb196f09:record_111"",""file_fd960952b94a17c6133039e5515cdb29b133b2905b36909786e69941eb196f09:record_112"",""file_fd960952b94a17c6133039e5515cdb29b133b2905b36909786e69941eb196f09:record_113""]",3
current_group_7f0876c493cdce7311e4,org_ef7fa0230fe84ddb,ind_06590f50f65eac7e,2026/27,included,"[""file_fd960952b94a17c6133039e5515cdb29b133b2905b36909786e69941eb196f09:record_117""]",1
current_group_5f98e23bacebe3377e06,org_ef7fa0230fe84ddb,ind_37478f8fb5db2bb6,2026/27,excluded,"[""file_fd960952b94a17c6133039e5515cdb29b133b2905b36909786e69941eb196f09:record_118"",""file_fd960952b94a17c6133039e5515cdb29b133b2905b36909786e69941eb196f09:record_119"",""file_fd960952b94a17c6133039e5515cdb29b133b2905b36909786e69941eb196f09:record_120"",""file_fd960952b94a17c6133039e5515cdb29b133b2905b36909786e69941eb196f09:record_121"",""file_fd960952b94a17c6133039e5515cdb29b133b2905b36909786e69941eb196f09:record_122""]",5
current_group_3b42cdc800feabe8c159,org_ef7fa0230fe84ddb,ind_67ee717abbe20a1b,2026/27,excluded,"[""file_fd960952b94a17c6133039e5515cdb29b133b2905b36909786e69941eb196f09:record_114"",""file_fd960952b94a17c6133039e5515cdb29b133b2905b36909786e69941eb196f09:record_115"",""file_fd960952b94a17c6133039e5515cdb29b133b2905b36909786e69941eb196f09:record_116""]",3
current_group_f9a3e77eb5fe0bb61733,org_ef7fa0230fe84ddb,ind_d7a3977aaa692c43,2026/27,needs_review,"[""file_fd960952b94a17c6133039e5515cdb29b133b2905b36909786e69941eb196f09:record_123"",""file_fd960952b94a17c6133039e5515cdb29b133b2905b36909786e69941eb196f09:record_124""]",2
current_group_964a85771824ac9971e3,org_f05da09420b0d727,ind_06590f50f65eac7e,2026/27,included,"[""file_fd960952b94a17c6133039e5515cdb29b133b2905b36909786e69941eb196f09:record_486""]",1
current_group_5b77b6299dfcf4fe5afd,org_f05da09420b0d727,ind_5314e24f5f6e6912,2026/27,excluded,"[""file_fd960952b94a17c6133039e5515cdb29b133b2905b36909786e69941eb196f09:record_487""]",1
current_group_301e4f2cf4750419b4d5,org_f05da09420b0d727,ind_7a909550554a519f,2026/27,needs_review,"[""file_fd960952b94a17c6133039e5515cdb29b133b2905b36909786e69941eb196f09:record_489""]",1
current_group_2c4c343ada3b853173f7,org_f05da09420b0d727,ind_9d95f371ced17545,2026/27,needs_review,"[""file_fd960952b94a17c6133039e5515cdb29b133b2905b36909786e69941eb196f09:record_490""]",1
current_group_d499ced1ad10eb723587,org_f05da09420b0d727,ind_db055b93d303f28c,2026/27,needs_review,"[""file_fd960952b94a17c6133039e5515cdb29b133b2905b36909786e69941eb196f09:record_488""]",1
current_group_f162e5cf043887308cd3,org_f05da09420b0d727,ind_ef4a9573ead4ee92,2026/27,included,"[""file_fd960952b94a17c6133039e5515cdb29b133b2905b36909786e69941eb196f09:record_485""]",1
current_group_d4d86aa505a4a1018775,org_f0b636d778c0ae76,ind_4591867a73fb16c8,2026/27,needs_review,"[""file_fd960952b94a17c6133039e5515cdb29b133b2905b36909786e69941eb196f09:record_811"",""file_fd960952b94a17c6133039e5515cdb29b133b2905b36909786e69941eb196f09:record_812"",""file_fd960952b94a17c6133039e5515cdb29b133b2905b36909786e69941eb196f09:record_813"",""file_fd960952b94a17c6133039e5515cdb29b133b2905b36909786e69941eb196f09:record_814""]",4
current_group_5eafe8e72abe93f8436f,org_f0b636d778c0ae76,ind_74a78a3fce547712,2026/27,needs_review,"[""file_fd960952b94a17c6133039e5515cdb29b133b2905b36909786e69941eb196f09:record_815"",""file_fd960952b94a17c6133039e5515cdb29b133b2905b36909786e69941eb196f09:record_816""]",2
current_group_6cc7c7ca479ba81709c2,org_f0b636d778c0ae76,ind_89cd53fc7444d788,2026/27,needs_review,"[""file_fd960952b94a17c6133039e5515cdb29b133b2905b36909786e69941eb196f09:record_818"",""file_fd960952b94a17c6133039e5515cdb29b133b2905b36909786e69941eb196f09:record_819""]",2
current_group_a826daaee899993831ac,org_f0b636d778c0ae76,ind_91b2035ebdb0356b,2026/27,needs_review,"[""file_fd960952b94a17c6133039e5515cdb29b133b2905b36909786e69941eb196f09:record_806"",""file_fd960952b94a17c6133039e5515cdb29b133b2905b36909786e69941eb196f09:record_807"",""file_fd960952b94a17c6133039e5515cdb29b133b2905b36909786e69941eb196f09:record_808"",""file_fd960952b94a17c6133039e5515cdb29b133b2905b36909786e69941eb196f09:record_809"",""file_fd960952b94a17c6133039e5515cdb29b133b2905b36909786e69941eb196f09:record_810""]",5
current_group_047f1e5bb7507b8367f7,org_f0b636d778c0ae76,ind_962dd98db8e844ed,2026/27,needs_review,"[""file_fd960952b94a17c6133039e5515cdb29b133b2905b36909786e69941eb196f09:record_817""]",1
current_group_ee96182938f2d507900a,org_f2ecb8bbfe8e4cbb,ind_5b2e1352e31909e8,2026/27,included,"[""file_fd960952b94a17c6133039e5515cdb29b133b2905b36909786e69941eb196f09:record_252"",""file_fd960952b94a17c6133039e5515cdb29b133b2905b36909786e69941eb196f09:record_253"",""file_fd960952b94a17c6133039e5515cdb29b133b2905b36909786e69941eb196f09:record_254""]",3
current_group_93f9300e7cd660a927f0,org_f2ecb8bbfe8e4cbb,ind_67ee717abbe20a1b,2026/27,excluded,"[""file_fd960952b94a17c6133039e5515cdb29b133b2905b36909786e69941eb196f09:record_250"",""file_fd960952b94a17c6133039e5515cdb29b133b2905b36909786e69941eb196f09:record_251""]",2
current_group_b21b206f504777870ffc,org_f2ecb8bbfe8e4cbb,ind_761325f362fc5097,2026/27,needs_review,"[""file_fd960952b94a17c6133039e5515cdb29b133b2905b36909786e69941eb196f09:record_256""]",1
current_group_3fa692a4a5c9aaa2d1da,org_f2ecb8bbfe8e4cbb,ind_e2fd391f9961d5b6,2026/27,needs_review,"[""file_fd960952b94a17c6133039e5515cdb29b133b2905b36909786e69941eb196f09:record_255""]",1
current_group_d1bd805d8d3d3b0fc1c2,org_f8eac9c57136e46f,ind_08386b8b731a1c60,2026/27,needs_review,"[""file_fd960952b94a17c6133039e5515cdb29b133b2905b36909786e69941eb196f09:record_561"",""file_fd960952b94a17c6133039e5515cdb29b133b2905b36909786e69941eb196f09:record_562""]",2
current_group_982dee493fc06cec5442,org_f8eac9c57136e46f,ind_0b526aa996e4e990,2026/27,needs_review,"[""file_fd960952b94a17c6133039e5515cdb29b133b2905b36909786e69941eb196f09:record_563""]",1
current_group_67337301ad7d705ba8df,org_f8eac9c57136e46f,ind_21977806f701e279,2026/27,needs_review,"[""file_fd960952b94a17c6133039e5515cdb29b133b2905b36909786e69941eb196f09:record_555""]",1
current_group_43de69497bd039dc667c,org_f8eac9c57136e46f,ind_2491bbe980ee86bf,2026/27,needs_review,"[""file_fd960952b94a17c6133039e5515cdb29b133b2905b36909786e69941eb196f09:record_564"",""file_fd960952b94a17c6133039e5515cdb29b133b2905b36909786e69941eb196f09:record_565""]",2
current_group_980fa38163cc9a1fe9ad,org_f8eac9c57136e46f,ind_35bd5da44f8a5e44,2026/27,needs_review,"[""file_fd960952b94a17c6133039e5515cdb29b133b2905b36909786e69941eb196f09:record_560""]",1
current_group_83da22c9d064ccc7ec5c,org_f8eac9c57136e46f,ind_37478f8fb5db2bb6,2026/27,excluded,"[""file_fd960952b94a17c6133039e5515cdb29b133b2905b36909786e69941eb196f09:record_553"",""file_fd960952b94a17c6133039e5515cdb29b133b2905b36909786e69941eb196f09:record_554""]",2
current_group_1ca1ff826e779478d251,org_f8eac9c57136e46f,ind_4627f671e76cc391,2026/27,needs_review,"[""file_fd960952b94a17c6133039e5515cdb29b133b2905b36909786e69941eb196f09:record_559""]",1
current_group_aeee52ab154526a558c9,org_f8eac9c57136e46f,ind_70af49183c985bdc,2026/27,needs_review,"[""file_fd960952b94a17c6133039e5515cdb29b133b2905b36909786e69941eb196f09:record_557"",""file_fd960952b94a17c6133039e5515cdb29b133b2905b36909786e69941eb196f09:record_558""]",2
current_group_68d39735588483ee8dc1,org_f8eac9c57136e46f,ind_a0e544555526255d,2026/27,needs_review,"[""file_fd960952b94a17c6133039e5515cdb29b133b2905b36909786e69941eb196f09:record_566"",""file_fd960952b94a17c6133039e5515cdb29b133b2905b36909786e69941eb196f09:record_567"",""file_fd960952b94a17c6133039e5515cdb29b133b2905b36909786e69941eb196f09:record_568""]",3
current_group_36af9c045971d74e1958,org_f8eac9c57136e46f,ind_d6c2a2a59afc9ab5,2026/27,needs_review,"[""file_fd960952b94a17c6133039e5515cdb29b133b2905b36909786e69941eb196f09:record_556""]",1
current_group_a843434422943a41206c,org_fb3ac5f6ed2b1a0d,ind_0646035afd9bba7c,2026/27,excluded,"[""file_fd960952b94a17c6133039e5515cdb29b133b2905b36909786e69941eb196f09:record_1490"",""file_fd960952b94a17c6133039e5515cdb29b133b2905b36909786e69941eb196f09:record_1491""]",2
current_group_19bbf0714f96d98c29cf,org_fb3ac5f6ed2b1a0d,ind_37478f8fb5db2bb6,2026/27,excluded,"[""file_fd960952b94a17c6133039e5515cdb29b133b2905b36909786e69941eb196f09:record_1499"",""file_fd960952b94a17c6133039e5515cdb29b133b2905b36909786e69941eb196f09:record_1500"",""file_fd960952b94a17c6133039e5515cdb29b133b2905b36909786e69941eb196f09:record_1501""]",3
current_group_e727c0bbc232e14b83ff,org_fb3ac5f6ed2b1a0d,ind_5314e24f5f6e6912,2026/27,excluded,"[""file_fd960952b94a17c6133039e5515cdb29b133b2905b36909786e69941eb196f09:record_1502""]",1
current_group_9590cec2a09f31a511f9,org_fb3ac5f6ed2b1a0d,ind_67ee717abbe20a1b,2026/27,excluded,"[""file_fd960952b94a17c6133039e5515cdb29b133b2905b36909786e69941eb196f09:record_1492"",""file_fd960952b94a17c6133039e5515cdb29b133b2905b36909786e69941eb196f09:record_1493""]",2
current_group_5b6fabab7f0e7b157a35,org_fb3ac5f6ed2b1a0d,ind_70432430e9298d3d,2026/27,needs_review,"[""file_fd960952b94a17c6133039e5515cdb29b133b2905b36909786e69941eb196f09:record_1497""]",1
current_group_2f3a19c044b96503223b,org_fb3ac5f6ed2b1a0d,ind_7ebd4762b8a6c688,2026/27,included,"[""file_fd960952b94a17c6133039e5515cdb29b133b2905b36909786e69941eb196f09:record_1504"",""file_fd960952b94a17c6133039e5515cdb29b133b2905b36909786e69941eb196f09:record_1505"",""file_fd960952b94a17c6133039e5515cdb29b133b2905b36909786e69941eb196f09:record_1506"",""file_fd960952b94a17c6133039e5515cdb29b133b2905b36909786e69941eb196f09:record_1507"",""file_fd960952b94a17c6133039e5515cdb29b133b2905b36909786e69941eb196f09:record_1508""]",5
current_group_edfcfb15e3b611aca3d5,org_fb3ac5f6ed2b1a0d,ind_e666bcb709405e0f,2026/27,included,"[""file_fd960952b94a17c6133039e5515cdb29b133b2905b36909786e69941eb196f09:record_1503""]",1
current_group_8c482ee08e74a54d00a2,org_fb3ac5f6ed2b1a0d,ind_e7cd9b5804f1c518,2026/27,included,"[""file_fd960952b94a17c6133039e5515cdb29b133b2905b36909786e69941eb196f09:record_1509"",""file_fd960952b94a17c6133039e5515cdb29b133b2905b36909786e69941eb196f09:record_1510"",""file_fd960952b94a17c6133039e5515cdb29b133b2905b36909786e69941eb196f09:record_1511"",""file_fd960952b94a17c6133039e5515cdb29b133b2905b36909786e69941eb196f09:record_1512""]",4
current_group_245d2658c35c9407ba9f,org_fb3ac5f6ed2b1a0d,ind_ee70b593aad3e4f6,2026/27,included,"[""file_fd960952b94a17c6133039e5515cdb29b133b2905b36909786e69941eb196f09:record_1498""]",1
current_group_e234d62efffe9e7ae247,org_fb3ac5f6ed2b1a0d,ind_f08543877babc751,2026/27,needs_review,"[""file_fd960952b94a17c6133039e5515cdb29b133b2905b36909786e69941eb196f09:record_1494"",""file_fd960952b94a17c6133039e5515cdb29b133b2905b36909786e69941eb196f09:record_1495"",""file_fd960952b94a17c6133039e5515cdb29b133b2905b36909786e69941eb196f09:record_1496""]",3
current_group_28755dd7c16ee5a3c846,org_fccdb5d56b6f960a,ind_37478f8fb5db2bb6,2026/27,excluded,"[""file_fd960952b94a17c6133039e5515cdb29b133b2905b36909786e69941eb196f09:record_1673"",""file_fd960952b94a17c6133039e5515cdb29b133b2905b36909786e69941eb196f09:record_1674"",""file_fd960952b94a17c6133039e5515cdb29b133b2905b36909786e69941eb196f09:record_1675""]",3
current_group_a0da9ca91c24b30d7f37,org_fccdb5d56b6f960a,ind_5314e24f5f6e6912,2026/27,excluded,"[""file_fd960952b94a17c6133039e5515cdb29b133b2905b36909786e69941eb196f09:record_1676"",""file_fd960952b94a17c6133039e5515cdb29b133b2905b36909786e69941eb196f09:record_1677"",""file_fd960952b94a17c6133039e5515cdb29b133b2905b36909786e69941eb196f09:record_1678""]",1
current_group_9ea74e2c61c9131d9466,org_fccdb5d56b6f960a,ind_5b2e1352e31909e8,2026/27,included,"[""file_fd960952b94a17c6133039e5515cdb29b133b2905b36909786e69941eb196f09:record_1679""]",1
current_group_8ba6223ea6105c63c036,org_fccdb5d56b6f960a,ind_67ee717abbe20a1b,2026/27,excluded,"[""file_fd960952b94a17c6133039e5515cdb29b133b2905b36909786e69941eb196f09:record_1670"",""file_fd960952b94a17c6133039e5515cdb29b133b2905b36909786e69941eb196f09:record_1671"",""file_fd960952b94a17c6133039e5515cdb29b133b2905b36909786e69941eb196f09:record_1672""]",3
current_group_06daa7a838cbd247ca91,org_fdb6fadf44c4d84a,ind_5314e24f5f6e6912,2026/27,excluded,"[""file_fd960952b94a17c6133039e5515cdb29b133b2905b36909786e69941eb196f09:record_72""]",1
current_group_5eb1fc243dc46a3115ff,org_fe48b4397a2c4a68,ind_06590f50f65eac7e,2026/27,included,"[""file_fd960952b94a17c6133039e5515cdb29b133b2905b36909786e69941eb196f09:record_375"",""file_fd960952b94a17c6133039e5515cdb29b133b2905b36909786e69941eb196f09:record_376"",""file_fd960952b94a17c6133039e5515cdb29b133b2905b36909786e69941eb196f09:record_377"",""file_fd960952b94a17c6133039e5515cdb29b133b2905b36909786e69941eb196f09:record_378"",""file_fd960952b94a17c6133039e5515cdb29b133b2905b36909786e69941eb196f09:record_379""]",5
current_group_d077bfe0715df54d32ca,org_fe48b4397a2c4a68,ind_546d626142a12468,2026/27,needs_review,"[""file_fd960952b94a17c6133039e5515cdb29b133b2905b36909786e69941eb196f09:record_388"",""file_fd960952b94a17c6133039e5515cdb29b133b2905b36909786e69941eb196f09:record_389"",""file_fd960952b94a17c6133039e5515cdb29b133b2905b36909786e69941eb196f09:record_390"",""file_fd960952b94a17c6133039e5515cdb29b133b2905b36909786e69941eb196f09:record_391""]",4
current_group_2949212beebf6db3d011,org_fe48b4397a2c4a68,ind_63f124019251d9d8,2026/27,needs_review,"[""file_fd960952b94a17c6133039e5515cdb29b133b2905b36909786e69941eb196f09:record_392"",""file_fd960952b94a17c6133039e5515cdb29b133b2905b36909786e69941eb196f09:record_393"",""file_fd960952b94a17c6133039e5515cdb29b133b2905b36909786e69941eb196f09:record_394"",""file_fd960952b94a17c6133039e5515cdb29b133b2905b36909786e69941eb196f09:record_395"",""file_fd960952b94a17c6133039e5515cdb29b133b2905b36909786e69941eb196f09:record_396""]",5
current_group_cd18d6be492c8cdff248,org_fe48b4397a2c4a68,ind_67ee717abbe20a1b,2026/27,excluded,"[""file_fd960952b94a17c6133039e5515cdb29b133b2905b36909786e69941eb196f09:record_368"",""file_fd960952b94a17c6133039e5515cdb29b133b2905b36909786e69941eb196f09:record_369"",""file_fd960952b94a17c6133039e5515cdb29b133b2905b36909786e69941eb196f09:record_370"",""file_fd960952b94a17c6133039e5515cdb29b133b2905b36909786e69941eb196f09:record_371""]",4
current_group_271252d1d82bbdbc65f5,org_fe48b4397a2c4a68,ind_7ebd4762b8a6c688,2026/27,included,"[""file_fd960952b94a17c6133039e5515cdb29b133b2905b36909786e69941eb196f09:record_382"",""file_fd960952b94a17c6133039e5515cdb29b133b2905b36909786e69941eb196f09:record_383""]",2
current_group_b5ded9248a69b240dc1f,org_fe48b4397a2c4a68,ind_9ec784477ba91740,2026/27,needs_review,"[""file_fd960952b94a17c6133039e5515cdb29b133b2905b36909786e69941eb196f09:record_400"",""file_fd960952b94a17c6133039e5515cdb29b133b2905b36909786e69941eb196f09:record_401"",""file_fd960952b94a17c6133039e5515cdb29b133b2905b36909786e69941eb196f09:record_402"",""file_fd960952b94a17c6133039e5515cdb29b133b2905b36909786e69941eb196f09:record_403""]",4
current_group_c353988490f47c2ccbc6,org_fe48b4397a2c4a68,ind_dd448f8343c59fa1,2026/27,excluded,"[""file_fd960952b94a17c6133039e5515cdb29b133b2905b36909786e69941eb196f09:record_397"",""file_fd960952b94a17c6133039e5515cdb29b133b2905b36909786e69941eb196f09:record_398"",""file_fd960952b94a17c6133039e5515cdb29b133b2905b36909786e69941eb196f09:record_399""]",3
current_group_8c69d11a31bbc61cd620,org_fe48b4397a2c4a68,ind_e666bcb709405e0f,2026/27,included,"[""file_fd960952b94a17c6133039e5515cdb29b133b2905b36909786e69941eb196f09:record_380"",""file_fd960952b94a17c6133039e5515cdb29b133b2905b36909786e69941eb196f09:record_381""]",2
current_group_bd0ab671c52cc4303795,org_fe48b4397a2c4a68,ind_e7cd9b5804f1c518,2026/27,included,"[""file_fd960952b94a17c6133039e5515cdb29b133b2905b36909786e69941eb196f09:record_384"",""file_fd960952b94a17c6133039e5515cdb29b133b2905b36909786e69941eb196f09:record_385"",""file_fd960952b94a17c6133039e5515cdb29b133b2905b36909786e69941eb196f09:record_386"",""file_fd960952b94a17c6133039e5515cdb29b133b2905b36909786e69941eb196f09:record_387""]",4
current_group_7e9fc85b7f4042f60e30,org_fe48b4397a2c4a68,ind_ef4a9573ead4ee92,2026/27,included,"[""file_fd960952b94a17c6133039e5515cdb29b133b2905b36909786e69941eb196f09:record_372"",""file_fd960952b94a17c6133039e5515cdb29b133b2905b36909786e69941eb196f09:record_373"",""file_fd960952b94a17c6133039e5515cdb29b133b2905b36909786e69941eb196f09:record_374""]",3
current_group_7e3882cc78f95b8292a2,org_ff8b16243f662b9b,ind_1833458b359fb9d4,2026/27,needs_review,"[""file_fd960952b94a17c6133039e5515cdb29b133b2905b36909786e69941eb196f09:record_1421""]",1
current_group_8a4b6b9e134e335bea38,org_ff8b16243f662b9b,ind_226ac7b2f643c314,2026/27,needs_review,"[""file_fd960952b94a17c6133039e5515cdb29b133b2905b36909786e69941eb196f09:record_1417"",""file_fd960952b94a17c6133039e5515cdb29b133b2905b36909786e69941eb196f09:record_1418"",""file_fd960952b94a17c6133039e5515cdb29b133b2905b36909786e69941eb196f09:record_1419"",""file_fd960952b94a17c6133039e5515cdb29b133b2905b36909786e69941eb196f09:record_1420""]",4
current_group_aa644208c14a7b98f915,org_ff8b16243f662b9b,ind_f50f5a6f0a5a0ebc,2026/27,needs_review,"[""file_fd960952b94a17c6133039e5515cdb29b133b2905b36909786e69941eb196f09:record_1411"",""file_fd960952b94a17c6133039e5515cdb29b133b2905b36909786e69941eb196f09:record_1412"",""file_fd960952b94a17c6133039e5515cdb29b133b2905b36909786e69941eb196f09:record_1413"",""file_fd960952b94a17c6133039e5515cdb29b133b2905b36909786e69941eb196f09:record_1414"",""file_fd960952b94a17c6133039e5515cdb29b133b2905b36909786e69941eb196f09:record_1415"",""file_fd960952b94a17c6133039e5515cdb29b133b2905b36909786e69941eb196f09:record_1416""]",6
current_group_88d9b22dc6e7228ef96c,org_ffe1250ca721fe98,ind_5b2e1352e31909e8,2026/27,included,"[""file_fd960952b94a17c6133039e5515cdb29b133b2905b36909786e69941eb196f09:record_1318""]",1
current_group_415370de9533bf9506b0,org_ffe1250ca721fe98,ind_67ee717abbe20a1b,2026/27,excluded,"[""file_fd960952b94a17c6133039e5515cdb29b133b2905b36909786e69941eb196f09:record_1315""]",1
current_group_5839ab9e2c6af217abd4,org_ffe1250ca721fe98,ind_923f20b6f720663c,2026/27,needs_review,"[""file_fd960952b94a17c6133039e5515cdb29b133b2905b36909786e69941eb196f09:record_1320""]",1
current_group_13def5d4ed4351529a41,org_ffe1250ca721fe98,ind_ccd554b0cf1cb0ca,2026/27,needs_review,"[""file_fd960952b94a17c6133039e5515cdb29b133b2905b36909786e69941eb196f09:record_1319""]",1
current_group_42986d4fe4b3ff599794,org_ffe1250ca721fe98,ind_e7cd9b5804f1c518,2026/27,included,"[""file_fd960952b94a17c6133039e5515cdb29b133b2905b36909786e69941eb196f09:record_1317""]",1
current_group_d5a6b3a62b2aff795f4e,org_ffe1250ca721fe98,ind_ee70b593aad3e4f6,2026/27,included,"[""file_fd960952b94a17c6133039e5515cdb29b133b2905b36909786e69941eb196f09:record_1316""]",1
current_group_94ddfe321a36f914ac9f,org_ffea216599e5e6b1,ind_06ee2b9b22e691e4,2026/27,needs_review,"[""file_fd960952b94a17c6133039e5515cdb29b133b2905b36909786e69941eb196f09:record_1042"",""file_fd960952b94a17c6133039e5515cdb29b133b2905b36909786e69941eb196f09:record_1043"",""file_fd960952b94a17c6133039e5515cdb29b133b2905b36909786e69941eb196f09:record_1044""]",3
current_group_8287365920abff2fced9,org_ffea216599e5e6b1,ind_5314e24f5f6e6912,2026/27,excluded,"[""file_fd960952b94a17c6133039e5515cdb29b133b2905b36909786e69941eb196f09:record_1023"",""file_fd960952b94a17c6133039e5515cdb29b133b2905b36909786e69941eb196f09:record_1024"",""file_fd960952b94a17c6133039e5515cdb29b133b2905b36909786e69941eb196f09:record_1025"",""file_fd960952b94a17c6133039e5515cdb29b133b2905b36909786e69941eb196f09:record_1026"",""file_fd960952b94a17c6133039e5515cdb29b133b2905b36909786e69941eb196f09:record_1027"",""file_fd960952b94a17c6133039e5515cdb29b133b2905b36909786e69941eb196f09:record_1028"",""file_fd960952b94a17c6133039e5515cdb29b133b2905b36909786e69941eb196f09:record_1029""]",7
current_group_1263549ec30aaaeb6d65,org_ffea216599e5e6b1,ind_7b80ea72e24f0e8b,2026/27,needs_review,"[""file_fd960952b94a17c6133039e5515cdb29b133b2905b36909786e69941eb196f09:record_1036"",""file_fd960952b94a17c6133039e5515cdb29b133b2905b36909786e69941eb196f09:record_1037"",""file_fd960952b94a17c6133039e5515cdb29b133b2905b36909786e69941eb196f09:record_1038"",""file_fd960952b94a17c6133039e5515cdb29b133b2905b36909786e69941eb196f09:record_1039"",""file_fd960952b94a17c6133039e5515cdb29b133b2905b36909786e69941eb196f09:record_1040"",""file_fd960952b94a17c6133039e5515cdb29b133b2905b36909786e69941eb196f09:record_1041""]",6
current_group_7b2798dbf3d0aa9967fd,org_ffea216599e5e6b1,ind_7b9e0bed3af527ae,2026/27,needs_review,"[""file_fd960952b94a17c6133039e5515cdb29b133b2905b36909786e69941eb196f09:record_1030"",""file_fd960952b94a17c6133039e5515cdb29b133b2905b36909786e69941eb196f09:record_1031"",""file_fd960952b94a17c6133039e5515cdb29b133b2905b36909786e69941eb196f09:record_1032"",""file_fd960952b94a17c6133039e5515cdb29b133b2905b36909786e69941eb196f09:record_1033"",""file_fd960952b94a17c6133039e5515cdb29b133b2905b36909786e69941eb196f09:record_1034"",""file_fd960952b94a17c6133039e5515cdb29b133b2905b36909786e69941eb196f09:record_1035""]",6
current_group_02ff1db91b0ebad80507,org_ffea216599e5e6b1,ind_af1e9ec0347b8a40,2026/27,needs_review,"[""file_fd960952b94a17c6133039e5515cdb29b133b2905b36909786e69941eb196f09:record_1012"",""file_fd960952b94a17c6133039e5515cdb29b133b2905b36909786e69941eb196f09:record_1013"",""file_fd960952b94a17c6133039e5515cdb29b133b2905b36909786e69941eb196f09:record_1014"",""file_fd960952b94a17c6133039e5515cdb29b133b2905b36909786e69941eb196f09:record_1015"",""file_fd960952b94a17c6133039e5515cdb29b133b2905b36909786e69941eb196f09:record_1016""]",5
current_group_d97dac050b3c97511a68,org_ffea216599e5e6b1,ind_ee70b593aad3e4f6,2026/27,included,"[""file_fd960952b94a17c6133039e5515cdb29b133b2905b36909786e69941eb196f09:record_1017"",""file_fd960952b94a17c6133039e5515cdb29b133b2905b36909786e69941eb196f09:record_1018"",""file_fd960952b94a17c6133039e5515cdb29b133b2905b36909786e69941eb196f09:record_1019"",""file_fd960952b94a17c6133039e5515cdb29b133b2905b36909786e69941eb196f09:record_1020""]",4
current_group_5624b63b3808f4ea10d0,org_ffea216599e5e6b1,ind_ef4a9573ead4ee92,2026/27,included,"[""file_fd960952b94a17c6133039e5515cdb29b133b2905b36909786e69941eb196f09:record_1021"",""file_fd960952b94a17c6133039e5515cdb29b133b2905b36909786e69941eb196f09:record_1022""]",2
