cycle_id,primary_category,intervention_category,interventions_in_category,cycle_outcome,target_met,organization_id,indicator_id,hospital_model,region,plan_fiscal_year,ed_scope,analysis_eligible,analysis_exclusion_reason,comparison_eligible,category_count_per_cycle,classified_category_count_per_cycle,single_category_cycle,multi_category_cycle,single_classified_category_cycle,has_unclassified_interventions,intervention_ids
cycle_fdf29fa7958bf0485878,Emergency Department Workflow,Emergency Department Workflow,1,Insufficient data,,org_004976c32c109a2a,ind_06590f50f65eac7e,Small Hospital,East Region,2024/25,included,false,insufficient first-cycle ED longitudinal coverage,false,2,2,false,true,false,false,"[""intervention_65d7f2e039d97d01afe7""]"
cycle_fdf29fa7958bf0485878,Policy / Standardization,Policy / Standardization,1,Insufficient data,,org_004976c32c109a2a,ind_06590f50f65eac7e,Small Hospital,East Region,2024/25,included,false,insufficient first-cycle ED longitudinal coverage,false,2,2,false,true,false,false,"[""intervention_f7fe1bdd268121467b93""]"
cycle_19af076068d1a80951ee,Training & Education,Training & Education,1,Insufficient data,,org_004976c32c109a2a,ind_06590f50f65eac7e,Small Hospital,East Region,2025/26,included,false,unit_unverified; population_unverified; reporting_period_unverified; historical_match_unavailable_or_ambiguous,false,1,1,true,false,true,false,"[""intervention_1ec721dc9aadde362f16""]"
cycle_114704e4c31725edbe44,Other,Other,1,Insufficient data,,org_004976c32c109a2a,ind_190f792c11f8550f,Small Hospital,East Region,2025/26,needs_review,false,outside primary ED analysis scope,false,1,0,true,false,false,true,"[""intervention_fbb0829b111b22246f58""]"
cycle_ed481ca29cd2bba0b8bb,Other,Other,1,Insufficient data,,org_004976c32c109a2a,ind_2f90b8c20acfc56f,Small Hospital,East Region,2024/25,needs_review,false,outside primary ED analysis scope,false,1,0,true,false,false,true,"[""intervention_003dac73f6ac5a631756""]"
cycle_8afea5997b4eb695b159,Bed & Capacity Management,Bed & Capacity Management,1,Insufficient data,,org_004976c32c109a2a,ind_3fdbfa1beb8cd349,Small Hospital,East Region,2024/25,needs_review,false,outside primary ED analysis scope,false,3,2,false,true,false,true,"[""intervention_c2508d26349cb334f01a""]"
cycle_8afea5997b4eb695b159,Other,Other,1,Insufficient data,,org_004976c32c109a2a,ind_3fdbfa1beb8cd349,Small Hospital,East Region,2024/25,needs_review,false,outside primary ED analysis scope,false,3,2,false,true,false,true,"[""intervention_f7621baf3bc81f6a949d""]"
cycle_8afea5997b4eb695b159,Patient Streaming / Triage,Patient Streaming / Triage,1,Insufficient data,,org_004976c32c109a2a,ind_3fdbfa1beb8cd349,Small Hospital,East Region,2024/25,needs_review,false,outside primary ED analysis scope,false,3,2,false,true,false,true,"[""intervention_5a57d878a43500a0da19""]"
cycle_cf8f0b647c6b9cdc0f30,Training & Education,Training & Education,1,Insufficient data,,org_004976c32c109a2a,ind_5314e24f5f6e6912,Small Hospital,East Region,2024/25,excluded,false,outside primary ED analysis scope,false,1,1,true,false,true,false,"[""intervention_ca004e722a13202ce86f""]"
cycle_555b9691c2a114c07e0d,Training & Education,Training & Education,1,Insufficient data,,org_004976c32c109a2a,ind_5314e24f5f6e6912,Small Hospital,East Region,2025/26,excluded,false,outside primary ED analysis scope,false,1,1,true,false,true,false,"[""intervention_17206760a8b6b7083023""]"
cycle_036d51a87d3ac41a678e,Care Coordination & Communication,Care Coordination & Communication,1,Insufficient data,,org_004976c32c109a2a,ind_5b2e1352e31909e8,Small Hospital,East Region,2025/26,included,false,reporting_period_unverified,false,1,1,true,false,true,false,"[""intervention_a2bc53d3a919c5d13914""]"
cycle_0a9639a18a957550b7d4,Other,Other,1,Insufficient data,,org_004976c32c109a2a,ind_67ee717abbe20a1b,Small Hospital,East Region,2024/25,excluded,false,outside primary ED analysis scope,false,1,0,true,false,false,true,"[""intervention_48667088439f0902d893""]"
cycle_52ba97cd86551f02e733,Training & Education,Training & Education,1,Insufficient data,,org_004976c32c109a2a,ind_67ee717abbe20a1b,Small Hospital,East Region,2025/26,excluded,false,outside primary ED analysis scope,false,1,1,true,false,true,false,"[""intervention_9decf1af94b10d5fc278""]"
cycle_0b546e286246055d5a75,Patient Streaming / Triage,Patient Streaming / Triage,1,Insufficient data,,org_004976c32c109a2a,ind_7ebd4762b8a6c688,Small Hospital,East Region,2025/26,included,false,unit_unverified; population_unverified; reporting_period_unverified; historical_match_unavailable_or_ambiguous,false,1,1,true,false,true,false,"[""intervention_ad38786b1dd724fa2be2""]"
cycle_c7eab336f18f1bbcf2fb,Training & Education,Training & Education,1,Insufficient data,,org_004976c32c109a2a,ind_a8f6cca5fe8befdf,Small Hospital,East Region,2025/26,excluded,false,outside primary ED analysis scope,false,1,1,true,false,true,false,"[""intervention_de5aa225a61fc7bd4d6b""]"
cycle_9615db292a317e211200,Other,Other,1,Insufficient data,,org_004976c32c109a2a,ind_c88639d5b7683c20,Small Hospital,East Region,2024/25,needs_review,false,outside primary ED analysis scope,false,1,0,true,false,false,true,"[""intervention_596ed49a510b3f244aad""]"
cycle_5253ad9bdb2d5256e177,Other,Other,2,Insufficient data,,org_004976c32c109a2a,ind_cd57992e4ca687e8,Small Hospital,East Region,2024/25,needs_review,false,outside primary ED analysis scope,false,1,0,true,false,false,true,"[""intervention_0be6ab44fc1e339460c4"",""intervention_49a7c58bc648c8a20028""]"
cycle_2675e9372c713b886280,Other,Other,1,Insufficient data,,org_004976c32c109a2a,ind_dd27b495d4655058,Small Hospital,East Region,2025/26,needs_review,false,outside primary ED analysis scope,false,1,0,true,false,false,true,"[""intervention_e0a5f06df902fcd1e74a""]"
cycle_58a4dd9846176bd4eeb6,Patient Streaming / Triage,Patient Streaming / Triage,1,Insufficient data,,org_004976c32c109a2a,ind_e666bcb709405e0f,Small Hospital,East Region,2025/26,included,false,unit_unverified; population_unverified; reporting_period_unverified; historical_match_unavailable_or_ambiguous,false,1,1,true,false,true,false,"[""intervention_6c2dcae4d9a376943d92""]"
cycle_84deca07a35320a986aa,Staffing & Scheduling,Staffing & Scheduling,1,Insufficient data,,org_004976c32c109a2a,ind_e7cd9b5804f1c518,Small Hospital,East Region,2025/26,included,false,reporting_period_unverified,false,1,1,true,false,true,false,"[""intervention_d54ac26d11aabadc101e""]"
cycle_9a71448d549efdc02a5b,Ambulance / EMS Flow,Ambulance / EMS Flow,1,Insufficient data,,org_004976c32c109a2a,ind_ee70b593aad3e4f6,Small Hospital,East Region,2024/25,included,false,insufficient first-cycle ED longitudinal coverage,false,1,1,true,false,true,false,"[""intervention_3c82cfecc73decfdf3dc""]"
cycle_ac12907f4eec0fa0b11a,Ambulance / EMS Flow,Ambulance / EMS Flow,1,Insufficient data,,org_004976c32c109a2a,ind_ee70b593aad3e4f6,Small Hospital,East Region,2025/26,included,false,reporting_period_unverified,false,1,1,true,false,true,false,"[""intervention_63c20b0f83a116efb98e""]"
cycle_a9363ee69661c11fc1f2,Care Coordination & Communication,Care Coordination & Communication,1,Insufficient data,,org_004976c32c109a2a,ind_ef4a9573ead4ee92,Small Hospital,East Region,2025/26,included,false,unit_unverified; population_unverified; reporting_period_unverified; historical_match_unavailable_or_ambiguous,false,2,2,false,true,false,false,"[""intervention_5c15cbc4f74f8d03cfd4""]"
cycle_a9363ee69661c11fc1f2,Discharge & Transition Planning,Discharge & Transition Planning,1,Insufficient data,,org_004976c32c109a2a,ind_ef4a9573ead4ee92,Small Hospital,East Region,2025/26,included,false,unit_unverified; population_unverified; reporting_period_unverified; historical_match_unavailable_or_ambiguous,false,2,2,false,true,false,false,"[""intervention_5d22fbf03d3bc19f0e62""]"
cycle_a067feae940a3703722f,Discharge & Transition Planning,Discharge & Transition Planning,1,Insufficient data,,org_004976c32c109a2a,ind_f197a93604c302d2,Small Hospital,East Region,2025/26,included,false,unit_unverified; population_unverified; reporting_period_unverified; historical_match_unavailable_or_ambiguous,false,1,1,true,false,true,false,"[""intervention_cacd48958d16e8aa8471""]"
cycle_941400a2d78a35ac3af3,Technology & Digital Tools,Technology & Digital Tools,1,Insufficient data,,org_01f7d38f0c7f1cff,ind_0646035afd9bba7c,Large Community Hospital,West Region,2024/25,excluded,false,outside primary ED analysis scope,false,1,1,true,false,true,false,"[""intervention_9fd8743fb8f7d3f32eb6""]"
cycle_efd9aef090817ff2c74a,Technology & Digital Tools,Technology & Digital Tools,1,Insufficient data,,org_01f7d38f0c7f1cff,ind_0646035afd9bba7c,Large Community Hospital,West Region,2025/26,excluded,false,outside primary ED analysis scope,false,1,1,true,false,true,false,"[""intervention_a3c969fa311cb74087cf""]"
cycle_d8cff49d1f5f9a3a8808,Emergency Department Workflow,Emergency Department Workflow,1,Insufficient data,,org_01f7d38f0c7f1cff,ind_06590f50f65eac7e,Large Community Hospital,West Region,2024/25,included,false,insufficient first-cycle ED longitudinal coverage,false,1,1,true,false,true,false,"[""intervention_168480eea597e5fd0620""]"
cycle_5d19b5d7e3289dbbc680,Emergency Department Workflow,Emergency Department Workflow,1,Insufficient data,,org_01f7d38f0c7f1cff,ind_06590f50f65eac7e,Large Community Hospital,West Region,2025/26,included,false,unit_unverified; population_unverified; reporting_period_unverified; historical_match_unavailable_or_ambiguous,false,1,1,true,false,true,false,"[""intervention_cd92abd30dd2f5c776ed""]"
cycle_d0aa5d1b3c1a8a004363,Policy / Standardization,Policy / Standardization,1,Insufficient data,,org_01f7d38f0c7f1cff,ind_37478f8fb5db2bb6,Large Community Hospital,West Region,2024/25,excluded,false,outside primary ED analysis scope,false,1,1,true,false,true,false,"[""intervention_4f076677e91eb9509b42""]"
cycle_3e9bd777486a3395b998,Policy / Standardization,Policy / Standardization,1,Insufficient data,,org_01f7d38f0c7f1cff,ind_37478f8fb5db2bb6,Large Community Hospital,West Region,2025/26,excluded,false,outside primary ED analysis scope,false,1,1,true,false,true,false,"[""intervention_8fd0efeec17eef2cd6b3""]"
cycle_e13f18aa569c1bb452d8,Training & Education,Training & Education,1,Insufficient data,,org_01f7d38f0c7f1cff,ind_50d5738b48c86253,Large Community Hospital,West Region,2025/26,needs_review,false,outside primary ED analysis scope,false,1,1,true,false,true,false,"[""intervention_201211ee0d23edf510a1""]"
cycle_0e9976d49e0ac9379acf,Training & Education,Training & Education,1,Insufficient data,,org_01f7d38f0c7f1cff,ind_5314e24f5f6e6912,Large Community Hospital,West Region,2025/26,excluded,false,outside primary ED analysis scope,false,1,1,true,false,true,false,"[""intervention_dc0672071c3e91662087""]"
cycle_0bfd9faed8fe37aed590,Care Coordination & Communication,Care Coordination & Communication,1,Insufficient data,,org_01f7d38f0c7f1cff,ind_5b2e1352e31909e8,Large Community Hospital,West Region,2025/26,included,false,reporting_period_unverified,false,1,1,true,false,true,false,"[""intervention_074065c430dc4aabae77""]"
cycle_ad2882bb6e3664ef3921,Care Coordination & Communication,Care Coordination & Communication,1,Insufficient data,,org_01f7d38f0c7f1cff,ind_67ee717abbe20a1b,Large Community Hospital,West Region,2024/25,excluded,false,outside primary ED analysis scope,false,1,1,true,false,true,false,"[""intervention_9e8fc725a68165a2c4ad""]"
cycle_0f9d26f641e37da621eb,Care Coordination & Communication,Care Coordination & Communication,1,Insufficient data,,org_01f7d38f0c7f1cff,ind_67ee717abbe20a1b,Large Community Hospital,West Region,2025/26,excluded,false,outside primary ED analysis scope,false,1,1,true,false,true,false,"[""intervention_8786f0af33d62769ac23""]"
cycle_a5234444ac830000541e,Training & Education,Training & Education,1,Insufficient data,,org_01f7d38f0c7f1cff,ind_76002f26f7141f1f,Large Community Hospital,West Region,2025/26,needs_review,false,outside primary ED analysis scope,false,1,1,true,false,true,false,"[""intervention_ac89a4699d0f4fcfa117""]"
cycle_b9611184bae1821602af,Emergency Department Workflow,Emergency Department Workflow,1,Insufficient data,,org_01f7d38f0c7f1cff,ind_7ebd4762b8a6c688,Large Community Hospital,West Region,2025/26,included,false,unit_unverified; population_unverified; reporting_period_unverified; historical_match_unavailable_or_ambiguous,false,1,1,true,false,true,false,"[""intervention_d6ed44a27562e5d78c5e""]"
cycle_785b97adcc2c8756ef29,Training & Education,Training & Education,1,Insufficient data,,org_01f7d38f0c7f1cff,ind_a8f6cca5fe8befdf,Large Community Hospital,West Region,2025/26,excluded,false,outside primary ED analysis scope,false,1,1,true,false,true,false,"[""intervention_fea703279823dff84d45""]"
cycle_a66e31723691babf81ba,Emergency Department Workflow,Emergency Department Workflow,1,Insufficient data,,org_01f7d38f0c7f1cff,ind_c2ff2b1872f9acce,Large Community Hospital,West Region,2025/26,needs_review,false,outside primary ED analysis scope,false,1,1,true,false,true,false,"[""intervention_609a7246e56b8dbb2f4f""]"
cycle_741da508ecf73894f028,Discharge & Transition Planning,Discharge & Transition Planning,1,Insufficient data,,org_01f7d38f0c7f1cff,ind_cd57992e4ca687e8,Large Community Hospital,West Region,2024/25,needs_review,false,outside primary ED analysis scope,false,1,1,true,false,true,false,"[""intervention_2894ce9564cf8375b538""]"
cycle_c247d9fdc6b32ee7533c,Emergency Department Workflow,Emergency Department Workflow,1,Insufficient data,,org_01f7d38f0c7f1cff,ind_e666bcb709405e0f,Large Community Hospital,West Region,2025/26,included,false,unit_unverified; population_unverified; reporting_period_unverified; historical_match_unavailable_or_ambiguous,false,1,1,true,false,true,false,"[""intervention_39a29d4318d124630fbd""]"
cycle_6f5c3bb72c63ebab9e70,Staffing & Scheduling,Staffing & Scheduling,1,Insufficient data,,org_01f7d38f0c7f1cff,ind_e7cd9b5804f1c518,Large Community Hospital,West Region,2025/26,included,false,reporting_period_unverified,false,1,1,true,false,true,false,"[""intervention_89841ac6444a6d57d8ff""]"
cycle_761aa050caf53fc4e015,Ambulance / EMS Flow,Ambulance / EMS Flow,1,Insufficient data,,org_01f7d38f0c7f1cff,ind_ee70b593aad3e4f6,Large Community Hospital,West Region,2025/26,included,false,reporting_period_unverified,false,1,1,true,false,true,false,"[""intervention_7b3bd4834ef5c93a344f""]"
cycle_6ccae5efdb49df17a59d,Emergency Department Workflow,Emergency Department Workflow,1,Insufficient data,,org_01f7d38f0c7f1cff,ind_ef4a9573ead4ee92,Large Community Hospital,West Region,2025/26,included,false,unit_unverified; population_unverified; reporting_period_unverified; historical_match_unavailable_or_ambiguous,false,1,1,true,false,true,false,"[""intervention_55a47fbd3468ca12e13e""]"
cycle_ee38fe13fb59a0d1715d,Emergency Department Workflow,Emergency Department Workflow,1,Insufficient data,,org_01f7d38f0c7f1cff,ind_f197a93604c302d2,Large Community Hospital,West Region,2025/26,included,false,unit_unverified; population_unverified; reporting_period_unverified; historical_match_unavailable_or_ambiguous,false,1,1,true,false,true,false,"[""intervention_61a0a3f89e721b4cf6a5""]"
cycle_2f6c3e1b5a966b790005,Discharge & Transition Planning,Discharge & Transition Planning,1,Insufficient data,,org_0544e3760b9436c3,ind_0646035afd9bba7c,Large Community Hospital,Toronto Region,2024/25,excluded,false,outside primary ED analysis scope,false,1,1,true,false,true,false,"[""intervention_bb477c1b399441398c46""]"
cycle_2291098899089fe3cdfa,Discharge & Transition Planning,Discharge & Transition Planning,2,Insufficient data,,org_0544e3760b9436c3,ind_0646035afd9bba7c,Large Community Hospital,Toronto Region,2025/26,excluded,false,outside primary ED analysis scope,false,1,1,true,false,true,false,"[""intervention_18988a960ad95c58a6e2"",""intervention_dbb71a5661ce51c3f206""]"
cycle_d80522674d759a4c4b13,Bed & Capacity Management,Bed & Capacity Management,1,Insufficient data,,org_0544e3760b9436c3,ind_06590f50f65eac7e,Large Community Hospital,Toronto Region,2024/25,included,false,insufficient first-cycle ED longitudinal coverage,false,1,1,true,false,true,false,"[""intervention_e97f96e7a3f77826fd0b""]"
cycle_3140ca3ffc4721de4250,Admission & Transfer Process,Admission & Transfer Process,1,Insufficient data,,org_0544e3760b9436c3,ind_06590f50f65eac7e,Large Community Hospital,Toronto Region,2025/26,included,false,unit_unverified; population_unverified; reporting_period_unverified; historical_match_unavailable_or_ambiguous,false,1,1,true,false,true,false,"[""intervention_90ee84f139e2980a39aa""]"
cycle_5db3d39c3a14d92565f1,Care Coordination & Communication,Care Coordination & Communication,1,Insufficient data,,org_0544e3760b9436c3,ind_37478f8fb5db2bb6,Large Community Hospital,Toronto Region,2024/25,excluded,false,outside primary ED analysis scope,false,2,2,false,true,false,false,"[""intervention_64349caa5d20dd500307""]"
cycle_5db3d39c3a14d92565f1,"Data, Measurement & Dashboards","Data, Measurement & Dashboards",1,Insufficient data,,org_0544e3760b9436c3,ind_37478f8fb5db2bb6,Large Community Hospital,Toronto Region,2024/25,excluded,false,outside primary ED analysis scope,false,2,2,false,true,false,false,"[""intervention_75a213e09c21fb738165""]"
cycle_a1942000bbc8ba812424,Care Coordination & Communication,Care Coordination & Communication,1,Insufficient data,,org_0544e3760b9436c3,ind_37478f8fb5db2bb6,Large Community Hospital,Toronto Region,2025/26,excluded,false,outside primary ED analysis scope,false,4,3,false,true,false,true,"[""intervention_6cd25cc1aa4c257e226b""]"
cycle_a1942000bbc8ba812424,"Data, Measurement & Dashboards","Data, Measurement & Dashboards",1,Insufficient data,,org_0544e3760b9436c3,ind_37478f8fb5db2bb6,Large Community Hospital,Toronto Region,2025/26,excluded,false,outside primary ED analysis scope,false,4,3,false,true,false,true,"[""intervention_380f6756058b2b1bd5f8""]"
cycle_a1942000bbc8ba812424,Other,Other,1,Insufficient data,,org_0544e3760b9436c3,ind_37478f8fb5db2bb6,Large Community Hospital,Toronto Region,2025/26,excluded,false,outside primary ED analysis scope,false,4,3,false,true,false,true,"[""intervention_f5a1d505fb47b71d5e89""]"
cycle_a1942000bbc8ba812424,Policy / Standardization,Policy / Standardization,1,Insufficient data,,org_0544e3760b9436c3,ind_37478f8fb5db2bb6,Large Community Hospital,Toronto Region,2025/26,excluded,false,outside primary ED analysis scope,false,4,3,false,true,false,true,"[""intervention_5ca3f32ce88b33e1b8d9""]"
cycle_9e4402a7f2bd482a06fc,Bed & Capacity Management,Bed & Capacity Management,1,Insufficient data,,org_0544e3760b9436c3,ind_3fdbfa1beb8cd349,Large Community Hospital,Toronto Region,2024/25,needs_review,false,outside primary ED analysis scope,false,1,1,true,false,true,false,"[""intervention_552d9df368567cbea4b7""]"
cycle_5ab38c725110f47503da,Bed & Capacity Management,Bed & Capacity Management,1,Insufficient data,,org_0544e3760b9436c3,ind_50d5738b48c86253,Large Community Hospital,Toronto Region,2024/25,needs_review,false,outside primary ED analysis scope,false,1,1,true,false,true,false,"[""intervention_b0f710fb947c694e1e09""]"
cycle_7dc5b135abaa67720584,Admission & Transfer Process,Admission & Transfer Process,1,Insufficient data,,org_0544e3760b9436c3,ind_50d5738b48c86253,Large Community Hospital,Toronto Region,2025/26,needs_review,false,outside primary ED analysis scope,false,1,1,true,false,true,false,"[""intervention_365f91b064799d922d3e""]"
cycle_dd97d813437942277ab8,Training & Education,Training & Education,1,Insufficient data,,org_0544e3760b9436c3,ind_5314e24f5f6e6912,Large Community Hospital,Toronto Region,2024/25,excluded,false,outside primary ED analysis scope,false,1,1,true,false,true,false,"[""intervention_d682d91d970f44b3f964""]"
cycle_5d60c226d184d19820fe,Training & Education,Training & Education,2,Insufficient data,,org_0544e3760b9436c3,ind_5314e24f5f6e6912,Large Community Hospital,Toronto Region,2025/26,excluded,false,outside primary ED analysis scope,false,1,1,true,false,true,false,"[""intervention_82ed1142fc710288a6cf"",""intervention_a1b4eb4de9f492ddc1dc""]"
cycle_5fceee6b6b56ac0c8c01,Discharge & Transition Planning,Discharge & Transition Planning,1,Insufficient data,,org_0544e3760b9436c3,ind_5b2e1352e31909e8,Large Community Hospital,Toronto Region,2025/26,included,false,reporting_period_unverified,false,1,1,true,false,true,false,"[""intervention_86c35af0bd6c2380a35e""]"
cycle_18824b557daeeddf0bfa,Discharge & Transition Planning,Discharge & Transition Planning,1,Insufficient data,,org_0544e3760b9436c3,ind_67ee717abbe20a1b,Large Community Hospital,Toronto Region,2024/25,excluded,false,outside primary ED analysis scope,false,1,1,true,false,true,false,"[""intervention_e55f62b760bb2b2b967b""]"
cycle_f427a2f6161614a01496,Discharge & Transition Planning,Discharge & Transition Planning,1,Insufficient data,,org_0544e3760b9436c3,ind_67ee717abbe20a1b,Large Community Hospital,Toronto Region,2025/26,excluded,false,outside primary ED analysis scope,false,1,1,true,false,true,false,"[""intervention_3e11ee5b5b9e973e2404""]"
cycle_b7ab8c73db475c5730b4,Bed & Capacity Management,Bed & Capacity Management,1,Insufficient data,,org_0544e3760b9436c3,ind_76002f26f7141f1f,Large Community Hospital,Toronto Region,2024/25,needs_review,false,outside primary ED analysis scope,false,1,1,true,false,true,false,"[""intervention_a3735811750c4cd07937""]"
cycle_4988e3fc79569a985c61,Admission & Transfer Process,Admission & Transfer Process,1,Insufficient data,,org_0544e3760b9436c3,ind_76002f26f7141f1f,Large Community Hospital,Toronto Region,2025/26,needs_review,false,outside primary ED analysis scope,false,1,1,true,false,true,false,"[""intervention_40e2ab34286fe0274e5d""]"
cycle_d38dd53f302dadee8845,Admission & Transfer Process,Admission & Transfer Process,1,Insufficient data,,org_0544e3760b9436c3,ind_7ebd4762b8a6c688,Large Community Hospital,Toronto Region,2025/26,included,false,unit_unverified; population_unverified; reporting_period_unverified; historical_match_unavailable_or_ambiguous,false,1,1,true,false,true,false,"[""intervention_0c4aeed32b9300b9dba8""]"
cycle_12455874b439cea8a6b1,Admission & Transfer Process,Admission & Transfer Process,2,Insufficient data,,org_0544e3760b9436c3,ind_a8f6cca5fe8befdf,Large Community Hospital,Toronto Region,2024/25,excluded,false,outside primary ED analysis scope,false,2,2,false,true,false,false,"[""intervention_68697c262537ec105830"",""intervention_950ede8cdf7284f37ee6""]"
cycle_12455874b439cea8a6b1,Policy / Standardization,Policy / Standardization,1,Insufficient data,,org_0544e3760b9436c3,ind_a8f6cca5fe8befdf,Large Community Hospital,Toronto Region,2024/25,excluded,false,outside primary ED analysis scope,false,2,2,false,true,false,false,"[""intervention_fe7641e876a288369505""]"
cycle_8f0dbbd83215de99a2d8,Bed & Capacity Management,Bed & Capacity Management,1,Insufficient data,,org_0544e3760b9436c3,ind_a8f6cca5fe8befdf,Large Community Hospital,Toronto Region,2025/26,excluded,false,outside primary ED analysis scope,false,1,1,true,false,true,false,"[""intervention_a8c343f024c19f05f5f8""]"
cycle_c14addacf39cb28ab559,Bed & Capacity Management,Bed & Capacity Management,1,Insufficient data,,org_0544e3760b9436c3,ind_c2ff2b1872f9acce,Large Community Hospital,Toronto Region,2024/25,needs_review,false,outside primary ED analysis scope,false,1,1,true,false,true,false,"[""intervention_459670bb62937fe773fe""]"
cycle_8a1a377ac65aa74db117,Admission & Transfer Process,Admission & Transfer Process,1,Insufficient data,,org_0544e3760b9436c3,ind_c2ff2b1872f9acce,Large Community Hospital,Toronto Region,2025/26,needs_review,false,outside primary ED analysis scope,false,1,1,true,false,true,false,"[""intervention_18262dd1d42174296063""]"
cycle_cf9a559c0f2a968772ae,Training & Education,Training & Education,1,Insufficient data,,org_0544e3760b9436c3,ind_cd57992e4ca687e8,Large Community Hospital,Toronto Region,2024/25,needs_review,false,outside primary ED analysis scope,false,1,1,true,false,true,false,"[""intervention_040739211986c83a3b66""]"
cycle_ad930ccf3f2a94ba68a3,Admission & Transfer Process,Admission & Transfer Process,1,Insufficient data,,org_0544e3760b9436c3,ind_e666bcb709405e0f,Large Community Hospital,Toronto Region,2025/26,included,false,unit_unverified; population_unverified; reporting_period_unverified; historical_match_unavailable_or_ambiguous,false,1,1,true,false,true,false,"[""intervention_d8ec515eb4fcce68e86f""]"
cycle_65c5ae4af191e586861e,Admission & Transfer Process,Admission & Transfer Process,1,Insufficient data,,org_0544e3760b9436c3,ind_e7cd9b5804f1c518,Large Community Hospital,Toronto Region,2025/26,included,false,reporting_period_unverified,false,1,1,true,false,true,false,"[""intervention_11ac55b612be8d861530""]"
cycle_bb8317a10c33f03b0a22,Bed & Capacity Management,Bed & Capacity Management,1,Insufficient data,,org_0544e3760b9436c3,ind_ee70b593aad3e4f6,Large Community Hospital,Toronto Region,2024/25,included,false,insufficient first-cycle ED longitudinal coverage,false,1,1,true,false,true,false,"[""intervention_ec4e69625971f1b3cdcc""]"
cycle_c1d13bbd0852862fc3c4,Admission & Transfer Process,Admission & Transfer Process,1,Insufficient data,,org_0544e3760b9436c3,ind_ee70b593aad3e4f6,Large Community Hospital,Toronto Region,2025/26,included,false,reporting_period_unverified,false,1,1,true,false,true,false,"[""intervention_19a8f9b2560f8956948e""]"
cycle_53d5bbff8ec93e6ab67a,Bed & Capacity Management,Bed & Capacity Management,1,Insufficient data,,org_0544e3760b9436c3,ind_ef4a9573ead4ee92,Large Community Hospital,Toronto Region,2024/25,included,false,insufficient first-cycle ED longitudinal coverage,false,1,1,true,false,true,false,"[""intervention_1aec643f397407bd8306""]"
cycle_13e31dfcea92fb34656a,Admission & Transfer Process,Admission & Transfer Process,1,Insufficient data,,org_0544e3760b9436c3,ind_ef4a9573ead4ee92,Large Community Hospital,Toronto Region,2025/26,included,false,unit_unverified; population_unverified; reporting_period_unverified; historical_match_unavailable_or_ambiguous,false,1,1,true,false,true,false,"[""intervention_3a73ee8e1f495dddc841""]"
cycle_a3a5563284495b184243,Admission & Transfer Process,Admission & Transfer Process,1,Insufficient data,,org_0544e3760b9436c3,ind_f197a93604c302d2,Large Community Hospital,Toronto Region,2025/26,included,false,unit_unverified; population_unverified; reporting_period_unverified; historical_match_unavailable_or_ambiguous,false,1,1,true,false,true,false,"[""intervention_8749e04493598dea2229""]"
cycle_b3554150a64341c82666,Care Coordination & Communication,Care Coordination & Communication,1,Insufficient data,,org_08b519baf6f3ee0b,ind_0646035afd9bba7c,Unknown,West Region,2024/25,excluded,false,outside primary ED analysis scope,false,2,2,false,true,false,false,"[""intervention_41e4fdf597743e4ab9bb""]"
cycle_b3554150a64341c82666,Discharge & Transition Planning,Discharge & Transition Planning,1,Insufficient data,,org_08b519baf6f3ee0b,ind_0646035afd9bba7c,Unknown,West Region,2024/25,excluded,false,outside primary ED analysis scope,false,2,2,false,true,false,false,"[""intervention_dc4947f0012f1099ccb9""]"
cycle_be6ce5dde7705cde051e,Discharge & Transition Planning,Discharge & Transition Planning,1,Insufficient data,,org_08b519baf6f3ee0b,ind_0646035afd9bba7c,Unknown,West Region,2025/26,excluded,false,outside primary ED analysis scope,false,1,1,true,false,true,false,"[""intervention_64aa3e2cff59b2a5eb91""]"
cycle_45e65ad78f526f6dd2ff,"Data, Measurement & Dashboards","Data, Measurement & Dashboards",1,Insufficient data,,org_08b519baf6f3ee0b,ind_1fda25009ab87bcd,Unknown,West Region,2025/26,needs_review,false,outside primary ED analysis scope,false,1,1,true,false,true,false,"[""intervention_b61d2d32e418460fad3c""]"
cycle_69cef16156299dcbef09,"Data, Measurement & Dashboards","Data, Measurement & Dashboards",1,Insufficient data,,org_08b519baf6f3ee0b,ind_40027d460e483e1d,Unknown,West Region,2024/25,needs_review,false,outside primary ED analysis scope,false,2,2,false,true,false,false,"[""intervention_09c1495550dd4634c1f8""]"
cycle_69cef16156299dcbef09,Training & Education,Training & Education,1,Insufficient data,,org_08b519baf6f3ee0b,ind_40027d460e483e1d,Unknown,West Region,2024/25,needs_review,false,outside primary ED analysis scope,false,2,2,false,true,false,false,"[""intervention_843a6461b2b2afd55d13""]"
cycle_e9c1281b90729ee7a354,Discharge & Transition Planning,Discharge & Transition Planning,1,Insufficient data,,org_08b519baf6f3ee0b,ind_43a790d3afe0c937,Unknown,West Region,2024/25,needs_review,false,outside primary ED analysis scope,false,2,2,false,true,false,false,"[""intervention_56d016b68a46d46af48b""]"
cycle_e9c1281b90729ee7a354,Training & Education,Training & Education,1,Insufficient data,,org_08b519baf6f3ee0b,ind_43a790d3afe0c937,Unknown,West Region,2024/25,needs_review,false,outside primary ED analysis scope,false,2,2,false,true,false,false,"[""intervention_d65a8bfdc97336e6a982""]"
cycle_3f52642c659d4e8abe24,"Data, Measurement & Dashboards","Data, Measurement & Dashboards",1,Insufficient data,,org_08b519baf6f3ee0b,ind_4b8c59cc30cbab2c,Unknown,West Region,2024/25,needs_review,false,outside primary ED analysis scope,false,1,1,true,false,true,false,"[""intervention_b195bbf47d377eefccbe""]"
cycle_f0ac818d286ce4b3fa4a,Other,Other,1,Insufficient data,,org_08b519baf6f3ee0b,ind_5b2e1352e31909e8,Unknown,West Region,2025/26,included,false,reporting_period_unverified,false,2,1,false,true,false,true,"[""intervention_965db0613c502f7be41e""]"
cycle_f0ac818d286ce4b3fa4a,Surge Management,Surge Management,1,Insufficient data,,org_08b519baf6f3ee0b,ind_5b2e1352e31909e8,Unknown,West Region,2025/26,included,false,reporting_period_unverified,false,2,1,false,true,false,true,"[""intervention_37a850fd43d0bb3ce378""]"
cycle_6085bc2e4c679d65dbf9,Safety & Risk Prevention,Safety & Risk Prevention,1,Insufficient data,,org_08b519baf6f3ee0b,ind_5b9caf72d5308a99,Unknown,West Region,2025/26,needs_review,false,outside primary ED analysis scope,false,2,2,false,true,false,false,"[""intervention_d89baf1ea1946c3d230e""]"
cycle_6085bc2e4c679d65dbf9,Training & Education,Training & Education,1,Insufficient data,,org_08b519baf6f3ee0b,ind_5b9caf72d5308a99,Unknown,West Region,2025/26,needs_review,false,outside primary ED analysis scope,false,2,2,false,true,false,false,"[""intervention_c29a1a78f9c32e49f9bf""]"
cycle_21a31aad6b04444d1e09,"Data, Measurement & Dashboards","Data, Measurement & Dashboards",1,Insufficient data,,org_08b519baf6f3ee0b,ind_67ee717abbe20a1b,Unknown,West Region,2025/26,excluded,false,outside primary ED analysis scope,false,2,2,false,true,false,false,"[""intervention_557faa91ce9d5739dc82""]"
cycle_21a31aad6b04444d1e09,Training & Education,Training & Education,1,Insufficient data,,org_08b519baf6f3ee0b,ind_67ee717abbe20a1b,Unknown,West Region,2025/26,excluded,false,outside primary ED analysis scope,false,2,2,false,true,false,false,"[""intervention_4908bc36da967de9f1e1""]"
cycle_3ad5d18722451786bf95,Discharge & Transition Planning,Discharge & Transition Planning,1,Insufficient data,,org_08b519baf6f3ee0b,ind_83177fc3020ef21f,Unknown,West Region,2024/25,needs_review,false,outside primary ED analysis scope,false,2,2,false,true,false,false,"[""intervention_658f92fa836535531358""]"
cycle_3ad5d18722451786bf95,Training & Education,Training & Education,1,Insufficient data,,org_08b519baf6f3ee0b,ind_83177fc3020ef21f,Unknown,West Region,2024/25,needs_review,false,outside primary ED analysis scope,false,2,2,false,true,false,false,"[""intervention_4c56ef97c79ed68f55ab""]"
cycle_31cb97468a3e94962db9,Staffing & Scheduling,Staffing & Scheduling,1,Insufficient data,,org_08b519baf6f3ee0b,ind_91da8606c8bb476c,Unknown,West Region,2024/25,needs_review,false,outside primary ED analysis scope,false,1,1,true,false,true,false,"[""intervention_bc3943881d244fd3ccd7""]"
cycle_f940ea6df153bbd92add,"Data, Measurement & Dashboards","Data, Measurement & Dashboards",1,Insufficient data,,org_08b519baf6f3ee0b,ind_9c34107e9b355ac4,Unknown,West Region,2025/26,needs_review,false,outside primary ED analysis scope,false,1,1,true,false,true,false,"[""intervention_6bc7dd7474ddaf586926""]"
cycle_efafb1be5ba61c71ae1e,Training & Education,Training & Education,2,Insufficient data,,org_08b519baf6f3ee0b,ind_df819e45d2276e18,Unknown,West Region,2025/26,needs_review,false,outside primary ED analysis scope,false,1,1,true,false,true,false,"[""intervention_26b670f8e019704839b2"",""intervention_37da4fcd63bee50fc2cf""]"
cycle_3efa3b7515a352c60033,Other,Other,2,Insufficient data,,org_08b519baf6f3ee0b,ind_e7cd9b5804f1c518,Unknown,West Region,2025/26,included,false,reporting_period_unverified,false,1,0,true,false,false,true,"[""intervention_93b2f7e7b5c8bad22c99"",""intervention_a04148ca378cd7d4cd87""]"
cycle_8735bdffaa9a9e78f5a9,"Data, Measurement & Dashboards","Data, Measurement & Dashboards",1,Insufficient data,,org_08b519baf6f3ee0b,ind_ee70b593aad3e4f6,Unknown,West Region,2024/25,included,false,insufficient first-cycle ED longitudinal coverage,false,1,1,true,false,true,false,"[""intervention_056bdc4467430bbb59c1""]"
cycle_c3d5b74020bf3484b175,Ambulance / EMS Flow,Ambulance / EMS Flow,1,Insufficient data,,org_08b519baf6f3ee0b,ind_ee70b593aad3e4f6,Unknown,West Region,2025/26,included,false,reporting_period_unverified,false,2,2,false,true,false,false,"[""intervention_6193b249acc5964f03b3""]"
cycle_c3d5b74020bf3484b175,Training & Education,Training & Education,1,Insufficient data,,org_08b519baf6f3ee0b,ind_ee70b593aad3e4f6,Unknown,West Region,2025/26,included,false,reporting_period_unverified,false,2,2,false,true,false,false,"[""intervention_06deaed5c33ec55f3834""]"
cycle_e5e46a4eff2c462bd68e,Discharge & Transition Planning,Discharge & Transition Planning,2,Insufficient data,,org_09b15e54e367b728,ind_0646035afd9bba7c,Small Hospital,North East Region,2024/25,excluded,false,outside primary ED analysis scope,false,4,4,false,true,false,false,"[""intervention_483ef82a04c400e1fd4c"",""intervention_4e15c40ef672425a4e1d""]"
cycle_e5e46a4eff2c462bd68e,Safety & Risk Prevention,Safety & Risk Prevention,1,Insufficient data,,org_09b15e54e367b728,ind_0646035afd9bba7c,Small Hospital,North East Region,2024/25,excluded,false,outside primary ED analysis scope,false,4,4,false,true,false,false,"[""intervention_78017f88ee480ad0f662""]"
cycle_e5e46a4eff2c462bd68e,Technology & Digital Tools,Technology & Digital Tools,2,Insufficient data,,org_09b15e54e367b728,ind_0646035afd9bba7c,Small Hospital,North East Region,2024/25,excluded,false,outside primary ED analysis scope,false,4,4,false,true,false,false,"[""intervention_1f1c369982aae4cb4b0f"",""intervention_3850ad61894a5e7f02fd""]"
cycle_e5e46a4eff2c462bd68e,Training & Education,Training & Education,1,Insufficient data,,org_09b15e54e367b728,ind_0646035afd9bba7c,Small Hospital,North East Region,2024/25,excluded,false,outside primary ED analysis scope,false,4,4,false,true,false,false,"[""intervention_3f143b750c52bdc354bc""]"
cycle_489770f57858550fb03e,Admission & Transfer Process,Admission & Transfer Process,1,Insufficient data,,org_09b15e54e367b728,ind_0646035afd9bba7c,Small Hospital,North East Region,2025/26,excluded,false,outside primary ED analysis scope,false,4,3,false,true,false,true,"[""intervention_9afa00b2ecac3e86ce2c""]"
cycle_489770f57858550fb03e,Discharge & Transition Planning,Discharge & Transition Planning,1,Insufficient data,,org_09b15e54e367b728,ind_0646035afd9bba7c,Small Hospital,North East Region,2025/26,excluded,false,outside primary ED analysis scope,false,4,3,false,true,false,true,"[""intervention_71f289d8513d0c94f269""]"
cycle_489770f57858550fb03e,Other,Other,1,Insufficient data,,org_09b15e54e367b728,ind_0646035afd9bba7c,Small Hospital,North East Region,2025/26,excluded,false,outside primary ED analysis scope,false,4,3,false,true,false,true,"[""intervention_4fbecd215a456964a5a4""]"
cycle_489770f57858550fb03e,Training & Education,Training & Education,1,Insufficient data,,org_09b15e54e367b728,ind_0646035afd9bba7c,Small Hospital,North East Region,2025/26,excluded,false,outside primary ED analysis scope,false,4,3,false,true,false,true,"[""intervention_a3867efb7f263650568a""]"
cycle_9acb89a546599696b737,"Data, Measurement & Dashboards","Data, Measurement & Dashboards",2,Insufficient data,,org_09b15e54e367b728,ind_09d935dfec2418dd,Small Hospital,North East Region,2024/25,needs_review,false,outside primary ED analysis scope,false,1,1,true,false,true,false,"[""intervention_a496133b3f072370cf9c"",""intervention_b4cd15bd43bbeaf13f9e""]"
cycle_ad7fa4d6871aba6bf9f8,Policy / Standardization,Policy / Standardization,1,Insufficient data,,org_09b15e54e367b728,ind_5314e24f5f6e6912,Small Hospital,North East Region,2024/25,excluded,false,outside primary ED analysis scope,false,2,2,false,true,false,false,"[""intervention_7b33ae4abec7f3f6ea11""]"
cycle_ad7fa4d6871aba6bf9f8,Training & Education,Training & Education,2,Insufficient data,,org_09b15e54e367b728,ind_5314e24f5f6e6912,Small Hospital,North East Region,2024/25,excluded,false,outside primary ED analysis scope,false,2,2,false,true,false,false,"[""intervention_146e8f3f329eb4dd3ea7"",""intervention_7c1c3bd83132e7746762""]"
cycle_309074cdf534351d6424,Other,Other,3,Insufficient data,,org_09b15e54e367b728,ind_5314e24f5f6e6912,Small Hospital,North East Region,2025/26,excluded,false,outside primary ED analysis scope,false,2,1,false,true,false,true,"[""intervention_1a3090df65f795f0e300"",""intervention_1f890a0bf0ce2a4b49bb"",""intervention_a71ab89543cd2382780d""]"
cycle_309074cdf534351d6424,Training & Education,Training & Education,1,Insufficient data,,org_09b15e54e367b728,ind_5314e24f5f6e6912,Small Hospital,North East Region,2025/26,excluded,false,outside primary ED analysis scope,false,2,1,false,true,false,true,"[""intervention_95ed12081728a741e6f2""]"
cycle_9d96bf6d0d3f9618a414,Care Coordination & Communication,Care Coordination & Communication,1,Insufficient data,,org_09b15e54e367b728,ind_67ee717abbe20a1b,Small Hospital,North East Region,2025/26,excluded,false,outside primary ED analysis scope,false,4,3,false,true,false,true,"[""intervention_0f89caa41483dfc48034""]"
cycle_9d96bf6d0d3f9618a414,"Data, Measurement & Dashboards","Data, Measurement & Dashboards",1,Insufficient data,,org_09b15e54e367b728,ind_67ee717abbe20a1b,Small Hospital,North East Region,2025/26,excluded,false,outside primary ED analysis scope,false,4,3,false,true,false,true,"[""intervention_6b9d31707c3c40246f01""]"
cycle_9d96bf6d0d3f9618a414,Other,Other,1,Insufficient data,,org_09b15e54e367b728,ind_67ee717abbe20a1b,Small Hospital,North East Region,2025/26,excluded,false,outside primary ED analysis scope,false,4,3,false,true,false,true,"[""intervention_640ac1d65b2583a085df""]"
cycle_9d96bf6d0d3f9618a414,Training & Education,Training & Education,1,Insufficient data,,org_09b15e54e367b728,ind_67ee717abbe20a1b,Small Hospital,North East Region,2025/26,excluded,false,outside primary ED analysis scope,false,4,3,false,true,false,true,"[""intervention_d1398063198b05ca1dc9""]"
cycle_395e17bc0ceb7e58a3f4,"Data, Measurement & Dashboards","Data, Measurement & Dashboards",1,Insufficient data,,org_09b15e54e367b728,ind_a0001e81ef283591,Small Hospital,North East Region,2024/25,needs_review,false,outside primary ED analysis scope,false,3,3,false,true,false,false,"[""intervention_f633bbcad04a89b5e164""]"
cycle_395e17bc0ceb7e58a3f4,Safety & Risk Prevention,Safety & Risk Prevention,2,Insufficient data,,org_09b15e54e367b728,ind_a0001e81ef283591,Small Hospital,North East Region,2024/25,needs_review,false,outside primary ED analysis scope,false,3,3,false,true,false,false,"[""intervention_4a69d3c4d1f8bc07248b"",""intervention_4c0e53919cc851404042""]"
cycle_395e17bc0ceb7e58a3f4,Training & Education,Training & Education,2,Insufficient data,,org_09b15e54e367b728,ind_a0001e81ef283591,Small Hospital,North East Region,2024/25,needs_review,false,outside primary ED analysis scope,false,3,3,false,true,false,false,"[""intervention_990f70e51d29b5f78458"",""intervention_d21204717b861f80fa5d""]"
cycle_d3dc2e1e4b13c1bda5f2,Training & Education,Training & Education,2,Insufficient data,,org_09b15e54e367b728,ind_b93bdba38642b98f,Small Hospital,North East Region,2024/25,needs_review,false,outside primary ED analysis scope,false,1,1,true,false,true,false,"[""intervention_899655ffa06c702bae06"",""intervention_89f7e7808350a1048f27""]"
cycle_198c0b514b5eec0316ad,"Data, Measurement & Dashboards","Data, Measurement & Dashboards",1,Insufficient data,,org_09b15e54e367b728,ind_cd57992e4ca687e8,Small Hospital,North East Region,2024/25,needs_review,false,outside primary ED analysis scope,false,3,3,false,true,false,false,"[""intervention_5d2895931d8fe14d2147""]"
cycle_198c0b514b5eec0316ad,Discharge & Transition Planning,Discharge & Transition Planning,1,Insufficient data,,org_09b15e54e367b728,ind_cd57992e4ca687e8,Small Hospital,North East Region,2024/25,needs_review,false,outside primary ED analysis scope,false,3,3,false,true,false,false,"[""intervention_0dfb7781f249995ab0df""]"
cycle_198c0b514b5eec0316ad,Training & Education,Training & Education,1,Insufficient data,,org_09b15e54e367b728,ind_cd57992e4ca687e8,Small Hospital,North East Region,2024/25,needs_review,false,outside primary ED analysis scope,false,3,3,false,true,false,false,"[""intervention_1cbc58bf282c8ae63bbf""]"
cycle_e0dbbc4e6712cdfdc210,"Data, Measurement & Dashboards","Data, Measurement & Dashboards",2,Insufficient data,,org_09cdc83f1003ae8a,ind_0662e62bfbf9299e,Specialty Children Hospital,Toronto Region,2024/25,needs_review,false,outside primary ED analysis scope,false,2,2,false,true,false,false,"[""intervention_d6141c8288e512cbaab4"",""intervention_f5ccf81d73f24a0b17df""]"
cycle_e0dbbc4e6712cdfdc210,Discharge & Transition Planning,Discharge & Transition Planning,1,Insufficient data,,org_09cdc83f1003ae8a,ind_0662e62bfbf9299e,Specialty Children Hospital,Toronto Region,2024/25,needs_review,false,outside primary ED analysis scope,false,2,2,false,true,false,false,"[""intervention_71134c0fb9857da07a05""]"
cycle_1259668d20fb3600b348,Policy / Standardization,Policy / Standardization,2,Insufficient data,,org_09cdc83f1003ae8a,ind_1c102a1b8774667a,Specialty Children Hospital,Toronto Region,2024/25,needs_review,false,outside primary ED analysis scope,false,1,1,true,false,true,false,"[""intervention_9988e7dbaee999ec9428"",""intervention_d8648b31bb508cae3534""]"
cycle_3fb2491862651b37be41,"Data, Measurement & Dashboards","Data, Measurement & Dashboards",1,Insufficient data,,org_09cdc83f1003ae8a,ind_2b94b92efefc0a85,Specialty Children Hospital,Toronto Region,2025/26,needs_review,false,outside primary ED analysis scope,false,2,1,false,true,false,true,"[""intervention_6749099e5dc72b6de3d5""]"
cycle_3fb2491862651b37be41,Other,Other,2,Insufficient data,,org_09cdc83f1003ae8a,ind_2b94b92efefc0a85,Specialty Children Hospital,Toronto Region,2025/26,needs_review,false,outside primary ED analysis scope,false,2,1,false,true,false,true,"[""intervention_6163413a6a28f46a32dd"",""intervention_7f15907a3e150f1c9e42""]"
cycle_67ff991ebc17ed30a9ee,Admission & Transfer Process,Admission & Transfer Process,3,Insufficient data,,org_09cdc83f1003ae8a,ind_2eb49838a0828aa3,Specialty Children Hospital,Toronto Region,2024/25,needs_review,false,outside primary ED analysis scope,false,2,1,false,true,false,true,"[""intervention_a7cdcc2dea1d24c700eb"",""intervention_b9cf33e13f37faa032ac"",""intervention_dfc6591b20b38c9f726a""]"
cycle_67ff991ebc17ed30a9ee,Other,Other,1,Insufficient data,,org_09cdc83f1003ae8a,ind_2eb49838a0828aa3,Specialty Children Hospital,Toronto Region,2024/25,needs_review,false,outside primary ED analysis scope,false,2,1,false,true,false,true,"[""intervention_ec838d227501f8b4c1ce""]"
cycle_0b8f1d0f855a28411aea,Care Coordination & Communication,Care Coordination & Communication,1,Insufficient data,,org_09cdc83f1003ae8a,ind_49edc856c73e78fd,Specialty Children Hospital,Toronto Region,2025/26,needs_review,false,outside primary ED analysis scope,false,2,1,false,true,false,true,"[""intervention_0c73c8e44407ad6c885f""]"
cycle_0b8f1d0f855a28411aea,Other,Other,2,Insufficient data,,org_09cdc83f1003ae8a,ind_49edc856c73e78fd,Specialty Children Hospital,Toronto Region,2025/26,needs_review,false,outside primary ED analysis scope,false,2,1,false,true,false,true,"[""intervention_9540ca5315dae40d5c7a"",""intervention_c908816fa83689680e16""]"
cycle_32f75859b73f998c3cb6,Care Coordination & Communication,Care Coordination & Communication,1,Insufficient data,,org_09cdc83f1003ae8a,ind_5314e24f5f6e6912,Specialty Children Hospital,Toronto Region,2025/26,excluded,false,outside primary ED analysis scope,false,2,1,false,true,false,true,"[""intervention_3c3da8344b273fe34327""]"
cycle_32f75859b73f998c3cb6,Other,Other,1,Insufficient data,,org_09cdc83f1003ae8a,ind_5314e24f5f6e6912,Specialty Children Hospital,Toronto Region,2025/26,excluded,false,outside primary ED analysis scope,false,2,1,false,true,false,true,"[""intervention_b18479c27d2850a20fbc""]"
cycle_b076e32ed9916d07370f,"Data, Measurement & Dashboards","Data, Measurement & Dashboards",1,Insufficient data,,org_09cdc83f1003ae8a,ind_70b67533626ea33c,Specialty Children Hospital,Toronto Region,2024/25,needs_review,false,outside primary ED analysis scope,false,2,2,false,true,false,false,"[""intervention_c46e1497e8b709a337bd""]"
cycle_b076e32ed9916d07370f,Training & Education,Training & Education,1,Insufficient data,,org_09cdc83f1003ae8a,ind_70b67533626ea33c,Specialty Children Hospital,Toronto Region,2024/25,needs_review,false,outside primary ED analysis scope,false,2,2,false,true,false,false,"[""intervention_2e4dff25a2ff494a90cf""]"
cycle_8b5bf74b3b07d50755fa,Other,Other,2,Insufficient data,,org_09cdc83f1003ae8a,ind_72400970c9a820b2,Specialty Children Hospital,Toronto Region,2024/25,needs_review,false,outside primary ED analysis scope,false,2,1,false,true,false,true,"[""intervention_0eb4d39c0d1a1f72eeb5"",""intervention_12c1eafa8011b912d1bb""]"
cycle_8b5bf74b3b07d50755fa,Staffing & Scheduling,Staffing & Scheduling,1,Insufficient data,,org_09cdc83f1003ae8a,ind_72400970c9a820b2,Specialty Children Hospital,Toronto Region,2024/25,needs_review,false,outside primary ED analysis scope,false,2,1,false,true,false,true,"[""intervention_e1ec40500964e66e142d""]"
cycle_6926fcc0168b77614f24,Other,Other,2,Insufficient data,,org_09cdc83f1003ae8a,ind_7b4abbf80d0322cc,Specialty Children Hospital,Toronto Region,2024/25,needs_review,false,outside primary ED analysis scope,false,1,0,true,false,false,true,"[""intervention_0bac142a4b0d4ca09365"",""intervention_9c3b361963c7ffd4d31c""]"
cycle_6b5aeb3d305f210d1015,"Data, Measurement & Dashboards","Data, Measurement & Dashboards",1,Insufficient data,,org_09cdc83f1003ae8a,ind_84bcd6c2c88865cb,Specialty Children Hospital,Toronto Region,2025/26,needs_review,false,outside primary ED analysis scope,false,2,1,false,true,false,true,"[""intervention_4fd7fdd6ff8acc157793""]"
cycle_6b5aeb3d305f210d1015,Other,Other,1,Insufficient data,,org_09cdc83f1003ae8a,ind_84bcd6c2c88865cb,Specialty Children Hospital,Toronto Region,2025/26,needs_review,false,outside primary ED analysis scope,false,2,1,false,true,false,true,"[""intervention_cae8f9a88c337a73982a""]"
cycle_8adf472b9c6f7a8ae489,Discharge & Transition Planning,Discharge & Transition Planning,2,Insufficient data,,org_09cdc83f1003ae8a,ind_9e0389db249f06df,Specialty Children Hospital,Toronto Region,2025/26,needs_review,false,outside primary ED analysis scope,false,1,1,true,false,true,false,"[""intervention_3bbf364f8687f8fd5ff7"",""intervention_4c4b75be6eb0b288363e""]"
cycle_39b6d789426d21af4bb6,Emergency Department Workflow,Emergency Department Workflow,2,Insufficient data,,org_09cdc83f1003ae8a,ind_bf93f6b2d08aea6a,Specialty Children Hospital,Toronto Region,2025/26,needs_review,false,outside primary ED analysis scope,false,2,1,false,true,false,true,"[""intervention_184304f7e8c2ad84ed9e"",""intervention_2dee85e6a066096f8084""]"
cycle_39b6d789426d21af4bb6,Other,Other,1,Insufficient data,,org_09cdc83f1003ae8a,ind_bf93f6b2d08aea6a,Specialty Children Hospital,Toronto Region,2025/26,needs_review,false,outside primary ED analysis scope,false,2,1,false,true,false,true,"[""intervention_ab31fa82f9f7204e50f7""]"
cycle_38fcdb74d9c887aa8351,"Data, Measurement & Dashboards","Data, Measurement & Dashboards",2,Insufficient data,,org_09e512f7a82833f6,ind_052de408d26434ce,Large Community Hospital,Toronto Region,2025/26,needs_review,false,outside primary ED analysis scope,false,2,2,false,true,false,false,"[""intervention_3df7b5923bc6d2ee1821"",""intervention_9149c46c19a8174050cb""]"
cycle_38fcdb74d9c887aa8351,Training & Education,Training & Education,2,Insufficient data,,org_09e512f7a82833f6,ind_052de408d26434ce,Large Community Hospital,Toronto Region,2025/26,needs_review,false,outside primary ED analysis scope,false,2,2,false,true,false,false,"[""intervention_5f4ffcfb9ceb779f34d6"",""intervention_753502ba6a7022309784""]"
cycle_671c8603ec86cd25dc92,"Data, Measurement & Dashboards","Data, Measurement & Dashboards",2,Insufficient data,,org_09e512f7a82833f6,ind_373a79a89f75abd5,Large Community Hospital,Toronto Region,2025/26,needs_review,false,outside primary ED analysis scope,false,2,1,false,true,false,true,"[""intervention_495f0312457c22506f4d"",""intervention_90ce852240cac5aac05e""]"
cycle_671c8603ec86cd25dc92,Other,Other,2,Insufficient data,,org_09e512f7a82833f6,ind_373a79a89f75abd5,Large Community Hospital,Toronto Region,2025/26,needs_review,false,outside primary ED analysis scope,false,2,1,false,true,false,true,"[""intervention_03eaf4337f0263d2580a"",""intervention_76b9425a4a4635b1d64d""]"
cycle_a15ceb3a9bdc6dec71d6,"Data, Measurement & Dashboards","Data, Measurement & Dashboards",1,Insufficient data,,org_09e512f7a82833f6,ind_40262ff9d5ce78c2,Large Community Hospital,Toronto Region,2025/26,needs_review,false,outside primary ED analysis scope,false,2,1,false,true,false,true,"[""intervention_3229d996164bee312076""]"
cycle_a15ceb3a9bdc6dec71d6,Other,Other,2,Insufficient data,,org_09e512f7a82833f6,ind_40262ff9d5ce78c2,Large Community Hospital,Toronto Region,2025/26,needs_review,false,outside primary ED analysis scope,false,2,1,false,true,false,true,"[""intervention_4c0cbb82e9be44c44758"",""intervention_869e4a275d8c48fb1aa9""]"
cycle_340a73db6ed1c21c60b8,"Data, Measurement & Dashboards","Data, Measurement & Dashboards",2,Insufficient data,,org_09e512f7a82833f6,ind_45826902d7f50e63,Large Community Hospital,Toronto Region,2024/25,needs_review,false,outside primary ED analysis scope,false,3,3,false,true,false,false,"[""intervention_28a0345c84da77bbf073"",""intervention_fec1cd80f874952d1baf""]"
cycle_340a73db6ed1c21c60b8,Policy / Standardization,Policy / Standardization,1,Insufficient data,,org_09e512f7a82833f6,ind_45826902d7f50e63,Large Community Hospital,Toronto Region,2024/25,needs_review,false,outside primary ED analysis scope,false,3,3,false,true,false,false,"[""intervention_2a88165a09f83a188288""]"
cycle_340a73db6ed1c21c60b8,Training & Education,Training & Education,1,Insufficient data,,org_09e512f7a82833f6,ind_45826902d7f50e63,Large Community Hospital,Toronto Region,2024/25,needs_review,false,outside primary ED analysis scope,false,3,3,false,true,false,false,"[""intervention_50aeb554f978e8276d14""]"
cycle_02af454d95655e5753da,Admission & Transfer Process,Admission & Transfer Process,1,Insufficient data,,org_09e512f7a82833f6,ind_4dca8fff642fa843,Large Community Hospital,Toronto Region,2024/25,needs_review,false,outside primary ED analysis scope,false,4,3,false,true,false,true,"[""intervention_455bde723b1141fed001""]"
cycle_02af454d95655e5753da,Emergency Department Workflow,Emergency Department Workflow,1,Insufficient data,,org_09e512f7a82833f6,ind_4dca8fff642fa843,Large Community Hospital,Toronto Region,2024/25,needs_review,false,outside primary ED analysis scope,false,4,3,false,true,false,true,"[""intervention_1adba0f19585732840e3""]"
cycle_02af454d95655e5753da,Other,Other,2,Insufficient data,,org_09e512f7a82833f6,ind_4dca8fff642fa843,Large Community Hospital,Toronto Region,2024/25,needs_review,false,outside primary ED analysis scope,false,4,3,false,true,false,true,"[""intervention_5a5242f9db789616cab0"",""intervention_aa8e44958200c15a3715""]"
cycle_02af454d95655e5753da,Technology & Digital Tools,Technology & Digital Tools,1,Insufficient data,,org_09e512f7a82833f6,ind_4dca8fff642fa843,Large Community Hospital,Toronto Region,2024/25,needs_review,false,outside primary ED analysis scope,false,4,3,false,true,false,true,"[""intervention_180de210368ebbcc03cb""]"
cycle_b274f8acd36b3e927645,"Data, Measurement & Dashboards","Data, Measurement & Dashboards",1,Insufficient data,,org_09e512f7a82833f6,ind_5e21009bba65529f,Large Community Hospital,Toronto Region,2025/26,needs_review,false,outside primary ED analysis scope,false,3,2,false,true,false,true,"[""intervention_da8fef30e326a5474113""]"
cycle_b274f8acd36b3e927645,Other,Other,2,Insufficient data,,org_09e512f7a82833f6,ind_5e21009bba65529f,Large Community Hospital,Toronto Region,2025/26,needs_review,false,outside primary ED analysis scope,false,3,2,false,true,false,true,"[""intervention_17b739c933162b08c055"",""intervention_e1410a608cac95d2eee4""]"
cycle_b274f8acd36b3e927645,Safety & Risk Prevention,Safety & Risk Prevention,1,Insufficient data,,org_09e512f7a82833f6,ind_5e21009bba65529f,Large Community Hospital,Toronto Region,2025/26,needs_review,false,outside primary ED analysis scope,false,3,2,false,true,false,true,"[""intervention_efe51c71dc752a6b3519""]"
cycle_bd3d4b4bb8e41b433206,"Data, Measurement & Dashboards","Data, Measurement & Dashboards",2,Insufficient data,,org_09e512f7a82833f6,ind_67ee717abbe20a1b,Large Community Hospital,Toronto Region,2024/25,excluded,false,outside primary ED analysis scope,false,3,2,false,true,false,true,"[""intervention_356d8e7e36b014866086"",""intervention_c5de792fd307622b2f75""]"
cycle_bd3d4b4bb8e41b433206,Discharge & Transition Planning,Discharge & Transition Planning,1,Insufficient data,,org_09e512f7a82833f6,ind_67ee717abbe20a1b,Large Community Hospital,Toronto Region,2024/25,excluded,false,outside primary ED analysis scope,false,3,2,false,true,false,true,"[""intervention_3956e6ecfaef668845dd""]"
cycle_bd3d4b4bb8e41b433206,Other,Other,1,Insufficient data,,org_09e512f7a82833f6,ind_67ee717abbe20a1b,Large Community Hospital,Toronto Region,2024/25,excluded,false,outside primary ED analysis scope,false,3,2,false,true,false,true,"[""intervention_0a095b7a01f9143242f4""]"
cycle_095ba8272bb73457206e,Discharge & Transition Planning,Discharge & Transition Planning,2,Insufficient data,,org_09e512f7a82833f6,ind_67ee717abbe20a1b,Large Community Hospital,Toronto Region,2025/26,excluded,false,outside primary ED analysis scope,false,2,1,false,true,false,true,"[""intervention_42f13b5123e0797745d2"",""intervention_c322c72cae13f7a9d067""]"
cycle_095ba8272bb73457206e,Other,Other,1,Insufficient data,,org_09e512f7a82833f6,ind_67ee717abbe20a1b,Large Community Hospital,Toronto Region,2025/26,excluded,false,outside primary ED analysis scope,false,2,1,false,true,false,true,"[""intervention_509f6d5a158bc298992d""]"
cycle_f5514f6a7a5c3e431888,"Data, Measurement & Dashboards","Data, Measurement & Dashboards",2,Insufficient data,,org_09e512f7a82833f6,ind_6ded00bb464fd404,Large Community Hospital,Toronto Region,2024/25,needs_review,false,outside primary ED analysis scope,false,2,2,false,true,false,false,"[""intervention_3941f59412ca224ad104"",""intervention_49209a28b25f4a4c87ce""]"
cycle_f5514f6a7a5c3e431888,Training & Education,Training & Education,1,Insufficient data,,org_09e512f7a82833f6,ind_6ded00bb464fd404,Large Community Hospital,Toronto Region,2024/25,needs_review,false,outside primary ED analysis scope,false,2,2,false,true,false,false,"[""intervention_f1831f878e501b5561bf""]"
cycle_b2d4107eddf0bb1c6d7e,Other,Other,3,Insufficient data,,org_09e512f7a82833f6,ind_7ebd4762b8a6c688,Large Community Hospital,Toronto Region,2025/26,included,false,unit_unverified; population_unverified; reporting_period_unverified; historical_match_unavailable_or_ambiguous,false,1,0,true,false,false,true,"[""intervention_0b4c1567c3d5d6356e3e"",""intervention_41982e8656a165041113"",""intervention_fbb5765b1471646bf287""]"
cycle_7a87e8a0f101df5ba16c,"Data, Measurement & Dashboards","Data, Measurement & Dashboards",1,Insufficient data,,org_09e512f7a82833f6,ind_c9abd14221b4c807,Large Community Hospital,Toronto Region,2025/26,needs_review,false,outside primary ED analysis scope,false,4,4,false,true,false,false,"[""intervention_9511b251ae64949b95d6""]"
cycle_7a87e8a0f101df5ba16c,Policy / Standardization,Policy / Standardization,1,Insufficient data,,org_09e512f7a82833f6,ind_c9abd14221b4c807,Large Community Hospital,Toronto Region,2025/26,needs_review,false,outside primary ED analysis scope,false,4,4,false,true,false,false,"[""intervention_79ec2f68044a482d8c7c""]"
cycle_7a87e8a0f101df5ba16c,Technology & Digital Tools,Technology & Digital Tools,1,Insufficient data,,org_09e512f7a82833f6,ind_c9abd14221b4c807,Large Community Hospital,Toronto Region,2025/26,needs_review,false,outside primary ED analysis scope,false,4,4,false,true,false,false,"[""intervention_b52aa298116863ee310e""]"
cycle_7a87e8a0f101df5ba16c,Training & Education,Training & Education,1,Insufficient data,,org_09e512f7a82833f6,ind_c9abd14221b4c807,Large Community Hospital,Toronto Region,2025/26,needs_review,false,outside primary ED analysis scope,false,4,4,false,true,false,false,"[""intervention_3041d8631c20510fb863""]"
cycle_e3f9c38820d2ae5dedfa,Care Coordination & Communication,Care Coordination & Communication,1,Insufficient data,,org_09e512f7a82833f6,ind_cd57992e4ca687e8,Large Community Hospital,Toronto Region,2024/25,needs_review,false,outside primary ED analysis scope,false,3,2,false,true,false,true,"[""intervention_861b72484cd76301d06b""]"
cycle_e3f9c38820d2ae5dedfa,Discharge & Transition Planning,Discharge & Transition Planning,2,Insufficient data,,org_09e512f7a82833f6,ind_cd57992e4ca687e8,Large Community Hospital,Toronto Region,2024/25,needs_review,false,outside primary ED analysis scope,false,3,2,false,true,false,true,"[""intervention_19e4c928e286e1aaa3a7"",""intervention_783d2f10e4fb1431fd36""]"
cycle_e3f9c38820d2ae5dedfa,Other,Other,1,Insufficient data,,org_09e512f7a82833f6,ind_cd57992e4ca687e8,Large Community Hospital,Toronto Region,2024/25,needs_review,false,outside primary ED analysis scope,false,3,2,false,true,false,true,"[""intervention_9136671497132efbe36b""]"
cycle_e08c333e2795fe929c33,Discharge & Transition Planning,Discharge & Transition Planning,3,Insufficient data,,org_09e512f7a82833f6,ind_ef4a9573ead4ee92,Large Community Hospital,Toronto Region,2025/26,included,false,unit_unverified; population_unverified; reporting_period_unverified; historical_match_unavailable_or_ambiguous,false,2,2,false,true,false,false,"[""intervention_3d66af73c0250e1180ad"",""intervention_669d4617d3e3be68a783"",""intervention_68ae34f977bfbc817a24""]"
cycle_e08c333e2795fe929c33,Technology & Digital Tools,Technology & Digital Tools,1,Insufficient data,,org_09e512f7a82833f6,ind_ef4a9573ead4ee92,Large Community Hospital,Toronto Region,2025/26,included,false,unit_unverified; population_unverified; reporting_period_unverified; historical_match_unavailable_or_ambiguous,false,2,2,false,true,false,false,"[""intervention_54dea29ba445f4bb6344""]"
cycle_61c80119ae4fc8dadb7f,"Data, Measurement & Dashboards","Data, Measurement & Dashboards",1,Insufficient data,,org_09e512f7a82833f6,ind_f716a625a5fe3177,Large Community Hospital,Toronto Region,2024/25,needs_review,false,outside primary ED analysis scope,false,2,1,false,true,false,true,"[""intervention_4c87ca40b70968c97360""]"
cycle_61c80119ae4fc8dadb7f,Other,Other,2,Insufficient data,,org_09e512f7a82833f6,ind_f716a625a5fe3177,Large Community Hospital,Toronto Region,2024/25,needs_review,false,outside primary ED analysis scope,false,2,1,false,true,false,true,"[""intervention_e5da91db8e489f1299e3"",""intervention_f5560ab9653922156883""]"
cycle_c2c05b36e6f71565974e,"Data, Measurement & Dashboards","Data, Measurement & Dashboards",2,Insufficient data,,org_09e512f7a82833f6,ind_f88d2ef74800f14a,Large Community Hospital,Toronto Region,2024/25,needs_review,false,outside primary ED analysis scope,false,2,2,false,true,false,false,"[""intervention_7195f254f4fd7654c063"",""intervention_ccf79e75e5e411e8c2b9""]"
cycle_c2c05b36e6f71565974e,Training & Education,Training & Education,1,Insufficient data,,org_09e512f7a82833f6,ind_f88d2ef74800f14a,Large Community Hospital,Toronto Region,2024/25,needs_review,false,outside primary ED analysis scope,false,2,2,false,true,false,false,"[""intervention_25afdae4f9a634d36265""]"
cycle_8b8e97993945c95a9999,"Data, Measurement & Dashboards","Data, Measurement & Dashboards",1,Insufficient data,,org_0a50e18543c02308,ind_029fbfbe03f0773d,Teaching Hospital,East Region,2024/25,needs_review,false,outside primary ED analysis scope,false,1,1,true,false,true,false,"[""intervention_d90484ca541b3011be8c""]"
cycle_ecc2eb4818d47428e1b5,Discharge & Transition Planning,Discharge & Transition Planning,1,Insufficient data,,org_0a50e18543c02308,ind_0646035afd9bba7c,Teaching Hospital,East Region,2024/25,excluded,false,outside primary ED analysis scope,false,1,1,true,false,true,false,"[""intervention_8c2d492f35ca950d4147""]"
cycle_b2ec0f848d79791d4836,Discharge & Transition Planning,Discharge & Transition Planning,2,Insufficient data,,org_0a50e18543c02308,ind_0646035afd9bba7c,Teaching Hospital,East Region,2025/26,excluded,false,outside primary ED analysis scope,false,1,1,true,false,true,false,"[""intervention_0fb4b843bed08cd43733"",""intervention_6bcbe736e2d432f790d5""]"
cycle_3e30c30e98c57a7c8a66,Care Coordination & Communication,Care Coordination & Communication,1,Insufficient data,,org_0a50e18543c02308,ind_0649c8510837eb23,Teaching Hospital,East Region,2025/26,needs_review,false,outside primary ED analysis scope,false,1,1,true,false,true,false,"[""intervention_12c5c4ae1823bc8cc818""]"
cycle_22b05575f4a8b9d8d05d,Patient Streaming / Triage,Patient Streaming / Triage,1,Insufficient data,,org_0a50e18543c02308,ind_143b3b2b02928d6c,Teaching Hospital,East Region,2025/26,needs_review,false,outside primary ED analysis scope,false,1,1,true,false,true,false,"[""intervention_a610a670a92db5861385""]"
cycle_47656f99e4367f81ee8e,Other,Other,1,Insufficient data,,org_0a50e18543c02308,ind_219f1353e267f669,Teaching Hospital,East Region,2024/25,needs_review,false,outside primary ED analysis scope,false,2,1,false,true,false,true,"[""intervention_30d988221263e654d54c""]"
cycle_47656f99e4367f81ee8e,Training & Education,Training & Education,1,Insufficient data,,org_0a50e18543c02308,ind_219f1353e267f669,Teaching Hospital,East Region,2024/25,needs_review,false,outside primary ED analysis scope,false,2,1,false,true,false,true,"[""intervention_fe1fad9af963a6924fba""]"
cycle_1fd142d9bc9b219b05c9,"Data, Measurement & Dashboards","Data, Measurement & Dashboards",1,Insufficient data,,org_0a50e18543c02308,ind_2a0e18acd6c1116c,Teaching Hospital,East Region,2025/26,needs_review,false,outside primary ED analysis scope,false,1,1,true,false,true,false,"[""intervention_b87eab9fe5f012a8fc2a""]"
cycle_be31dd32e9f35fe83c00,Training & Education,Training & Education,3,Insufficient data,,org_0a50e18543c02308,ind_2beb5f8ea6b1944f,Teaching Hospital,East Region,2025/26,needs_review,false,outside primary ED analysis scope,false,1,1,true,false,true,false,"[""intervention_5e374975404cd9d5c6f9"",""intervention_a734eb1af81af858c9d0"",""intervention_d976d5368a4d6ef97fa7""]"
cycle_7de32fcf8ce6f02f35cb,"Data, Measurement & Dashboards","Data, Measurement & Dashboards",1,Insufficient data,,org_0a50e18543c02308,ind_37478f8fb5db2bb6,Teaching Hospital,East Region,2024/25,excluded,false,outside primary ED analysis scope,false,3,2,false,true,false,true,"[""intervention_77c72f6effdc3a184605""]"
cycle_7de32fcf8ce6f02f35cb,Other,Other,1,Insufficient data,,org_0a50e18543c02308,ind_37478f8fb5db2bb6,Teaching Hospital,East Region,2024/25,excluded,false,outside primary ED analysis scope,false,3,2,false,true,false,true,"[""intervention_f30b861d1fd70b18e12f""]"
cycle_7de32fcf8ce6f02f35cb,Training & Education,Training & Education,1,Insufficient data,,org_0a50e18543c02308,ind_37478f8fb5db2bb6,Teaching Hospital,East Region,2024/25,excluded,false,outside primary ED analysis scope,false,3,2,false,true,false,true,"[""intervention_dd451361c02d054bd146""]"
cycle_2f1dc4e1fe94fb33d1e5,"Data, Measurement & Dashboards","Data, Measurement & Dashboards",1,Insufficient data,,org_0a50e18543c02308,ind_37478f8fb5db2bb6,Teaching Hospital,East Region,2025/26,excluded,false,outside primary ED analysis scope,false,2,1,false,true,false,true,"[""intervention_d597f96db7729bd4991a""]"
cycle_2f1dc4e1fe94fb33d1e5,Other,Other,2,Insufficient data,,org_0a50e18543c02308,ind_37478f8fb5db2bb6,Teaching Hospital,East Region,2025/26,excluded,false,outside primary ED analysis scope,false,2,1,false,true,false,true,"[""intervention_67cc3ef9cea9fd4761a5"",""intervention_a997cb5d3312a7381ee7""]"
cycle_fde462d7aa4e30a3e81d,Other,Other,1,Insufficient data,,org_0a50e18543c02308,ind_38b913afc46b4233,Teaching Hospital,East Region,2025/26,needs_review,false,outside primary ED analysis scope,false,1,0,true,false,false,true,"[""intervention_a35bf5551f5f43ffb41a""]"
cycle_f24fe9bfb6880d35bada,Other,Other,1,Insufficient data,,org_0a50e18543c02308,ind_3a36105916492552,Teaching Hospital,East Region,2024/25,needs_review,false,outside primary ED analysis scope,false,1,0,true,false,false,true,"[""intervention_103d928365983da65c48""]"
cycle_c1ad6b26e64d9b937d30,Training & Education,Training & Education,1,Insufficient data,,org_0a50e18543c02308,ind_43f74503cde38b67,Teaching Hospital,East Region,2024/25,needs_review,false,outside primary ED analysis scope,false,1,1,true,false,true,false,"[""intervention_c060db2c9716fbe1cb21""]"
cycle_75f4748b2e7fd0f1ad65,"Data, Measurement & Dashboards","Data, Measurement & Dashboards",1,Insufficient data,,org_0a50e18543c02308,ind_44a65001727d0dd0,Teaching Hospital,East Region,2024/25,needs_review,false,outside primary ED analysis scope,false,1,1,true,false,true,false,"[""intervention_15acf79db1b6f8608c5b""]"
cycle_b8516b383eaa1b629ad1,Other,Other,1,Insufficient data,,org_0a50e18543c02308,ind_476dfcfa067a2039,Teaching Hospital,East Region,2025/26,needs_review,false,outside primary ED analysis scope,false,1,0,true,false,false,true,"[""intervention_91ff7b1b8cd4327e46a8""]"
cycle_6a0d6c9d08040dcace68,Other,Other,1,Insufficient data,,org_0a50e18543c02308,ind_48834037d4507e8c,Teaching Hospital,East Region,2025/26,needs_review,false,outside primary ED analysis scope,false,1,0,true,false,false,true,"[""intervention_74ee63adace9b0b183ee""]"
cycle_90a381182e60af2bc1d1,Other,Other,1,Insufficient data,,org_0a50e18543c02308,ind_4fd3df58713b3e10,Teaching Hospital,East Region,2025/26,needs_review,false,outside primary ED analysis scope,false,1,0,true,false,false,true,"[""intervention_2908fc9ccb6964091adc""]"
cycle_2426e6ce58aa8ae07b51,"Data, Measurement & Dashboards","Data, Measurement & Dashboards",1,Insufficient data,,org_0a50e18543c02308,ind_5314e24f5f6e6912,Teaching Hospital,East Region,2024/25,excluded,false,outside primary ED analysis scope,false,1,1,true,false,true,false,"[""intervention_056c717b9ce5ff85df2f""]"
cycle_394312b374fdcc8055bb,Other,Other,1,Insufficient data,,org_0a50e18543c02308,ind_5537dbf9752cc12c,Teaching Hospital,East Region,2025/26,needs_review,false,outside primary ED analysis scope,false,1,0,true,false,false,true,"[""intervention_e46c76aae4397fc78a9e""]"
cycle_3ae64b44a9d32687bcf0,"Data, Measurement & Dashboards","Data, Measurement & Dashboards",3,Insufficient data,,org_0a50e18543c02308,ind_5bd9cba61e578232,Teaching Hospital,East Region,2025/26,needs_review,false,outside primary ED analysis scope,false,1,1,true,false,true,false,"[""intervention_4db39ec27ab200a9b339"",""intervention_c9008549d839a0425a77"",""intervention_f95c8664042fdc62e94b""]"
cycle_6599686bebfa7de4a43b,"Data, Measurement & Dashboards","Data, Measurement & Dashboards",1,Insufficient data,,org_0a50e18543c02308,ind_67ee717abbe20a1b,Teaching Hospital,East Region,2024/25,excluded,false,outside primary ED analysis scope,false,2,1,false,true,false,true,"[""intervention_6a4e9ea3e26c3c7bf4fa""]"
cycle_6599686bebfa7de4a43b,Other,Other,1,Insufficient data,,org_0a50e18543c02308,ind_67ee717abbe20a1b,Teaching Hospital,East Region,2024/25,excluded,false,outside primary ED analysis scope,false,2,1,false,true,false,true,"[""intervention_cde34f27bfc45691147b""]"
cycle_dfa11826481f23c0c867,Admission & Transfer Process,Admission & Transfer Process,1,Insufficient data,,org_0a50e18543c02308,ind_67ee717abbe20a1b,Teaching Hospital,East Region,2025/26,excluded,false,outside primary ED analysis scope,false,3,3,false,true,false,false,"[""intervention_bc13109158db1d454532""]"
cycle_dfa11826481f23c0c867,Care Coordination & Communication,Care Coordination & Communication,1,Insufficient data,,org_0a50e18543c02308,ind_67ee717abbe20a1b,Teaching Hospital,East Region,2025/26,excluded,false,outside primary ED analysis scope,false,3,3,false,true,false,false,"[""intervention_07fa9c756ade3c9835cf""]"
cycle_dfa11826481f23c0c867,"Data, Measurement & Dashboards","Data, Measurement & Dashboards",1,Insufficient data,,org_0a50e18543c02308,ind_67ee717abbe20a1b,Teaching Hospital,East Region,2025/26,excluded,false,outside primary ED analysis scope,false,3,3,false,true,false,false,"[""intervention_212006fff8dfd5be846c""]"
cycle_bc0cf71ef951aaf8e670,Care Coordination & Communication,Care Coordination & Communication,1,Insufficient data,,org_0a50e18543c02308,ind_6cbd2d51ac0b030d,Teaching Hospital,East Region,2025/26,needs_review,false,outside primary ED analysis scope,false,1,1,true,false,true,false,"[""intervention_65622a46e36cd8f8b875""]"
cycle_7b432682e6407e61f9e5,Other,Other,1,Insufficient data,,org_0a50e18543c02308,ind_719f025c2287e852,Teaching Hospital,East Region,2024/25,needs_review,false,outside primary ED analysis scope,false,2,1,false,true,false,true,"[""intervention_ea050c16292a05ab7a0e""]"
cycle_7b432682e6407e61f9e5,Training & Education,Training & Education,2,Insufficient data,,org_0a50e18543c02308,ind_719f025c2287e852,Teaching Hospital,East Region,2024/25,needs_review,false,outside primary ED analysis scope,false,2,1,false,true,false,true,"[""intervention_469c291039e9a5e740dd"",""intervention_edc3755d2be8526b70f9""]"
cycle_4386c024e698a6d4892d,Training & Education,Training & Education,1,Insufficient data,,org_0a50e18543c02308,ind_7202c447b5d2b5eb,Teaching Hospital,East Region,2025/26,needs_review,false,outside primary ED analysis scope,false,1,1,true,false,true,false,"[""intervention_5c7298ac99cb3c17e349""]"
cycle_ff9f8c03f33f86873502,"Data, Measurement & Dashboards","Data, Measurement & Dashboards",1,Insufficient data,,org_0a50e18543c02308,ind_76686fd081e83bec,Teaching Hospital,East Region,2024/25,needs_review,false,outside primary ED analysis scope,false,1,1,true,false,true,false,"[""intervention_489654cc7370d464a22c""]"
cycle_1fea8c951fcae5bf4316,Other,Other,1,Insufficient data,,org_0a50e18543c02308,ind_7851c0a58c2accd3,Teaching Hospital,East Region,2025/26,needs_review,false,outside primary ED analysis scope,false,1,0,true,false,false,true,"[""intervention_ac79254d2977820af0ff""]"
cycle_8a4bc97f0b02f0ba8b6b,Training & Education,Training & Education,1,Insufficient data,,org_0a50e18543c02308,ind_78a9eb172af44ade,Teaching Hospital,East Region,2025/26,needs_review,false,outside primary ED analysis scope,false,1,1,true,false,true,false,"[""intervention_f89ff28b124e42a01b60""]"
cycle_e90067dbde8387015660,"Data, Measurement & Dashboards","Data, Measurement & Dashboards",1,Insufficient data,,org_0a50e18543c02308,ind_7b0320a3ffbf7685,Teaching Hospital,East Region,2024/25,needs_review,false,outside primary ED analysis scope,false,2,2,false,true,false,false,"[""intervention_91923aad2bc9da86321e""]"
cycle_e90067dbde8387015660,Training & Education,Training & Education,2,Insufficient data,,org_0a50e18543c02308,ind_7b0320a3ffbf7685,Teaching Hospital,East Region,2024/25,needs_review,false,outside primary ED analysis scope,false,2,2,false,true,false,false,"[""intervention_a2de6974adfaffa17527"",""intervention_cfbfa54aabdfad51dbd8""]"
cycle_4b2f3140bc84010af30f,"Data, Measurement & Dashboards","Data, Measurement & Dashboards",2,Insufficient data,,org_0a50e18543c02308,ind_81e83752da2fb19a,Teaching Hospital,East Region,2024/25,needs_review,false,outside primary ED analysis scope,false,2,1,false,true,false,true,"[""intervention_8a16105819df50e60178"",""intervention_b9c795adce362c741020""]"
cycle_4b2f3140bc84010af30f,Other,Other,1,Insufficient data,,org_0a50e18543c02308,ind_81e83752da2fb19a,Teaching Hospital,East Region,2024/25,needs_review,false,outside primary ED analysis scope,false,2,1,false,true,false,true,"[""intervention_ac61120c003b9e98f659""]"
cycle_ec1d8209a70e872d3d3c,"Data, Measurement & Dashboards","Data, Measurement & Dashboards",1,Insufficient data,,org_0a50e18543c02308,ind_8942baa50f2541ed,Teaching Hospital,East Region,2024/25,needs_review,false,outside primary ED analysis scope,false,3,3,false,true,false,false,"[""intervention_6e2c07668094021dbdd0""]"
cycle_ec1d8209a70e872d3d3c,Policy / Standardization,Policy / Standardization,1,Insufficient data,,org_0a50e18543c02308,ind_8942baa50f2541ed,Teaching Hospital,East Region,2024/25,needs_review,false,outside primary ED analysis scope,false,3,3,false,true,false,false,"[""intervention_88b70369feadbc04687f""]"
cycle_ec1d8209a70e872d3d3c,Training & Education,Training & Education,1,Insufficient data,,org_0a50e18543c02308,ind_8942baa50f2541ed,Teaching Hospital,East Region,2024/25,needs_review,false,outside primary ED analysis scope,false,3,3,false,true,false,false,"[""intervention_082e24e163d2b63277c2""]"
cycle_94982c0903001e1c586b,"Data, Measurement & Dashboards","Data, Measurement & Dashboards",1,Insufficient data,,org_0a50e18543c02308,ind_906cff79001b6b5a,Teaching Hospital,East Region,2025/26,needs_review,false,outside primary ED analysis scope,false,1,1,true,false,true,false,"[""intervention_f92a5e157a1f5af5f6a9""]"
cycle_b0346c35064baad1bb66,"Data, Measurement & Dashboards","Data, Measurement & Dashboards",1,Insufficient data,,org_0a50e18543c02308,ind_96e372697b942552,Teaching Hospital,East Region,2025/26,needs_review,false,outside primary ED analysis scope,false,2,2,false,true,false,false,"[""intervention_642ffc0178d8ca6e6c1b""]"
cycle_b0346c35064baad1bb66,Training & Education,Training & Education,1,Insufficient data,,org_0a50e18543c02308,ind_96e372697b942552,Teaching Hospital,East Region,2025/26,needs_review,false,outside primary ED analysis scope,false,2,2,false,true,false,false,"[""intervention_6f585d914b646ba57205""]"
cycle_3d08664dfb7a86844eeb,Other,Other,1,Insufficient data,,org_0a50e18543c02308,ind_9afb16fff8cb2967,Teaching Hospital,East Region,2025/26,needs_review,false,outside primary ED analysis scope,false,1,0,true,false,false,true,"[""intervention_2a99e601fff3126ef4f6""]"
cycle_761eb8183751bf75811d,"Data, Measurement & Dashboards","Data, Measurement & Dashboards",1,Insufficient data,,org_0a50e18543c02308,ind_9ba410d1faece893,Teaching Hospital,East Region,2024/25,needs_review,false,outside primary ED analysis scope,false,2,1,false,true,false,true,"[""intervention_4eb0e0b5642bb644f053""]"
cycle_761eb8183751bf75811d,Other,Other,1,Insufficient data,,org_0a50e18543c02308,ind_9ba410d1faece893,Teaching Hospital,East Region,2024/25,needs_review,false,outside primary ED analysis scope,false,2,1,false,true,false,true,"[""intervention_d94d8a3dbe04c73e1304""]"
cycle_a193ecc69239387c5cb8,"Data, Measurement & Dashboards","Data, Measurement & Dashboards",1,Insufficient data,,org_0a50e18543c02308,ind_9e718b5f7d17ec2e,Teaching Hospital,East Region,2025/26,needs_review,false,outside primary ED analysis scope,false,1,1,true,false,true,false,"[""intervention_5892faa0113ec55bc65c""]"
cycle_fe7e620b8fb58aba4652,Other,Other,1,Insufficient data,,org_0a50e18543c02308,ind_a8f6cca5fe8befdf,Teaching Hospital,East Region,2024/25,excluded,false,outside primary ED analysis scope,false,1,0,true,false,false,true,"[""intervention_310b246f740f8f12fc29""]"
cycle_a46516b5ef6af6629c12,Training & Education,Training & Education,1,Insufficient data,,org_0a50e18543c02308,ind_afd2882b6c5d49ee,Teaching Hospital,East Region,2024/25,needs_review,false,outside primary ED analysis scope,false,1,1,true,false,true,false,"[""intervention_b3db8131a71c6cbfe83f""]"
cycle_82676b463eaf903f1b4b,Technology & Digital Tools,Technology & Digital Tools,1,Insufficient data,,org_0a50e18543c02308,ind_bd2d1ebe6c7b26d4,Teaching Hospital,East Region,2024/25,needs_review,false,outside primary ED analysis scope,false,1,1,true,false,true,false,"[""intervention_9fdbe996bc000522fadd""]"
cycle_41c96fce3103c9d74166,Other,Other,1,Insufficient data,,org_0a50e18543c02308,ind_c4b1230e572b3a17,Teaching Hospital,East Region,2024/25,needs_review,false,outside primary ED analysis scope,false,1,0,true,false,false,true,"[""intervention_1d98cfc83bb7f82289c2""]"
cycle_b9ec1b20705fa47209c7,Other,Other,2,Insufficient data,,org_0a50e18543c02308,ind_c75ac4ed48b4172e,Teaching Hospital,East Region,2024/25,needs_review,false,outside primary ED analysis scope,false,3,2,false,true,false,true,"[""intervention_0d414ee9e5dd1846a218"",""intervention_220bc490385aafaffb6f""]"
cycle_b9ec1b20705fa47209c7,Policy / Standardization,Policy / Standardization,1,Insufficient data,,org_0a50e18543c02308,ind_c75ac4ed48b4172e,Teaching Hospital,East Region,2024/25,needs_review,false,outside primary ED analysis scope,false,3,2,false,true,false,true,"[""intervention_478646d28afe3006a36b""]"
cycle_b9ec1b20705fa47209c7,Training & Education,Training & Education,1,Insufficient data,,org_0a50e18543c02308,ind_c75ac4ed48b4172e,Teaching Hospital,East Region,2024/25,needs_review,false,outside primary ED analysis scope,false,3,2,false,true,false,true,"[""intervention_aee4ee5392fb7aaa21ba""]"
cycle_a7a559c07ba43c5f7fad,"Data, Measurement & Dashboards","Data, Measurement & Dashboards",1,Insufficient data,,org_0a50e18543c02308,ind_cd57992e4ca687e8,Teaching Hospital,East Region,2024/25,needs_review,false,outside primary ED analysis scope,false,1,1,true,false,true,false,"[""intervention_17f132a747852f1e6a0d""]"
cycle_eccfa851ea8b4fe27994,Other,Other,1,Insufficient data,,org_0a50e18543c02308,ind_d9d5f0e8f7d514f3,Teaching Hospital,East Region,2025/26,needs_review,false,outside primary ED analysis scope,false,2,1,false,true,false,true,"[""intervention_9331ce9ed58e7ec8c8b9""]"
cycle_eccfa851ea8b4fe27994,Training & Education,Training & Education,1,Insufficient data,,org_0a50e18543c02308,ind_d9d5f0e8f7d514f3,Teaching Hospital,East Region,2025/26,needs_review,false,outside primary ED analysis scope,false,2,1,false,true,false,true,"[""intervention_d8eea3fc1dba152a3be8""]"
cycle_deb6162f9dfd8819ff80,Patient Streaming / Triage,Patient Streaming / Triage,1,Insufficient data,,org_0a50e18543c02308,ind_f2c8f0b5c76d52bc,Teaching Hospital,East Region,2024/25,needs_review,false,outside primary ED analysis scope,false,1,1,true,false,true,false,"[""intervention_208186d48000ff61b6c2""]"
cycle_bad5d8bb3a2af8faee4f,Care Coordination & Communication,Care Coordination & Communication,1,Insufficient data,,org_0b49a1f094021633,ind_12b0972fbac73430,Teaching Hospital,Toronto Region,2024/25,needs_review,false,outside primary ED analysis scope,false,3,2,false,true,false,true,"[""intervention_31f8842d53beb698bfa3""]"
cycle_bad5d8bb3a2af8faee4f,"Data, Measurement & Dashboards","Data, Measurement & Dashboards",1,Insufficient data,,org_0b49a1f094021633,ind_12b0972fbac73430,Teaching Hospital,Toronto Region,2024/25,needs_review,false,outside primary ED analysis scope,false,3,2,false,true,false,true,"[""intervention_072a42a37afe93ff71ce""]"
cycle_bad5d8bb3a2af8faee4f,Other,Other,3,Insufficient data,,org_0b49a1f094021633,ind_12b0972fbac73430,Teaching Hospital,Toronto Region,2024/25,needs_review,false,outside primary ED analysis scope,false,3,2,false,true,false,true,"[""intervention_3bd443a8d8cd3e538ee1"",""intervention_86600d7921fe0cf52ef2"",""intervention_e6cf63aac529a16e1e30""]"
cycle_54f65f8e40a7b84508bd,Other,Other,1,Insufficient data,,org_0b49a1f094021633,ind_18a5437b1dbb657e,Teaching Hospital,Toronto Region,2025/26,needs_review,false,outside primary ED analysis scope,false,1,0,true,false,false,true,"[""intervention_56745901ade62bdf04f7""]"
cycle_9d6a4774e7a8178a466c,"Data, Measurement & Dashboards","Data, Measurement & Dashboards",1,Insufficient data,,org_0b49a1f094021633,ind_1b40a5c93f05e7fa,Teaching Hospital,Toronto Region,2025/26,needs_review,false,outside primary ED analysis scope,false,2,1,false,true,false,true,"[""intervention_2596a9a194036caa026f""]"
cycle_9d6a4774e7a8178a466c,Other,Other,1,Insufficient data,,org_0b49a1f094021633,ind_1b40a5c93f05e7fa,Teaching Hospital,Toronto Region,2025/26,needs_review,false,outside primary ED analysis scope,false,2,1,false,true,false,true,"[""intervention_80425e81abd86569537e""]"
cycle_dbbfa1e40aa3cc0feb40,Care Coordination & Communication,Care Coordination & Communication,1,Insufficient data,,org_0b49a1f094021633,ind_2348b5a3a094f9df,Teaching Hospital,Toronto Region,2024/25,needs_review,false,outside primary ED analysis scope,false,3,3,false,true,false,false,"[""intervention_e6a56b74aeb473b8191f""]"
cycle_dbbfa1e40aa3cc0feb40,Technology & Digital Tools,Technology & Digital Tools,1,Insufficient data,,org_0b49a1f094021633,ind_2348b5a3a094f9df,Teaching Hospital,Toronto Region,2024/25,needs_review,false,outside primary ED analysis scope,false,3,3,false,true,false,false,"[""intervention_b38a87436bd0d3c1f54f""]"
cycle_dbbfa1e40aa3cc0feb40,Training & Education,Training & Education,1,Insufficient data,,org_0b49a1f094021633,ind_2348b5a3a094f9df,Teaching Hospital,Toronto Region,2024/25,needs_review,false,outside primary ED analysis scope,false,3,3,false,true,false,false,"[""intervention_24e65e33391331ee2810""]"
cycle_c9d8a781d85806a1772a,Other,Other,1,Insufficient data,,org_0b49a1f094021633,ind_27a1238a49b8aa38,Teaching Hospital,Toronto Region,2025/26,needs_review,false,outside primary ED analysis scope,false,1,0,true,false,false,true,"[""intervention_1ed1e9501311a5f96849""]"
cycle_1f10bb58a1d4bf2b86fc,Safety & Risk Prevention,Safety & Risk Prevention,1,Insufficient data,,org_0b49a1f094021633,ind_3fb734a3b1538472,Teaching Hospital,Toronto Region,2024/25,needs_review,false,outside primary ED analysis scope,false,2,2,false,true,false,false,"[""intervention_16458d906917360c42d6""]"
cycle_1f10bb58a1d4bf2b86fc,Technology & Digital Tools,Technology & Digital Tools,1,Insufficient data,,org_0b49a1f094021633,ind_3fb734a3b1538472,Teaching Hospital,Toronto Region,2024/25,needs_review,false,outside primary ED analysis scope,false,2,2,false,true,false,false,"[""intervention_0d8a8570605e136cd3d0""]"
cycle_b2b74beacf6f2ebe8492,Other,Other,2,Insufficient data,,org_0b49a1f094021633,ind_444ce554025de292,Teaching Hospital,Toronto Region,2025/26,needs_review,false,outside primary ED analysis scope,false,1,0,true,false,false,true,"[""intervention_73ea997713bce44b5a96"",""intervention_fed0d913c97dcca13b42""]"
cycle_3fdf9591bb7b35c03bd2,Other,Other,3,Insufficient data,,org_0b49a1f094021633,ind_48cbe77a9b6dc1c4,Teaching Hospital,Toronto Region,2025/26,needs_review,false,outside primary ED analysis scope,false,2,1,false,true,false,true,"[""intervention_755fef1d236e997275c2"",""intervention_ac689a24d0dd778c04e3"",""intervention_ca6088db6c2200f56ee6""]"
cycle_3fdf9591bb7b35c03bd2,Safety & Risk Prevention,Safety & Risk Prevention,1,Insufficient data,,org_0b49a1f094021633,ind_48cbe77a9b6dc1c4,Teaching Hospital,Toronto Region,2025/26,needs_review,false,outside primary ED analysis scope,false,2,1,false,true,false,true,"[""intervention_491b3e00c833e77ef5ee""]"
cycle_0b6795da09260425832d,Other,Other,1,Insufficient data,,org_0b49a1f094021633,ind_4c4768716aae4555,Teaching Hospital,Toronto Region,2025/26,needs_review,false,outside primary ED analysis scope,false,1,0,true,false,false,true,"[""intervention_b634ce0368e68ca81fea""]"
cycle_10f508847f5e1302c1fd,Care Coordination & Communication,Care Coordination & Communication,1,Insufficient data,,org_0b49a1f094021633,ind_6b8e077268671e38,Teaching Hospital,Toronto Region,2024/25,needs_review,false,outside primary ED analysis scope,false,3,2,false,true,false,true,"[""intervention_a3be78ed8c06cf7df775""]"
cycle_10f508847f5e1302c1fd,"Data, Measurement & Dashboards","Data, Measurement & Dashboards",1,Insufficient data,,org_0b49a1f094021633,ind_6b8e077268671e38,Teaching Hospital,Toronto Region,2024/25,needs_review,false,outside primary ED analysis scope,false,3,2,false,true,false,true,"[""intervention_e24a8150aefdaab7ce78""]"
cycle_10f508847f5e1302c1fd,Other,Other,1,Insufficient data,,org_0b49a1f094021633,ind_6b8e077268671e38,Teaching Hospital,Toronto Region,2024/25,needs_review,false,outside primary ED analysis scope,false,3,2,false,true,false,true,"[""intervention_74bc19010634eba546b3""]"
cycle_e9ceee05cf47538060a7,Other,Other,1,Insufficient data,,org_0b49a1f094021633,ind_7ae9c35fbbd398c4,Teaching Hospital,Toronto Region,2024/25,needs_review,false,outside primary ED analysis scope,false,2,1,false,true,false,true,"[""intervention_d17a55df9817c762de9b""]"
cycle_e9ceee05cf47538060a7,Policy / Standardization,Policy / Standardization,1,Insufficient data,,org_0b49a1f094021633,ind_7ae9c35fbbd398c4,Teaching Hospital,Toronto Region,2024/25,needs_review,false,outside primary ED analysis scope,false,2,1,false,true,false,true,"[""intervention_b9973c33eb4ce2ec29d8""]"
cycle_81bc6796be03e1c944a2,Other,Other,1,Insufficient data,,org_0b49a1f094021633,ind_7f499173f0ae5db7,Teaching Hospital,Toronto Region,2025/26,needs_review,false,outside primary ED analysis scope,false,1,0,true,false,false,true,"[""intervention_cddd802ac22dad6b0075""]"
cycle_b87e53f4557c50b0e04b,Other,Other,1,Insufficient data,,org_0b49a1f094021633,ind_819d69bf9755fe3d,Teaching Hospital,Toronto Region,2025/26,needs_review,false,outside primary ED analysis scope,false,1,0,true,false,false,true,"[""intervention_3ffc859252892de7bacc""]"
cycle_6dc900c133a68fb4eb3b,Other,Other,1,Insufficient data,,org_0b49a1f094021633,ind_90df396261cc9727,Teaching Hospital,Toronto Region,2024/25,needs_review,false,outside primary ED analysis scope,false,1,0,true,false,false,true,"[""intervention_ee518825dfb3d595efcb""]"
cycle_dafac9e61f2d4ee50089,Other,Other,2,Insufficient data,,org_0b49a1f094021633,ind_a2124b774ea199d0,Teaching Hospital,Toronto Region,2025/26,needs_review,false,outside primary ED analysis scope,false,2,1,false,true,false,true,"[""intervention_11c1099fbad68087478e"",""intervention_e4b87781b6d4b33b0241""]"
cycle_dafac9e61f2d4ee50089,Safety & Risk Prevention,Safety & Risk Prevention,1,Insufficient data,,org_0b49a1f094021633,ind_a2124b774ea199d0,Teaching Hospital,Toronto Region,2025/26,needs_review,false,outside primary ED analysis scope,false,2,1,false,true,false,true,"[""intervention_3ab0cb12c17b5c074ea9""]"
cycle_69a17f523b8133b12c08,Other,Other,2,Insufficient data,,org_0b49a1f094021633,ind_b0c254bf48611aad,Teaching Hospital,Toronto Region,2025/26,needs_review,false,outside primary ED analysis scope,false,1,0,true,false,false,true,"[""intervention_2bc0482cc23f80f99c27"",""intervention_309611848c5b54dfa460""]"
cycle_c67b1c8c9a84541930fc,Other,Other,1,Insufficient data,,org_0b49a1f094021633,ind_cec1545d9fad6ff4,Teaching Hospital,Toronto Region,2024/25,needs_review,false,outside primary ED analysis scope,false,1,0,true,false,false,true,"[""intervention_1da9c09a8faf6a110171""]"
cycle_f034cb486b1f0759a2ea,Other,Other,1,Insufficient data,,org_0b49a1f094021633,ind_e07fbef4c6be6989,Teaching Hospital,Toronto Region,2024/25,needs_review,false,outside primary ED analysis scope,false,2,1,false,true,false,true,"[""intervention_8c38dfa57c590e924a5e""]"
cycle_f034cb486b1f0759a2ea,Technology & Digital Tools,Technology & Digital Tools,1,Insufficient data,,org_0b49a1f094021633,ind_e07fbef4c6be6989,Teaching Hospital,Toronto Region,2024/25,needs_review,false,outside primary ED analysis scope,false,2,1,false,true,false,true,"[""intervention_83c7311a2c5fcd68f234""]"
cycle_88f642cf1a60945b3d9f,Other,Other,1,Insufficient data,,org_0b49a1f094021633,ind_e8e1c9cf19929393,Teaching Hospital,Toronto Region,2025/26,needs_review,false,outside primary ED analysis scope,false,1,0,true,false,false,true,"[""intervention_007ba58896a59732ee6a""]"
cycle_e7667bb91b0b27569190,Other,Other,2,Insufficient data,,org_0b49a1f094021633,ind_f3dd65b858bd19a7,Teaching Hospital,Toronto Region,2025/26,needs_review,false,outside primary ED analysis scope,false,2,1,false,true,false,true,"[""intervention_917446cef971ca8e7fcc"",""intervention_f652f2ca28e95a30b761""]"
cycle_e7667bb91b0b27569190,Staffing & Scheduling,Staffing & Scheduling,1,Insufficient data,,org_0b49a1f094021633,ind_f3dd65b858bd19a7,Teaching Hospital,Toronto Region,2025/26,needs_review,false,outside primary ED analysis scope,false,2,1,false,true,false,true,"[""intervention_bfbd040a0c38b9e52be7""]"
cycle_079f97357a8e82b8cabe,Other,Other,1,Insufficient data,,org_0b49a1f094021633,ind_f814a6a90b7f65c5,Teaching Hospital,Toronto Region,2025/26,needs_review,false,outside primary ED analysis scope,false,1,0,true,false,false,true,"[""intervention_c40e3dc3450d4456e87a""]"
cycle_0ee179aa7bb58669f004,Technology & Digital Tools,Technology & Digital Tools,2,Insufficient data,,org_0b49a1f094021633,ind_f98f1de78c76d88a,Teaching Hospital,Toronto Region,2025/26,needs_review,false,outside primary ED analysis scope,false,1,1,true,false,true,false,"[""intervention_5ca8680a7ad51f3db1b0"",""intervention_5f7744523d4b85def525""]"
cycle_ccd966fc5c09518ece23,Discharge & Transition Planning,Discharge & Transition Planning,1,Insufficient data,,org_0c66e22f97d8ff4e,ind_5b2e1352e31909e8,Small Hospital,North East Region,2025/26,included,false,reporting_period_unverified,false,1,1,true,false,true,false,"[""intervention_8b581ac63c1a9f55892c""]"
cycle_25b2d2ee3389c0ced490,"Data, Measurement & Dashboards","Data, Measurement & Dashboards",1,Insufficient data,,org_0c66e22f97d8ff4e,ind_67ee717abbe20a1b,Small Hospital,North East Region,2024/25,excluded,false,outside primary ED analysis scope,false,1,1,true,false,true,false,"[""intervention_5a4d5110aa664d80bf92""]"
cycle_f611d42f6d20f49aac65,Patient Streaming / Triage,Patient Streaming / Triage,1,Insufficient data,,org_0c66e22f97d8ff4e,ind_ee70b593aad3e4f6,Small Hospital,North East Region,2024/25,included,false,insufficient first-cycle ED longitudinal coverage,false,1,1,true,false,true,false,"[""intervention_ad03fe5bf137c9bcc5b0""]"
cycle_c8ae9ddeae44fe311178,Discharge & Transition Planning,Discharge & Transition Planning,1,Insufficient data,,org_0d7d2a95ec582c10,ind_0646035afd9bba7c,Small Hospital,North East Region,2024/25,excluded,false,outside primary ED analysis scope,false,1,1,true,false,true,false,"[""intervention_ba96f2a51be8608fae7a""]"
cycle_aea175512d74c9d94b12,Care Coordination & Communication,Care Coordination & Communication,1,Insufficient data,,org_0d7d2a95ec582c10,ind_06590f50f65eac7e,Small Hospital,North East Region,2024/25,included,false,insufficient first-cycle ED longitudinal coverage,false,1,1,true,false,true,false,"[""intervention_3a0a643de9c4ae7bd071""]"
cycle_dd9505ecf5ea816c5df9,Other,Other,1,Insufficient data,,org_0d7d2a95ec582c10,ind_06590f50f65eac7e,Small Hospital,North East Region,2025/26,included,false,unit_unverified; population_unverified; reporting_period_unverified; historical_match_unavailable_or_ambiguous,false,2,1,false,true,false,true,"[""intervention_5e83f2be1dcbbb1d2719""]"
cycle_dd9505ecf5ea816c5df9,Patient Streaming / Triage,Patient Streaming / Triage,1,Insufficient data,,org_0d7d2a95ec582c10,ind_06590f50f65eac7e,Small Hospital,North East Region,2025/26,included,false,unit_unverified; population_unverified; reporting_period_unverified; historical_match_unavailable_or_ambiguous,false,2,1,false,true,false,true,"[""intervention_7bb99b32f95c81f7081d""]"
cycle_fa771d1d7d58237b0979,"Data, Measurement & Dashboards","Data, Measurement & Dashboards",1,Insufficient data,,org_0d7d2a95ec582c10,ind_11ae52b02d652677,Small Hospital,North East Region,2024/25,needs_review,false,outside primary ED analysis scope,false,1,1,true,false,true,false,"[""intervention_67adc8f6b92eb793210f""]"
cycle_c17ec78dcbea08f84c1e,Training & Education,Training & Education,1,Insufficient data,,org_0d7d2a95ec582c10,ind_37478f8fb5db2bb6,Small Hospital,North East Region,2024/25,excluded,false,outside primary ED analysis scope,false,1,1,true,false,true,false,"[""intervention_c566bb91a078a5c0ba9e""]"
cycle_290457907df98b1630b0,Care Coordination & Communication,Care Coordination & Communication,1,Insufficient data,,org_0d7d2a95ec582c10,ind_37478f8fb5db2bb6,Small Hospital,North East Region,2025/26,excluded,false,outside primary ED analysis scope,false,2,2,false,true,false,false,"[""intervention_8810dcd7d8c1894bcf5e""]"
cycle_290457907df98b1630b0,Safety & Risk Prevention,Safety & Risk Prevention,1,Insufficient data,,org_0d7d2a95ec582c10,ind_37478f8fb5db2bb6,Small Hospital,North East Region,2025/26,excluded,false,outside primary ED analysis scope,false,2,2,false,true,false,false,"[""intervention_68b1142575fe6400d7e2""]"
cycle_83e326eba0696833133c,Admission & Transfer Process,Admission & Transfer Process,1,Insufficient data,,org_0d7d2a95ec582c10,ind_388cde9506e2ccfc,Small Hospital,North East Region,2025/26,needs_review,false,outside primary ED analysis scope,false,2,1,false,true,false,true,"[""intervention_219b7e68fd720e586baf""]"
cycle_83e326eba0696833133c,Other,Other,1,Insufficient data,,org_0d7d2a95ec582c10,ind_388cde9506e2ccfc,Small Hospital,North East Region,2025/26,needs_review,false,outside primary ED analysis scope,false,2,1,false,true,false,true,"[""intervention_cbcc4dc32fa1eb1ed402""]"
cycle_3c4d0d78c0cefe74cdde,"Data, Measurement & Dashboards","Data, Measurement & Dashboards",1,Insufficient data,,org_0d7d2a95ec582c10,ind_3af2cf6ac9575bf8,Small Hospital,North East Region,2024/25,needs_review,false,outside primary ED analysis scope,false,1,1,true,false,true,false,"[""intervention_2c1030db350acc5c4c3d""]"
cycle_dd4442215dfd2d54d24d,Discharge & Transition Planning,Discharge & Transition Planning,1,Insufficient data,,org_0d7d2a95ec582c10,ind_3d8992a40a443e07,Small Hospital,North East Region,2024/25,needs_review,false,outside primary ED analysis scope,false,3,2,false,true,false,true,"[""intervention_5aa7e0fed6c23fae6b47""]"
cycle_dd4442215dfd2d54d24d,Other,Other,2,Insufficient data,,org_0d7d2a95ec582c10,ind_3d8992a40a443e07,Small Hospital,North East Region,2024/25,needs_review,false,outside primary ED analysis scope,false,3,2,false,true,false,true,"[""intervention_2f5bcec95101de4ecd88"",""intervention_a80fe925d893367aabf0""]"
cycle_dd4442215dfd2d54d24d,Policy / Standardization,Policy / Standardization,1,Insufficient data,,org_0d7d2a95ec582c10,ind_3d8992a40a443e07,Small Hospital,North East Region,2024/25,needs_review,false,outside primary ED analysis scope,false,3,2,false,true,false,true,"[""intervention_7b9aed65a2ef24332bb8""]"
cycle_06cd1e80fa5aa2fd5f6d,Technology & Digital Tools,Technology & Digital Tools,1,Insufficient data,,org_0d7d2a95ec582c10,ind_3fdbfa1beb8cd349,Small Hospital,North East Region,2024/25,needs_review,false,outside primary ED analysis scope,false,1,1,true,false,true,false,"[""intervention_34c24ac968a780452068""]"
cycle_6d13142e56f06380ab8a,"Data, Measurement & Dashboards","Data, Measurement & Dashboards",1,Insufficient data,,org_0d7d2a95ec582c10,ind_4567f8c149e03298,Small Hospital,North East Region,2025/26,needs_review,false,outside primary ED analysis scope,false,1,1,true,false,true,false,"[""intervention_3196bd9bbdb601cf95c8""]"
cycle_76263847f01fc30d2c7e,Discharge & Transition Planning,Discharge & Transition Planning,1,Insufficient data,,org_0d7d2a95ec582c10,ind_4e8b92be2886d199,Small Hospital,North East Region,2024/25,needs_review,false,outside primary ED analysis scope,false,2,2,false,true,false,false,"[""intervention_975663a2b3f97e2edf89""]"
cycle_76263847f01fc30d2c7e,Training & Education,Training & Education,1,Insufficient data,,org_0d7d2a95ec582c10,ind_4e8b92be2886d199,Small Hospital,North East Region,2024/25,needs_review,false,outside primary ED analysis scope,false,2,2,false,true,false,false,"[""intervention_538e18e31e433aacd102""]"
cycle_065a1d207efdda536f85,Training & Education,Training & Education,1,Insufficient data,,org_0d7d2a95ec582c10,ind_5314e24f5f6e6912,Small Hospital,North East Region,2024/25,excluded,false,outside primary ED analysis scope,false,1,1,true,false,true,false,"[""intervention_53d46f544e3abe147569""]"
cycle_96290b447006f92ccdf7,Safety & Risk Prevention,Safety & Risk Prevention,1,Insufficient data,,org_0d7d2a95ec582c10,ind_5314e24f5f6e6912,Small Hospital,North East Region,2025/26,excluded,false,outside primary ED analysis scope,false,2,2,false,true,false,false,"[""intervention_046e9055d95463f8931d""]"
cycle_96290b447006f92ccdf7,Training & Education,Training & Education,2,Insufficient data,,org_0d7d2a95ec582c10,ind_5314e24f5f6e6912,Small Hospital,North East Region,2025/26,excluded,false,outside primary ED analysis scope,false,2,2,false,true,false,false,"[""intervention_aafeb2d3aa623c8793e4"",""intervention_c0375f00fab305a57fe8""]"
cycle_68c5f72e70be791aac45,Admission & Transfer Process,Admission & Transfer Process,1,Insufficient data,,org_0d7d2a95ec582c10,ind_5b2e1352e31909e8,Small Hospital,North East Region,2025/26,included,false,reporting_period_unverified,false,2,2,false,true,false,false,"[""intervention_0a56834635b3f0c1172f""]"
cycle_68c5f72e70be791aac45,Care Coordination & Communication,Care Coordination & Communication,1,Insufficient data,,org_0d7d2a95ec582c10,ind_5b2e1352e31909e8,Small Hospital,North East Region,2025/26,included,false,reporting_period_unverified,false,2,2,false,true,false,false,"[""intervention_c84fab7b7be8e6757384""]"
cycle_6f97d7e8530bcaaaef5f,Other,Other,2,Insufficient data,,org_0d7d2a95ec582c10,ind_63f124019251d9d8,Small Hospital,North East Region,2025/26,needs_review,false,outside primary ED analysis scope,false,2,1,false,true,false,true,"[""intervention_882d882912e292a97fe5"",""intervention_b18e28da291d90675c53""]"
cycle_6f97d7e8530bcaaaef5f,Safety & Risk Prevention,Safety & Risk Prevention,1,Insufficient data,,org_0d7d2a95ec582c10,ind_63f124019251d9d8,Small Hospital,North East Region,2025/26,needs_review,false,outside primary ED analysis scope,false,2,1,false,true,false,true,"[""intervention_3fbc6eb70b11c1959747""]"
cycle_1f605efcc5d2ca81e829,"Data, Measurement & Dashboards","Data, Measurement & Dashboards",1,Insufficient data,,org_0d7d2a95ec582c10,ind_6471b13921d93196,Small Hospital,North East Region,2025/26,needs_review,false,outside primary ED analysis scope,false,1,1,true,false,true,false,"[""intervention_cdc0a29e62b388571494""]"
cycle_1b4a318a9ae0a614b7a4,Discharge & Transition Planning,Discharge & Transition Planning,1,Insufficient data,,org_0d7d2a95ec582c10,ind_67ee717abbe20a1b,Small Hospital,North East Region,2024/25,excluded,false,outside primary ED analysis scope,false,1,1,true,false,true,false,"[""intervention_3a64815bb144777f0d18""]"
cycle_006ae8183cdcb636c9b4,Technology & Digital Tools,Technology & Digital Tools,2,Insufficient data,,org_0d7d2a95ec582c10,ind_67ee717abbe20a1b,Small Hospital,North East Region,2025/26,excluded,false,outside primary ED analysis scope,false,1,1,true,false,true,false,"[""intervention_02b30e42603b2d28e0fe"",""intervention_1ad58c4ae884cea5cf08""]"
cycle_3b0bea8af74ccb009c54,"Data, Measurement & Dashboards","Data, Measurement & Dashboards",1,Insufficient data,,org_0d7d2a95ec582c10,ind_6eab045b14dd2a49,Small Hospital,North East Region,2024/25,needs_review,false,outside primary ED analysis scope,false,1,1,true,false,true,false,"[""intervention_dcf39671435721cd277e""]"
cycle_3d136270548d3df592aa,Care Coordination & Communication,Care Coordination & Communication,1,Insufficient data,,org_0d7d2a95ec582c10,ind_9d77c548802bed8a,Small Hospital,North East Region,2025/26,needs_review,false,outside primary ED analysis scope,false,2,1,false,true,false,true,"[""intervention_34089320bd692b9fbdd9""]"
cycle_3d136270548d3df592aa,Other,Other,1,Insufficient data,,org_0d7d2a95ec582c10,ind_9d77c548802bed8a,Small Hospital,North East Region,2025/26,needs_review,false,outside primary ED analysis scope,false,2,1,false,true,false,true,"[""intervention_241c6fc4e995e808fc22""]"
cycle_186885d6ce2c8fa8e6c9,Other,Other,1,Insufficient data,,org_0d7d2a95ec582c10,ind_a7b50122d0480a9f,Small Hospital,North East Region,2025/26,needs_review,false,outside primary ED analysis scope,false,1,0,true,false,false,true,"[""intervention_acf7794d47265c13429d""]"
cycle_225a248b1371dd208e83,Training & Education,Training & Education,1,Insufficient data,,org_0d7d2a95ec582c10,ind_a8f6cca5fe8befdf,Small Hospital,North East Region,2024/25,excluded,false,outside primary ED analysis scope,false,1,1,true,false,true,false,"[""intervention_6e9c4d0d186d6a561890""]"
cycle_aafc4e9a315008ae73b4,Patient Streaming / Triage,Patient Streaming / Triage,1,Insufficient data,,org_0d7d2a95ec582c10,ind_e666bcb709405e0f,Small Hospital,North East Region,2025/26,included,false,unit_unverified; population_unverified; reporting_period_unverified; historical_match_unavailable_or_ambiguous,false,1,1,true,false,true,false,"[""intervention_bc2be389573275173672""]"
cycle_de865f562bfd9dc27f8f,Patient Streaming / Triage,Patient Streaming / Triage,1,Insufficient data,,org_0d7d2a95ec582c10,ind_e7cd9b5804f1c518,Small Hospital,North East Region,2025/26,included,false,reporting_period_unverified,false,1,1,true,false,true,false,"[""intervention_3f227989b35cbcc72b43""]"
cycle_36c3253c6f90c848d129,Ambulance / EMS Flow,Ambulance / EMS Flow,1,Insufficient data,,org_0d7d2a95ec582c10,ind_ee70b593aad3e4f6,Small Hospital,North East Region,2025/26,included,false,reporting_period_unverified,false,1,1,true,false,true,false,"[""intervention_9f2bca02e8a17fe6e609""]"
cycle_131b814a0f2ee73bcdc4,Training & Education,Training & Education,1,Insufficient data,,org_0de115e8e8515922,ind_5314e24f5f6e6912,Unknown,West Region,2024/25,excluded,false,outside primary ED analysis scope,false,1,1,true,false,true,false,"[""intervention_3a7390aec306d8809e7c""]"
cycle_7f6b4508ff84b05d17c2,Training & Education,Training & Education,1,Insufficient data,,org_0de115e8e8515922,ind_5314e24f5f6e6912,Unknown,West Region,2025/26,excluded,false,outside primary ED analysis scope,false,1,1,true,false,true,false,"[""intervention_4e4b683b05ad6af8cdd0""]"
cycle_e60f3e9f71387d23a076,Training & Education,Training & Education,1,Insufficient data,,org_0de115e8e8515922,ind_64df4bf98442c7d3,Unknown,West Region,2025/26,needs_review,false,outside primary ED analysis scope,false,1,1,true,false,true,false,"[""intervention_673644760fbec335e066""]"
cycle_124ea3fe0ff1b03afe32,Discharge & Transition Planning,Discharge & Transition Planning,1,Insufficient data,,org_0de115e8e8515922,ind_67ee717abbe20a1b,Unknown,West Region,2024/25,excluded,false,outside primary ED analysis scope,false,1,1,true,false,true,false,"[""intervention_cf94005e79ac0fdfcbab""]"
cycle_2ac33f9fab182db10b4a,Discharge & Transition Planning,Discharge & Transition Planning,1,Insufficient data,,org_0de115e8e8515922,ind_67ee717abbe20a1b,Unknown,West Region,2025/26,excluded,false,outside primary ED analysis scope,false,1,1,true,false,true,false,"[""intervention_adc4de38d2acc9cb8053""]"
cycle_79914791e97741014c15,Discharge & Transition Planning,Discharge & Transition Planning,1,Insufficient data,,org_0de115e8e8515922,ind_cd57992e4ca687e8,Unknown,West Region,2024/25,needs_review,false,outside primary ED analysis scope,false,1,1,true,false,true,false,"[""intervention_0b1ff421866e3e86d7ac""]"
cycle_997c852407c86c8b3e3a,Ambulance / EMS Flow,Ambulance / EMS Flow,1,Insufficient data,,org_0de115e8e8515922,ind_ee70b593aad3e4f6,Unknown,West Region,2025/26,included,false,reporting_period_unverified,false,1,1,true,false,true,false,"[""intervention_d9d9eab6509eb4cfaf82""]"
cycle_8b779a6716db59c64ec3,Other,Other,2,Insufficient data,,org_16b8f88dd0e87ca9,ind_37478f8fb5db2bb6,Small Hospital,East Region,2024/25,excluded,false,outside primary ED analysis scope,false,1,0,true,false,false,true,"[""intervention_471d28d4a12bc7b68000"",""intervention_dde9864652c1489b4ee2""]"
cycle_20c75449f688e6209614,Safety & Risk Prevention,Safety & Risk Prevention,1,Insufficient data,,org_16b8f88dd0e87ca9,ind_37478f8fb5db2bb6,Small Hospital,East Region,2025/26,excluded,false,outside primary ED analysis scope,false,1,1,true,false,true,false,"[""intervention_615107bf7fd27aaca3d1""]"
cycle_738f847344ceac9b94dc,"Data, Measurement & Dashboards","Data, Measurement & Dashboards",1,Insufficient data,,org_16b8f88dd0e87ca9,ind_3fdbfa1beb8cd349,Small Hospital,East Region,2024/25,needs_review,false,outside primary ED analysis scope,false,2,1,false,true,false,true,"[""intervention_f8beff9efeb250720af8""]"
cycle_738f847344ceac9b94dc,Other,Other,2,Insufficient data,,org_16b8f88dd0e87ca9,ind_3fdbfa1beb8cd349,Small Hospital,East Region,2024/25,needs_review,false,outside primary ED analysis scope,false,2,1,false,true,false,true,"[""intervention_239124b85150791f95b3"",""intervention_4f9d3186a9b079b6e9ed""]"
cycle_ffa0b543f53f6d1fd59b,Discharge & Transition Planning,Discharge & Transition Planning,1,Insufficient data,,org_16b8f88dd0e87ca9,ind_43ce6f36688db66a,Small Hospital,East Region,2025/26,needs_review,false,outside primary ED analysis scope,false,1,1,true,false,true,false,"[""intervention_c598b012c951d7f95c51""]"
cycle_79bb55547e450a34afc3,Training & Education,Training & Education,1,Insufficient data,,org_16b8f88dd0e87ca9,ind_5314e24f5f6e6912,Small Hospital,East Region,2024/25,excluded,false,outside primary ED analysis scope,false,1,1,true,false,true,false,"[""intervention_beac7d6c862769a6e515""]"
cycle_b6a1b8a9a7c193e9123b,Training & Education,Training & Education,1,Insufficient data,,org_16b8f88dd0e87ca9,ind_5314e24f5f6e6912,Small Hospital,East Region,2025/26,excluded,false,outside primary ED analysis scope,false,1,1,true,false,true,false,"[""intervention_07a3c33453011cc297eb""]"
cycle_e747426fbff1ebf40259,Admission & Transfer Process,Admission & Transfer Process,1,Insufficient data,,org_16b8f88dd0e87ca9,ind_ef4a9573ead4ee92,Small Hospital,East Region,2024/25,included,false,insufficient first-cycle ED longitudinal coverage,false,2,1,false,true,false,true,"[""intervention_6e0e9df84b40e1dade48""]"
cycle_e747426fbff1ebf40259,Other,Other,1,Insufficient data,,org_16b8f88dd0e87ca9,ind_ef4a9573ead4ee92,Small Hospital,East Region,2024/25,included,false,insufficient first-cycle ED longitudinal coverage,false,2,1,false,true,false,true,"[""intervention_9af06ab2dffe516189d1""]"
cycle_b846fec7ee1f03c0540e,Admission & Transfer Process,Admission & Transfer Process,1,Insufficient data,,org_16ba29db4636ea63,ind_2ee06377c56272ae,Large Community Hospital,West Region,2024/25,needs_review,false,outside primary ED analysis scope,false,3,2,false,true,false,true,"[""intervention_0c0f5461e2b0b9d09d7f""]"
cycle_b846fec7ee1f03c0540e,Other,Other,2,Insufficient data,,org_16ba29db4636ea63,ind_2ee06377c56272ae,Large Community Hospital,West Region,2024/25,needs_review,false,outside primary ED analysis scope,false,3,2,false,true,false,true,"[""intervention_1a3ebadd3197806811aa"",""intervention_f7ad79f2e44f024aef61""]"
cycle_b846fec7ee1f03c0540e,Technology & Digital Tools,Technology & Digital Tools,1,Insufficient data,,org_16ba29db4636ea63,ind_2ee06377c56272ae,Large Community Hospital,West Region,2024/25,needs_review,false,outside primary ED analysis scope,false,3,2,false,true,false,true,"[""intervention_a71c14cbe09e93043437""]"
cycle_6b26face9072e01242be,Discharge & Transition Planning,Discharge & Transition Planning,1,Insufficient data,,org_16ba29db4636ea63,ind_316ec7f555b1e8ca,Large Community Hospital,West Region,2024/25,needs_review,false,outside primary ED analysis scope,false,2,1,false,true,false,true,"[""intervention_9bcbf658a408d05a858a""]"
cycle_6b26face9072e01242be,Other,Other,1,Insufficient data,,org_16ba29db4636ea63,ind_316ec7f555b1e8ca,Large Community Hospital,West Region,2024/25,needs_review,false,outside primary ED analysis scope,false,2,1,false,true,false,true,"[""intervention_6eabc5060f44d2f1a4ab""]"
cycle_711f45003bc4f8e0a36b,Training & Education,Training & Education,5,Insufficient data,,org_16ba29db4636ea63,ind_5314e24f5f6e6912,Large Community Hospital,West Region,2024/25,excluded,false,outside primary ED analysis scope,false,1,1,true,false,true,false,"[""intervention_24e4240f3b2a8ba1eedc"",""intervention_352f917bd06c7b814cf9"",""intervention_3c9b80864bf573062039"",""intervention_87563f5fcfe8456b3968"",""intervention_aed2c88e2017a9875f4d""]"
cycle_cbb680f2acf7e5711c57,Other,Other,1,Insufficient data,,org_16ba29db4636ea63,ind_5314e24f5f6e6912,Large Community Hospital,West Region,2025/26,excluded,false,outside primary ED analysis scope,false,1,0,true,false,false,true,"[""intervention_5803763c256fa39737d4""]"
cycle_c7ba7fe7327df7df6b0a,"Data, Measurement & Dashboards","Data, Measurement & Dashboards",1,Insufficient data,,org_16ba29db4636ea63,ind_6082ba658528a3ea,Large Community Hospital,West Region,2025/26,needs_review,false,outside primary ED analysis scope,false,1,1,true,false,true,false,"[""intervention_7e133af02855d2447653""]"
cycle_80199a1c0efd13554912,Discharge & Transition Planning,Discharge & Transition Planning,1,Insufficient data,,org_16ba29db4636ea63,ind_67ee717abbe20a1b,Large Community Hospital,West Region,2025/26,excluded,false,outside primary ED analysis scope,false,1,1,true,false,true,false,"[""intervention_5fce64a23a9a7b028222""]"
cycle_976e9afe49bbbe1fbbe6,Bed & Capacity Management,Bed & Capacity Management,1,Insufficient data,,org_16ba29db4636ea63,ind_be2b4ca3e24e8a18,Large Community Hospital,West Region,2024/25,needs_review,false,outside primary ED analysis scope,false,2,2,false,true,false,false,"[""intervention_2a950d0041a4fc17298a""]"
cycle_976e9afe49bbbe1fbbe6,Emergency Department Workflow,Emergency Department Workflow,1,Insufficient data,,org_16ba29db4636ea63,ind_be2b4ca3e24e8a18,Large Community Hospital,West Region,2024/25,needs_review,false,outside primary ED analysis scope,false,2,2,false,true,false,false,"[""intervention_da34ec2ce06668fe42bd""]"
cycle_d0a0344f3aaa6163c2ec,Staffing & Scheduling,Staffing & Scheduling,1,Insufficient data,,org_16ba29db4636ea63,ind_e7cd9b5804f1c518,Large Community Hospital,West Region,2025/26,included,false,reporting_period_unverified,false,1,1,true,false,true,false,"[""intervention_8e5fabc9a339ced1c25d""]"
cycle_344d035bad90a9fa1ff5,Other,Other,1,Insufficient data,,org_16ba29db4636ea63,ind_ea666c77067b2090,Large Community Hospital,West Region,2024/25,needs_review,false,outside primary ED analysis scope,false,1,0,true,false,false,true,"[""intervention_2c504594ff3026fb7cdb""]"
cycle_9c573f248b8e3a0c071e,Care Coordination & Communication,Care Coordination & Communication,1,Insufficient data,,org_16ba29db4636ea63,ind_ee70b593aad3e4f6,Large Community Hospital,West Region,2025/26,included,false,reporting_period_unverified,false,1,1,true,false,true,false,"[""intervention_47915409b2bcdd246d2d""]"
cycle_61b964384e39a5c33249,Discharge & Transition Planning,Discharge & Transition Planning,1,Insufficient data,,org_16ba29db4636ea63,ind_fa2a947f225c338a,Large Community Hospital,West Region,2025/26,needs_review,false,outside primary ED analysis scope,false,1,1,true,false,true,false,"[""intervention_91f7b47b1a8aae067881""]"
cycle_8fa5d4464296a9974ab7,Other,Other,1,Insufficient data,,org_1919e05f77f4d80e,ind_06590f50f65eac7e,Small Hospital,North West Region,2025/26,included,false,unit_unverified; population_unverified; reporting_period_unverified; historical_match_unavailable_or_ambiguous,false,1,0,true,false,false,true,"[""intervention_bee433109fbaae5bc1d5""]"
cycle_13c90b06d8534b35ff2a,Admission & Transfer Process,Admission & Transfer Process,1,Insufficient data,,org_1919e05f77f4d80e,ind_1a2e045837f1350f,Small Hospital,North West Region,2024/25,needs_review,false,outside primary ED analysis scope,false,2,2,false,true,false,false,"[""intervention_c5c969a3ff89cc1f99f5""]"
cycle_13c90b06d8534b35ff2a,Training & Education,Training & Education,2,Insufficient data,,org_1919e05f77f4d80e,ind_1a2e045837f1350f,Small Hospital,North West Region,2024/25,needs_review,false,outside primary ED analysis scope,false,2,2,false,true,false,false,"[""intervention_50e55695d53508c82c67"",""intervention_bb58802561d8281959d2""]"
cycle_e50a96800e1749f56769,Other,Other,1,Insufficient data,,org_1919e05f77f4d80e,ind_1b452f651edbf6dc,Small Hospital,North West Region,2025/26,needs_review,false,outside primary ED analysis scope,false,1,0,true,false,false,true,"[""intervention_0926941b597dd134d86a""]"
cycle_b64ef5b1b2d2f2e4d8af,Other,Other,3,Insufficient data,,org_1919e05f77f4d80e,ind_1d25decb2093265d,Small Hospital,North West Region,2024/25,needs_review,false,outside primary ED analysis scope,false,1,0,true,false,false,true,"[""intervention_9be1b55fb39cc61f60df"",""intervention_d452627f2162f498caf7"",""intervention_ddfca34d6d0cd51e2827""]"
cycle_2b46004ffb60e17305ce,"Data, Measurement & Dashboards","Data, Measurement & Dashboards",1,Insufficient data,,org_1919e05f77f4d80e,ind_263b84a2d1b36c5c,Small Hospital,North West Region,2025/26,needs_review,false,outside primary ED analysis scope,false,1,1,true,false,true,false,"[""intervention_7a684c103ebdfd5608f4""]"
cycle_77f52fb4f8572985b047,Training & Education,Training & Education,1,Insufficient data,,org_1919e05f77f4d80e,ind_2c3e3518b7b4cc57,Small Hospital,North West Region,2025/26,needs_review,false,outside primary ED analysis scope,false,1,1,true,false,true,false,"[""intervention_fa6f12c79fc639db27d5""]"
cycle_e219054ad03eee618028,Admission & Transfer Process,Admission & Transfer Process,1,Insufficient data,,org_1919e05f77f4d80e,ind_3aebfd3814a1253d,Small Hospital,North West Region,2025/26,needs_review,false,outside primary ED analysis scope,false,2,2,false,true,false,false,"[""intervention_2ef74d33cdbdf40c70a2""]"
cycle_e219054ad03eee618028,Training & Education,Training & Education,1,Insufficient data,,org_1919e05f77f4d80e,ind_3aebfd3814a1253d,Small Hospital,North West Region,2025/26,needs_review,false,outside primary ED analysis scope,false,2,2,false,true,false,false,"[""intervention_421e9cbf1adfe1746531""]"
cycle_497f62d95097fd96d37a,Admission & Transfer Process,Admission & Transfer Process,1,Insufficient data,,org_1919e05f77f4d80e,ind_4148c10c68e8273a,Small Hospital,North West Region,2025/26,needs_review,false,outside primary ED analysis scope,false,3,3,false,true,false,false,"[""intervention_6d2f049e8873d1ac8e93""]"
cycle_497f62d95097fd96d37a,Care Coordination & Communication,Care Coordination & Communication,1,Insufficient data,,org_1919e05f77f4d80e,ind_4148c10c68e8273a,Small Hospital,North West Region,2025/26,needs_review,false,outside primary ED analysis scope,false,3,3,false,true,false,false,"[""intervention_9a0c804384ff1b4fd408""]"
cycle_497f62d95097fd96d37a,Training & Education,Training & Education,1,Insufficient data,,org_1919e05f77f4d80e,ind_4148c10c68e8273a,Small Hospital,North West Region,2025/26,needs_review,false,outside primary ED analysis scope,false,3,3,false,true,false,false,"[""intervention_a7ba0098dfe63b1f0b7f""]"
cycle_14db5eb9e26a30539d0e,Training & Education,Training & Education,1,Insufficient data,,org_1919e05f77f4d80e,ind_5314e24f5f6e6912,Small Hospital,North West Region,2024/25,excluded,false,outside primary ED analysis scope,false,1,1,true,false,true,false,"[""intervention_9157216331e4123683e6""]"
cycle_bb4df328e8cb7668142d,Training & Education,Training & Education,2,Insufficient data,,org_1919e05f77f4d80e,ind_5314e24f5f6e6912,Small Hospital,North West Region,2025/26,excluded,false,outside primary ED analysis scope,false,1,1,true,false,true,false,"[""intervention_0bebe4ca05958101b549"",""intervention_eea4260647530a8d2013""]"
cycle_b4ec9901835a0a4e9311,Discharge & Transition Planning,Discharge & Transition Planning,3,Insufficient data,,org_1919e05f77f4d80e,ind_67ee717abbe20a1b,Small Hospital,North West Region,2024/25,excluded,false,outside primary ED analysis scope,false,1,1,true,false,true,false,"[""intervention_2fdb10f99d966b5943de"",""intervention_49d102a42cf74bbbbfe1"",""intervention_9fd4716aa5272bb3163a""]"
cycle_04de8535140485ffccc3,Discharge & Transition Planning,Discharge & Transition Planning,2,Insufficient data,,org_1919e05f77f4d80e,ind_67ee717abbe20a1b,Small Hospital,North West Region,2025/26,excluded,false,outside primary ED analysis scope,false,1,1,true,false,true,false,"[""intervention_8069bb13c85948fb8e2a"",""intervention_87d412f309ad8dac2695""]"
cycle_f24d0813b4e40c99afef,"Data, Measurement & Dashboards","Data, Measurement & Dashboards",1,Insufficient data,,org_1919e05f77f4d80e,ind_75d94bb1aba2842f,Small Hospital,North West Region,2025/26,needs_review,false,outside primary ED analysis scope,false,1,1,true,false,true,false,"[""intervention_79c7b259f7b912244bdd""]"
cycle_1962625c727aae493b0c,"Data, Measurement & Dashboards","Data, Measurement & Dashboards",1,Insufficient data,,org_1919e05f77f4d80e,ind_8d4f82ff27b8985b,Small Hospital,North West Region,2025/26,needs_review,false,outside primary ED analysis scope,false,3,3,false,true,false,false,"[""intervention_252f1897895cfbab206d""]"
cycle_1962625c727aae493b0c,Safety & Risk Prevention,Safety & Risk Prevention,1,Insufficient data,,org_1919e05f77f4d80e,ind_8d4f82ff27b8985b,Small Hospital,North West Region,2025/26,needs_review,false,outside primary ED analysis scope,false,3,3,false,true,false,false,"[""intervention_d39b4d14d15cbee48f78""]"
cycle_1962625c727aae493b0c,Training & Education,Training & Education,1,Insufficient data,,org_1919e05f77f4d80e,ind_8d4f82ff27b8985b,Small Hospital,North West Region,2025/26,needs_review,false,outside primary ED analysis scope,false,3,3,false,true,false,false,"[""intervention_2c54461b7547bcfc9a32""]"
cycle_fa0303fc788f85ba8975,Admission & Transfer Process,Admission & Transfer Process,1,Insufficient data,,org_1919e05f77f4d80e,ind_bbfadb34e18b501a,Small Hospital,North West Region,2025/26,needs_review,false,outside primary ED analysis scope,false,3,3,false,true,false,false,"[""intervention_bb3dac1acd8984367572""]"
cycle_fa0303fc788f85ba8975,Safety & Risk Prevention,Safety & Risk Prevention,1,Insufficient data,,org_1919e05f77f4d80e,ind_bbfadb34e18b501a,Small Hospital,North West Region,2025/26,needs_review,false,outside primary ED analysis scope,false,3,3,false,true,false,false,"[""intervention_afed2526bc998d865cae""]"
cycle_fa0303fc788f85ba8975,Training & Education,Training & Education,1,Insufficient data,,org_1919e05f77f4d80e,ind_bbfadb34e18b501a,Small Hospital,North West Region,2025/26,needs_review,false,outside primary ED analysis scope,false,3,3,false,true,false,false,"[""intervention_ad731da60d575a0bd34a""]"
cycle_fef1e4262697cf73b21a,Other,Other,1,Insufficient data,,org_1919e05f77f4d80e,ind_c7e68eb1fdaa098e,Small Hospital,North West Region,2024/25,needs_review,false,outside primary ED analysis scope,false,1,0,true,false,false,true,"[""intervention_df29a59f36ea55cd7a66""]"
cycle_bbc6e21e0c50dfac6b87,Other,Other,2,Insufficient data,,org_1919e05f77f4d80e,ind_c7e68eb1fdaa098e,Small Hospital,North West Region,2025/26,needs_review,false,outside primary ED analysis scope,false,1,0,true,false,false,true,"[""intervention_b6607ad1f45a397ced04"",""intervention_c18aa9b6c1d1ced8d567""]"
cycle_0e7d1abd13cb8f425a85,"Data, Measurement & Dashboards","Data, Measurement & Dashboards",1,Insufficient data,,org_1919e05f77f4d80e,ind_d18717b8693b5bd4,Small Hospital,North West Region,2024/25,needs_review,false,outside primary ED analysis scope,false,2,2,false,true,false,false,"[""intervention_84b8454a0675e02f2c3b""]"
cycle_0e7d1abd13cb8f425a85,Policy / Standardization,Policy / Standardization,1,Insufficient data,,org_1919e05f77f4d80e,ind_d18717b8693b5bd4,Small Hospital,North West Region,2024/25,needs_review,false,outside primary ED analysis scope,false,2,2,false,true,false,false,"[""intervention_2ca55c3d05f1d5f4dba3""]"
cycle_2460296b09473f703222,Training & Education,Training & Education,1,Insufficient data,,org_1919e05f77f4d80e,ind_dc26dbd56e08e14f,Small Hospital,North West Region,2024/25,needs_review,false,outside primary ED analysis scope,false,1,1,true,false,true,false,"[""intervention_04a0d24dfa3d9dd1a77c""]"
cycle_fe0e30160d5c30902615,Patient Streaming / Triage,Patient Streaming / Triage,1,Insufficient data,,org_1919e05f77f4d80e,ind_e7cd9b5804f1c518,Small Hospital,North West Region,2025/26,included,false,reporting_period_unverified,false,1,1,true,false,true,false,"[""intervention_dd8e262ad9dc7650d9d1""]"
cycle_c40e2c7c8ba469b14d9c,Discharge & Transition Planning,Discharge & Transition Planning,1,Insufficient data,,org_1919e05f77f4d80e,ind_fff38cc849f01d1d,Small Hospital,North West Region,2024/25,needs_review,false,outside primary ED analysis scope,false,2,2,false,true,false,false,"[""intervention_773efab0e69585361764""]"
cycle_c40e2c7c8ba469b14d9c,Training & Education,Training & Education,1,Insufficient data,,org_1919e05f77f4d80e,ind_fff38cc849f01d1d,Small Hospital,North West Region,2024/25,needs_review,false,outside primary ED analysis scope,false,2,2,false,true,false,false,"[""intervention_616a5e9eef3a0e2d0673""]"
cycle_428d1509b34ec45523f0,Other,Other,1,Insufficient data,,org_1a7c495aa56ff00b,ind_190b9aec9fddeb4a,Small Hospital,North West Region,2024/25,needs_review,false,outside primary ED analysis scope,false,1,0,true,false,false,true,"[""intervention_196d2dd4acc2d9ed16fa""]"
cycle_e93e21390e82ca3793f1,Other,Other,1,Insufficient data,,org_1a7c495aa56ff00b,ind_37478f8fb5db2bb6,Small Hospital,North West Region,2024/25,excluded,false,outside primary ED analysis scope,false,3,2,false,true,false,true,"[""intervention_af6e7704d21d5f58d289""]"
cycle_e93e21390e82ca3793f1,Safety & Risk Prevention,Safety & Risk Prevention,1,Insufficient data,,org_1a7c495aa56ff00b,ind_37478f8fb5db2bb6,Small Hospital,North West Region,2024/25,excluded,false,outside primary ED analysis scope,false,3,2,false,true,false,true,"[""intervention_330c56faf91f5c561681""]"
cycle_e93e21390e82ca3793f1,Training & Education,Training & Education,1,Insufficient data,,org_1a7c495aa56ff00b,ind_37478f8fb5db2bb6,Small Hospital,North West Region,2024/25,excluded,false,outside primary ED analysis scope,false,3,2,false,true,false,true,"[""intervention_7abbb9cbb9220a00203f""]"
cycle_be7f15424bcbb2efcaee,Other,Other,1,Insufficient data,,org_1a7c495aa56ff00b,ind_37478f8fb5db2bb6,Small Hospital,North West Region,2025/26,excluded,false,outside primary ED analysis scope,false,2,1,false,true,false,true,"[""intervention_4ad9e3ca5c5b8c0e7005""]"
cycle_be7f15424bcbb2efcaee,Training & Education,Training & Education,2,Insufficient data,,org_1a7c495aa56ff00b,ind_37478f8fb5db2bb6,Small Hospital,North West Region,2025/26,excluded,false,outside primary ED analysis scope,false,2,1,false,true,false,true,"[""intervention_8bd1edbe20bf9c9acb77"",""intervention_dc1d707c8f0baa935201""]"
cycle_86571510db5e83ce1e1b,Other,Other,1,Insufficient data,,org_1a7c495aa56ff00b,ind_3fdbfa1beb8cd349,Small Hospital,North West Region,2024/25,needs_review,false,outside primary ED analysis scope,false,1,0,true,false,false,true,"[""intervention_671950410df4734f891b""]"
cycle_917abe6788f5e955fe8c,Other,Other,1,Insufficient data,,org_1a7c495aa56ff00b,ind_5314e24f5f6e6912,Small Hospital,North West Region,2025/26,excluded,false,outside primary ED analysis scope,false,2,1,false,true,false,true,"[""intervention_fcfa883a8da764b263d0""]"
cycle_917abe6788f5e955fe8c,Training & Education,Training & Education,1,Insufficient data,,org_1a7c495aa56ff00b,ind_5314e24f5f6e6912,Small Hospital,North West Region,2025/26,excluded,false,outside primary ED analysis scope,false,2,1,false,true,false,true,"[""intervention_1c60bb7bae48b64099c3""]"
cycle_3af9856e79173495ef69,Care Coordination & Communication,Care Coordination & Communication,1,Insufficient data,,org_1a7c495aa56ff00b,ind_679d949e7ac272c8,Small Hospital,North West Region,2024/25,needs_review,false,outside primary ED analysis scope,false,1,1,true,false,true,false,"[""intervention_64056b85d71309f598d1""]"
cycle_e428bfe3f0c7f4001d87,Discharge & Transition Planning,Discharge & Transition Planning,1,Insufficient data,,org_1a7c495aa56ff00b,ind_67ee717abbe20a1b,Small Hospital,North West Region,2024/25,excluded,false,outside primary ED analysis scope,false,1,1,true,false,true,false,"[""intervention_c083bd06e5676dd1a013""]"
cycle_da6cfdc30f4550260088,Discharge & Transition Planning,Discharge & Transition Planning,2,Insufficient data,,org_1a7c495aa56ff00b,ind_67ee717abbe20a1b,Small Hospital,North West Region,2025/26,excluded,false,outside primary ED analysis scope,false,1,1,true,false,true,false,"[""intervention_55ef0421ce7e6ac930c8"",""intervention_9a10a6db199398d050b3""]"
cycle_e328bca2b462038dfca8,Other,Other,1,Insufficient data,,org_1a7c495aa56ff00b,ind_6826baa3d74694dc,Small Hospital,North West Region,2024/25,needs_review,false,outside primary ED analysis scope,false,1,0,true,false,false,true,"[""intervention_825e5d07280ba8686149""]"
cycle_ddd6bf8ccc475a5c8462,"Data, Measurement & Dashboards","Data, Measurement & Dashboards",1,Insufficient data,,org_1a7c495aa56ff00b,ind_6bea965b96ec24d9,Small Hospital,North West Region,2024/25,needs_review,false,outside primary ED analysis scope,false,1,1,true,false,true,false,"[""intervention_717cdafc46e785057de9""]"
cycle_6565b212d0a97c4868c6,Other,Other,1,Insufficient data,,org_1a7c495aa56ff00b,ind_7ebd4762b8a6c688,Small Hospital,North West Region,2025/26,included,false,unit_unverified; population_unverified; reporting_period_unverified; historical_match_unavailable_or_ambiguous,false,1,0,true,false,false,true,"[""intervention_42264ce8d9014f45ce28""]"
cycle_1f90ff41b0d8ef2a75dc,"Data, Measurement & Dashboards","Data, Measurement & Dashboards",1,Insufficient data,,org_1a7c495aa56ff00b,ind_8b5bea28bb629e79,Small Hospital,North West Region,2024/25,needs_review,false,outside primary ED analysis scope,false,2,1,false,true,false,true,"[""intervention_002588c06f605612f894""]"
cycle_1f90ff41b0d8ef2a75dc,Other,Other,1,Insufficient data,,org_1a7c495aa56ff00b,ind_8b5bea28bb629e79,Small Hospital,North West Region,2024/25,needs_review,false,outside primary ED analysis scope,false,2,1,false,true,false,true,"[""intervention_cf9bd980d39a0faf0a1b""]"
cycle_e82a2104b032fecd9cd2,Other,Other,1,Insufficient data,,org_1a7c495aa56ff00b,ind_a8f6cca5fe8befdf,Small Hospital,North West Region,2025/26,excluded,false,outside primary ED analysis scope,false,1,0,true,false,false,true,"[""intervention_c03aec7a30426cb0454d""]"
cycle_a06dea54e3fa09fdf0a5,Policy / Standardization,Policy / Standardization,1,Insufficient data,,org_1a7c495aa56ff00b,ind_d00d73d43841ef92,Small Hospital,North West Region,2024/25,needs_review,false,outside primary ED analysis scope,false,1,1,true,false,true,false,"[""intervention_0f8da920231fd9804a53""]"
cycle_ed1ea974ca6e82694077,Other,Other,1,Insufficient data,,org_1a7c495aa56ff00b,ind_d3d405e2f972cbf9,Small Hospital,North West Region,2025/26,needs_review,false,outside primary ED analysis scope,false,1,0,true,false,false,true,"[""intervention_fa878c9d2655355ea4b6""]"
cycle_02439583207b9c494fcf,Other,Other,1,Insufficient data,,org_1a7c495aa56ff00b,ind_e666bcb709405e0f,Small Hospital,North West Region,2025/26,included,false,unit_unverified; population_unverified; reporting_period_unverified; historical_match_unavailable_or_ambiguous,false,1,0,true,false,false,true,"[""intervention_9e9a011a1790a1af7f48""]"
cycle_da28870cc3da4ab326cb,"Data, Measurement & Dashboards","Data, Measurement & Dashboards",1,Insufficient data,,org_1a7c495aa56ff00b,ind_e7cd9b5804f1c518,Small Hospital,North West Region,2025/26,included,false,reporting_period_unverified,false,1,1,true,false,true,false,"[""intervention_7b8f3da95c5ad665af9a""]"
cycle_8911a0554c98178a35d9,"Data, Measurement & Dashboards","Data, Measurement & Dashboards",1,Insufficient data,,org_1ccfa630e73e76b0,ind_06590f50f65eac7e,Small Hospital,East Region,2024/25,included,false,insufficient first-cycle ED longitudinal coverage,false,3,2,false,true,false,true,"[""intervention_0be723bd405f32dafd6d""]"
cycle_8911a0554c98178a35d9,Other,Other,2,Insufficient data,,org_1ccfa630e73e76b0,ind_06590f50f65eac7e,Small Hospital,East Region,2024/25,included,false,insufficient first-cycle ED longitudinal coverage,false,3,2,false,true,false,true,"[""intervention_41bd91c0196ce56406fd"",""intervention_fae27da1b1e0ccc8e86f""]"
cycle_8911a0554c98178a35d9,Training & Education,Training & Education,1,Insufficient data,,org_1ccfa630e73e76b0,ind_06590f50f65eac7e,Small Hospital,East Region,2024/25,included,false,insufficient first-cycle ED longitudinal coverage,false,3,2,false,true,false,true,"[""intervention_109d4a4189e1e22da6df""]"
cycle_536592334f4334f57a3a,Safety & Risk Prevention,Safety & Risk Prevention,1,Insufficient data,,org_1ccfa630e73e76b0,ind_37478f8fb5db2bb6,Small Hospital,East Region,2024/25,excluded,false,outside primary ED analysis scope,false,2,2,false,true,false,false,"[""intervention_c338cc617e1c0191aa3f""]"
cycle_536592334f4334f57a3a,Training & Education,Training & Education,1,Insufficient data,,org_1ccfa630e73e76b0,ind_37478f8fb5db2bb6,Small Hospital,East Region,2024/25,excluded,false,outside primary ED analysis scope,false,2,2,false,true,false,false,"[""intervention_168a82480b6e9fb2a1e0""]"
cycle_609c87dfe9916f59e9cb,Safety & Risk Prevention,Safety & Risk Prevention,1,Insufficient data,,org_1ccfa630e73e76b0,ind_37478f8fb5db2bb6,Small Hospital,East Region,2025/26,excluded,false,outside primary ED analysis scope,false,2,2,false,true,false,false,"[""intervention_3e7fb1fa66cb07c896bc""]"
cycle_609c87dfe9916f59e9cb,Training & Education,Training & Education,1,Insufficient data,,org_1ccfa630e73e76b0,ind_37478f8fb5db2bb6,Small Hospital,East Region,2025/26,excluded,false,outside primary ED analysis scope,false,2,2,false,true,false,false,"[""intervention_4dcca19228f463ac0dd0""]"
cycle_f55e2846f240fef1c677,Training & Education,Training & Education,1,Insufficient data,,org_1ccfa630e73e76b0,ind_5314e24f5f6e6912,Small Hospital,East Region,2024/25,excluded,false,outside primary ED analysis scope,false,1,1,true,false,true,false,"[""intervention_898890b7c11d5c01b44f""]"
cycle_73eaffb649e14bedf84e,Other,Other,1,Insufficient data,,org_1ccfa630e73e76b0,ind_5314e24f5f6e6912,Small Hospital,East Region,2025/26,excluded,false,outside primary ED analysis scope,false,2,1,false,true,false,true,"[""intervention_5ad65139ac7e4f4fe8c6""]"
cycle_73eaffb649e14bedf84e,Training & Education,Training & Education,3,Insufficient data,,org_1ccfa630e73e76b0,ind_5314e24f5f6e6912,Small Hospital,East Region,2025/26,excluded,false,outside primary ED analysis scope,false,2,1,false,true,false,true,"[""intervention_5d35d711355e1a831c4f"",""intervention_69adcf88867318cf9d4e"",""intervention_91cd97f8914f9dc8a188""]"
cycle_33b534698501a8061326,Care Coordination & Communication,Care Coordination & Communication,1,Insufficient data,,org_1ccfa630e73e76b0,ind_5b2e1352e31909e8,Small Hospital,East Region,2025/26,included,false,reporting_period_unverified,false,3,2,false,true,false,true,"[""intervention_04024b0cdd874694f246""]"
cycle_33b534698501a8061326,Emergency Department Workflow,Emergency Department Workflow,1,Insufficient data,,org_1ccfa630e73e76b0,ind_5b2e1352e31909e8,Small Hospital,East Region,2025/26,included,false,reporting_period_unverified,false,3,2,false,true,false,true,"[""intervention_d263cf120d3fd2465a59""]"
cycle_33b534698501a8061326,Other,Other,1,Insufficient data,,org_1ccfa630e73e76b0,ind_5b2e1352e31909e8,Small Hospital,East Region,2025/26,included,false,reporting_period_unverified,false,3,2,false,true,false,true,"[""intervention_11bf72e0668950377272""]"
cycle_16a15d84bdc7c9147e1f,"Data, Measurement & Dashboards","Data, Measurement & Dashboards",1,Insufficient data,,org_1ccfa630e73e76b0,ind_67ee717abbe20a1b,Small Hospital,East Region,2024/25,excluded,false,outside primary ED analysis scope,false,2,1,false,true,false,true,"[""intervention_08aa59944e814b581d81""]"
cycle_16a15d84bdc7c9147e1f,Other,Other,1,Insufficient data,,org_1ccfa630e73e76b0,ind_67ee717abbe20a1b,Small Hospital,East Region,2024/25,excluded,false,outside primary ED analysis scope,false,2,1,false,true,false,true,"[""intervention_f1a6f7672b1fcf0c6308""]"
cycle_5648ac34477a9edeb819,Technology & Digital Tools,Technology & Digital Tools,2,Insufficient data,,org_1ccfa630e73e76b0,ind_67ee717abbe20a1b,Small Hospital,East Region,2025/26,excluded,false,outside primary ED analysis scope,false,1,1,true,false,true,false,"[""intervention_39dc62baa2f9d50245f2"",""intervention_b6861a8863315e51d704""]"
cycle_d2ab7969d394de87bb16,Ambulance / EMS Flow,Ambulance / EMS Flow,2,Insufficient data,,org_1ccfa630e73e76b0,ind_ee70b593aad3e4f6,Small Hospital,East Region,2024/25,included,false,insufficient first-cycle ED longitudinal coverage,false,2,2,false,true,false,false,"[""intervention_7a6bb2f3aa4e7c927eb7"",""intervention_801d77071537efe00622""]"
cycle_d2ab7969d394de87bb16,Training & Education,Training & Education,1,Insufficient data,,org_1ccfa630e73e76b0,ind_ee70b593aad3e4f6,Small Hospital,East Region,2024/25,included,false,insufficient first-cycle ED longitudinal coverage,false,2,2,false,true,false,false,"[""intervention_00c71b298708f0a44e44""]"
cycle_1392a03fe10b0e6aa7d2,Ambulance / EMS Flow,Ambulance / EMS Flow,2,Insufficient data,,org_1ccfa630e73e76b0,ind_ee70b593aad3e4f6,Small Hospital,East Region,2025/26,included,false,reporting_period_unverified,false,1,1,true,false,true,false,"[""intervention_db079ea27b7561a90468"",""intervention_fedb49d64f9dcd97f6fe""]"
cycle_ddb6e2b4098449f88f0a,Training & Education,Training & Education,1,Insufficient data,,org_1d175b61e7adc954,ind_0646035afd9bba7c,Small Hospital,Toronto Region,2024/25,excluded,false,outside primary ED analysis scope,false,1,1,true,false,true,false,"[""intervention_1dcb5511163c26eeadf5""]"
cycle_4a8e3fe006a6490905e7,"Data, Measurement & Dashboards","Data, Measurement & Dashboards",1,Insufficient data,,org_1d175b61e7adc954,ind_14f4b374983295fd,Small Hospital,Toronto Region,2024/25,needs_review,false,outside primary ED analysis scope,false,1,1,true,false,true,false,"[""intervention_2a06c3dd4b4fcfe5af65""]"
cycle_aafd36710d0b83abbfd4,Other,Other,1,Insufficient data,,org_1d175b61e7adc954,ind_14f4b374983295fd,Small Hospital,Toronto Region,2025/26,needs_review,false,outside primary ED analysis scope,false,1,0,true,false,false,true,"[""intervention_711eb7358cc030150940""]"
cycle_f63b558e03bcae7eb056,Discharge & Transition Planning,Discharge & Transition Planning,2,Insufficient data,,org_1d175b61e7adc954,ind_178a50cbc8f0164b,Small Hospital,Toronto Region,2024/25,needs_review,false,outside primary ED analysis scope,false,1,1,true,false,true,false,"[""intervention_20846732f9d1d6c22225"",""intervention_b617d6343216f8344988""]"
cycle_cb97cef1a79af47e8c9f,Other,Other,1,Insufficient data,,org_1d175b61e7adc954,ind_18711a39bc1f2702,Small Hospital,Toronto Region,2024/25,needs_review,false,outside primary ED analysis scope,false,1,0,true,false,false,true,"[""intervention_40ed2df4dfd62c137974""]"
cycle_2e859f1fce3eacfbe7f5,Admission & Transfer Process,Admission & Transfer Process,1,Insufficient data,,org_1d175b61e7adc954,ind_18711a39bc1f2702,Small Hospital,Toronto Region,2025/26,needs_review,false,outside primary ED analysis scope,false,1,1,true,false,true,false,"[""intervention_0481311bf849da4ffcb5""]"
cycle_726af3ddd86277efcc59,Discharge & Transition Planning,Discharge & Transition Planning,2,Insufficient data,,org_1d175b61e7adc954,ind_1a2e570fa381e086,Small Hospital,Toronto Region,2024/25,needs_review,false,outside primary ED analysis scope,false,1,1,true,false,true,false,"[""intervention_69d9427d82b5f698892c"",""intervention_998189ff1e0db1bbb191""]"
cycle_7c90dd77dabc80dff72c,Other,Other,1,Insufficient data,,org_1d175b61e7adc954,ind_1d04f369b1ed3249,Small Hospital,Toronto Region,2024/25,needs_review,false,outside primary ED analysis scope,false,1,0,true,false,false,true,"[""intervention_212889b359d689a495a1""]"
cycle_0e452ce2205358124263,"Data, Measurement & Dashboards","Data, Measurement & Dashboards",1,Insufficient data,,org_1d175b61e7adc954,ind_21f7d61528ea4eb8,Small Hospital,Toronto Region,2024/25,needs_review,false,outside primary ED analysis scope,false,1,1,true,false,true,false,"[""intervention_d72fa5cbeb81dd1ce48d""]"
cycle_968a2de1cc0de81bb13a,Training & Education,Training & Education,1,Insufficient data,,org_1d175b61e7adc954,ind_313b06c6b6d5751e,Small Hospital,Toronto Region,2024/25,needs_review,false,outside primary ED analysis scope,false,1,1,true,false,true,false,"[""intervention_b93d91a09423f1b03155""]"
cycle_ab9373c73b63fda52652,"Data, Measurement & Dashboards","Data, Measurement & Dashboards",1,Insufficient data,,org_1d175b61e7adc954,ind_382f7d17731df261,Small Hospital,Toronto Region,2024/25,needs_review,false,outside primary ED analysis scope,false,2,2,false,true,false,false,"[""intervention_c661a023baa9cdcc39d2""]"
cycle_ab9373c73b63fda52652,Policy / Standardization,Policy / Standardization,1,Insufficient data,,org_1d175b61e7adc954,ind_382f7d17731df261,Small Hospital,Toronto Region,2024/25,needs_review,false,outside primary ED analysis scope,false,2,2,false,true,false,false,"[""intervention_cc1e6aae75bc78ad8caa""]"
cycle_e005ea39ed5a3018eb93,Policy / Standardization,Policy / Standardization,1,Insufficient data,,org_1d175b61e7adc954,ind_382f7d17731df261,Small Hospital,Toronto Region,2025/26,needs_review,false,outside primary ED analysis scope,false,2,2,false,true,false,false,"[""intervention_ebbcdcc809cc0a5b23ab""]"
cycle_e005ea39ed5a3018eb93,Technology & Digital Tools,Technology & Digital Tools,1,Insufficient data,,org_1d175b61e7adc954,ind_382f7d17731df261,Small Hospital,Toronto Region,2025/26,needs_review,false,outside primary ED analysis scope,false,2,2,false,true,false,false,"[""intervention_1f0bfe1abf5828be5797""]"
cycle_5d3373792c734e1f3db4,"Data, Measurement & Dashboards","Data, Measurement & Dashboards",1,Insufficient data,,org_1d175b61e7adc954,ind_3e5d9856404eda74,Small Hospital,Toronto Region,2024/25,needs_review,false,outside primary ED analysis scope,false,1,1,true,false,true,false,"[""intervention_3aaf767600db9c9309a1""]"
cycle_50390fa3649dcb6b618d,"Data, Measurement & Dashboards","Data, Measurement & Dashboards",2,Insufficient data,,org_1d175b61e7adc954,ind_3e5d9856404eda74,Small Hospital,Toronto Region,2025/26,needs_review,false,outside primary ED analysis scope,false,1,1,true,false,true,false,"[""intervention_2786895421a44b893a2d"",""intervention_7fc20f8638e66ca82ebe""]"
cycle_8397ade850c5596dcf81,Other,Other,1,Insufficient data,,org_1d175b61e7adc954,ind_699fa15302fce795,Small Hospital,Toronto Region,2024/25,needs_review,false,outside primary ED analysis scope,false,1,0,true,false,false,true,"[""intervention_a64acfce052cdf38778f""]"
cycle_33741541a7f2ae740800,Technology & Digital Tools,Technology & Digital Tools,1,Insufficient data,,org_1d175b61e7adc954,ind_699fa15302fce795,Small Hospital,Toronto Region,2025/26,needs_review,false,outside primary ED analysis scope,false,1,1,true,false,true,false,"[""intervention_dec850bd0d949baa4dbf""]"
cycle_77d5ddcab7e562be9cde,Other,Other,1,Insufficient data,,org_1d175b61e7adc954,ind_7784d4b18f61cb86,Small Hospital,Toronto Region,2024/25,needs_review,false,outside primary ED analysis scope,false,1,0,true,false,false,true,"[""intervention_dbdea93810315d5707b8""]"
cycle_9249c37cd6912e95a759,Discharge & Transition Planning,Discharge & Transition Planning,1,Insufficient data,,org_1d175b61e7adc954,ind_7ab991fa86d42993,Small Hospital,Toronto Region,2024/25,needs_review,false,outside primary ED analysis scope,false,1,1,true,false,true,false,"[""intervention_dad8d53c130c0da221ae""]"
cycle_33ddfd338b423ea34112,Other,Other,1,Insufficient data,,org_1d175b61e7adc954,ind_7e9de416c9867f60,Small Hospital,Toronto Region,2025/26,needs_review,false,outside primary ED analysis scope,false,1,0,true,false,false,true,"[""intervention_98f75a2d23195a7ce767""]"
cycle_e37f6f125c1ae01c1da8,Technology & Digital Tools,Technology & Digital Tools,1,Insufficient data,,org_1d175b61e7adc954,ind_8a4c2e987ee00c33,Small Hospital,Toronto Region,2025/26,needs_review,false,outside primary ED analysis scope,false,1,1,true,false,true,false,"[""intervention_adfdf2a71886de83a256""]"
cycle_79c0ab984fdd76a0c4c6,Training & Education,Training & Education,1,Insufficient data,,org_1d175b61e7adc954,ind_8b7af145847a5c40,Small Hospital,Toronto Region,2024/25,needs_review,false,outside primary ED analysis scope,false,1,1,true,false,true,false,"[""intervention_9506e002e201c5ab3664""]"
cycle_24a20fe866ef4693e4d2,Other,Other,1,Insufficient data,,org_1d175b61e7adc954,ind_ad5c59e85b9b40bd,Small Hospital,Toronto Region,2024/25,needs_review,false,outside primary ED analysis scope,false,1,0,true,false,false,true,"[""intervention_8524c0942f7f2f361347""]"
cycle_aa553de6b178a078f24e,"Data, Measurement & Dashboards","Data, Measurement & Dashboards",1,Insufficient data,,org_1d175b61e7adc954,ind_b83e53a29c9c7d46,Small Hospital,Toronto Region,2025/26,needs_review,false,outside primary ED analysis scope,false,1,1,true,false,true,false,"[""intervention_e489dbb2bc0483811d9f""]"
cycle_5c9d8d58c79cbee90642,"Data, Measurement & Dashboards","Data, Measurement & Dashboards",1,Insufficient data,,org_1d175b61e7adc954,ind_c5c43aa57a3e90fa,Small Hospital,Toronto Region,2024/25,needs_review,false,outside primary ED analysis scope,false,2,2,false,true,false,false,"[""intervention_918d6f7bf5136e069de8""]"
cycle_5c9d8d58c79cbee90642,Discharge & Transition Planning,Discharge & Transition Planning,1,Insufficient data,,org_1d175b61e7adc954,ind_c5c43aa57a3e90fa,Small Hospital,Toronto Region,2024/25,needs_review,false,outside primary ED analysis scope,false,2,2,false,true,false,false,"[""intervention_7f9694dffe40c0233d2e""]"
cycle_7adc821d701c55922877,Training & Education,Training & Education,1,Insufficient data,,org_1d175b61e7adc954,ind_ca43defac929c803,Small Hospital,Toronto Region,2024/25,needs_review,false,outside primary ED analysis scope,false,1,1,true,false,true,false,"[""intervention_85a57fc02ff4bb15adb6""]"
cycle_5da9d24eeefc8aaa01e2,"Data, Measurement & Dashboards","Data, Measurement & Dashboards",1,Insufficient data,,org_21fdc7b5cfbc878e,ind_0f4bac660504d561,Teaching Hospital,West Region,2025/26,needs_review,false,outside primary ED analysis scope,false,1,1,true,false,true,false,"[""intervention_7283311f0c5bce150fa6""]"
cycle_aa51dcf5eb6a00d8d125,Other,Other,1,Insufficient data,,org_21fdc7b5cfbc878e,ind_10919e2ab4005322,Teaching Hospital,West Region,2024/25,needs_review,false,outside primary ED analysis scope,false,1,0,true,false,false,true,"[""intervention_dbdd15203cfb547eb3f5""]"
cycle_0503fad52bca3fc03931,Other,Other,1,Insufficient data,,org_21fdc7b5cfbc878e,ind_10919e2ab4005322,Teaching Hospital,West Region,2025/26,needs_review,false,outside primary ED analysis scope,false,1,0,true,false,false,true,"[""intervention_63d781463fbb2a402785""]"
cycle_ab852eecd04d142674e1,Policy / Standardization,Policy / Standardization,1,Insufficient data,,org_21fdc7b5cfbc878e,ind_324098a66232689b,Teaching Hospital,West Region,2025/26,needs_review,false,outside primary ED analysis scope,false,1,1,true,false,true,false,"[""intervention_87ba67f0771126c2c142""]"
cycle_f7aefd9eeaa23737f323,Other,Other,1,Insufficient data,,org_21fdc7b5cfbc878e,ind_36a0fe7ab400bd20,Teaching Hospital,West Region,2024/25,needs_review,false,outside primary ED analysis scope,false,1,0,true,false,false,true,"[""intervention_b6d115ecef1694f29755""]"
cycle_469a5b541a830022d2a0,"Data, Measurement & Dashboards","Data, Measurement & Dashboards",1,Insufficient data,,org_21fdc7b5cfbc878e,ind_3a13a1de3d9d58ec,Teaching Hospital,West Region,2024/25,needs_review,false,outside primary ED analysis scope,false,1,1,true,false,true,false,"[""intervention_c7e96503ddb7740213a9""]"
cycle_7ae811cfa0fd59617558,"Data, Measurement & Dashboards","Data, Measurement & Dashboards",1,Insufficient data,,org_21fdc7b5cfbc878e,ind_4a677f114994001c,Teaching Hospital,West Region,2024/25,needs_review,false,outside primary ED analysis scope,false,1,1,true,false,true,false,"[""intervention_d9c711edda93c7c863a6""]"
cycle_9ea1d3073eee484e62a9,"Data, Measurement & Dashboards","Data, Measurement & Dashboards",1,Insufficient data,,org_21fdc7b5cfbc878e,ind_4a677f114994001c,Teaching Hospital,West Region,2025/26,needs_review,false,outside primary ED analysis scope,false,1,1,true,false,true,false,"[""intervention_9af0aecbc0345d84184f""]"
cycle_624ef3ec03cf3ea3a47f,"Data, Measurement & Dashboards","Data, Measurement & Dashboards",1,Insufficient data,,org_21fdc7b5cfbc878e,ind_6ae408d1b870e390,Teaching Hospital,West Region,2025/26,needs_review,false,outside primary ED analysis scope,false,1,1,true,false,true,false,"[""intervention_1a49250a175d478c8933""]"
cycle_278cac434263628b29e8,Safety & Risk Prevention,Safety & Risk Prevention,1,Insufficient data,,org_21fdc7b5cfbc878e,ind_728c483317570475,Teaching Hospital,West Region,2024/25,needs_review,false,outside primary ED analysis scope,false,1,1,true,false,true,false,"[""intervention_88b1b3fe0f3fdf8af80d""]"
cycle_2351e234b05d8aef5fa7,Safety & Risk Prevention,Safety & Risk Prevention,1,Insufficient data,,org_21fdc7b5cfbc878e,ind_728c483317570475,Teaching Hospital,West Region,2025/26,needs_review,false,outside primary ED analysis scope,false,1,1,true,false,true,false,"[""intervention_a3680697dba9ef5fa413""]"
cycle_dcaf3d341940841408e6,Other,Other,1,Insufficient data,,org_21fdc7b5cfbc878e,ind_7902a2786e2dfb81,Teaching Hospital,West Region,2024/25,needs_review,false,outside primary ED analysis scope,false,1,0,true,false,false,true,"[""intervention_0d09be92e85836e8ba80""]"
cycle_bd8d9971e3b9a06e3325,Other,Other,1,Insufficient data,,org_21fdc7b5cfbc878e,ind_7902a2786e2dfb81,Teaching Hospital,West Region,2025/26,needs_review,false,outside primary ED analysis scope,false,1,0,true,false,false,true,"[""intervention_8fb8d0901b913a8c7883""]"
cycle_0839a2923e551a0bed00,Other,Other,2,Insufficient data,,org_21fdc7b5cfbc878e,ind_cc8c64cd779728c7,Teaching Hospital,West Region,2024/25,needs_review,false,outside primary ED analysis scope,false,1,0,true,false,false,true,"[""intervention_0b7cb60f290586edcf4d"",""intervention_9c6b72c657e48ab28b2b""]"
cycle_dfa150325f1e514478a2,Discharge & Transition Planning,Discharge & Transition Planning,2,Insufficient data,,org_2266095a27574986,ind_0646035afd9bba7c,Large Community Hospital,East Region,2024/25,excluded,false,outside primary ED analysis scope,false,1,1,true,false,true,false,"[""intervention_2c01b10caa4f284bcb45"",""intervention_79ce0f8ce0bace1e00c7""]"
cycle_6f23bc61827df0ca02d1,Care Coordination & Communication,Care Coordination & Communication,1,Insufficient data,,org_2266095a27574986,ind_06590f50f65eac7e,Large Community Hospital,East Region,2024/25,included,false,insufficient first-cycle ED longitudinal coverage,false,3,2,false,true,false,true,"[""intervention_6265fbfd9ca3e2f9ce95""]"
cycle_6f23bc61827df0ca02d1,Other,Other,1,Insufficient data,,org_2266095a27574986,ind_06590f50f65eac7e,Large Community Hospital,East Region,2024/25,included,false,insufficient first-cycle ED longitudinal coverage,false,3,2,false,true,false,true,"[""intervention_414d70b75ace2cdab6bc""]"
cycle_6f23bc61827df0ca02d1,Patient Streaming / Triage,Patient Streaming / Triage,1,Insufficient data,,org_2266095a27574986,ind_06590f50f65eac7e,Large Community Hospital,East Region,2024/25,included,false,insufficient first-cycle ED longitudinal coverage,false,3,2,false,true,false,true,"[""intervention_433ff1e4aafe53de2c36""]"
cycle_8052cd6626d4b031a03d,Technology & Digital Tools,Technology & Digital Tools,1,Insufficient data,,org_2266095a27574986,ind_06590f50f65eac7e,Large Community Hospital,East Region,2025/26,included,false,unit_unverified; population_unverified; reporting_period_unverified; historical_match_unavailable_or_ambiguous,false,1,1,true,false,true,false,"[""intervention_ec513d7f315326306792""]"
cycle_dd505684a6464edf7268,Other,Other,1,Insufficient data,,org_2266095a27574986,ind_37478f8fb5db2bb6,Large Community Hospital,East Region,2025/26,excluded,false,outside primary ED analysis scope,false,2,1,false,true,false,true,"[""intervention_28a4c885a7db41adebc3""]"
cycle_dd505684a6464edf7268,Training & Education,Training & Education,1,Insufficient data,,org_2266095a27574986,ind_37478f8fb5db2bb6,Large Community Hospital,East Region,2025/26,excluded,false,outside primary ED analysis scope,false,2,1,false,true,false,true,"[""intervention_f7047431ce4a9e4b9f6b""]"
cycle_1e3e8d76e30e3201244d,Admission & Transfer Process,Admission & Transfer Process,1,Insufficient data,,org_2266095a27574986,ind_49804295e8363e2d,Large Community Hospital,East Region,2024/25,needs_review,false,outside primary ED analysis scope,false,3,2,false,true,false,true,"[""intervention_28e740931f9606ab23a6""]"
cycle_1e3e8d76e30e3201244d,"Data, Measurement & Dashboards","Data, Measurement & Dashboards",2,Insufficient data,,org_2266095a27574986,ind_49804295e8363e2d,Large Community Hospital,East Region,2024/25,needs_review,false,outside primary ED analysis scope,false,3,2,false,true,false,true,"[""intervention_98651413918b1f526183"",""intervention_e8d3b6a0141f56287c61""]"
cycle_1e3e8d76e30e3201244d,Other,Other,1,Insufficient data,,org_2266095a27574986,ind_49804295e8363e2d,Large Community Hospital,East Region,2024/25,needs_review,false,outside primary ED analysis scope,false,3,2,false,true,false,true,"[""intervention_495a6b34758f16c5a4e1""]"
cycle_6a54584fa0707ee465e4,Training & Education,Training & Education,1,Insufficient data,,org_2266095a27574986,ind_5314e24f5f6e6912,Large Community Hospital,East Region,2024/25,excluded,false,outside primary ED analysis scope,false,1,1,true,false,true,false,"[""intervention_55ae427e06c8b69c0970""]"
cycle_54e4efc59b58d270ae5b,Surge Management,Surge Management,1,Insufficient data,,org_2266095a27574986,ind_5b2e1352e31909e8,Large Community Hospital,East Region,2025/26,included,false,reporting_period_unverified,false,1,1,true,false,true,false,"[""intervention_630d05a9852a0c849173""]"
cycle_c58a7954bae3e8d19033,Other,Other,1,Insufficient data,,org_2266095a27574986,ind_67ee717abbe20a1b,Large Community Hospital,East Region,2024/25,excluded,false,outside primary ED analysis scope,false,1,0,true,false,false,true,"[""intervention_2f45c9e975658949f72d""]"
cycle_611d79a6916ea8af0bec,Care Coordination & Communication,Care Coordination & Communication,1,Insufficient data,,org_2266095a27574986,ind_875299237cfe80b5,Large Community Hospital,East Region,2025/26,needs_review,false,outside primary ED analysis scope,false,3,2,false,true,false,true,"[""intervention_8d96e6ea19873adaaeed""]"
cycle_611d79a6916ea8af0bec,"Data, Measurement & Dashboards","Data, Measurement & Dashboards",1,Insufficient data,,org_2266095a27574986,ind_875299237cfe80b5,Large Community Hospital,East Region,2025/26,needs_review,false,outside primary ED analysis scope,false,3,2,false,true,false,true,"[""intervention_b1915b570192a124f87c""]"
cycle_611d79a6916ea8af0bec,Other,Other,1,Insufficient data,,org_2266095a27574986,ind_875299237cfe80b5,Large Community Hospital,East Region,2025/26,needs_review,false,outside primary ED analysis scope,false,3,2,false,true,false,true,"[""intervention_88b60030166f6e2e7e4f""]"
cycle_9437f3110c999bddabce,Other,Other,1,Insufficient data,,org_2266095a27574986,ind_a0001e81ef283591,Large Community Hospital,East Region,2024/25,needs_review,false,outside primary ED analysis scope,false,2,1,false,true,false,true,"[""intervention_2984b0651dfe09877dfe""]"
cycle_9437f3110c999bddabce,Training & Education,Training & Education,1,Insufficient data,,org_2266095a27574986,ind_a0001e81ef283591,Large Community Hospital,East Region,2024/25,needs_review,false,outside primary ED analysis scope,false,2,1,false,true,false,true,"[""intervention_9fe1e9a8dc79071c0dd5""]"
cycle_a8e29ff81266952499af,Admission & Transfer Process,Admission & Transfer Process,1,Insufficient data,,org_2266095a27574986,ind_a8f6cca5fe8befdf,Large Community Hospital,East Region,2024/25,excluded,false,outside primary ED analysis scope,false,1,1,true,false,true,false,"[""intervention_f5bb4ba76a135ae26473""]"
cycle_7d1517d49517687c1594,Admission & Transfer Process,Admission & Transfer Process,1,Insufficient data,,org_2266095a27574986,ind_b38e71d3aa2e2959,Large Community Hospital,East Region,2025/26,needs_review,false,outside primary ED analysis scope,false,3,2,false,true,false,true,"[""intervention_bd043f1b4bb6e26f49ca""]"
cycle_7d1517d49517687c1594,"Data, Measurement & Dashboards","Data, Measurement & Dashboards",1,Insufficient data,,org_2266095a27574986,ind_b38e71d3aa2e2959,Large Community Hospital,East Region,2025/26,needs_review,false,outside primary ED analysis scope,false,3,2,false,true,false,true,"[""intervention_634a86d41cbf4b90c6a1""]"
cycle_7d1517d49517687c1594,Other,Other,1,Insufficient data,,org_2266095a27574986,ind_b38e71d3aa2e2959,Large Community Hospital,East Region,2025/26,needs_review,false,outside primary ED analysis scope,false,3,2,false,true,false,true,"[""intervention_36f6678cbd5394665623""]"
cycle_714c8a7e863ef67b85d1,Other,Other,2,Insufficient data,,org_2266095a27574986,ind_dceec4648c381236,Large Community Hospital,East Region,2025/26,needs_review,false,outside primary ED analysis scope,false,2,1,false,true,false,true,"[""intervention_7c84f2c6d020f7d5cbda"",""intervention_841eb3f0f48b18ce6937""]"
cycle_714c8a7e863ef67b85d1,Safety & Risk Prevention,Safety & Risk Prevention,1,Insufficient data,,org_2266095a27574986,ind_dceec4648c381236,Large Community Hospital,East Region,2025/26,needs_review,false,outside primary ED analysis scope,false,2,1,false,true,false,true,"[""intervention_bad254b64f7a4808b2d1""]"
cycle_8ac4f23b4483442dd65a,Discharge & Transition Planning,Discharge & Transition Planning,1,Insufficient data,,org_2266095a27574986,ind_e7cd9b5804f1c518,Large Community Hospital,East Region,2025/26,included,false,reporting_period_unverified,false,1,1,true,false,true,false,"[""intervention_2c0a4fb65eb439d0f9df""]"
cycle_92514f78f1b4d2bd5b69,Admission & Transfer Process,Admission & Transfer Process,1,Insufficient data,,org_2266095a27574986,ind_ee563cde6546762a,Large Community Hospital,East Region,2025/26,needs_review,false,outside primary ED analysis scope,false,3,2,false,true,false,true,"[""intervention_fa68def3fec189e200a1""]"
cycle_92514f78f1b4d2bd5b69,"Data, Measurement & Dashboards","Data, Measurement & Dashboards",2,Insufficient data,,org_2266095a27574986,ind_ee563cde6546762a,Large Community Hospital,East Region,2025/26,needs_review,false,outside primary ED analysis scope,false,3,2,false,true,false,true,"[""intervention_051ef33e2fa7c9b48b05"",""intervention_63608ba42289312b30e7""]"
cycle_92514f78f1b4d2bd5b69,Other,Other,1,Insufficient data,,org_2266095a27574986,ind_ee563cde6546762a,Large Community Hospital,East Region,2025/26,needs_review,false,outside primary ED analysis scope,false,3,2,false,true,false,true,"[""intervention_d1cb3133c58450765fff""]"
cycle_818cabb408bfe35a4169,Policy / Standardization,Policy / Standardization,1,Insufficient data,,org_2266095a27574986,ind_ee70b593aad3e4f6,Large Community Hospital,East Region,2025/26,included,false,reporting_period_unverified,false,1,1,true,false,true,false,"[""intervention_41c02d99d2c7208b2738""]"
cycle_c4ee8d7cbab46490f3b0,Discharge & Transition Planning,Discharge & Transition Planning,1,Insufficient data,,org_2266095a27574986,ind_ef4a9573ead4ee92,Large Community Hospital,East Region,2024/25,included,false,insufficient first-cycle ED longitudinal coverage,false,1,1,true,false,true,false,"[""intervention_ee95e9fec18238d9ac08""]"
cycle_f609120cff104671d87b,Training & Education,Training & Education,1,Insufficient data,,org_2266095a27574986,ind_fd9a0b20dff4d8a7,Large Community Hospital,East Region,2025/26,needs_review,false,outside primary ED analysis scope,false,1,1,true,false,true,false,"[""intervention_6eee5c14e83700addfca""]"
cycle_2679bdd6b93b3f11cd54,Training & Education,Training & Education,1,Insufficient data,,org_23ae4c97f0248228,ind_03d5fb907039b47e,Large Community Hospital,North East Region,2024/25,needs_review,false,outside primary ED analysis scope,false,1,1,true,false,true,false,"[""intervention_743dab0792f8c7225f3f""]"
cycle_e4a5bd420de7be7e9575,Other,Other,1,Insufficient data,,org_23ae4c97f0248228,ind_10d9993c86a24c10,Large Community Hospital,North East Region,2024/25,needs_review,false,outside primary ED analysis scope,false,1,0,true,false,false,true,"[""intervention_1bf414a391e3bb1c899c""]"
cycle_c8c4d7c5bd6a78405a2d,Other,Other,1,Insufficient data,,org_23ae4c97f0248228,ind_141d41d2ba99d8cd,Large Community Hospital,North East Region,2024/25,needs_review,false,outside primary ED analysis scope,false,1,0,true,false,false,true,"[""intervention_d1e0fdf6cf9150afac3c""]"
cycle_4e9bde9c0104fc84bb06,"Data, Measurement & Dashboards","Data, Measurement & Dashboards",1,Insufficient data,,org_23ae4c97f0248228,ind_3af8e7b303b33605,Large Community Hospital,North East Region,2025/26,needs_review,false,outside primary ED analysis scope,false,2,2,false,true,false,false,"[""intervention_193f785d61bf477236e3""]"
cycle_4e9bde9c0104fc84bb06,Training & Education,Training & Education,1,Insufficient data,,org_23ae4c97f0248228,ind_3af8e7b303b33605,Large Community Hospital,North East Region,2025/26,needs_review,false,outside primary ED analysis scope,false,2,2,false,true,false,false,"[""intervention_2a528afd957a5189dcc8""]"
cycle_b4e9c455f2bb1b5dfd12,Training & Education,Training & Education,1,Insufficient data,,org_23ae4c97f0248228,ind_5314e24f5f6e6912,Large Community Hospital,North East Region,2025/26,excluded,false,outside primary ED analysis scope,false,1,1,true,false,true,false,"[""intervention_e14dfe7e0c92d149cd4b""]"
cycle_11211637a8e5130eb670,"Data, Measurement & Dashboards","Data, Measurement & Dashboards",2,Insufficient data,,org_23ae4c97f0248228,ind_5b2e1352e31909e8,Large Community Hospital,North East Region,2025/26,included,false,reporting_period_unverified,false,1,1,true,false,true,false,"[""intervention_5ad241d849c52d79b5bc"",""intervention_95c79c84bf5d2dcb47ec""]"
cycle_3092191fecf278dacb6b,Care Coordination & Communication,Care Coordination & Communication,1,Insufficient data,,org_23ae4c97f0248228,ind_67ee717abbe20a1b,Large Community Hospital,North East Region,2025/26,excluded,false,outside primary ED analysis scope,false,2,1,false,true,false,true,"[""intervention_f90afdc90f09274c42b5""]"
cycle_3092191fecf278dacb6b,Other,Other,2,Insufficient data,,org_23ae4c97f0248228,ind_67ee717abbe20a1b,Large Community Hospital,North East Region,2025/26,excluded,false,outside primary ED analysis scope,false,2,1,false,true,false,true,"[""intervention_af2f3909b8152bfe262a"",""intervention_bbddfd30d8fa87c095d0""]"
cycle_3730fd7e1b15e05db024,Discharge & Transition Planning,Discharge & Transition Planning,2,Insufficient data,,org_23ae4c97f0248228,ind_a59f6002b997f63a,Large Community Hospital,North East Region,2024/25,needs_review,false,outside primary ED analysis scope,false,1,1,true,false,true,false,"[""intervention_6ba10d6b2bfcda0b6c26"",""intervention_ab552cbe2ba74fdf4665""]"
cycle_30415b0441699a5ed920,Care Coordination & Communication,Care Coordination & Communication,1,Insufficient data,,org_23ae4c97f0248228,ind_a62c95207399db3e,Large Community Hospital,North East Region,2024/25,needs_review,false,outside primary ED analysis scope,false,1,1,true,false,true,false,"[""intervention_38942dabe86998944baf""]"
cycle_e5fadacc5a9271d2f373,Other,Other,2,Insufficient data,,org_23ae4c97f0248228,ind_d282c69cbea0a2f6,Large Community Hospital,North East Region,2025/26,needs_review,false,outside primary ED analysis scope,false,2,1,false,true,false,true,"[""intervention_da3e8c9e5c44e9a3e5ad"",""intervention_dc357578c8726b6995ee""]"
cycle_e5fadacc5a9271d2f373,Training & Education,Training & Education,1,Insufficient data,,org_23ae4c97f0248228,ind_d282c69cbea0a2f6,Large Community Hospital,North East Region,2025/26,needs_review,false,outside primary ED analysis scope,false,2,1,false,true,false,true,"[""intervention_023fd2ffcd79ca0cb65c""]"
cycle_b95ce6ed99d578a2ae82,Other,Other,1,Insufficient data,,org_23ae4c97f0248228,ind_de72314ac96b80f2,Large Community Hospital,North East Region,2025/26,needs_review,false,outside primary ED analysis scope,false,2,1,false,true,false,true,"[""intervention_bd74127577e1ad0e9336""]"
cycle_b95ce6ed99d578a2ae82,Training & Education,Training & Education,1,Insufficient data,,org_23ae4c97f0248228,ind_de72314ac96b80f2,Large Community Hospital,North East Region,2025/26,needs_review,false,outside primary ED analysis scope,false,2,1,false,true,false,true,"[""intervention_160bd07272d41e4c4ee0""]"
cycle_ba9adf4fa98c5bf65693,Technology & Digital Tools,Technology & Digital Tools,1,Insufficient data,,org_23ae4c97f0248228,ind_e17542f744f2d209,Large Community Hospital,North East Region,2024/25,needs_review,false,outside primary ED analysis scope,false,1,1,true,false,true,false,"[""intervention_33096a044a21c5501fa3""]"
cycle_1c003999a1e075037344,Other,Other,1,Insufficient data,,org_23ae4c97f0248228,ind_e255f8eb7cf0465e,Large Community Hospital,North East Region,2024/25,needs_review,false,outside primary ED analysis scope,false,1,0,true,false,false,true,"[""intervention_189b895a6d146748a4bc""]"
cycle_aec853e4e802df88c911,Other,Other,1,Insufficient data,,org_23ae4c97f0248228,ind_e7cd9b5804f1c518,Large Community Hospital,North East Region,2025/26,included,false,reporting_period_unverified,false,2,1,false,true,false,true,"[""intervention_40ef91c6eed0ffc44fcf""]"
cycle_aec853e4e802df88c911,Training & Education,Training & Education,1,Insufficient data,,org_23ae4c97f0248228,ind_e7cd9b5804f1c518,Large Community Hospital,North East Region,2025/26,included,false,reporting_period_unverified,false,2,1,false,true,false,true,"[""intervention_bf2d34a9dc4302d4cad6""]"
cycle_b1557b1f06ac4f48e430,Ambulance / EMS Flow,Ambulance / EMS Flow,2,Insufficient data,,org_23ae4c97f0248228,ind_ee70b593aad3e4f6,Large Community Hospital,North East Region,2025/26,included,false,reporting_period_unverified,false,1,1,true,false,true,false,"[""intervention_16d63e1a404843a6869f"",""intervention_c73b9111998b9491f981""]"
cycle_a2359f2baec675fb210d,Admission & Transfer Process,Admission & Transfer Process,1,Insufficient data,,org_23ae4c97f0248228,ind_ef4a9573ead4ee92,Large Community Hospital,North East Region,2025/26,included,false,unit_unverified; population_unverified; reporting_period_unverified; historical_match_unavailable_or_ambiguous,false,2,1,false,true,false,true,"[""intervention_9384104df2e128079553""]"
cycle_a2359f2baec675fb210d,Other,Other,1,Insufficient data,,org_23ae4c97f0248228,ind_ef4a9573ead4ee92,Large Community Hospital,North East Region,2025/26,included,false,unit_unverified; population_unverified; reporting_period_unverified; historical_match_unavailable_or_ambiguous,false,2,1,false,true,false,true,"[""intervention_383ffa0992aca35093d8""]"
cycle_ecf6e93c06d682d115e4,Care Coordination & Communication,Care Coordination & Communication,1,Insufficient data,,org_27a0d7423324814d,ind_0adf6874d55ca1d8,Teaching Hospital,Toronto Region,2024/25,needs_review,false,outside primary ED analysis scope,false,3,3,false,true,false,false,"[""intervention_b3925065cc3f5b8c2e68""]"
cycle_ecf6e93c06d682d115e4,Policy / Standardization,Policy / Standardization,1,Insufficient data,,org_27a0d7423324814d,ind_0adf6874d55ca1d8,Teaching Hospital,Toronto Region,2024/25,needs_review,false,outside primary ED analysis scope,false,3,3,false,true,false,false,"[""intervention_a4dcf351e2063369b970""]"
cycle_ecf6e93c06d682d115e4,Training & Education,Training & Education,1,Insufficient data,,org_27a0d7423324814d,ind_0adf6874d55ca1d8,Teaching Hospital,Toronto Region,2024/25,needs_review,false,outside primary ED analysis scope,false,3,3,false,true,false,false,"[""intervention_e43739249b1e1ab078a6""]"
cycle_ae6d8f88904118258b8a,Care Coordination & Communication,Care Coordination & Communication,1,Insufficient data,,org_27a0d7423324814d,ind_2de449447d42c20a,Teaching Hospital,Toronto Region,2024/25,needs_review,false,outside primary ED analysis scope,false,3,2,false,true,false,true,"[""intervention_fa635fe9ce5a6b26e24c""]"
cycle_ae6d8f88904118258b8a,"Data, Measurement & Dashboards","Data, Measurement & Dashboards",1,Insufficient data,,org_27a0d7423324814d,ind_2de449447d42c20a,Teaching Hospital,Toronto Region,2024/25,needs_review,false,outside primary ED analysis scope,false,3,2,false,true,false,true,"[""intervention_45f98582a4daff7b15c6""]"
cycle_ae6d8f88904118258b8a,Other,Other,2,Insufficient data,,org_27a0d7423324814d,ind_2de449447d42c20a,Teaching Hospital,Toronto Region,2024/25,needs_review,false,outside primary ED analysis scope,false,3,2,false,true,false,true,"[""intervention_3a722cb76d9be894e824"",""intervention_7015f988360764e67657""]"
cycle_07d201eed1a631642fb4,Care Coordination & Communication,Care Coordination & Communication,1,Insufficient data,,org_27a0d7423324814d,ind_391a563f2610ca68,Teaching Hospital,Toronto Region,2025/26,needs_review,false,outside primary ED analysis scope,false,4,3,false,true,false,true,"[""intervention_42c6748341b11b04e9fb""]"
cycle_07d201eed1a631642fb4,Other,Other,1,Insufficient data,,org_27a0d7423324814d,ind_391a563f2610ca68,Teaching Hospital,Toronto Region,2025/26,needs_review,false,outside primary ED analysis scope,false,4,3,false,true,false,true,"[""intervention_7350d1d19fd90cd5a976""]"
cycle_07d201eed1a631642fb4,Technology & Digital Tools,Technology & Digital Tools,1,Insufficient data,,org_27a0d7423324814d,ind_391a563f2610ca68,Teaching Hospital,Toronto Region,2025/26,needs_review,false,outside primary ED analysis scope,false,4,3,false,true,false,true,"[""intervention_9b16490ce50e500632ef""]"
cycle_07d201eed1a631642fb4,Training & Education,Training & Education,2,Insufficient data,,org_27a0d7423324814d,ind_391a563f2610ca68,Teaching Hospital,Toronto Region,2025/26,needs_review,false,outside primary ED analysis scope,false,4,3,false,true,false,true,"[""intervention_0a3a3b517cddc2925973"",""intervention_b18f3590a728ce372726""]"
cycle_0ae0167f08b7f8f13d91,Other,Other,4,Insufficient data,,org_27a0d7423324814d,ind_48bc9cd67de7e1a5,Teaching Hospital,Toronto Region,2024/25,needs_review,false,outside primary ED analysis scope,false,3,2,false,true,false,true,"[""intervention_454afa8979276943de8f"",""intervention_8f9853c011be88e92a3e"",""intervention_ddb37d94473e616d90af"",""intervention_e64d4ace5c6ef791b3e9""]"
cycle_0ae0167f08b7f8f13d91,Policy / Standardization,Policy / Standardization,1,Insufficient data,,org_27a0d7423324814d,ind_48bc9cd67de7e1a5,Teaching Hospital,Toronto Region,2024/25,needs_review,false,outside primary ED analysis scope,false,3,2,false,true,false,true,"[""intervention_9abbd0d02c223952f02d""]"
cycle_0ae0167f08b7f8f13d91,Training & Education,Training & Education,1,Insufficient data,,org_27a0d7423324814d,ind_48bc9cd67de7e1a5,Teaching Hospital,Toronto Region,2024/25,needs_review,false,outside primary ED analysis scope,false,3,2,false,true,false,true,"[""intervention_43250988535fc24993c2""]"
cycle_35b4a6651a484399c37b,Admission & Transfer Process,Admission & Transfer Process,1,Insufficient data,,org_27a0d7423324814d,ind_4916e83e40e1f980,Teaching Hospital,Toronto Region,2024/25,needs_review,false,outside primary ED analysis scope,false,3,2,false,true,false,true,"[""intervention_75228de72db4dc0c4b4b""]"
cycle_35b4a6651a484399c37b,Discharge & Transition Planning,Discharge & Transition Planning,1,Insufficient data,,org_27a0d7423324814d,ind_4916e83e40e1f980,Teaching Hospital,Toronto Region,2024/25,needs_review,false,outside primary ED analysis scope,false,3,2,false,true,false,true,"[""intervention_dcd36643fae27afe9bb2""]"
cycle_35b4a6651a484399c37b,Other,Other,1,Insufficient data,,org_27a0d7423324814d,ind_4916e83e40e1f980,Teaching Hospital,Toronto Region,2024/25,needs_review,false,outside primary ED analysis scope,false,3,2,false,true,false,true,"[""intervention_d89ef0d40ae244f23aaa""]"
cycle_d3a6913b60d2bb3e1250,Ambulance / EMS Flow,Ambulance / EMS Flow,1,Insufficient data,,org_27a0d7423324814d,ind_4ad3823eb3a77241,Teaching Hospital,Toronto Region,2025/26,needs_review,false,outside primary ED analysis scope,false,2,2,false,true,false,false,"[""intervention_0a2f0de3917f185261af""]"
cycle_d3a6913b60d2bb3e1250,Care Coordination & Communication,Care Coordination & Communication,1,Insufficient data,,org_27a0d7423324814d,ind_4ad3823eb3a77241,Teaching Hospital,Toronto Region,2025/26,needs_review,false,outside primary ED analysis scope,false,2,2,false,true,false,false,"[""intervention_77700cdc9fd28fcab055""]"
cycle_ca760b30840a3fd6ff5b,"Data, Measurement & Dashboards","Data, Measurement & Dashboards",3,Insufficient data,,org_27a0d7423324814d,ind_64b484a88b55d33d,Teaching Hospital,Toronto Region,2024/25,needs_review,false,outside primary ED analysis scope,false,1,1,true,false,true,false,"[""intervention_546608d0e817af3d7d4c"",""intervention_bcbfec74b2be83fb5fbf"",""intervention_c86b48e9262910020619""]"
cycle_f02dc118f140995b34ec,Other,Other,6,Insufficient data,,org_27a0d7423324814d,ind_741b95056ef66a37,Teaching Hospital,Toronto Region,2025/26,needs_review,false,outside primary ED analysis scope,false,3,2,false,true,false,true,"[""intervention_053bfdd18fd6e7fd8bc0"",""intervention_1f5eb54d8f1bae63ff22"",""intervention_3a472aa4a8e8cdbcac68"",""intervention_6d90dc6b38ded52c2cc5"",""intervention_a87f048392a39ca30ad5"",""intervention_af2859c071d0a040a200""]"
cycle_f02dc118f140995b34ec,Policy / Standardization,Policy / Standardization,1,Insufficient data,,org_27a0d7423324814d,ind_741b95056ef66a37,Teaching Hospital,Toronto Region,2025/26,needs_review,false,outside primary ED analysis scope,false,3,2,false,true,false,true,"[""intervention_2d0146be4237ba9c29ea""]"
cycle_f02dc118f140995b34ec,Training & Education,Training & Education,2,Insufficient data,,org_27a0d7423324814d,ind_741b95056ef66a37,Teaching Hospital,Toronto Region,2025/26,needs_review,false,outside primary ED analysis scope,false,3,2,false,true,false,true,"[""intervention_6bf4f61a1486d1a476c0"",""intervention_cba83cd4f16a0d71ba84""]"
cycle_8eceee4b874d610f8dbd,Other,Other,5,Insufficient data,,org_27a0d7423324814d,ind_75d9ff43003faf7a,Teaching Hospital,Toronto Region,2025/26,needs_review,false,outside primary ED analysis scope,false,1,0,true,false,false,true,"[""intervention_3a07cf8733af4337d270"",""intervention_3b7fd93ea983a7b3cc3a"",""intervention_4c39d25e942b943473c7"",""intervention_c903fa0c6e6ea7de7628"",""intervention_e232bb7c33e2780674d4""]"
cycle_7a882eca959a0d61f2a8,Care Coordination & Communication,Care Coordination & Communication,1,Insufficient data,,org_27a0d7423324814d,ind_7dc4d3014e4e345e,Teaching Hospital,Toronto Region,2025/26,needs_review,false,outside primary ED analysis scope,false,4,3,false,true,false,true,"[""intervention_e295795ed2d7065d60b0""]"
cycle_7a882eca959a0d61f2a8,Other,Other,1,Insufficient data,,org_27a0d7423324814d,ind_7dc4d3014e4e345e,Teaching Hospital,Toronto Region,2025/26,needs_review,false,outside primary ED analysis scope,false,4,3,false,true,false,true,"[""intervention_b21f600a0511b363f7d9""]"
cycle_7a882eca959a0d61f2a8,Technology & Digital Tools,Technology & Digital Tools,1,Insufficient data,,org_27a0d7423324814d,ind_7dc4d3014e4e345e,Teaching Hospital,Toronto Region,2025/26,needs_review,false,outside primary ED analysis scope,false,4,3,false,true,false,true,"[""intervention_81cb87d0e5d5f9095f01""]"
cycle_7a882eca959a0d61f2a8,Training & Education,Training & Education,2,Insufficient data,,org_27a0d7423324814d,ind_7dc4d3014e4e345e,Teaching Hospital,Toronto Region,2025/26,needs_review,false,outside primary ED analysis scope,false,4,3,false,true,false,true,"[""intervention_422860c3bf834009dd07"",""intervention_92b460f8609d5198ae74""]"
cycle_7a1436a83a80dc75fdda,Care Coordination & Communication,Care Coordination & Communication,1,Insufficient data,,org_27a0d7423324814d,ind_80c3ede24918636b,Teaching Hospital,Toronto Region,2024/25,needs_review,false,outside primary ED analysis scope,false,3,2,false,true,false,true,"[""intervention_f11f9d442e4aac17c7bc""]"
cycle_7a1436a83a80dc75fdda,"Data, Measurement & Dashboards","Data, Measurement & Dashboards",1,Insufficient data,,org_27a0d7423324814d,ind_80c3ede24918636b,Teaching Hospital,Toronto Region,2024/25,needs_review,false,outside primary ED analysis scope,false,3,2,false,true,false,true,"[""intervention_b0d1a5812e50e80d9b33""]"
cycle_7a1436a83a80dc75fdda,Other,Other,1,Insufficient data,,org_27a0d7423324814d,ind_80c3ede24918636b,Teaching Hospital,Toronto Region,2024/25,needs_review,false,outside primary ED analysis scope,false,3,2,false,true,false,true,"[""intervention_8e18a35da68e30848130""]"
cycle_d2e80d56b730a8b02591,Care Coordination & Communication,Care Coordination & Communication,1,Insufficient data,,org_27a0d7423324814d,ind_96c6a6966906cf59,Teaching Hospital,Toronto Region,2024/25,needs_review,false,outside primary ED analysis scope,false,3,2,false,true,false,true,"[""intervention_aec73a2a1d51fbcfdf6d""]"
cycle_d2e80d56b730a8b02591,"Data, Measurement & Dashboards","Data, Measurement & Dashboards",1,Insufficient data,,org_27a0d7423324814d,ind_96c6a6966906cf59,Teaching Hospital,Toronto Region,2024/25,needs_review,false,outside primary ED analysis scope,false,3,2,false,true,false,true,"[""intervention_22dcabacf45f0f7be67e""]"
cycle_d2e80d56b730a8b02591,Other,Other,2,Insufficient data,,org_27a0d7423324814d,ind_96c6a6966906cf59,Teaching Hospital,Toronto Region,2024/25,needs_review,false,outside primary ED analysis scope,false,3,2,false,true,false,true,"[""intervention_22fccb1ab29376942a44"",""intervention_9ae2d2a294e215a26988""]"
cycle_ae8c0e08aae5eaeb4206,Other,Other,2,Insufficient data,,org_27a0d7423324814d,ind_a3d2d9497986d36b,Teaching Hospital,Toronto Region,2025/26,needs_review,false,outside primary ED analysis scope,false,2,1,false,true,false,true,"[""intervention_794b30fe0d17608b5340"",""intervention_ab93a68dcdaf8b02dca0""]"
cycle_ae8c0e08aae5eaeb4206,Policy / Standardization,Policy / Standardization,1,Insufficient data,,org_27a0d7423324814d,ind_a3d2d9497986d36b,Teaching Hospital,Toronto Region,2025/26,needs_review,false,outside primary ED analysis scope,false,2,1,false,true,false,true,"[""intervention_49177d38840633abfa6d""]"
cycle_3882788d04694287f2ac,Care Coordination & Communication,Care Coordination & Communication,2,Insufficient data,,org_27a0d7423324814d,ind_ae6db906e72ae889,Teaching Hospital,Toronto Region,2025/26,needs_review,false,outside primary ED analysis scope,false,1,1,true,false,true,false,"[""intervention_1f773b5db6cc7098ea7c"",""intervention_b51e971461cce894d06b""]"
cycle_c11d382f730bc36f3233,Care Coordination & Communication,Care Coordination & Communication,1,Insufficient data,,org_27a0d7423324814d,ind_c1d6c13aa4428ba1,Teaching Hospital,Toronto Region,2024/25,needs_review,false,outside primary ED analysis scope,false,3,2,false,true,false,true,"[""intervention_97675aec1e9975fa0f84""]"
cycle_c11d382f730bc36f3233,"Data, Measurement & Dashboards","Data, Measurement & Dashboards",1,Insufficient data,,org_27a0d7423324814d,ind_c1d6c13aa4428ba1,Teaching Hospital,Toronto Region,2024/25,needs_review,false,outside primary ED analysis scope,false,3,2,false,true,false,true,"[""intervention_29c620562225cc9bb167""]"
cycle_c11d382f730bc36f3233,Other,Other,2,Insufficient data,,org_27a0d7423324814d,ind_c1d6c13aa4428ba1,Teaching Hospital,Toronto Region,2024/25,needs_review,false,outside primary ED analysis scope,false,3,2,false,true,false,true,"[""intervention_3aac9297b208a813f3b4"",""intervention_ee04f8d00ae1cbf4da03""]"
cycle_badd1bd51c0f5748f672,Emergency Department Workflow,Emergency Department Workflow,2,Insufficient data,,org_27a0d7423324814d,ind_c4f0fdf7b4140b65,Teaching Hospital,Toronto Region,2025/26,needs_review,false,outside primary ED analysis scope,false,3,2,false,true,false,true,"[""intervention_0c19e60db71e9fc7fbac"",""intervention_ca49e3c2da1d29b4000c""]"
cycle_badd1bd51c0f5748f672,Other,Other,2,Insufficient data,,org_27a0d7423324814d,ind_c4f0fdf7b4140b65,Teaching Hospital,Toronto Region,2025/26,needs_review,false,outside primary ED analysis scope,false,3,2,false,true,false,true,"[""intervention_796f064e41ebc319fab3"",""intervention_9f0a593dd8399257ce41""]"
cycle_badd1bd51c0f5748f672,Staffing & Scheduling,Staffing & Scheduling,1,Insufficient data,,org_27a0d7423324814d,ind_c4f0fdf7b4140b65,Teaching Hospital,Toronto Region,2025/26,needs_review,false,outside primary ED analysis scope,false,3,2,false,true,false,true,"[""intervention_850b1c182d9321a44465""]"
cycle_1ad4d35536eb05825988,"Data, Measurement & Dashboards","Data, Measurement & Dashboards",3,Insufficient data,,org_27a0d7423324814d,ind_ca57b714d80ea0b9,Teaching Hospital,Toronto Region,2025/26,needs_review,false,outside primary ED analysis scope,false,1,1,true,false,true,false,"[""intervention_784aba5367042b661d5d"",""intervention_afb8dfcc51cfa16a47a8"",""intervention_b68eee875a99a111d9d4""]"
cycle_db04739fc88c7f87cf27,Bed & Capacity Management,Bed & Capacity Management,1,Insufficient data,,org_27a0d7423324814d,ind_cc5a6b82eb4eb2bf,Teaching Hospital,Toronto Region,2025/26,needs_review,false,outside primary ED analysis scope,false,5,4,false,true,false,true,"[""intervention_00dcdca1f1950846e642""]"
cycle_db04739fc88c7f87cf27,Discharge & Transition Planning,Discharge & Transition Planning,1,Insufficient data,,org_27a0d7423324814d,ind_cc5a6b82eb4eb2bf,Teaching Hospital,Toronto Region,2025/26,needs_review,false,outside primary ED analysis scope,false,5,4,false,true,false,true,"[""intervention_8a788c93709a6b8278d6""]"
cycle_db04739fc88c7f87cf27,Other,Other,1,Insufficient data,,org_27a0d7423324814d,ind_cc5a6b82eb4eb2bf,Teaching Hospital,Toronto Region,2025/26,needs_review,false,outside primary ED analysis scope,false,5,4,false,true,false,true,"[""intervention_94ca655e808487356e8a""]"
cycle_db04739fc88c7f87cf27,Policy / Standardization,Policy / Standardization,1,Insufficient data,,org_27a0d7423324814d,ind_cc5a6b82eb4eb2bf,Teaching Hospital,Toronto Region,2025/26,needs_review,false,outside primary ED analysis scope,false,5,4,false,true,false,true,"[""intervention_d6a69c8890d06465b669""]"
cycle_db04739fc88c7f87cf27,Staffing & Scheduling,Staffing & Scheduling,1,Insufficient data,,org_27a0d7423324814d,ind_cc5a6b82eb4eb2bf,Teaching Hospital,Toronto Region,2025/26,needs_review,false,outside primary ED analysis scope,false,5,4,false,true,false,true,"[""intervention_2cd11c7a12f8bbb757f0""]"
cycle_759af996daba1deef196,Care Coordination & Communication,Care Coordination & Communication,1,Insufficient data,,org_27a0d7423324814d,ind_cceac5df41c32e07,Teaching Hospital,Toronto Region,2024/25,needs_review,false,outside primary ED analysis scope,false,3,3,false,true,false,false,"[""intervention_5943428752974e3d3898""]"
cycle_759af996daba1deef196,Policy / Standardization,Policy / Standardization,1,Insufficient data,,org_27a0d7423324814d,ind_cceac5df41c32e07,Teaching Hospital,Toronto Region,2024/25,needs_review,false,outside primary ED analysis scope,false,3,3,false,true,false,false,"[""intervention_b02460b6d62911e0008f""]"
cycle_759af996daba1deef196,Training & Education,Training & Education,1,Insufficient data,,org_27a0d7423324814d,ind_cceac5df41c32e07,Teaching Hospital,Toronto Region,2024/25,needs_review,false,outside primary ED analysis scope,false,3,3,false,true,false,false,"[""intervention_4eaa15a9eabef696939e""]"
cycle_0c6263511c305b27fe0e,Care Coordination & Communication,Care Coordination & Communication,2,Insufficient data,,org_27a0d7423324814d,ind_eb321ae154e936a7,Teaching Hospital,Toronto Region,2025/26,needs_review,false,outside primary ED analysis scope,false,1,1,true,false,true,false,"[""intervention_077982ac9ae51de316d5"",""intervention_d0a27d53ec710ee9b054""]"
cycle_743f48ae0b999ca50de1,Other,Other,5,Insufficient data,,org_27a0d7423324814d,ind_f18aab9c6e6f9f78,Teaching Hospital,Toronto Region,2025/26,needs_review,false,outside primary ED analysis scope,false,1,0,true,false,false,true,"[""intervention_1c423c027b22c9fb4ca3"",""intervention_2862dec95bde2f364d64"",""intervention_6035d4e9f39b94ded737"",""intervention_9b84d8b5c7b9890ab2bd"",""intervention_ad2c9f0bbf1eea941c29""]"
cycle_c429a0efe9a4243d344f,Other,Other,1,Insufficient data,,org_27a0d7423324814d,ind_fc8c1b7274eab62c,Teaching Hospital,Toronto Region,2024/25,needs_review,false,outside primary ED analysis scope,false,1,0,true,false,false,true,"[""intervention_2607e968fe2f568c71af""]"
cycle_bd5ea8d3fedd13e3fc43,Other,Other,5,Insufficient data,,org_27a0d7423324814d,ind_fd176af7500069fa,Teaching Hospital,Toronto Region,2025/26,needs_review,false,outside primary ED analysis scope,false,1,0,true,false,false,true,"[""intervention_06fa6309ee16341fce5b"",""intervention_2bd78bf76eb38fda2603"",""intervention_69eb0781beb2cfa385a4"",""intervention_ad5b018f0e39cc5d8993"",""intervention_da99150bfcc51ad2be56""]"
cycle_cfc6cc1c7e223b24fead,Care Coordination & Communication,Care Coordination & Communication,1,Insufficient data,,org_2b5536d6945d6d97,ind_41e2d3181d706fd7,Small Hospital,North East Region,2025/26,needs_review,false,outside primary ED analysis scope,false,3,2,false,true,false,true,"[""intervention_50d362363f05749de5a5""]"
cycle_cfc6cc1c7e223b24fead,"Data, Measurement & Dashboards","Data, Measurement & Dashboards",1,Insufficient data,,org_2b5536d6945d6d97,ind_41e2d3181d706fd7,Small Hospital,North East Region,2025/26,needs_review,false,outside primary ED analysis scope,false,3,2,false,true,false,true,"[""intervention_d6701a8d909aef5449c4""]"
cycle_cfc6cc1c7e223b24fead,Other,Other,1,Insufficient data,,org_2b5536d6945d6d97,ind_41e2d3181d706fd7,Small Hospital,North East Region,2025/26,needs_review,false,outside primary ED analysis scope,false,3,2,false,true,false,true,"[""intervention_99391dafe5c02bdb2716""]"
cycle_c25889d5bef9cb82a725,Care Coordination & Communication,Care Coordination & Communication,1,Insufficient data,,org_2b5536d6945d6d97,ind_4758886b490b3eb8,Small Hospital,North East Region,2025/26,needs_review,false,outside primary ED analysis scope,false,3,2,false,true,false,true,"[""intervention_4e878cdfbbc2eb3de803""]"
cycle_c25889d5bef9cb82a725,Other,Other,1,Insufficient data,,org_2b5536d6945d6d97,ind_4758886b490b3eb8,Small Hospital,North East Region,2025/26,needs_review,false,outside primary ED analysis scope,false,3,2,false,true,false,true,"[""intervention_a7a6f2a04ff861f060e4""]"
cycle_c25889d5bef9cb82a725,Training & Education,Training & Education,1,Insufficient data,,org_2b5536d6945d6d97,ind_4758886b490b3eb8,Small Hospital,North East Region,2025/26,needs_review,false,outside primary ED analysis scope,false,3,2,false,true,false,true,"[""intervention_3ca637b1ac3be3c51581""]"
cycle_9aa3d5c5bc2f446bd198,"Data, Measurement & Dashboards","Data, Measurement & Dashboards",1,Insufficient data,,org_2db7f90ca34301e6,ind_0646035afd9bba7c,Large Community Hospital,West Region,2024/25,excluded,false,outside primary ED analysis scope,false,2,1,false,true,false,true,"[""intervention_feaab05d5aa6c705727b""]"
cycle_9aa3d5c5bc2f446bd198,Other,Other,1,Insufficient data,,org_2db7f90ca34301e6,ind_0646035afd9bba7c,Large Community Hospital,West Region,2024/25,excluded,false,outside primary ED analysis scope,false,2,1,false,true,false,true,"[""intervention_1418d5e35f5025569534""]"
cycle_d0d751f63a23f34bdfa2,Admission & Transfer Process,Admission & Transfer Process,1,Insufficient data,,org_2db7f90ca34301e6,ind_06590f50f65eac7e,Large Community Hospital,West Region,2024/25,included,false,insufficient first-cycle ED longitudinal coverage,false,2,2,false,true,false,false,"[""intervention_7fbac192845e3393e63f""]"
cycle_d0d751f63a23f34bdfa2,Staffing & Scheduling,Staffing & Scheduling,2,Insufficient data,,org_2db7f90ca34301e6,ind_06590f50f65eac7e,Large Community Hospital,West Region,2024/25,included,false,insufficient first-cycle ED longitudinal coverage,false,2,2,false,true,false,false,"[""intervention_a2bec47a20ebb5eaa344"",""intervention_dbd53528e594ad215cfb""]"
cycle_1334ab094ab24da7253f,"Data, Measurement & Dashboards","Data, Measurement & Dashboards",1,Insufficient data,,org_2db7f90ca34301e6,ind_37478f8fb5db2bb6,Large Community Hospital,West Region,2024/25,excluded,false,outside primary ED analysis scope,false,2,2,false,true,false,false,"[""intervention_47456db140a51d778c00""]"
cycle_1334ab094ab24da7253f,Training & Education,Training & Education,1,Insufficient data,,org_2db7f90ca34301e6,ind_37478f8fb5db2bb6,Large Community Hospital,West Region,2024/25,excluded,false,outside primary ED analysis scope,false,2,2,false,true,false,false,"[""intervention_b671bf1740cbbc1c3104""]"
cycle_ae86ac5dbedb5b02b3d4,Care Coordination & Communication,Care Coordination & Communication,1,Insufficient data,,org_2db7f90ca34301e6,ind_37478f8fb5db2bb6,Large Community Hospital,West Region,2025/26,excluded,false,outside primary ED analysis scope,false,2,2,false,true,false,false,"[""intervention_4a7bd0c5a915e2f7ee54""]"
cycle_ae86ac5dbedb5b02b3d4,Safety & Risk Prevention,Safety & Risk Prevention,2,Insufficient data,,org_2db7f90ca34301e6,ind_37478f8fb5db2bb6,Large Community Hospital,West Region,2025/26,excluded,false,outside primary ED analysis scope,false,2,2,false,true,false,false,"[""intervention_19a89851738a9a285774"",""intervention_98cf0ae93d867c882547""]"
cycle_a15b9862bafa93f2dcfd,Discharge & Transition Planning,Discharge & Transition Planning,1,Insufficient data,,org_2db7f90ca34301e6,ind_3fdbfa1beb8cd349,Large Community Hospital,West Region,2024/25,needs_review,false,outside primary ED analysis scope,false,3,3,false,true,false,false,"[""intervention_62cd88859d2bafbb761c""]"
cycle_a15b9862bafa93f2dcfd,Patient Streaming / Triage,Patient Streaming / Triage,1,Insufficient data,,org_2db7f90ca34301e6,ind_3fdbfa1beb8cd349,Large Community Hospital,West Region,2024/25,needs_review,false,outside primary ED analysis scope,false,3,3,false,true,false,false,"[""intervention_2faa7caf8e232ff9f66c""]"
cycle_a15b9862bafa93f2dcfd,Staffing & Scheduling,Staffing & Scheduling,1,Insufficient data,,org_2db7f90ca34301e6,ind_3fdbfa1beb8cd349,Large Community Hospital,West Region,2024/25,needs_review,false,outside primary ED analysis scope,false,3,3,false,true,false,false,"[""intervention_26ea6bb93edb80e2248f""]"
cycle_71865c88847a52bd26cc,Training & Education,Training & Education,1,Insufficient data,,org_2db7f90ca34301e6,ind_5314e24f5f6e6912,Large Community Hospital,West Region,2024/25,excluded,false,outside primary ED analysis scope,false,1,1,true,false,true,false,"[""intervention_818e67dd1e66154463b9""]"
cycle_e513bdbd07a11ff65a5c,Other,Other,2,Insufficient data,,org_2db7f90ca34301e6,ind_5314e24f5f6e6912,Large Community Hospital,West Region,2025/26,excluded,false,outside primary ED analysis scope,false,3,2,false,true,false,true,"[""intervention_1d4d83a7c1715c36971f"",""intervention_9750cbadce2e37ff5648""]"
cycle_e513bdbd07a11ff65a5c,Policy / Standardization,Policy / Standardization,1,Insufficient data,,org_2db7f90ca34301e6,ind_5314e24f5f6e6912,Large Community Hospital,West Region,2025/26,excluded,false,outside primary ED analysis scope,false,3,2,false,true,false,true,"[""intervention_25e27780c574d64951f3""]"
cycle_e513bdbd07a11ff65a5c,Training & Education,Training & Education,4,Insufficient data,,org_2db7f90ca34301e6,ind_5314e24f5f6e6912,Large Community Hospital,West Region,2025/26,excluded,false,outside primary ED analysis scope,false,3,2,false,true,false,true,"[""intervention_56a1bfebc1af444f2e1e"",""intervention_60cc38487ec5607142f0"",""intervention_64109b272e4b528b4338"",""intervention_96d6f06ec21b3fc666da""]"
cycle_5fc2d4dc8507edbffbf7,Admission & Transfer Process,Admission & Transfer Process,1,Insufficient data,,org_2db7f90ca34301e6,ind_5b2e1352e31909e8,Large Community Hospital,West Region,2025/26,included,false,reporting_period_unverified,false,2,1,false,true,false,true,"[""intervention_871e977dfa61caf7f25c""]"
cycle_5fc2d4dc8507edbffbf7,Other,Other,1,Insufficient data,,org_2db7f90ca34301e6,ind_5b2e1352e31909e8,Large Community Hospital,West Region,2025/26,included,false,reporting_period_unverified,false,2,1,false,true,false,true,"[""intervention_fe37b1d18ecf920872fd""]"
cycle_3950fabaa0407459d232,Discharge & Transition Planning,Discharge & Transition Planning,1,Insufficient data,,org_2db7f90ca34301e6,ind_67ee717abbe20a1b,Large Community Hospital,West Region,2024/25,excluded,false,outside primary ED analysis scope,false,2,1,false,true,false,true,"[""intervention_4e06eac44c07a35aa31b""]"
cycle_3950fabaa0407459d232,Other,Other,1,Insufficient data,,org_2db7f90ca34301e6,ind_67ee717abbe20a1b,Large Community Hospital,West Region,2024/25,excluded,false,outside primary ED analysis scope,false,2,1,false,true,false,true,"[""intervention_8e3fbaf0ec878567349c""]"
cycle_ec2d0a5e5ed9b0042ba8,Discharge & Transition Planning,Discharge & Transition Planning,2,Insufficient data,,org_2db7f90ca34301e6,ind_67ee717abbe20a1b,Large Community Hospital,West Region,2025/26,excluded,false,outside primary ED analysis scope,false,1,1,true,false,true,false,"[""intervention_54c9acc3c5cfac49c12a"",""intervention_dd9b5fd8a90f04d0d025""]"
cycle_f44b0bbcc23a493d932d,Other,Other,2,Insufficient data,,org_2db7f90ca34301e6,ind_a8f6cca5fe8befdf,Large Community Hospital,West Region,2025/26,excluded,false,outside primary ED analysis scope,false,2,1,false,true,false,true,"[""intervention_70dbe911a5d0065b9afe"",""intervention_8700cdd3a3ca751b7b1a""]"
cycle_f44b0bbcc23a493d932d,Policy / Standardization,Policy / Standardization,2,Insufficient data,,org_2db7f90ca34301e6,ind_a8f6cca5fe8befdf,Large Community Hospital,West Region,2025/26,excluded,false,outside primary ED analysis scope,false,2,1,false,true,false,true,"[""intervention_9f832051f97c3278eb34"",""intervention_dc5890005f9e5717f145""]"
cycle_4dd9d4a3f13b2d4b5a78,Care Coordination & Communication,Care Coordination & Communication,1,Insufficient data,,org_2db7f90ca34301e6,ind_e7cd9b5804f1c518,Large Community Hospital,West Region,2025/26,included,false,reporting_period_unverified,false,2,1,false,true,false,true,"[""intervention_a0b44d19310ae2bd7766""]"
cycle_4dd9d4a3f13b2d4b5a78,Other,Other,4,Insufficient data,,org_2db7f90ca34301e6,ind_e7cd9b5804f1c518,Large Community Hospital,West Region,2025/26,included,false,reporting_period_unverified,false,2,1,false,true,false,true,"[""intervention_5996e0b38ede22b2a3c2"",""intervention_85f63b321b8732e917c8"",""intervention_86f284298b2f0af3e71a"",""intervention_cbad0331380b7e45531d""]"
cycle_195072d1eaa82d15dae5,Ambulance / EMS Flow,Ambulance / EMS Flow,1,Insufficient data,,org_2db7f90ca34301e6,ind_ee70b593aad3e4f6,Large Community Hospital,West Region,2025/26,included,false,reporting_period_unverified,false,3,3,false,true,false,false,"[""intervention_11172460d9f21eef3e1e""]"
cycle_195072d1eaa82d15dae5,Patient Streaming / Triage,Patient Streaming / Triage,2,Insufficient data,,org_2db7f90ca34301e6,ind_ee70b593aad3e4f6,Large Community Hospital,West Region,2025/26,included,false,reporting_period_unverified,false,3,3,false,true,false,false,"[""intervention_0c699469672df27fa2e3"",""intervention_1158bd483a91e494b2ab""]"
cycle_195072d1eaa82d15dae5,Training & Education,Training & Education,1,Insufficient data,,org_2db7f90ca34301e6,ind_ee70b593aad3e4f6,Large Community Hospital,West Region,2025/26,included,false,reporting_period_unverified,false,3,3,false,true,false,false,"[""intervention_93a77645c19ff21ca4c2""]"
cycle_f9e64b3f77122489f08f,Admission & Transfer Process,Admission & Transfer Process,1,Insufficient data,,org_2db7f90ca34301e6,ind_ef4a9573ead4ee92,Large Community Hospital,West Region,2024/25,included,false,insufficient first-cycle ED longitudinal coverage,false,3,2,false,true,false,true,"[""intervention_76c2561ddd3b98e2b826""]"
cycle_f9e64b3f77122489f08f,Care Coordination & Communication,Care Coordination & Communication,1,Insufficient data,,org_2db7f90ca34301e6,ind_ef4a9573ead4ee92,Large Community Hospital,West Region,2024/25,included,false,insufficient first-cycle ED longitudinal coverage,false,3,2,false,true,false,true,"[""intervention_4b9890f7e96996fa5bd7""]"
cycle_f9e64b3f77122489f08f,Other,Other,1,Insufficient data,,org_2db7f90ca34301e6,ind_ef4a9573ead4ee92,Large Community Hospital,West Region,2024/25,included,false,insufficient first-cycle ED longitudinal coverage,false,3,2,false,true,false,true,"[""intervention_907c04952639f9ab2c23""]"
cycle_4216744974fff5f7d63b,Discharge & Transition Planning,Discharge & Transition Planning,1,Insufficient data,,org_2db7f90ca34301e6,ind_ef4a9573ead4ee92,Large Community Hospital,West Region,2025/26,included,false,unit_unverified; population_unverified; reporting_period_unverified; historical_match_unavailable_or_ambiguous,false,3,2,false,true,false,true,"[""intervention_c6652d292ee163609076""]"
cycle_4216744974fff5f7d63b,Other,Other,4,Insufficient data,,org_2db7f90ca34301e6,ind_ef4a9573ead4ee92,Large Community Hospital,West Region,2025/26,included,false,unit_unverified; population_unverified; reporting_period_unverified; historical_match_unavailable_or_ambiguous,false,3,2,false,true,false,true,"[""intervention_14029705c751dc390147"",""intervention_784d5daec888749f04cb"",""intervention_d85fe7201bf66c7b84c2"",""intervention_fe79a370672c30c9a37a""]"
cycle_4216744974fff5f7d63b,Staffing & Scheduling,Staffing & Scheduling,2,Insufficient data,,org_2db7f90ca34301e6,ind_ef4a9573ead4ee92,Large Community Hospital,West Region,2025/26,included,false,unit_unverified; population_unverified; reporting_period_unverified; historical_match_unavailable_or_ambiguous,false,3,2,false,true,false,true,"[""intervention_1f7b647b67df2008401f"",""intervention_ffdcbd5e191c3fe5c705""]"
cycle_06c5f374db2440bc2b2a,Discharge & Transition Planning,Discharge & Transition Planning,2,Insufficient data,,org_2e8f27e53bab0301,ind_1404934a6bc58ae7,Large Community Hospital,Central Region,2025/26,needs_review,false,outside primary ED analysis scope,false,3,2,false,true,false,true,"[""intervention_0d4fa8a157b46c331fcc"",""intervention_29d303720d43c7b29572""]"
cycle_06c5f374db2440bc2b2a,Other,Other,2,Insufficient data,,org_2e8f27e53bab0301,ind_1404934a6bc58ae7,Large Community Hospital,Central Region,2025/26,needs_review,false,outside primary ED analysis scope,false,3,2,false,true,false,true,"[""intervention_4429fe3f0cd7ca5fb106"",""intervention_68c67f0f05a0d4547848""]"
cycle_06c5f374db2440bc2b2a,Safety & Risk Prevention,Safety & Risk Prevention,1,Insufficient data,,org_2e8f27e53bab0301,ind_1404934a6bc58ae7,Large Community Hospital,Central Region,2025/26,needs_review,false,outside primary ED analysis scope,false,3,2,false,true,false,true,"[""intervention_43395e2b4fd6a1c911e2""]"
cycle_c15226a252cf63dcb138,Other,Other,4,Insufficient data,,org_2e8f27e53bab0301,ind_18d8405143674115,Large Community Hospital,Central Region,2024/25,needs_review,false,outside primary ED analysis scope,false,1,0,true,false,false,true,"[""intervention_36a462e906b9930c2621"",""intervention_6b01b8865ba904b357f1"",""intervention_b14fb9457b655eca96eb"",""intervention_fe499d3ce4353257d4ab""]"
cycle_12e837ead568072db97f,Care Coordination & Communication,Care Coordination & Communication,1,Insufficient data,,org_2e8f27e53bab0301,ind_472d1354fa59548b,Large Community Hospital,Central Region,2024/25,needs_review,false,outside primary ED analysis scope,false,2,2,false,true,false,false,"[""intervention_d446eaaf313f5921d05c""]"
cycle_12e837ead568072db97f,Training & Education,Training & Education,2,Insufficient data,,org_2e8f27e53bab0301,ind_472d1354fa59548b,Large Community Hospital,Central Region,2024/25,needs_review,false,outside primary ED analysis scope,false,2,2,false,true,false,false,"[""intervention_1b58f13c9d56df1ff213"",""intervention_8c377b1b1e9bd48c91f8""]"
cycle_ae411f4eb52c0a9a8ae2,"Data, Measurement & Dashboards","Data, Measurement & Dashboards",1,Insufficient data,,org_2e8f27e53bab0301,ind_6dca743b7e987f53,Large Community Hospital,Central Region,2025/26,needs_review,false,outside primary ED analysis scope,false,4,3,false,true,false,true,"[""intervention_237dd9a4a200242abe63""]"
cycle_ae411f4eb52c0a9a8ae2,Other,Other,1,Insufficient data,,org_2e8f27e53bab0301,ind_6dca743b7e987f53,Large Community Hospital,Central Region,2025/26,needs_review,false,outside primary ED analysis scope,false,4,3,false,true,false,true,"[""intervention_f53d62fe7c8d7a06018d""]"
cycle_ae411f4eb52c0a9a8ae2,Policy / Standardization,Policy / Standardization,1,Insufficient data,,org_2e8f27e53bab0301,ind_6dca743b7e987f53,Large Community Hospital,Central Region,2025/26,needs_review,false,outside primary ED analysis scope,false,4,3,false,true,false,true,"[""intervention_2f6dae3b30e93b3b8665""]"
cycle_ae411f4eb52c0a9a8ae2,Training & Education,Training & Education,1,Insufficient data,,org_2e8f27e53bab0301,ind_6dca743b7e987f53,Large Community Hospital,Central Region,2025/26,needs_review,false,outside primary ED analysis scope,false,4,3,false,true,false,true,"[""intervention_be70c13a5b816f6b368c""]"
cycle_63c0e0d2cb22ff6a8a29,"Data, Measurement & Dashboards","Data, Measurement & Dashboards",1,Insufficient data,,org_2e8f27e53bab0301,ind_7c328525e5eba5cf,Large Community Hospital,Central Region,2024/25,needs_review,false,outside primary ED analysis scope,false,3,2,false,true,false,true,"[""intervention_62ce4a8c4cf2541f4cb4""]"
cycle_63c0e0d2cb22ff6a8a29,Other,Other,2,Insufficient data,,org_2e8f27e53bab0301,ind_7c328525e5eba5cf,Large Community Hospital,Central Region,2024/25,needs_review,false,outside primary ED analysis scope,false,3,2,false,true,false,true,"[""intervention_6a5de37ad4cbc536d32a"",""intervention_939fd49fe619efb77c33""]"
cycle_63c0e0d2cb22ff6a8a29,Training & Education,Training & Education,1,Insufficient data,,org_2e8f27e53bab0301,ind_7c328525e5eba5cf,Large Community Hospital,Central Region,2024/25,needs_review,false,outside primary ED analysis scope,false,3,2,false,true,false,true,"[""intervention_aebb533dcb247d9c9710""]"
cycle_5b6f0b8f955a54053d32,Care Coordination & Communication,Care Coordination & Communication,1,Insufficient data,,org_2e8f27e53bab0301,ind_907029c2d837a06d,Large Community Hospital,Central Region,2025/26,needs_review,false,outside primary ED analysis scope,false,2,1,false,true,false,true,"[""intervention_1089a65d950657e0d306""]"
cycle_5b6f0b8f955a54053d32,Other,Other,3,Insufficient data,,org_2e8f27e53bab0301,ind_907029c2d837a06d,Large Community Hospital,Central Region,2025/26,needs_review,false,outside primary ED analysis scope,false,2,1,false,true,false,true,"[""intervention_6d1aaae97e1999950153"",""intervention_9a914dc7c2a1c262150a"",""intervention_b8b96a2bf23c85430530""]"
cycle_36deeeb6931e7ff7554d,"Data, Measurement & Dashboards","Data, Measurement & Dashboards",1,Insufficient data,,org_2e8f27e53bab0301,ind_cd57992e4ca687e8,Large Community Hospital,Central Region,2024/25,needs_review,false,outside primary ED analysis scope,false,4,3,false,true,false,true,"[""intervention_f60d0e6a85fc028af8a9""]"
cycle_36deeeb6931e7ff7554d,Discharge & Transition Planning,Discharge & Transition Planning,1,Insufficient data,,org_2e8f27e53bab0301,ind_cd57992e4ca687e8,Large Community Hospital,Central Region,2024/25,needs_review,false,outside primary ED analysis scope,false,4,3,false,true,false,true,"[""intervention_1aef04ced4957c2ca391""]"
cycle_36deeeb6931e7ff7554d,Other,Other,1,Insufficient data,,org_2e8f27e53bab0301,ind_cd57992e4ca687e8,Large Community Hospital,Central Region,2024/25,needs_review,false,outside primary ED analysis scope,false,4,3,false,true,false,true,"[""intervention_6fe015ee67337bd4cb3e""]"
cycle_36deeeb6931e7ff7554d,Safety & Risk Prevention,Safety & Risk Prevention,1,Insufficient data,,org_2e8f27e53bab0301,ind_cd57992e4ca687e8,Large Community Hospital,Central Region,2024/25,needs_review,false,outside primary ED analysis scope,false,4,3,false,true,false,true,"[""intervention_23caf44b46f5973d2461""]"
cycle_4f098315b62c6c161ee0,Admission & Transfer Process,Admission & Transfer Process,1,Insufficient data,,org_2e8f27e53bab0301,ind_d174d755cbe86602,Large Community Hospital,Central Region,2024/25,needs_review,false,outside primary ED analysis scope,false,3,2,false,true,false,true,"[""intervention_c47d4cd64ec673e5a910""]"
cycle_4f098315b62c6c161ee0,Other,Other,2,Insufficient data,,org_2e8f27e53bab0301,ind_d174d755cbe86602,Large Community Hospital,Central Region,2024/25,needs_review,false,outside primary ED analysis scope,false,3,2,false,true,false,true,"[""intervention_29b9cb45b5afa65655f1"",""intervention_f61328dcf004c78127e3""]"
cycle_4f098315b62c6c161ee0,Policy / Standardization,Policy / Standardization,1,Insufficient data,,org_2e8f27e53bab0301,ind_d174d755cbe86602,Large Community Hospital,Central Region,2024/25,needs_review,false,outside primary ED analysis scope,false,3,2,false,true,false,true,"[""intervention_8aa37fb86073b2a3d00a""]"
cycle_55232bb4b4f66450f4b0,Training & Education,Training & Education,2,Insufficient data,,org_2e8f27e53bab0301,ind_ecace67bab1d6119,Large Community Hospital,Central Region,2025/26,needs_review,false,outside primary ED analysis scope,false,1,1,true,false,true,false,"[""intervention_3a7bc175eb0b4507f122"",""intervention_74686816da685dd15e46""]"
cycle_26e977802dc16717fbc6,Ambulance / EMS Flow,Ambulance / EMS Flow,2,Insufficient data,,org_2e8f27e53bab0301,ind_ee70b593aad3e4f6,Large Community Hospital,Central Region,2025/26,included,false,reporting_period_unverified,false,3,2,false,true,false,true,"[""intervention_795cd47f6bb714c879e3"",""intervention_b01cace21636d6733748""]"
cycle_26e977802dc16717fbc6,Discharge & Transition Planning,Discharge & Transition Planning,1,Insufficient data,,org_2e8f27e53bab0301,ind_ee70b593aad3e4f6,Large Community Hospital,Central Region,2025/26,included,false,reporting_period_unverified,false,3,2,false,true,false,true,"[""intervention_7bcde30a8800bc750189""]"
cycle_26e977802dc16717fbc6,Other,Other,1,Insufficient data,,org_2e8f27e53bab0301,ind_ee70b593aad3e4f6,Large Community Hospital,Central Region,2025/26,included,false,reporting_period_unverified,false,3,2,false,true,false,true,"[""intervention_3c69e5c8463e2cb64186""]"
cycle_825578d3d0dfa6858cd8,Training & Education,Training & Education,1,Insufficient data,,org_2fb65ae50f1d4b05,ind_03d0085835fa067f,Large Community Hospital,East Region,2025/26,needs_review,false,outside primary ED analysis scope,false,1,1,true,false,true,false,"[""intervention_b70847163eec7273f0f5""]"
cycle_fe81bf4d9d7bfb7bdf16,Other,Other,1,Insufficient data,,org_2fb65ae50f1d4b05,ind_06590f50f65eac7e,Large Community Hospital,East Region,2024/25,included,false,insufficient first-cycle ED longitudinal coverage,false,1,0,true,false,false,true,"[""intervention_5d1aa300d26c91af94f5""]"
cycle_1d174218f01d8a040d4e,Training & Education,Training & Education,1,Insufficient data,,org_2fb65ae50f1d4b05,ind_37478f8fb5db2bb6,Large Community Hospital,East Region,2024/25,excluded,false,outside primary ED analysis scope,false,1,1,true,false,true,false,"[""intervention_71f19df8e8bf46aebc20""]"
cycle_a119b9aa91b14349280d,Training & Education,Training & Education,1,Insufficient data,,org_2fb65ae50f1d4b05,ind_5314e24f5f6e6912,Large Community Hospital,East Region,2024/25,excluded,false,outside primary ED analysis scope,false,1,1,true,false,true,false,"[""intervention_177b41dd49c36415d26b""]"
cycle_44b82dc3c25f0e02e748,Other,Other,1,Insufficient data,,org_2fb65ae50f1d4b05,ind_5b7acc66adc8a190,Large Community Hospital,East Region,2025/26,needs_review,false,outside primary ED analysis scope,false,1,0,true,false,false,true,"[""intervention_0b5d307ab78765ffc271""]"
cycle_655137aa255830a69e71,"Data, Measurement & Dashboards","Data, Measurement & Dashboards",1,Insufficient data,,org_2fb65ae50f1d4b05,ind_67ee717abbe20a1b,Large Community Hospital,East Region,2024/25,excluded,false,outside primary ED analysis scope,false,1,1,true,false,true,false,"[""intervention_f6091b87653088e0b44a""]"
cycle_552b754ae1ceb934c149,Other,Other,1,Insufficient data,,org_2fb65ae50f1d4b05,ind_67ee717abbe20a1b,Large Community Hospital,East Region,2025/26,excluded,false,outside primary ED analysis scope,false,1,0,true,false,false,true,"[""intervention_3726ca2f40d4585d93e3""]"
cycle_97674f352bbd2ea22b11,Discharge & Transition Planning,Discharge & Transition Planning,1,Insufficient data,,org_2fb65ae50f1d4b05,ind_a26d16f4eb1c2e22,Large Community Hospital,East Region,2025/26,needs_review,false,outside primary ED analysis scope,false,1,1,true,false,true,false,"[""intervention_24620a135fa7eb1155f0""]"
cycle_18d12f93069a3be85df3,Admission & Transfer Process,Admission & Transfer Process,1,Insufficient data,,org_30500a37c4de535c,ind_0646035afd9bba7c,Large Community Hospital,Central Region,2024/25,excluded,false,outside primary ED analysis scope,false,2,2,false,true,false,false,"[""intervention_bc7cf13d8c8cf3f2cbdc""]"
cycle_18d12f93069a3be85df3,Discharge & Transition Planning,Discharge & Transition Planning,1,Insufficient data,,org_30500a37c4de535c,ind_0646035afd9bba7c,Large Community Hospital,Central Region,2024/25,excluded,false,outside primary ED analysis scope,false,2,2,false,true,false,false,"[""intervention_0e7cc8e899fec18a75d5""]"
cycle_ec6dfbf0b3e0bb7bf219,Admission & Transfer Process,Admission & Transfer Process,1,Insufficient data,,org_30500a37c4de535c,ind_49cc4690adbbd669,Large Community Hospital,Central Region,2024/25,needs_review,false,outside primary ED analysis scope,false,2,1,false,true,false,true,"[""intervention_776dab8f492b3f2f13dc""]"
cycle_ec6dfbf0b3e0bb7bf219,Other,Other,1,Insufficient data,,org_30500a37c4de535c,ind_49cc4690adbbd669,Large Community Hospital,Central Region,2024/25,needs_review,false,outside primary ED analysis scope,false,2,1,false,true,false,true,"[""intervention_05920f38a5c2dcc14e57""]"
cycle_30729a2431a28009d4ad,Training & Education,Training & Education,1,Insufficient data,,org_30500a37c4de535c,ind_5314e24f5f6e6912,Large Community Hospital,Central Region,2024/25,excluded,false,outside primary ED analysis scope,false,1,1,true,false,true,false,"[""intervention_c5d00fcfea67b2ced697""]"
cycle_7ca5efc24733cc657e34,Ambulance / EMS Flow,Ambulance / EMS Flow,1,Insufficient data,,org_30500a37c4de535c,ind_5b2e1352e31909e8,Large Community Hospital,Central Region,2025/26,included,false,reporting_period_unverified,false,1,1,true,false,true,false,"[""intervention_65ecdbd0226770a8f52e""]"
cycle_093bd0ed171d89a3db77,"Data, Measurement & Dashboards","Data, Measurement & Dashboards",1,Insufficient data,,org_30500a37c4de535c,ind_67ee717abbe20a1b,Large Community Hospital,Central Region,2024/25,excluded,false,outside primary ED analysis scope,false,3,2,false,true,false,true,"[""intervention_73da65b4a46822e4681d""]"
cycle_093bd0ed171d89a3db77,Discharge & Transition Planning,Discharge & Transition Planning,1,Insufficient data,,org_30500a37c4de535c,ind_67ee717abbe20a1b,Large Community Hospital,Central Region,2024/25,excluded,false,outside primary ED analysis scope,false,3,2,false,true,false,true,"[""intervention_045cbd1cfad5780a7700""]"
cycle_093bd0ed171d89a3db77,Other,Other,1,Insufficient data,,org_30500a37c4de535c,ind_67ee717abbe20a1b,Large Community Hospital,Central Region,2024/25,excluded,false,outside primary ED analysis scope,false,3,2,false,true,false,true,"[""intervention_2020b76ac6006cba178e""]"
cycle_e5797ccd09f0b4351617,Discharge & Transition Planning,Discharge & Transition Planning,1,Insufficient data,,org_30500a37c4de535c,ind_67ee717abbe20a1b,Large Community Hospital,Central Region,2025/26,excluded,false,outside primary ED analysis scope,false,2,1,false,true,false,true,"[""intervention_be3bdef20794c6d80776""]"
cycle_e5797ccd09f0b4351617,Other,Other,2,Insufficient data,,org_30500a37c4de535c,ind_67ee717abbe20a1b,Large Community Hospital,Central Region,2025/26,excluded,false,outside primary ED analysis scope,false,2,1,false,true,false,true,"[""intervention_74d7ebb2ffba5aab35f0"",""intervention_a06a6813b384fb318ed8""]"
cycle_d6fa9e84d52e777ba21a,Discharge & Transition Planning,Discharge & Transition Planning,1,Insufficient data,,org_30500a37c4de535c,ind_874ce45fc1dce2d4,Large Community Hospital,Central Region,2025/26,needs_review,false,outside primary ED analysis scope,false,1,1,true,false,true,false,"[""intervention_76a3a7203d9ec691f5bf""]"
cycle_3acbfe65940e9dca948c,Other,Other,1,Insufficient data,,org_30500a37c4de535c,ind_93eec4c94fefecc6,Large Community Hospital,Central Region,2024/25,needs_review,false,outside primary ED analysis scope,false,2,1,false,true,false,true,"[""intervention_1403300578fca03b043a""]"
cycle_3acbfe65940e9dca948c,Training & Education,Training & Education,1,Insufficient data,,org_30500a37c4de535c,ind_93eec4c94fefecc6,Large Community Hospital,Central Region,2024/25,needs_review,false,outside primary ED analysis scope,false,2,1,false,true,false,true,"[""intervention_d6dda88f52e35b5efe98""]"
cycle_a9b1773d9ffa21f4ef13,Discharge & Transition Planning,Discharge & Transition Planning,1,Insufficient data,,org_30500a37c4de535c,ind_cb9040f5b66d27a0,Large Community Hospital,Central Region,2024/25,needs_review,false,outside primary ED analysis scope,false,1,1,true,false,true,false,"[""intervention_708aad581949297dad6e""]"
cycle_ca9c74a0edb983f50645,Care Coordination & Communication,Care Coordination & Communication,1,Insufficient data,,org_30500a37c4de535c,ind_cd57992e4ca687e8,Large Community Hospital,Central Region,2024/25,needs_review,false,outside primary ED analysis scope,false,1,1,true,false,true,false,"[""intervention_967cfa635c7dd9ff46e7""]"
cycle_a736a7d825d2f33388a0,Discharge & Transition Planning,Discharge & Transition Planning,1,Insufficient data,,org_30500a37c4de535c,ind_cd57992e4ca687e8,Large Community Hospital,Central Region,2025/26,needs_review,false,outside primary ED analysis scope,false,1,1,true,false,true,false,"[""intervention_c03093c987eebf8b8192""]"
cycle_1d81e60b01d6b5aee58c,Care Coordination & Communication,Care Coordination & Communication,1,Insufficient data,,org_30500a37c4de535c,ind_ce14aff52b0f53c0,Large Community Hospital,Central Region,2024/25,needs_review,false,outside primary ED analysis scope,false,2,1,false,true,false,true,"[""intervention_dfbbc8b96d0811c65ce3""]"
cycle_1d81e60b01d6b5aee58c,Other,Other,1,Insufficient data,,org_30500a37c4de535c,ind_ce14aff52b0f53c0,Large Community Hospital,Central Region,2024/25,needs_review,false,outside primary ED analysis scope,false,2,1,false,true,false,true,"[""intervention_b73ff86cde8296be3b7e""]"
cycle_1772e6b2dd127d44b90a,Staffing & Scheduling,Staffing & Scheduling,1,Insufficient data,,org_30500a37c4de535c,ind_e7cd9b5804f1c518,Large Community Hospital,Central Region,2025/26,included,false,reporting_period_unverified,false,1,1,true,false,true,false,"[""intervention_0a850c10e70e4f12c030""]"
cycle_3f54ab7717111d02efdb,Ambulance / EMS Flow,Ambulance / EMS Flow,1,Insufficient data,,org_30500a37c4de535c,ind_ee70b593aad3e4f6,Large Community Hospital,Central Region,2024/25,included,false,insufficient first-cycle ED longitudinal coverage,false,3,3,false,true,false,false,"[""intervention_86beba89748199b07120""]"
cycle_3f54ab7717111d02efdb,Discharge & Transition Planning,Discharge & Transition Planning,1,Insufficient data,,org_30500a37c4de535c,ind_ee70b593aad3e4f6,Large Community Hospital,Central Region,2024/25,included,false,insufficient first-cycle ED longitudinal coverage,false,3,3,false,true,false,false,"[""intervention_fcf7edb471d90513ce05""]"
cycle_3f54ab7717111d02efdb,Technology & Digital Tools,Technology & Digital Tools,1,Insufficient data,,org_30500a37c4de535c,ind_ee70b593aad3e4f6,Large Community Hospital,Central Region,2024/25,included,false,insufficient first-cycle ED longitudinal coverage,false,3,3,false,true,false,false,"[""intervention_686cbfe0f5cc31c284af""]"
cycle_dd2d09918332c44509a5,Ambulance / EMS Flow,Ambulance / EMS Flow,1,Insufficient data,,org_30500a37c4de535c,ind_ee70b593aad3e4f6,Large Community Hospital,Central Region,2025/26,included,false,reporting_period_unverified,false,1,1,true,false,true,false,"[""intervention_5852cc4df103eb922b6f""]"
cycle_b7795b6c886e380001b1,"Data, Measurement & Dashboards","Data, Measurement & Dashboards",1,Insufficient data,,org_338c8cbe14971f0f,ind_0646035afd9bba7c,Large Community Hospital,North West Region,2025/26,excluded,false,outside primary ED analysis scope,false,1,1,true,false,true,false,"[""intervention_68a75e61b234c6267932""]"
cycle_c94bfd73f3552316c722,Other,Other,1,Insufficient data,,org_338c8cbe14971f0f,ind_1d0a07d87e18fde2,Large Community Hospital,North West Region,2024/25,needs_review,false,outside primary ED analysis scope,false,2,1,false,true,false,true,"[""intervention_214c32fa74c9b683be46""]"
cycle_c94bfd73f3552316c722,Training & Education,Training & Education,1,Insufficient data,,org_338c8cbe14971f0f,ind_1d0a07d87e18fde2,Large Community Hospital,North West Region,2024/25,needs_review,false,outside primary ED analysis scope,false,2,1,false,true,false,true,"[""intervention_3805d1a131d953e914e9""]"
cycle_2952290c8e9a8aabf467,Training & Education,Training & Education,1,Insufficient data,,org_338c8cbe14971f0f,ind_26dc76eab80d449e,Large Community Hospital,North West Region,2025/26,needs_review,false,outside primary ED analysis scope,false,1,1,true,false,true,false,"[""intervention_a224ffe39636cace4cae""]"
cycle_cb6820b1449108f074a7,Staffing & Scheduling,Staffing & Scheduling,1,Insufficient data,,org_338c8cbe14971f0f,ind_31ea07d66dddadfe,Large Community Hospital,North West Region,2024/25,needs_review,false,outside primary ED analysis scope,false,1,1,true,false,true,false,"[""intervention_b2bea043a70b6e42717b""]"
cycle_f796cae96d8d53e91180,Other,Other,1,Insufficient data,,org_338c8cbe14971f0f,ind_3f8f52d4c57259c7,Large Community Hospital,North West Region,2024/25,needs_review,false,outside primary ED analysis scope,false,1,0,true,false,false,true,"[""intervention_36d411c76ad55e78f803""]"
cycle_64977cf4faf8403dd88e,Training & Education,Training & Education,1,Insufficient data,,org_338c8cbe14971f0f,ind_477bff9955d3294e,Large Community Hospital,North West Region,2025/26,needs_review,false,outside primary ED analysis scope,false,1,1,true,false,true,false,"[""intervention_f5963bb4b607ad2954b1""]"
cycle_38fca3ed4eb53d393a1a,Staffing & Scheduling,Staffing & Scheduling,1,Insufficient data,,org_338c8cbe14971f0f,ind_4833a6214b7d1c7a,Large Community Hospital,North West Region,2024/25,needs_review,false,outside primary ED analysis scope,false,1,1,true,false,true,false,"[""intervention_dac32fedfb1facef0040""]"
cycle_f6c2fdbbc8a7186c9174,Training & Education,Training & Education,1,Insufficient data,,org_338c8cbe14971f0f,ind_5314e24f5f6e6912,Large Community Hospital,North West Region,2024/25,excluded,false,outside primary ED analysis scope,false,1,1,true,false,true,false,"[""intervention_597c0687aa4509d213db""]"
cycle_678b054e8fe815f3f9ce,Other,Other,1,Insufficient data,,org_338c8cbe14971f0f,ind_5314e24f5f6e6912,Large Community Hospital,North West Region,2025/26,excluded,false,outside primary ED analysis scope,false,1,0,true,false,false,true,"[""intervention_3e41d7ccdea56a2e086e""]"
cycle_5174081efa17c0b28bf8,Training & Education,Training & Education,1,Insufficient data,,org_338c8cbe14971f0f,ind_93e9ab03e009df3d,Large Community Hospital,North West Region,2025/26,needs_review,false,outside primary ED analysis scope,false,1,1,true,false,true,false,"[""intervention_cdf9abe53ccef0d326a4""]"
cycle_996e46f9ec2d69e4143b,"Data, Measurement & Dashboards","Data, Measurement & Dashboards",2,Insufficient data,,org_338c8cbe14971f0f,ind_af380b80a457b32f,Large Community Hospital,North West Region,2024/25,needs_review,false,outside primary ED analysis scope,false,1,1,true,false,true,false,"[""intervention_44fb6a396da4b59eed99"",""intervention_7b01626759879e24019f""]"
cycle_237e95aba330d8dd9c6f,"Data, Measurement & Dashboards","Data, Measurement & Dashboards",1,Insufficient data,,org_338c8cbe14971f0f,ind_b5087c8494b7db7d,Large Community Hospital,North West Region,2024/25,needs_review,false,outside primary ED analysis scope,false,1,1,true,false,true,false,"[""intervention_d5a7947529f8d8caa505""]"
cycle_351254fe012c502579e9,Other,Other,1,Insufficient data,,org_338c8cbe14971f0f,ind_bba4ba9a1f7a7a12,Large Community Hospital,North West Region,2025/26,needs_review,false,outside primary ED analysis scope,false,1,0,true,false,false,true,"[""intervention_d3bdbd38fdb953d7d958""]"
cycle_c1b42160c84c20422faf,Other,Other,1,Insufficient data,,org_338c8cbe14971f0f,ind_c176e105ac5df061,Large Community Hospital,North West Region,2024/25,needs_review,false,outside primary ED analysis scope,false,1,0,true,false,false,true,"[""intervention_e5eba6b5b2fa9e5caeeb""]"
cycle_fd33772a4ff67d1bbe3e,"Data, Measurement & Dashboards","Data, Measurement & Dashboards",1,Insufficient data,,org_338c8cbe14971f0f,ind_d3f6cf366ea644ff,Large Community Hospital,North West Region,2024/25,needs_review,false,outside primary ED analysis scope,false,2,1,false,true,false,true,"[""intervention_941e2f53cba920528611""]"
cycle_fd33772a4ff67d1bbe3e,Other,Other,1,Insufficient data,,org_338c8cbe14971f0f,ind_d3f6cf366ea644ff,Large Community Hospital,North West Region,2024/25,needs_review,false,outside primary ED analysis scope,false,2,1,false,true,false,true,"[""intervention_5ee4f2d3a57a5a6c0478""]"
cycle_98576173baf9b07101df,Safety & Risk Prevention,Safety & Risk Prevention,1,Insufficient data,,org_338c8cbe14971f0f,ind_e23ad386ee4cd414,Large Community Hospital,North West Region,2024/25,needs_review,false,outside primary ED analysis scope,false,1,1,true,false,true,false,"[""intervention_a3d364b0d1b6dbe7f209""]"
cycle_4742f6f90a6dd020dccd,"Data, Measurement & Dashboards","Data, Measurement & Dashboards",1,Insufficient data,,org_338c8cbe14971f0f,ind_ee47813ebc95db6e,Large Community Hospital,North West Region,2024/25,needs_review,false,outside primary ED analysis scope,false,1,1,true,false,true,false,"[""intervention_0026a3b4ef3fd9c389ad""]"
cycle_4fbec517439fa07ff0d6,Other,Other,1,Insufficient data,,org_338c8cbe14971f0f,ind_f9605f6ba5bc4041,Large Community Hospital,North West Region,2024/25,needs_review,false,outside primary ED analysis scope,false,1,0,true,false,false,true,"[""intervention_4574f6e4f2bde16e340a""]"
cycle_bbac104ae5f73b846740,Emergency Department Workflow,Emergency Department Workflow,1,Insufficient data,,org_338c8cbe14971f0f,ind_facb840bf1f0474b,Large Community Hospital,North West Region,2024/25,needs_review,false,outside primary ED analysis scope,false,2,1,false,true,false,true,"[""intervention_529c34cd7f1dc62b273c""]"
cycle_bbac104ae5f73b846740,Other,Other,1,Insufficient data,,org_338c8cbe14971f0f,ind_facb840bf1f0474b,Large Community Hospital,North West Region,2024/25,needs_review,false,outside primary ED analysis scope,false,2,1,false,true,false,true,"[""intervention_9faf46def1ab174dc692""]"
cycle_f3d9e6792e1972efbad9,Discharge & Transition Planning,Discharge & Transition Planning,1,Insufficient data,,org_338ea1409d983a36,ind_0646035afd9bba7c,Small Hospital,North East Region,2024/25,excluded,false,outside primary ED analysis scope,false,1,1,true,false,true,false,"[""intervention_4ca02ea4e7382ed7a92a""]"
cycle_8ba32ecce9fe5c5e1416,Other,Other,1,Insufficient data,,org_338ea1409d983a36,ind_5314e24f5f6e6912,Small Hospital,North East Region,2024/25,excluded,false,outside primary ED analysis scope,false,1,0,true,false,false,true,"[""intervention_5dd8bdd85c6ec8e1d30c""]"
cycle_5691ced7122e5abe452f,Other,Other,1,Insufficient data,,org_338ea1409d983a36,ind_5b2e1352e31909e8,Small Hospital,North East Region,2025/26,included,false,reporting_period_unverified,false,1,0,true,false,false,true,"[""intervention_e7087460b400432040a7""]"
cycle_67fdc6da6c8f400aa589,"Data, Measurement & Dashboards","Data, Measurement & Dashboards",1,Insufficient data,,org_338ea1409d983a36,ind_67ee717abbe20a1b,Small Hospital,North East Region,2024/25,excluded,false,outside primary ED analysis scope,false,1,1,true,false,true,false,"[""intervention_5b1a110a49e5f6b847d9""]"
cycle_fb93c7d8bcc40ee719d3,Patient Streaming / Triage,Patient Streaming / Triage,1,Insufficient data,,org_338ea1409d983a36,ind_e7cd9b5804f1c518,Small Hospital,North East Region,2025/26,included,false,reporting_period_unverified,false,1,1,true,false,true,false,"[""intervention_131175396f5ab59b3210""]"
cycle_bb7b025502085eb97492,Ambulance / EMS Flow,Ambulance / EMS Flow,1,Insufficient data,,org_338ea1409d983a36,ind_ee70b593aad3e4f6,Small Hospital,North East Region,2025/26,included,false,reporting_period_unverified,false,2,2,false,true,false,false,"[""intervention_87d628c7f5933c8709d6""]"
cycle_bb7b025502085eb97492,Care Coordination & Communication,Care Coordination & Communication,1,Insufficient data,,org_338ea1409d983a36,ind_ee70b593aad3e4f6,Small Hospital,North East Region,2025/26,included,false,reporting_period_unverified,false,2,2,false,true,false,false,"[""intervention_69ca4f5878c9a02348eb""]"
cycle_ea19a1ed743b482e70a4,Discharge & Transition Planning,Discharge & Transition Planning,1,Insufficient data,,org_3798e781b6e5310f,ind_0646035afd9bba7c,Small Hospital,East Region,2024/25,excluded,false,outside primary ED analysis scope,false,1,1,true,false,true,false,"[""intervention_f09d10d89d736a6aa2d4""]"
cycle_6830a0c86626cd5369d7,Other,Other,1,Insufficient data,,org_3798e781b6e5310f,ind_0646035afd9bba7c,Small Hospital,East Region,2025/26,excluded,false,outside primary ED analysis scope,false,1,0,true,false,false,true,"[""intervention_23fb7e463e4d02c72c23""]"
cycle_ddeb7436681d1204d5f5,Other,Other,1,Insufficient data,,org_3798e781b6e5310f,ind_06590f50f65eac7e,Small Hospital,East Region,2024/25,included,false,insufficient first-cycle ED longitudinal coverage,false,1,0,true,false,false,true,"[""intervention_6460a9beb3363e221129""]"
cycle_cc5455d9c110d1fe36f9,Other,Other,1,Insufficient data,,org_3798e781b6e5310f,ind_06590f50f65eac7e,Small Hospital,East Region,2025/26,included,false,unit_unverified; population_unverified; reporting_period_unverified; historical_match_unavailable_or_ambiguous,false,1,0,true,false,false,true,"[""intervention_32bd69c15254edaab416""]"
cycle_8fdb729dfca9dc26b389,Training & Education,Training & Education,1,Insufficient data,,org_3798e781b6e5310f,ind_37478f8fb5db2bb6,Small Hospital,East Region,2024/25,excluded,false,outside primary ED analysis scope,false,1,1,true,false,true,false,"[""intervention_d6a4ff6a8430c0a1dbd9""]"
cycle_2824be664410ef1bb38e,Training & Education,Training & Education,1,Insufficient data,,org_3798e781b6e5310f,ind_37478f8fb5db2bb6,Small Hospital,East Region,2025/26,excluded,false,outside primary ED analysis scope,false,1,1,true,false,true,false,"[""intervention_8322a3144cc9fdf0428a""]"
cycle_e8bf832832fe2b32365c,Discharge & Transition Planning,Discharge & Transition Planning,1,Insufficient data,,org_3798e781b6e5310f,ind_3d855b72b71ffc61,Small Hospital,East Region,2024/25,needs_review,false,outside primary ED analysis scope,false,1,1,true,false,true,false,"[""intervention_29fa2960f4b0653a4fe2""]"
cycle_3ebdd0c3927ce1885948,Training & Education,Training & Education,1,Insufficient data,,org_3798e781b6e5310f,ind_5314e24f5f6e6912,Small Hospital,East Region,2024/25,excluded,false,outside primary ED analysis scope,false,1,1,true,false,true,false,"[""intervention_95629880a12007374b5a""]"
cycle_fbbf299b53eeadd4e0d7,Training & Education,Training & Education,1,Insufficient data,,org_3798e781b6e5310f,ind_5314e24f5f6e6912,Small Hospital,East Region,2025/26,excluded,false,outside primary ED analysis scope,false,1,1,true,false,true,false,"[""intervention_324915b805d529fc013a""]"
cycle_dfe0b6ce44e5d49845b8,Discharge & Transition Planning,Discharge & Transition Planning,1,Insufficient data,,org_3798e781b6e5310f,ind_5b2e1352e31909e8,Small Hospital,East Region,2025/26,included,false,reporting_period_unverified,false,1,1,true,false,true,false,"[""intervention_647cabadbe7875abb439""]"
cycle_71bfe4bb07fd64ba597f,Admission & Transfer Process,Admission & Transfer Process,1,Insufficient data,,org_3798e781b6e5310f,ind_67ee717abbe20a1b,Small Hospital,East Region,2024/25,excluded,false,outside primary ED analysis scope,false,1,1,true,false,true,false,"[""intervention_26dcad3f5a40af756184""]"
cycle_9295ab5f5569e9a88d23,Technology & Digital Tools,Technology & Digital Tools,1,Insufficient data,,org_3798e781b6e5310f,ind_67ee717abbe20a1b,Small Hospital,East Region,2025/26,excluded,false,outside primary ED analysis scope,false,1,1,true,false,true,false,"[""intervention_261ba7e8750f8f3e759e""]"
cycle_878d6010925e3bc77009,Other,Other,1,Insufficient data,,org_3798e781b6e5310f,ind_99b65bb3773c7005,Small Hospital,East Region,2024/25,needs_review,false,outside primary ED analysis scope,false,1,0,true,false,false,true,"[""intervention_6a2b04eecf37cf4b20cb""]"
cycle_72c58e62b28d80bac348,Other,Other,1,Insufficient data,,org_3798e781b6e5310f,ind_cd57992e4ca687e8,Small Hospital,East Region,2024/25,needs_review,false,outside primary ED analysis scope,false,1,0,true,false,false,true,"[""intervention_22824191edb9ec24016d""]"
cycle_bd80ef0499de4872d09c,Other,Other,1,Insufficient data,,org_3798e781b6e5310f,ind_e7cd9b5804f1c518,Small Hospital,East Region,2025/26,included,false,reporting_period_unverified,false,1,0,true,false,false,true,"[""intervention_4aff7202175d20e9e003""]"
cycle_0b54ec33f1a22bbc42a3,Other,Other,1,Insufficient data,,org_3798e781b6e5310f,ind_ee70b593aad3e4f6,Small Hospital,East Region,2024/25,included,false,insufficient first-cycle ED longitudinal coverage,false,1,0,true,false,false,true,"[""intervention_32afae86e4b2dc542234""]"
cycle_a99c6e33d43278aa27a0,Admission & Transfer Process,Admission & Transfer Process,1,Insufficient data,,org_3798e781b6e5310f,ind_ef4a9573ead4ee92,Small Hospital,East Region,2025/26,included,false,unit_unverified; population_unverified; reporting_period_unverified; historical_match_unavailable_or_ambiguous,false,1,1,true,false,true,false,"[""intervention_915fbdb28be934aa5120""]"
cycle_12951c30e595a9d0c7a4,Training & Education,Training & Education,1,Insufficient data,,org_3b49086244c14560,ind_092cc3eff43d4449,Small Hospital,North West Region,2024/25,needs_review,false,outside primary ED analysis scope,false,1,1,true,false,true,false,"[""intervention_86ee9ead66df465abe07""]"
cycle_61f6461d935e14c58d84,Discharge & Transition Planning,Discharge & Transition Planning,1,Insufficient data,,org_3b49086244c14560,ind_0ebd78ff8ab3b6c3,Small Hospital,North West Region,2024/25,needs_review,false,outside primary ED analysis scope,false,2,1,false,true,false,true,"[""intervention_977522d78293931e6f71""]"
cycle_61f6461d935e14c58d84,Other,Other,1,Insufficient data,,org_3b49086244c14560,ind_0ebd78ff8ab3b6c3,Small Hospital,North West Region,2024/25,needs_review,false,outside primary ED analysis scope,false,2,1,false,true,false,true,"[""intervention_7f93b0eb2a7863c9ff8b""]"
cycle_e983c92e8e6997e4184c,Discharge & Transition Planning,Discharge & Transition Planning,2,Insufficient data,,org_3b49086244c14560,ind_1520fe57fa56e66e,Small Hospital,North West Region,2025/26,needs_review,false,outside primary ED analysis scope,false,2,1,false,true,false,true,"[""intervention_dffd21a8a5a3dad2f0aa"",""intervention_e818f2f9c227a74b3bb1""]"
cycle_e983c92e8e6997e4184c,Other,Other,1,Insufficient data,,org_3b49086244c14560,ind_1520fe57fa56e66e,Small Hospital,North West Region,2025/26,needs_review,false,outside primary ED analysis scope,false,2,1,false,true,false,true,"[""intervention_1d60a2904447ee58b945""]"
cycle_5959cda0d5ad97136fd1,Other,Other,1,Insufficient data,,org_3b49086244c14560,ind_1d3043dc4c7d7ee2,Small Hospital,North West Region,2024/25,needs_review,false,outside primary ED analysis scope,false,1,0,true,false,false,true,"[""intervention_d2d32cbd164afa4be0a7""]"
cycle_c5273949fa97ff7872f9,Other,Other,1,Insufficient data,,org_3b49086244c14560,ind_387d2ec43b51f64e,Small Hospital,North West Region,2025/26,needs_review,false,outside primary ED analysis scope,false,3,2,false,true,false,true,"[""intervention_7a817279260db6e17ead""]"
cycle_c5273949fa97ff7872f9,Technology & Digital Tools,Technology & Digital Tools,1,Insufficient data,,org_3b49086244c14560,ind_387d2ec43b51f64e,Small Hospital,North West Region,2025/26,needs_review,false,outside primary ED analysis scope,false,3,2,false,true,false,true,"[""intervention_7c9dd6febd2158f08a74""]"
cycle_c5273949fa97ff7872f9,Training & Education,Training & Education,1,Insufficient data,,org_3b49086244c14560,ind_387d2ec43b51f64e,Small Hospital,North West Region,2025/26,needs_review,false,outside primary ED analysis scope,false,3,2,false,true,false,true,"[""intervention_9f12c518fe7a7fa9c79e""]"
cycle_504d3587e69b9e2a288e,"Data, Measurement & Dashboards","Data, Measurement & Dashboards",1,Insufficient data,,org_3b49086244c14560,ind_6d0de6fe3e706429,Small Hospital,North West Region,2024/25,needs_review,false,outside primary ED analysis scope,false,2,2,false,true,false,false,"[""intervention_c407c085108b8498f931""]"
cycle_504d3587e69b9e2a288e,Patient Streaming / Triage,Patient Streaming / Triage,1,Insufficient data,,org_3b49086244c14560,ind_6d0de6fe3e706429,Small Hospital,North West Region,2024/25,needs_review,false,outside primary ED analysis scope,false,2,2,false,true,false,false,"[""intervention_e7cfe0483d411c77350a""]"
cycle_30b898eadc53ee5f386e,Staffing & Scheduling,Staffing & Scheduling,1,Insufficient data,,org_3b49086244c14560,ind_6ddf63a6ffa0db36,Small Hospital,North West Region,2025/26,needs_review,false,outside primary ED analysis scope,false,1,1,true,false,true,false,"[""intervention_7342f262a54fa114719b""]"
cycle_883da7307c0a41a33ed8,Other,Other,3,Insufficient data,,org_3b49086244c14560,ind_79f198bfe1bad0b3,Small Hospital,North West Region,2025/26,needs_review,false,outside primary ED analysis scope,false,2,1,false,true,false,true,"[""intervention_40cb73ee21af389a2775"",""intervention_9a2b92fcbc0a04261f14"",""intervention_fd088a6a9313824ee626""]"
cycle_883da7307c0a41a33ed8,Policy / Standardization,Policy / Standardization,1,Insufficient data,,org_3b49086244c14560,ind_79f198bfe1bad0b3,Small Hospital,North West Region,2025/26,needs_review,false,outside primary ED analysis scope,false,2,1,false,true,false,true,"[""intervention_6110e52f70c8560015a2""]"
cycle_e34b609243f6efb001be,Admission & Transfer Process,Admission & Transfer Process,1,Insufficient data,,org_3b49086244c14560,ind_7ebd4762b8a6c688,Small Hospital,North West Region,2025/26,included,false,unit_unverified; population_unverified; reporting_period_unverified; historical_match_unavailable_or_ambiguous,false,1,1,true,false,true,false,"[""intervention_884a7282bd8e388ba978""]"
cycle_7341c5cbd3211ba5faf1,Other,Other,1,Insufficient data,,org_3b49086244c14560,ind_8e9ad37919833b7f,Small Hospital,North West Region,2025/26,needs_review,false,outside primary ED analysis scope,false,1,0,true,false,false,true,"[""intervention_0c45012c7005784259e8""]"
cycle_9d1e0475274a3a7ad090,Admission & Transfer Process,Admission & Transfer Process,2,Insufficient data,,org_3b49086244c14560,ind_a4559785cb64aaf3,Small Hospital,North West Region,2024/25,needs_review,false,outside primary ED analysis scope,false,1,1,true,false,true,false,"[""intervention_b42b29e1f2a704594ab8"",""intervention_d9c1cd2a5e8e25e4165e""]"
cycle_b64d5669e6d40a06a3a5,Care Coordination & Communication,Care Coordination & Communication,1,Insufficient data,,org_3b49086244c14560,ind_b7aef9033e275c9e,Small Hospital,North West Region,2024/25,needs_review,false,outside primary ED analysis scope,false,3,2,false,true,false,true,"[""intervention_bb639d4301ce6f8d3bfe""]"
cycle_b64d5669e6d40a06a3a5,Other,Other,2,Insufficient data,,org_3b49086244c14560,ind_b7aef9033e275c9e,Small Hospital,North West Region,2024/25,needs_review,false,outside primary ED analysis scope,false,3,2,false,true,false,true,"[""intervention_5f0d103912de81dc7ed4"",""intervention_9f31c7a56756d571cfb6""]"
cycle_b64d5669e6d40a06a3a5,Staffing & Scheduling,Staffing & Scheduling,1,Insufficient data,,org_3b49086244c14560,ind_b7aef9033e275c9e,Small Hospital,North West Region,2024/25,needs_review,false,outside primary ED analysis scope,false,3,2,false,true,false,true,"[""intervention_541d91e885e826af0990""]"
cycle_e531787b27ee5e0c06e8,Care Coordination & Communication,Care Coordination & Communication,1,Insufficient data,,org_3b49086244c14560,ind_b7aef9033e275c9e,Small Hospital,North West Region,2025/26,needs_review,false,outside primary ED analysis scope,false,4,3,false,true,false,true,"[""intervention_cf14be1da793ca7ecc51""]"
cycle_e531787b27ee5e0c06e8,Other,Other,1,Insufficient data,,org_3b49086244c14560,ind_b7aef9033e275c9e,Small Hospital,North West Region,2025/26,needs_review,false,outside primary ED analysis scope,false,4,3,false,true,false,true,"[""intervention_aa5037f66db502a8b4e4""]"
cycle_e531787b27ee5e0c06e8,Staffing & Scheduling,Staffing & Scheduling,1,Insufficient data,,org_3b49086244c14560,ind_b7aef9033e275c9e,Small Hospital,North West Region,2025/26,needs_review,false,outside primary ED analysis scope,false,4,3,false,true,false,true,"[""intervention_48c930e98a27b66c5378""]"
cycle_e531787b27ee5e0c06e8,Training & Education,Training & Education,1,Insufficient data,,org_3b49086244c14560,ind_b7aef9033e275c9e,Small Hospital,North West Region,2025/26,needs_review,false,outside primary ED analysis scope,false,4,3,false,true,false,true,"[""intervention_cd4d5b64d68c38ff96a4""]"
cycle_c418551c03975a8fa192,Emergency Department Workflow,Emergency Department Workflow,1,Insufficient data,,org_3b49086244c14560,ind_bdd53af398a0ce8a,Small Hospital,North West Region,2024/25,needs_review,false,outside primary ED analysis scope,false,1,1,true,false,true,false,"[""intervention_c71d4054fbe0d21808a0""]"
cycle_d4204d088e5ab8dfdd97,Other,Other,1,Insufficient data,,org_3b49086244c14560,ind_e2b3f282dc99bf47,Small Hospital,North West Region,2025/26,needs_review,false,outside primary ED analysis scope,false,1,0,true,false,false,true,"[""intervention_22a137348d7e1384950d""]"
cycle_69ed9ef86558dc36ee64,Other,Other,2,Insufficient data,,org_3b49086244c14560,ind_e666bcb709405e0f,Small Hospital,North West Region,2025/26,included,false,unit_unverified; population_unverified; reporting_period_unverified; historical_match_unavailable_or_ambiguous,false,1,0,true,false,false,true,"[""intervention_38976bc3a32a3cf48ba3"",""intervention_46c1285b36bea8ad9a0e""]"
cycle_c4e6059d68d064e43039,Emergency Department Workflow,Emergency Department Workflow,1,Insufficient data,,org_3b49086244c14560,ind_e7cd9b5804f1c518,Small Hospital,North West Region,2025/26,included,false,reporting_period_unverified,false,1,1,true,false,true,false,"[""intervention_ddb87d043472486a26f6""]"
cycle_47065413ea243157db8a,Admission & Transfer Process,Admission & Transfer Process,1,Insufficient data,,org_3b49086244c14560,ind_f197a93604c302d2,Small Hospital,North West Region,2025/26,included,false,unit_unverified; population_unverified; reporting_period_unverified; historical_match_unavailable_or_ambiguous,false,1,1,true,false,true,false,"[""intervention_616d277161ca2446fce3""]"
cycle_4ebeca38e5f68da78135,Other,Other,2,Insufficient data,,org_3c1d3536d63206c4,ind_0ab93d7679fc2be4,Chronic/Rehab Hospital,Toronto Region,2024/25,needs_review,false,outside primary ED analysis scope,false,2,1,false,true,false,true,"[""intervention_7781d035c4016455ac15"",""intervention_aaf321e4589a97c20201""]"
cycle_4ebeca38e5f68da78135,Training & Education,Training & Education,3,Insufficient data,,org_3c1d3536d63206c4,ind_0ab93d7679fc2be4,Chronic/Rehab Hospital,Toronto Region,2024/25,needs_review,false,outside primary ED analysis scope,false,2,1,false,true,false,true,"[""intervention_1f8d8bd808dc14ed1b1e"",""intervention_73f1968c813a53f00f60"",""intervention_c62d5bd246eb5aea4260""]"
cycle_644dc80029d0a588e65d,Admission & Transfer Process,Admission & Transfer Process,1,Insufficient data,,org_3c1d3536d63206c4,ind_110b12dcaed1f4f1,Chronic/Rehab Hospital,Toronto Region,2024/25,needs_review,false,outside primary ED analysis scope,false,4,3,false,true,false,true,"[""intervention_72a598887373c38b61d2""]"
cycle_644dc80029d0a588e65d,"Data, Measurement & Dashboards","Data, Measurement & Dashboards",1,Insufficient data,,org_3c1d3536d63206c4,ind_110b12dcaed1f4f1,Chronic/Rehab Hospital,Toronto Region,2024/25,needs_review,false,outside primary ED analysis scope,false,4,3,false,true,false,true,"[""intervention_85198da47271db0e0b32""]"
cycle_644dc80029d0a588e65d,Other,Other,1,Insufficient data,,org_3c1d3536d63206c4,ind_110b12dcaed1f4f1,Chronic/Rehab Hospital,Toronto Region,2024/25,needs_review,false,outside primary ED analysis scope,false,4,3,false,true,false,true,"[""intervention_44001188a060f361ab28""]"
cycle_644dc80029d0a588e65d,Policy / Standardization,Policy / Standardization,2,Insufficient data,,org_3c1d3536d63206c4,ind_110b12dcaed1f4f1,Chronic/Rehab Hospital,Toronto Region,2024/25,needs_review,false,outside primary ED analysis scope,false,4,3,false,true,false,true,"[""intervention_95a3ef1a15a2d4700c15"",""intervention_e6380f4d3d8ea91426e6""]"
cycle_8578094f37e2c13f6d6a,Admission & Transfer Process,Admission & Transfer Process,2,Insufficient data,,org_3c1d3536d63206c4,ind_28702b2452332d13,Chronic/Rehab Hospital,Toronto Region,2025/26,needs_review,false,outside primary ED analysis scope,false,2,2,false,true,false,false,"[""intervention_afa85f3677a061c30f07"",""intervention_f73e6b5a201cc6de1b76""]"
cycle_8578094f37e2c13f6d6a,Training & Education,Training & Education,1,Insufficient data,,org_3c1d3536d63206c4,ind_28702b2452332d13,Chronic/Rehab Hospital,Toronto Region,2025/26,needs_review,false,outside primary ED analysis scope,false,2,2,false,true,false,false,"[""intervention_27f7883d89d0c3de0cd2""]"
cycle_0dd02083b6da11abdc39,Staffing & Scheduling,Staffing & Scheduling,1,Insufficient data,,org_3c1d3536d63206c4,ind_370d313be09ff3da,Chronic/Rehab Hospital,Toronto Region,2025/26,needs_review,false,outside primary ED analysis scope,false,2,2,false,true,false,false,"[""intervention_be3e5dbbf623738c68f9""]"
cycle_0dd02083b6da11abdc39,Training & Education,Training & Education,2,Insufficient data,,org_3c1d3536d63206c4,ind_370d313be09ff3da,Chronic/Rehab Hospital,Toronto Region,2025/26,needs_review,false,outside primary ED analysis scope,false,2,2,false,true,false,false,"[""intervention_0697caabca2fef8a2c89"",""intervention_f9eb52cce694a9b998aa""]"
cycle_9aa38f188696ba27fa52,Other,Other,2,Insufficient data,,org_3c1d3536d63206c4,ind_4a9d253a0c3ea5d5,Chronic/Rehab Hospital,Toronto Region,2025/26,needs_review,false,outside primary ED analysis scope,false,2,1,false,true,false,true,"[""intervention_73c470b866837b31fbbd"",""intervention_dcf544bef8c7a559f6e2""]"
cycle_9aa38f188696ba27fa52,Policy / Standardization,Policy / Standardization,1,Insufficient data,,org_3c1d3536d63206c4,ind_4a9d253a0c3ea5d5,Chronic/Rehab Hospital,Toronto Region,2025/26,needs_review,false,outside primary ED analysis scope,false,2,1,false,true,false,true,"[""intervention_7f2f32b3c0223bea1fdf""]"
cycle_bb1b94fb0026ea9a406d,Care Coordination & Communication,Care Coordination & Communication,1,Insufficient data,,org_3c1d3536d63206c4,ind_b382c94c71d86ae4,Chronic/Rehab Hospital,Toronto Region,2025/26,needs_review,false,outside primary ED analysis scope,false,2,2,false,true,false,false,"[""intervention_532a6d8f279d7d688fd9""]"
cycle_bb1b94fb0026ea9a406d,Training & Education,Training & Education,2,Insufficient data,,org_3c1d3536d63206c4,ind_b382c94c71d86ae4,Chronic/Rehab Hospital,Toronto Region,2025/26,needs_review,false,outside primary ED analysis scope,false,2,2,false,true,false,false,"[""intervention_2d0d3a649558335f7037"",""intervention_c60e878fccad19f49c23""]"
cycle_8a98ac0c26d9a24cbb42,Discharge & Transition Planning,Discharge & Transition Planning,1,Insufficient data,,org_3c1d3536d63206c4,ind_b7f76be0ce3c8f15,Chronic/Rehab Hospital,Toronto Region,2024/25,needs_review,false,outside primary ED analysis scope,false,2,1,false,true,false,true,"[""intervention_c54d07c59c4773f05eb2""]"
cycle_8a98ac0c26d9a24cbb42,Other,Other,3,Insufficient data,,org_3c1d3536d63206c4,ind_b7f76be0ce3c8f15,Chronic/Rehab Hospital,Toronto Region,2024/25,needs_review,false,outside primary ED analysis scope,false,2,1,false,true,false,true,"[""intervention_8013fc494cdd7555cac9"",""intervention_918dd280702303e1bc70"",""intervention_93ff5169c3196b224466""]"
cycle_894ef2d081592b0e1eef,Discharge & Transition Planning,Discharge & Transition Planning,2,Insufficient data,,org_3c1d3536d63206c4,ind_b7f76be0ce3c8f15,Chronic/Rehab Hospital,Toronto Region,2025/26,needs_review,false,outside primary ED analysis scope,false,2,1,false,true,false,true,"[""intervention_807a217a47bd71f254da"",""intervention_d2483639740755b6da31""]"
cycle_894ef2d081592b0e1eef,Other,Other,1,Insufficient data,,org_3c1d3536d63206c4,ind_b7f76be0ce3c8f15,Chronic/Rehab Hospital,Toronto Region,2025/26,needs_review,false,outside primary ED analysis scope,false,2,1,false,true,false,true,"[""intervention_8766e8dcf0d7deee81e3""]"
cycle_77cb0c3eb48364e57094,Care Coordination & Communication,Care Coordination & Communication,1,Insufficient data,,org_3c1d3536d63206c4,ind_bc7dbb56c675c74e,Chronic/Rehab Hospital,Toronto Region,2024/25,needs_review,false,outside primary ED analysis scope,false,4,3,false,true,false,true,"[""intervention_6442154bc4465337f361""]"
cycle_77cb0c3eb48364e57094,Other,Other,1,Insufficient data,,org_3c1d3536d63206c4,ind_bc7dbb56c675c74e,Chronic/Rehab Hospital,Toronto Region,2024/25,needs_review,false,outside primary ED analysis scope,false,4,3,false,true,false,true,"[""intervention_e664bd53baae8c55b7a2""]"
cycle_77cb0c3eb48364e57094,Policy / Standardization,Policy / Standardization,1,Insufficient data,,org_3c1d3536d63206c4,ind_bc7dbb56c675c74e,Chronic/Rehab Hospital,Toronto Region,2024/25,needs_review,false,outside primary ED analysis scope,false,4,3,false,true,false,true,"[""intervention_e28eb698d7ed2fd4ef26""]"
cycle_77cb0c3eb48364e57094,Safety & Risk Prevention,Safety & Risk Prevention,1,Insufficient data,,org_3c1d3536d63206c4,ind_bc7dbb56c675c74e,Chronic/Rehab Hospital,Toronto Region,2024/25,needs_review,false,outside primary ED analysis scope,false,4,3,false,true,false,true,"[""intervention_d41debc52018fb45c0aa""]"
cycle_b7fd333fddc8b37cc867,Discharge & Transition Planning,Discharge & Transition Planning,1,Insufficient data,,org_3c1d3536d63206c4,ind_dfb82290642ddebc,Chronic/Rehab Hospital,Toronto Region,2024/25,needs_review,false,outside primary ED analysis scope,false,3,2,false,true,false,true,"[""intervention_7be659a26ac19323fe58""]"
cycle_b7fd333fddc8b37cc867,Other,Other,1,Insufficient data,,org_3c1d3536d63206c4,ind_dfb82290642ddebc,Chronic/Rehab Hospital,Toronto Region,2024/25,needs_review,false,outside primary ED analysis scope,false,3,2,false,true,false,true,"[""intervention_c21bc06921c947fda492""]"
cycle_b7fd333fddc8b37cc867,Policy / Standardization,Policy / Standardization,1,Insufficient data,,org_3c1d3536d63206c4,ind_dfb82290642ddebc,Chronic/Rehab Hospital,Toronto Region,2024/25,needs_review,false,outside primary ED analysis scope,false,3,2,false,true,false,true,"[""intervention_ec6f76c64d7369c0a269""]"
cycle_1db8c6f312db68c2bbda,Training & Education,Training & Education,1,Insufficient data,,org_3c60b271c600b995,ind_0da1c28451692866,Small Hospital,West Region,2024/25,needs_review,false,outside primary ED analysis scope,false,1,1,true,false,true,false,"[""intervention_c63308e3fbaf7817e55a""]"
cycle_acdd654e9f295e84582a,"Data, Measurement & Dashboards","Data, Measurement & Dashboards",1,Insufficient data,,org_3c60b271c600b995,ind_3b990deb5785fe47,Small Hospital,West Region,2025/26,needs_review,false,outside primary ED analysis scope,false,1,1,true,false,true,false,"[""intervention_396a402599a07e6fe6ae""]"
cycle_57b2e77c79bd35dcd13d,Staffing & Scheduling,Staffing & Scheduling,1,Insufficient data,,org_3c60b271c600b995,ind_3fdbfa1beb8cd349,Small Hospital,West Region,2024/25,needs_review,false,outside primary ED analysis scope,false,1,1,true,false,true,false,"[""intervention_c6e63e3be485765c136d""]"
cycle_3cb522fbe6f9da6b5c6c,Training & Education,Training & Education,1,Insufficient data,,org_3c60b271c600b995,ind_5314e24f5f6e6912,Small Hospital,West Region,2024/25,excluded,false,outside primary ED analysis scope,false,1,1,true,false,true,false,"[""intervention_5512bdadbb3af870f43f""]"
cycle_1f75f998f8ff8e0c3d2d,Training & Education,Training & Education,1,Insufficient data,,org_3c60b271c600b995,ind_5314e24f5f6e6912,Small Hospital,West Region,2025/26,excluded,false,outside primary ED analysis scope,false,1,1,true,false,true,false,"[""intervention_35678c1a495af251da3c""]"
cycle_55753ec082e0dfaadeca,"Data, Measurement & Dashboards","Data, Measurement & Dashboards",2,Insufficient data,,org_3c60b271c600b995,ind_88596c038832c86f,Small Hospital,West Region,2025/26,needs_review,false,outside primary ED analysis scope,false,1,1,true,false,true,false,"[""intervention_3e1834b6f58653febec1"",""intervention_47a78985803d1a9a33e0""]"
cycle_95b3e611b7afd0fa5c74,Safety & Risk Prevention,Safety & Risk Prevention,1,Insufficient data,,org_3c60b271c600b995,ind_b9ea76432394471a,Small Hospital,West Region,2025/26,needs_review,false,outside primary ED analysis scope,false,1,1,true,false,true,false,"[""intervention_3aad6bbd42244e912d8e""]"
cycle_6eeb2d85cdb9945353b2,"Data, Measurement & Dashboards","Data, Measurement & Dashboards",1,Insufficient data,,org_3c60b271c600b995,ind_e0c7211f6fee1afd,Small Hospital,West Region,2025/26,needs_review,false,outside primary ED analysis scope,false,2,2,false,true,false,false,"[""intervention_76e73100a641fa0a9339""]"
cycle_6eeb2d85cdb9945353b2,Discharge & Transition Planning,Discharge & Transition Planning,1,Insufficient data,,org_3c60b271c600b995,ind_e0c7211f6fee1afd,Small Hospital,West Region,2025/26,needs_review,false,outside primary ED analysis scope,false,2,2,false,true,false,false,"[""intervention_836ec26248bdd91f23b9""]"
cycle_2a608e03579740ad8146,Emergency Department Workflow,Emergency Department Workflow,1,Insufficient data,,org_3c60b271c600b995,ind_e7cd9b5804f1c518,Small Hospital,West Region,2025/26,included,false,reporting_period_unverified,false,1,1,true,false,true,false,"[""intervention_a5aca102a5360c194ad9""]"
cycle_dc9b91873c8eb31f373e,"Data, Measurement & Dashboards","Data, Measurement & Dashboards",1,Insufficient data,,org_3c60b271c600b995,ind_ee70b593aad3e4f6,Small Hospital,West Region,2025/26,included,false,reporting_period_unverified,false,1,1,true,false,true,false,"[""intervention_3a6de2a5c878c164ec7a""]"
cycle_3dce4224c32d490f02d2,Training & Education,Training & Education,1,Insufficient data,,org_3c60b271c600b995,ind_f2af83b4d79810e3,Small Hospital,West Region,2024/25,needs_review,false,outside primary ED analysis scope,false,1,1,true,false,true,false,"[""intervention_d2687ed788392f3ad5b3""]"
cycle_a9a25b56fb37c6eb1181,"Data, Measurement & Dashboards","Data, Measurement & Dashboards",2,Insufficient data,,org_3c60b271c600b995,ind_fab86e82af39d230,Small Hospital,West Region,2024/25,needs_review,false,outside primary ED analysis scope,false,2,2,false,true,false,false,"[""intervention_18e9da0b0d67523e4668"",""intervention_ba2f76ac9d2df767aa9c""]"
cycle_a9a25b56fb37c6eb1181,Policy / Standardization,Policy / Standardization,1,Insufficient data,,org_3c60b271c600b995,ind_fab86e82af39d230,Small Hospital,West Region,2024/25,needs_review,false,outside primary ED analysis scope,false,2,2,false,true,false,false,"[""intervention_21d9c44ef82f142016ed""]"
cycle_5036cda6f730882b3a56,Discharge & Transition Planning,Discharge & Transition Planning,1,Insufficient data,,org_3cb3343c153535ee,ind_0646035afd9bba7c,Large Community Hospital,Central Region,2024/25,excluded,false,outside primary ED analysis scope,false,1,1,true,false,true,false,"[""intervention_5c5d4b0492c87cb8841e""]"
cycle_e65af3b43835733be725,Discharge & Transition Planning,Discharge & Transition Planning,1,Insufficient data,,org_3cb3343c153535ee,ind_0646035afd9bba7c,Large Community Hospital,Central Region,2025/26,excluded,false,outside primary ED analysis scope,false,1,1,true,false,true,false,"[""intervention_39687e8dc7115b77ddb9""]"
cycle_0a3614a7cd3468b376e8,Other,Other,1,Insufficient data,,org_3cb3343c153535ee,ind_06590f50f65eac7e,Large Community Hospital,Central Region,2024/25,included,false,insufficient first-cycle ED longitudinal coverage,false,1,0,true,false,false,true,"[""intervention_15819f5c0c0ac13d4ec2""]"
cycle_31cc96d0134b26878e8d,Training & Education,Training & Education,1,Insufficient data,,org_3cb3343c153535ee,ind_2e4c62dd19982469,Large Community Hospital,Central Region,2024/25,needs_review,false,outside primary ED analysis scope,false,1,1,true,false,true,false,"[""intervention_60d49dee7f8d0faffe7e""]"
cycle_673b0eb5e256bb97e3ff,"Data, Measurement & Dashboards","Data, Measurement & Dashboards",1,Insufficient data,,org_3cb3343c153535ee,ind_37478f8fb5db2bb6,Large Community Hospital,Central Region,2024/25,excluded,false,outside primary ED analysis scope,false,1,1,true,false,true,false,"[""intervention_6e794921c9991ca27ab2""]"
cycle_09309da1f820f78af78b,"Data, Measurement & Dashboards","Data, Measurement & Dashboards",1,Insufficient data,,org_3cb3343c153535ee,ind_37478f8fb5db2bb6,Large Community Hospital,Central Region,2025/26,excluded,false,outside primary ED analysis scope,false,1,1,true,false,true,false,"[""intervention_1e33101233f250fae799""]"
cycle_2d0440d129c6d350aa91,Discharge & Transition Planning,Discharge & Transition Planning,1,Insufficient data,,org_3cb3343c153535ee,ind_3fdbfa1beb8cd349,Large Community Hospital,Central Region,2024/25,needs_review,false,outside primary ED analysis scope,false,1,1,true,false,true,false,"[""intervention_12eed234e2c38e6b8096""]"
cycle_d88e0afd6b841996cb84,Technology & Digital Tools,Technology & Digital Tools,1,Insufficient data,,org_3cb3343c153535ee,ind_4974e8be665c4fc2,Large Community Hospital,Central Region,2024/25,needs_review,false,outside primary ED analysis scope,false,1,1,true,false,true,false,"[""intervention_a2a80a6e4a96cad18df6""]"
cycle_5cce30cb0f601c74b007,Training & Education,Training & Education,1,Insufficient data,,org_3cb3343c153535ee,ind_5314e24f5f6e6912,Large Community Hospital,Central Region,2024/25,excluded,false,outside primary ED analysis scope,false,1,1,true,false,true,false,"[""intervention_92e726ca71dde290d8a7""]"
cycle_58f28b2a078ebcdeeaa8,Discharge & Transition Planning,Discharge & Transition Planning,1,Insufficient data,,org_3cb3343c153535ee,ind_5b2e1352e31909e8,Large Community Hospital,Central Region,2025/26,included,false,reporting_period_unverified,false,1,1,true,false,true,false,"[""intervention_5e39ceb00269bcbf6908""]"
cycle_5fd9596ca74a7dc3aa49,"Data, Measurement & Dashboards","Data, Measurement & Dashboards",1,Insufficient data,,org_3cb3343c153535ee,ind_67ee717abbe20a1b,Large Community Hospital,Central Region,2025/26,excluded,false,outside primary ED analysis scope,false,1,1,true,false,true,false,"[""intervention_f0c3234012900f6b4f2c""]"
cycle_c029ea8eacb7b35d4b9f,"Data, Measurement & Dashboards","Data, Measurement & Dashboards",1,Insufficient data,,org_3cb3343c153535ee,ind_ab929661217d048c,Large Community Hospital,Central Region,2024/25,needs_review,false,outside primary ED analysis scope,false,1,1,true,false,true,false,"[""intervention_2f93d2d017c2e8fc5b63""]"
cycle_20b02072b10dcd6f4c7b,"Data, Measurement & Dashboards","Data, Measurement & Dashboards",1,Insufficient data,,org_3cb3343c153535ee,ind_ab929661217d048c,Large Community Hospital,Central Region,2025/26,needs_review,false,outside primary ED analysis scope,false,3,2,false,true,false,true,"[""intervention_59d7010d07e4089ab728""]"
cycle_20b02072b10dcd6f4c7b,Other,Other,1,Insufficient data,,org_3cb3343c153535ee,ind_ab929661217d048c,Large Community Hospital,Central Region,2025/26,needs_review,false,outside primary ED analysis scope,false,3,2,false,true,false,true,"[""intervention_b53bc8115543ef00d6ac""]"
cycle_20b02072b10dcd6f4c7b,Training & Education,Training & Education,1,Insufficient data,,org_3cb3343c153535ee,ind_ab929661217d048c,Large Community Hospital,Central Region,2025/26,needs_review,false,outside primary ED analysis scope,false,3,2,false,true,false,true,"[""intervention_fc5b012485c846b14dc4""]"
cycle_96943058987cb9490c03,Training & Education,Training & Education,1,Insufficient data,,org_3cb3343c153535ee,ind_cb5e52e60cd7fa45,Large Community Hospital,Central Region,2025/26,needs_review,false,outside primary ED analysis scope,false,1,1,true,false,true,false,"[""intervention_7df95287a82e1f53e3da""]"
cycle_857d1b6665a871000cbd,Policy / Standardization,Policy / Standardization,1,Insufficient data,,org_3cb3343c153535ee,ind_cd57992e4ca687e8,Large Community Hospital,Central Region,2024/25,needs_review,false,outside primary ED analysis scope,false,1,1,true,false,true,false,"[""intervention_9ee51096c7ff0cb89d2a""]"
cycle_5fb1f88b6de74e7db43d,Other,Other,1,Insufficient data,,org_3cb3343c153535ee,ind_e7cd9b5804f1c518,Large Community Hospital,Central Region,2025/26,included,false,reporting_period_unverified,false,1,0,true,false,false,true,"[""intervention_5cd6502b4dc9ee79ce13""]"
cycle_faa197558b2fdbc38774,Ambulance / EMS Flow,Ambulance / EMS Flow,1,Insufficient data,,org_3cb3343c153535ee,ind_ee70b593aad3e4f6,Large Community Hospital,Central Region,2025/26,included,false,reporting_period_unverified,false,1,1,true,false,true,false,"[""intervention_e05be6978e15200185d9""]"
cycle_a2a1522233abefc19771,"Data, Measurement & Dashboards","Data, Measurement & Dashboards",1,Insufficient data,,org_3cb3343c153535ee,ind_ef4a9573ead4ee92,Large Community Hospital,Central Region,2024/25,included,false,insufficient first-cycle ED longitudinal coverage,false,1,1,true,false,true,false,"[""intervention_152cba3d08e4cc49c260""]"
cycle_9392381fc9c9e1376fd8,Admission & Transfer Process,Admission & Transfer Process,2,Insufficient data,,org_3cd6a4bd2a94177c,ind_164028b8d003b7ac,Large Community Hospital,West Region,2025/26,needs_review,false,outside primary ED analysis scope,false,2,2,false,true,false,false,"[""intervention_83ca97e385f1411e33b0"",""intervention_c08796ef59d15cc79d4e""]"
cycle_9392381fc9c9e1376fd8,Policy / Standardization,Policy / Standardization,2,Insufficient data,,org_3cd6a4bd2a94177c,ind_164028b8d003b7ac,Large Community Hospital,West Region,2025/26,needs_review,false,outside primary ED analysis scope,false,2,2,false,true,false,false,"[""intervention_55455365f28d60a8c8f7"",""intervention_a50113d8478649d21376""]"
cycle_7e86d152a25d74ac9cc9,Care Coordination & Communication,Care Coordination & Communication,1,Insufficient data,,org_3cd6a4bd2a94177c,ind_40549f91588229ff,Large Community Hospital,West Region,2024/25,needs_review,false,outside primary ED analysis scope,false,2,2,false,true,false,false,"[""intervention_bc18289212207803718d""]"
cycle_7e86d152a25d74ac9cc9,Discharge & Transition Planning,Discharge & Transition Planning,2,Insufficient data,,org_3cd6a4bd2a94177c,ind_40549f91588229ff,Large Community Hospital,West Region,2024/25,needs_review,false,outside primary ED analysis scope,false,2,2,false,true,false,false,"[""intervention_a6b74dadff2e99207ff2"",""intervention_e6a5b99a8ebec996613a""]"
cycle_12664c6329138064f759,Other,Other,1,Insufficient data,,org_3cd6a4bd2a94177c,ind_5314e24f5f6e6912,Large Community Hospital,West Region,2024/25,excluded,false,outside primary ED analysis scope,false,2,1,false,true,false,true,"[""intervention_33b09a0aee645df80d6f""]"
cycle_12664c6329138064f759,Training & Education,Training & Education,2,Insufficient data,,org_3cd6a4bd2a94177c,ind_5314e24f5f6e6912,Large Community Hospital,West Region,2024/25,excluded,false,outside primary ED analysis scope,false,2,1,false,true,false,true,"[""intervention_864e976439344dd979c3"",""intervention_dafe30a3ef917a685688""]"
cycle_488a922bddc417b72f6b,Training & Education,Training & Education,3,Insufficient data,,org_3cd6a4bd2a94177c,ind_5314e24f5f6e6912,Large Community Hospital,West Region,2025/26,excluded,false,outside primary ED analysis scope,false,1,1,true,false,true,false,"[""intervention_72bf93d62c07d770503e"",""intervention_84ecbf619f0b80f58029"",""intervention_cf3362bf03e89a6d7281""]"
cycle_bdebb618cf6ad3c5627c,"Data, Measurement & Dashboards","Data, Measurement & Dashboards",1,Insufficient data,,org_3cd6a4bd2a94177c,ind_67ee717abbe20a1b,Large Community Hospital,West Region,2025/26,excluded,false,outside primary ED analysis scope,false,2,2,false,true,false,false,"[""intervention_359a90f173a12a7a9779""]"
cycle_bdebb618cf6ad3c5627c,Discharge & Transition Planning,Discharge & Transition Planning,3,Insufficient data,,org_3cd6a4bd2a94177c,ind_67ee717abbe20a1b,Large Community Hospital,West Region,2025/26,excluded,false,outside primary ED analysis scope,false,2,2,false,true,false,false,"[""intervention_7aefe5fa8f59a6e4576a"",""intervention_7bfdc3db462e6d379df7"",""intervention_f19ff15f4c5adf5e8914""]"
cycle_cd1bfdb189226fca1211,Admission & Transfer Process,Admission & Transfer Process,1,Insufficient data,,org_3cd6a4bd2a94177c,ind_72d0ae589fea170f,Large Community Hospital,West Region,2024/25,needs_review,false,outside primary ED analysis scope,false,3,3,false,true,false,false,"[""intervention_d10e5aeec27ee771b16b""]"
cycle_cd1bfdb189226fca1211,Discharge & Transition Planning,Discharge & Transition Planning,1,Insufficient data,,org_3cd6a4bd2a94177c,ind_72d0ae589fea170f,Large Community Hospital,West Region,2024/25,needs_review,false,outside primary ED analysis scope,false,3,3,false,true,false,false,"[""intervention_bb4533f75b2499219e72""]"
cycle_cd1bfdb189226fca1211,Training & Education,Training & Education,1,Insufficient data,,org_3cd6a4bd2a94177c,ind_72d0ae589fea170f,Large Community Hospital,West Region,2024/25,needs_review,false,outside primary ED analysis scope,false,3,3,false,true,false,false,"[""intervention_7e22f352f7914eeb2bc0""]"
cycle_30b9966aeba03e1a43e4,Admission & Transfer Process,Admission & Transfer Process,1,Insufficient data,,org_3cd6a4bd2a94177c,ind_97e1c2cf0947da44,Large Community Hospital,West Region,2024/25,needs_review,false,outside primary ED analysis scope,false,3,2,false,true,false,true,"[""intervention_f4072153003c18e6aec7""]"
cycle_30b9966aeba03e1a43e4,Other,Other,3,Insufficient data,,org_3cd6a4bd2a94177c,ind_97e1c2cf0947da44,Large Community Hospital,West Region,2024/25,needs_review,false,outside primary ED analysis scope,false,3,2,false,true,false,true,"[""intervention_65c3a699071b4aede0cd"",""intervention_af9cc46e3dc628f1304e"",""intervention_fe2841a4c923b7afe065""]"
cycle_30b9966aeba03e1a43e4,Policy / Standardization,Policy / Standardization,1,Insufficient data,,org_3cd6a4bd2a94177c,ind_97e1c2cf0947da44,Large Community Hospital,West Region,2024/25,needs_review,false,outside primary ED analysis scope,false,3,2,false,true,false,true,"[""intervention_d94f20b9fa20867fbb78""]"
cycle_b5233c9fe904df0536b8,Admission & Transfer Process,Admission & Transfer Process,1,Insufficient data,,org_3cd6a4bd2a94177c,ind_b733bc180a319bf5,Large Community Hospital,West Region,2025/26,needs_review,false,outside primary ED analysis scope,false,3,2,false,true,false,true,"[""intervention_bae884a7f0e578706c36""]"
cycle_b5233c9fe904df0536b8,Care Coordination & Communication,Care Coordination & Communication,1,Insufficient data,,org_3cd6a4bd2a94177c,ind_b733bc180a319bf5,Large Community Hospital,West Region,2025/26,needs_review,false,outside primary ED analysis scope,false,3,2,false,true,false,true,"[""intervention_1084cc346248b35fadfe""]"
cycle_b5233c9fe904df0536b8,Other,Other,1,Insufficient data,,org_3cd6a4bd2a94177c,ind_b733bc180a319bf5,Large Community Hospital,West Region,2025/26,needs_review,false,outside primary ED analysis scope,false,3,2,false,true,false,true,"[""intervention_420d3af068917739d483""]"
cycle_d1606258faba2ccc009b,Discharge & Transition Planning,Discharge & Transition Planning,1,Insufficient data,,org_3cd6a4bd2a94177c,ind_d026d982f3288a0d,Large Community Hospital,West Region,2024/25,needs_review,false,outside primary ED analysis scope,false,2,1,false,true,false,true,"[""intervention_aaef14b488ad18b39428""]"
cycle_d1606258faba2ccc009b,Other,Other,2,Insufficient data,,org_3cd6a4bd2a94177c,ind_d026d982f3288a0d,Large Community Hospital,West Region,2024/25,needs_review,false,outside primary ED analysis scope,false,2,1,false,true,false,true,"[""intervention_95c92c1a7db7a5ea01f5"",""intervention_e4c3279c17bbcabee6af""]"
cycle_007f854c2332c7c86950,Other,Other,2,Insufficient data,,org_3cd6a4bd2a94177c,ind_d8a172e7fca6417e,Large Community Hospital,West Region,2025/26,needs_review,false,outside primary ED analysis scope,false,3,2,false,true,false,true,"[""intervention_74ae662eba0fdc8d6ef1"",""intervention_d0c80c3992168f3283fd""]"
cycle_007f854c2332c7c86950,Policy / Standardization,Policy / Standardization,1,Insufficient data,,org_3cd6a4bd2a94177c,ind_d8a172e7fca6417e,Large Community Hospital,West Region,2025/26,needs_review,false,outside primary ED analysis scope,false,3,2,false,true,false,true,"[""intervention_596e7af3c7d6eaee5742""]"
cycle_007f854c2332c7c86950,Technology & Digital Tools,Technology & Digital Tools,1,Insufficient data,,org_3cd6a4bd2a94177c,ind_d8a172e7fca6417e,Large Community Hospital,West Region,2025/26,needs_review,false,outside primary ED analysis scope,false,3,2,false,true,false,true,"[""intervention_bcacc9d05e3ee5f2dae3""]"
cycle_3dc0893df16bb612c65a,Emergency Department Workflow,Emergency Department Workflow,1,Insufficient data,,org_3cd6a4bd2a94177c,ind_e7cd9b5804f1c518,Large Community Hospital,West Region,2025/26,included,false,reporting_period_unverified,false,3,2,false,true,false,true,"[""intervention_be64176cf1fa2d368eac""]"
cycle_3dc0893df16bb612c65a,Other,Other,1,Insufficient data,,org_3cd6a4bd2a94177c,ind_e7cd9b5804f1c518,Large Community Hospital,West Region,2025/26,included,false,reporting_period_unverified,false,3,2,false,true,false,true,"[""intervention_baabd274fc7b3e81a533""]"
cycle_3dc0893df16bb612c65a,Patient Streaming / Triage,Patient Streaming / Triage,1,Insufficient data,,org_3cd6a4bd2a94177c,ind_e7cd9b5804f1c518,Large Community Hospital,West Region,2025/26,included,false,reporting_period_unverified,false,3,2,false,true,false,true,"[""intervention_2588c44b402482f894f3""]"
cycle_3e04ea71726a4f7d5b05,Admission & Transfer Process,Admission & Transfer Process,1,Insufficient data,,org_3cd6a4bd2a94177c,ind_ee70b593aad3e4f6,Large Community Hospital,West Region,2025/26,included,false,reporting_period_unverified,false,3,3,false,true,false,false,"[""intervention_c5ef385b4b3d6482c71b""]"
cycle_3e04ea71726a4f7d5b05,Ambulance / EMS Flow,Ambulance / EMS Flow,1,Insufficient data,,org_3cd6a4bd2a94177c,ind_ee70b593aad3e4f6,Large Community Hospital,West Region,2025/26,included,false,reporting_period_unverified,false,3,3,false,true,false,false,"[""intervention_e56be1fee1a798eb9997""]"
cycle_3e04ea71726a4f7d5b05,Emergency Department Workflow,Emergency Department Workflow,1,Insufficient data,,org_3cd6a4bd2a94177c,ind_ee70b593aad3e4f6,Large Community Hospital,West Region,2025/26,included,false,reporting_period_unverified,false,3,3,false,true,false,false,"[""intervention_f49a43963e285d64034e""]"
cycle_37e8be1b8007522064a0,Care Coordination & Communication,Care Coordination & Communication,1,Insufficient data,,org_3cd6a4bd2a94177c,ind_ef4a9573ead4ee92,Large Community Hospital,West Region,2024/25,included,false,insufficient first-cycle ED longitudinal coverage,false,2,2,false,true,false,false,"[""intervention_7d3a213a657146034a7a""]"
cycle_37e8be1b8007522064a0,Discharge & Transition Planning,Discharge & Transition Planning,2,Insufficient data,,org_3cd6a4bd2a94177c,ind_ef4a9573ead4ee92,Large Community Hospital,West Region,2024/25,included,false,insufficient first-cycle ED longitudinal coverage,false,2,2,false,true,false,false,"[""intervention_442c9d9316903a07b135"",""intervention_acfa9893c6181fd58107""]"
cycle_f469aba4bc00f2308f25,Bed & Capacity Management,Bed & Capacity Management,1,Insufficient data,,org_3cd6a4bd2a94177c,ind_ef4a9573ead4ee92,Large Community Hospital,West Region,2025/26,included,false,unit_unverified; population_unverified; reporting_period_unverified; historical_match_unavailable_or_ambiguous,false,3,2,false,true,false,true,"[""intervention_288351e29e219a3b082d""]"
cycle_f469aba4bc00f2308f25,Discharge & Transition Planning,Discharge & Transition Planning,2,Insufficient data,,org_3cd6a4bd2a94177c,ind_ef4a9573ead4ee92,Large Community Hospital,West Region,2025/26,included,false,unit_unverified; population_unverified; reporting_period_unverified; historical_match_unavailable_or_ambiguous,false,3,2,false,true,false,true,"[""intervention_347ad83abae1ac91907a"",""intervention_9465f714133b7f99914c""]"
cycle_f469aba4bc00f2308f25,Other,Other,1,Insufficient data,,org_3cd6a4bd2a94177c,ind_ef4a9573ead4ee92,Large Community Hospital,West Region,2025/26,included,false,unit_unverified; population_unverified; reporting_period_unverified; historical_match_unavailable_or_ambiguous,false,3,2,false,true,false,true,"[""intervention_64641a38e8901f024d68""]"
cycle_c75acecf00ff47719d17,Admission & Transfer Process,Admission & Transfer Process,1,Insufficient data,,org_3d2e95a21794e4d1,ind_05a48d30be54f375,Large Community Hospital,East Region,2024/25,needs_review,false,outside primary ED analysis scope,false,2,2,false,true,false,false,"[""intervention_14fc6660541fe30718df""]"
cycle_c75acecf00ff47719d17,Technology & Digital Tools,Technology & Digital Tools,2,Insufficient data,,org_3d2e95a21794e4d1,ind_05a48d30be54f375,Large Community Hospital,East Region,2024/25,needs_review,false,outside primary ED analysis scope,false,2,2,false,true,false,false,"[""intervention_0671f98e20cddddaac9d"",""intervention_e5a277d364a058e20cc8""]"
cycle_c6b9bd307b7ae184c7e6,Admission & Transfer Process,Admission & Transfer Process,1,Insufficient data,,org_3d2e95a21794e4d1,ind_05a48d30be54f375,Large Community Hospital,East Region,2025/26,needs_review,false,outside primary ED analysis scope,false,2,2,false,true,false,false,"[""intervention_edd351ac0bb4ae3a3f8d""]"
cycle_c6b9bd307b7ae184c7e6,Technology & Digital Tools,Technology & Digital Tools,2,Insufficient data,,org_3d2e95a21794e4d1,ind_05a48d30be54f375,Large Community Hospital,East Region,2025/26,needs_review,false,outside primary ED analysis scope,false,2,2,false,true,false,false,"[""intervention_79463106a24bba2912c3"",""intervention_b8a197f759ab23001cb8""]"
cycle_79194efe2045c1f58583,Other,Other,1,Insufficient data,,org_3d2e95a21794e4d1,ind_0ff88600653402b9,Large Community Hospital,East Region,2024/25,needs_review,false,outside primary ED analysis scope,false,4,3,false,true,false,true,"[""intervention_8a9320a3294bed958fff""]"
cycle_79194efe2045c1f58583,Safety & Risk Prevention,Safety & Risk Prevention,1,Insufficient data,,org_3d2e95a21794e4d1,ind_0ff88600653402b9,Large Community Hospital,East Region,2024/25,needs_review,false,outside primary ED analysis scope,false,4,3,false,true,false,true,"[""intervention_d44d44a847bd77888efd""]"
cycle_79194efe2045c1f58583,Technology & Digital Tools,Technology & Digital Tools,1,Insufficient data,,org_3d2e95a21794e4d1,ind_0ff88600653402b9,Large Community Hospital,East Region,2024/25,needs_review,false,outside primary ED analysis scope,false,4,3,false,true,false,true,"[""intervention_d6e36a591a570479a32e""]"
cycle_79194efe2045c1f58583,Training & Education,Training & Education,1,Insufficient data,,org_3d2e95a21794e4d1,ind_0ff88600653402b9,Large Community Hospital,East Region,2024/25,needs_review,false,outside primary ED analysis scope,false,4,3,false,true,false,true,"[""intervention_fe02de62867ad80c57f0""]"
cycle_fe96b552bdc38073de05,Other,Other,1,Insufficient data,,org_3d2e95a21794e4d1,ind_37478f8fb5db2bb6,Large Community Hospital,East Region,2024/25,excluded,false,outside primary ED analysis scope,false,2,1,false,true,false,true,"[""intervention_d14bb72be78d045a47ba""]"
cycle_fe96b552bdc38073de05,Training & Education,Training & Education,1,Insufficient data,,org_3d2e95a21794e4d1,ind_37478f8fb5db2bb6,Large Community Hospital,East Region,2024/25,excluded,false,outside primary ED analysis scope,false,2,1,false,true,false,true,"[""intervention_80f6c7bf3a1d71fd09ab""]"
cycle_71214787ecce904ff1ac,Other,Other,1,Insufficient data,,org_3d2e95a21794e4d1,ind_39093bb6ae0fe491,Large Community Hospital,East Region,2024/25,needs_review,false,outside primary ED analysis scope,false,2,1,false,true,false,true,"[""intervention_18bbccbe1d43c19f71f9""]"
cycle_71214787ecce904ff1ac,Training & Education,Training & Education,2,Insufficient data,,org_3d2e95a21794e4d1,ind_39093bb6ae0fe491,Large Community Hospital,East Region,2024/25,needs_review,false,outside primary ED analysis scope,false,2,1,false,true,false,true,"[""intervention_4e109801372873fd4101"",""intervention_c6fa910a84730cc4403c""]"
cycle_6215c0170b008e9a2d8b,Other,Other,2,Insufficient data,,org_3d2e95a21794e4d1,ind_532940f3d81baf4c,Large Community Hospital,East Region,2024/25,needs_review,false,outside primary ED analysis scope,false,1,0,true,false,false,true,"[""intervention_3c9b25dc2450214233f9"",""intervention_5f87ab00ac9b6d4fd99f""]"
cycle_436ac2e757a37c4d2f5a,"Data, Measurement & Dashboards","Data, Measurement & Dashboards",3,Insufficient data,,org_3d2e95a21794e4d1,ind_6aace62e087e4814,Large Community Hospital,East Region,2024/25,needs_review,false,outside primary ED analysis scope,false,2,1,false,true,false,true,"[""intervention_11bfb4e69caa52b7936a"",""intervention_7b199a6f090be58e8d86"",""intervention_b5090e979fe8df51056f""]"
cycle_436ac2e757a37c4d2f5a,Other,Other,1,Insufficient data,,org_3d2e95a21794e4d1,ind_6aace62e087e4814,Large Community Hospital,East Region,2024/25,needs_review,false,outside primary ED analysis scope,false,2,1,false,true,false,true,"[""intervention_9bd36b800c549ce67eb1""]"
cycle_d7010e0306dfdb88fb71,"Data, Measurement & Dashboards","Data, Measurement & Dashboards",2,Insufficient data,,org_3d2e95a21794e4d1,ind_8c3adc402724f036,Large Community Hospital,East Region,2025/26,needs_review,false,outside primary ED analysis scope,false,2,1,false,true,false,true,"[""intervention_30a0480f303c518be3a3"",""intervention_df23cb68f3751e207151""]"
cycle_d7010e0306dfdb88fb71,Other,Other,1,Insufficient data,,org_3d2e95a21794e4d1,ind_8c3adc402724f036,Large Community Hospital,East Region,2025/26,needs_review,false,outside primary ED analysis scope,false,2,1,false,true,false,true,"[""intervention_6621a37f7038fff20da8""]"
cycle_20d01f746d5731984ba5,Other,Other,2,Insufficient data,,org_3d2e95a21794e4d1,ind_8c6a3079a5927165,Large Community Hospital,East Region,2025/26,needs_review,false,outside primary ED analysis scope,false,1,0,true,false,false,true,"[""intervention_41a91d11819f6269546d"",""intervention_f08778dc3de1e1e67ea0""]"
cycle_3ea03105927051f45574,Training & Education,Training & Education,3,Insufficient data,,org_3d2e95a21794e4d1,ind_9de2a425e8e615ad,Large Community Hospital,East Region,2025/26,needs_review,false,outside primary ED analysis scope,false,1,1,true,false,true,false,"[""intervention_c9a7bc9e5d75e52866b2"",""intervention_cea131a056277fd62939"",""intervention_df68635e47c72281f322""]"
cycle_c76d196431b621608dca,Policy / Standardization,Policy / Standardization,2,Insufficient data,,org_3d2e95a21794e4d1,ind_aec04c989ddc0624,Large Community Hospital,East Region,2024/25,needs_review,false,outside primary ED analysis scope,false,1,1,true,false,true,false,"[""intervention_398fa51e2a31fb7a538c"",""intervention_8a1f810d8c2e74771b8f""]"
cycle_28ec61c58811c7f93f57,Discharge & Transition Planning,Discharge & Transition Planning,1,Insufficient data,,org_3d2e95a21794e4d1,ind_cd57992e4ca687e8,Large Community Hospital,East Region,2024/25,needs_review,false,outside primary ED analysis scope,false,3,2,false,true,false,true,"[""intervention_e82b1177b9de91437f54""]"
cycle_28ec61c58811c7f93f57,Other,Other,1,Insufficient data,,org_3d2e95a21794e4d1,ind_cd57992e4ca687e8,Large Community Hospital,East Region,2024/25,needs_review,false,outside primary ED analysis scope,false,3,2,false,true,false,true,"[""intervention_38c7af0ddd482cb51ab8""]"
cycle_28ec61c58811c7f93f57,Training & Education,Training & Education,1,Insufficient data,,org_3d2e95a21794e4d1,ind_cd57992e4ca687e8,Large Community Hospital,East Region,2024/25,needs_review,false,outside primary ED analysis scope,false,3,2,false,true,false,true,"[""intervention_b217691282ca238e2ed0""]"
cycle_6735cbef0bed0c35332f,"Data, Measurement & Dashboards","Data, Measurement & Dashboards",1,Insufficient data,,org_3d2e95a21794e4d1,ind_d72fa6caa1d2a469,Large Community Hospital,East Region,2025/26,needs_review,false,outside primary ED analysis scope,false,3,2,false,true,false,true,"[""intervention_9f6ccc88e75d5308cf71""]"
cycle_6735cbef0bed0c35332f,Other,Other,1,Insufficient data,,org_3d2e95a21794e4d1,ind_d72fa6caa1d2a469,Large Community Hospital,East Region,2025/26,needs_review,false,outside primary ED analysis scope,false,3,2,false,true,false,true,"[""intervention_482a6d1a661e92fb79aa""]"
cycle_6735cbef0bed0c35332f,Training & Education,Training & Education,1,Insufficient data,,org_3d2e95a21794e4d1,ind_d72fa6caa1d2a469,Large Community Hospital,East Region,2025/26,needs_review,false,outside primary ED analysis scope,false,3,2,false,true,false,true,"[""intervention_743cc7809ec7e3b544fb""]"
cycle_4c207b18256f2be14e93,Other,Other,2,Insufficient data,,org_3d2e95a21794e4d1,ind_dea6c8e30707ce57,Large Community Hospital,East Region,2024/25,needs_review,false,outside primary ED analysis scope,false,1,0,true,false,false,true,"[""intervention_44faef549736ccce4114"",""intervention_4ee9bd8cbc3490b03f8f""]"
cycle_56661c1f784fe9b652fa,Other,Other,2,Insufficient data,,org_3d2e95a21794e4d1,ind_e7cd9b5804f1c518,Large Community Hospital,East Region,2025/26,included,false,reporting_period_unverified,false,2,1,false,true,false,true,"[""intervention_63a2c5b7c331b421176b"",""intervention_e4ada928ea7f7d82fdd5""]"
cycle_56661c1f784fe9b652fa,Patient Streaming / Triage,Patient Streaming / Triage,1,Insufficient data,,org_3d2e95a21794e4d1,ind_e7cd9b5804f1c518,Large Community Hospital,East Region,2025/26,included,false,reporting_period_unverified,false,2,1,false,true,false,true,"[""intervention_60f88459b658d349d85c""]"
cycle_a8d3eb0a2b1da40fabe6,"Data, Measurement & Dashboards","Data, Measurement & Dashboards",1,Insufficient data,,org_3d2e95a21794e4d1,ind_edec904dd0aa6d7a,Large Community Hospital,East Region,2024/25,needs_review,false,outside primary ED analysis scope,false,2,1,false,true,false,true,"[""intervention_ce2bc859e6dab90c721f""]"
cycle_a8d3eb0a2b1da40fabe6,Other,Other,2,Insufficient data,,org_3d2e95a21794e4d1,ind_edec904dd0aa6d7a,Large Community Hospital,East Region,2024/25,needs_review,false,outside primary ED analysis scope,false,2,1,false,true,false,true,"[""intervention_0bab75dc9038befd7890"",""intervention_f466010cc34755df6997""]"
cycle_77bb97152cb7d03cc700,"Data, Measurement & Dashboards","Data, Measurement & Dashboards",1,Insufficient data,,org_3e299976322b1000,ind_44c2303f111784c6,Large Community Hospital,Central Region,2025/26,needs_review,false,outside primary ED analysis scope,false,3,2,false,true,false,true,"[""intervention_c8b385e0d01291c6b3f5""]"
cycle_77bb97152cb7d03cc700,Other,Other,1,Insufficient data,,org_3e299976322b1000,ind_44c2303f111784c6,Large Community Hospital,Central Region,2025/26,needs_review,false,outside primary ED analysis scope,false,3,2,false,true,false,true,"[""intervention_c490def0c7de32bace9d""]"
cycle_77bb97152cb7d03cc700,Training & Education,Training & Education,1,Insufficient data,,org_3e299976322b1000,ind_44c2303f111784c6,Large Community Hospital,Central Region,2025/26,needs_review,false,outside primary ED analysis scope,false,3,2,false,true,false,true,"[""intervention_1101304d38b29193bafa""]"
cycle_8de570be47ee0f8de19e,Other,Other,1,Insufficient data,,org_3e299976322b1000,ind_47a08018e0b284e3,Large Community Hospital,Central Region,2025/26,needs_review,false,outside primary ED analysis scope,false,2,1,false,true,false,true,"[""intervention_d0d6f518386e3598d0d4""]"
cycle_8de570be47ee0f8de19e,Training & Education,Training & Education,2,Insufficient data,,org_3e299976322b1000,ind_47a08018e0b284e3,Large Community Hospital,Central Region,2025/26,needs_review,false,outside primary ED analysis scope,false,2,1,false,true,false,true,"[""intervention_334384e010df3ad5dfab"",""intervention_57daf6fec198b59a492c""]"
cycle_6cd6d798112e47f8b780,Training & Education,Training & Education,1,Insufficient data,,org_3e299976322b1000,ind_5314e24f5f6e6912,Large Community Hospital,Central Region,2024/25,excluded,false,outside primary ED analysis scope,false,1,1,true,false,true,false,"[""intervention_807c167ebb05ead81522""]"
cycle_42628b2d4cc81d9f5d15,Other,Other,1,Insufficient data,,org_3e299976322b1000,ind_699761ad18c62e59,Large Community Hospital,Central Region,2025/26,needs_review,false,outside primary ED analysis scope,false,1,0,true,false,false,true,"[""intervention_6f669fd47e92277da6a0""]"
cycle_b1d7fcc8e8781de9738a,Other,Other,1,Insufficient data,,org_3e299976322b1000,ind_6f2ea74f30b39dc3,Large Community Hospital,Central Region,2024/25,needs_review,false,outside primary ED analysis scope,false,1,0,true,false,false,true,"[""intervention_6c086dd1429ff904081c""]"
cycle_f8a84e4b498a4d0b6b6c,Care Coordination & Communication,Care Coordination & Communication,1,Insufficient data,,org_3e299976322b1000,ind_74f60f70ac51d62f,Large Community Hospital,Central Region,2024/25,needs_review,false,outside primary ED analysis scope,false,1,1,true,false,true,false,"[""intervention_6e65caba9a844075433e""]"
cycle_e394128c4256f3b28e78,Care Coordination & Communication,Care Coordination & Communication,2,Insufficient data,,org_3e299976322b1000,ind_74f6f98f9641e372,Large Community Hospital,Central Region,2024/25,needs_review,false,outside primary ED analysis scope,false,1,1,true,false,true,false,"[""intervention_50826830c4e5d0cf5016"",""intervention_7137288a45da245ffb6d""]"
cycle_439e459a6778bc804451,Other,Other,1,Insufficient data,,org_3e299976322b1000,ind_7fc5c7fcbc486130,Large Community Hospital,Central Region,2025/26,needs_review,false,outside primary ED analysis scope,false,2,1,false,true,false,true,"[""intervention_0411a90f354566bd5e0c""]"
cycle_439e459a6778bc804451,Training & Education,Training & Education,2,Insufficient data,,org_3e299976322b1000,ind_7fc5c7fcbc486130,Large Community Hospital,Central Region,2025/26,needs_review,false,outside primary ED analysis scope,false,2,1,false,true,false,true,"[""intervention_22a11b4da5fe6312e9eb"",""intervention_ec270e578c7ff7ac7b90""]"
cycle_6ffb3e312f273a170b4e,Other,Other,1,Insufficient data,,org_3e299976322b1000,ind_8b646b702cd8552b,Large Community Hospital,Central Region,2024/25,needs_review,false,outside primary ED analysis scope,false,3,2,false,true,false,true,"[""intervention_d5d290e2bf84a8dded01""]"
cycle_6ffb3e312f273a170b4e,Safety & Risk Prevention,Safety & Risk Prevention,1,Insufficient data,,org_3e299976322b1000,ind_8b646b702cd8552b,Large Community Hospital,Central Region,2024/25,needs_review,false,outside primary ED analysis scope,false,3,2,false,true,false,true,"[""intervention_2fb16003a3c0d88ce798""]"
cycle_6ffb3e312f273a170b4e,Training & Education,Training & Education,1,Insufficient data,,org_3e299976322b1000,ind_8b646b702cd8552b,Large Community Hospital,Central Region,2024/25,needs_review,false,outside primary ED analysis scope,false,3,2,false,true,false,true,"[""intervention_3d27dc9fccd0adb9c6cc""]"
cycle_5cf3c07eda41e7df3b7e,Discharge & Transition Planning,Discharge & Transition Planning,2,Insufficient data,,org_3e299976322b1000,ind_91982437d751f183,Large Community Hospital,Central Region,2024/25,needs_review,false,outside primary ED analysis scope,false,1,1,true,false,true,false,"[""intervention_c7164864d07cd5dcb1b8"",""intervention_fe3c0d6fa99a765e7df1""]"
cycle_b3f95460bb172e7c6611,"Data, Measurement & Dashboards","Data, Measurement & Dashboards",1,Insufficient data,,org_3e299976322b1000,ind_b47dea8c00f05cd7,Large Community Hospital,Central Region,2025/26,needs_review,false,outside primary ED analysis scope,false,4,3,false,true,false,true,"[""intervention_0b8dc3bd74af5a099cc6""]"
cycle_b3f95460bb172e7c6611,Other,Other,1,Insufficient data,,org_3e299976322b1000,ind_b47dea8c00f05cd7,Large Community Hospital,Central Region,2025/26,needs_review,false,outside primary ED analysis scope,false,4,3,false,true,false,true,"[""intervention_89f89ebff5bef94fb1c1""]"
cycle_b3f95460bb172e7c6611,Policy / Standardization,Policy / Standardization,1,Insufficient data,,org_3e299976322b1000,ind_b47dea8c00f05cd7,Large Community Hospital,Central Region,2025/26,needs_review,false,outside primary ED analysis scope,false,4,3,false,true,false,true,"[""intervention_ca9458a20ed646446c39""]"
cycle_b3f95460bb172e7c6611,Training & Education,Training & Education,1,Insufficient data,,org_3e299976322b1000,ind_b47dea8c00f05cd7,Large Community Hospital,Central Region,2025/26,needs_review,false,outside primary ED analysis scope,false,4,3,false,true,false,true,"[""intervention_39233943da9a3c5ed16c""]"
cycle_9f27461732549098aa52,Other,Other,1,Insufficient data,,org_3e299976322b1000,ind_cb9e50114b19da8c,Large Community Hospital,Central Region,2024/25,needs_review,false,outside primary ED analysis scope,false,2,1,false,true,false,true,"[""intervention_9f53a8efccbf4c41fa3e""]"
cycle_9f27461732549098aa52,Safety & Risk Prevention,Safety & Risk Prevention,1,Insufficient data,,org_3e299976322b1000,ind_cb9e50114b19da8c,Large Community Hospital,Central Region,2024/25,needs_review,false,outside primary ED analysis scope,false,2,1,false,true,false,true,"[""intervention_438e1f2c73d076a8bcb1""]"
cycle_c8b354fd746308d150db,Discharge & Transition Planning,Discharge & Transition Planning,2,Insufficient data,,org_3e299976322b1000,ind_ef4a9573ead4ee92,Large Community Hospital,Central Region,2025/26,included,false,unit_unverified; population_unverified; reporting_period_unverified; historical_match_unavailable_or_ambiguous,false,2,1,false,true,false,true,"[""intervention_91d1c875ef56e477e8e3"",""intervention_fcba2439f1a207fa5bfc""]"
cycle_c8b354fd746308d150db,Other,Other,1,Insufficient data,,org_3e299976322b1000,ind_ef4a9573ead4ee92,Large Community Hospital,Central Region,2025/26,included,false,unit_unverified; population_unverified; reporting_period_unverified; historical_match_unavailable_or_ambiguous,false,2,1,false,true,false,true,"[""intervention_7e80cc10be9cd4b39ac2""]"
cycle_e3336828f596ebce5189,Care Coordination & Communication,Care Coordination & Communication,1,Insufficient data,,org_3e9e9513663bca8e,ind_1c014a0f648b42d7,Large Community Hospital,West Region,2024/25,needs_review,false,outside primary ED analysis scope,false,1,1,true,false,true,false,"[""intervention_e88614264b3bfd11e502""]"
cycle_beae6edac9540d513cfd,Training & Education,Training & Education,1,Insufficient data,,org_3e9e9513663bca8e,ind_1cef6d95f29c6ae3,Large Community Hospital,West Region,2025/26,needs_review,false,outside primary ED analysis scope,false,1,1,true,false,true,false,"[""intervention_eb555dbf7d0831a40d49""]"
cycle_1c481dcd949b33737bdc,Training & Education,Training & Education,1,Insufficient data,,org_3e9e9513663bca8e,ind_22c28b7ca05cf5a8,Large Community Hospital,West Region,2024/25,needs_review,false,outside primary ED analysis scope,false,1,1,true,false,true,false,"[""intervention_8404d80c160736c25f73""]"
cycle_57bddc73ccd669b8a70d,Other,Other,3,Insufficient data,,org_3e9e9513663bca8e,ind_328d61e47925eb45,Large Community Hospital,West Region,2024/25,needs_review,false,outside primary ED analysis scope,false,1,0,true,false,false,true,"[""intervention_1545ea725800afb2348c"",""intervention_3ade98b1ffc744cf53e6"",""intervention_6f1cbff6999d84593de2""]"
cycle_25763b90c4833f1667fe,Other,Other,3,Insufficient data,,org_3e9e9513663bca8e,ind_5118efd1dfc44d07,Large Community Hospital,West Region,2025/26,needs_review,false,outside primary ED analysis scope,false,1,0,true,false,false,true,"[""intervention_357c116831cfdb162dca"",""intervention_809f2dd4ff5a4aaa72a5"",""intervention_ccf9d98d4bfce9161467""]"
cycle_95fbc59c889a5a99d0bd,Training & Education,Training & Education,1,Insufficient data,,org_3e9e9513663bca8e,ind_5314e24f5f6e6912,Large Community Hospital,West Region,2024/25,excluded,false,outside primary ED analysis scope,false,1,1,true,false,true,false,"[""intervention_c1d4cd959b333ddf074d""]"
cycle_903d28446a0d58503178,Patient Streaming / Triage,Patient Streaming / Triage,1,Insufficient data,,org_3e9e9513663bca8e,ind_612d8bdcdbbeb445,Large Community Hospital,West Region,2025/26,needs_review,false,outside primary ED analysis scope,false,1,1,true,false,true,false,"[""intervention_5c14bb7d9e15e74958b9""]"
cycle_9a1c3bb6c65707258259,"Data, Measurement & Dashboards","Data, Measurement & Dashboards",1,Insufficient data,,org_3e9e9513663bca8e,ind_62f152570f0630d3,Large Community Hospital,West Region,2024/25,needs_review,false,outside primary ED analysis scope,false,1,1,true,false,true,false,"[""intervention_61cd6ea6dc0abbf46b5d""]"
cycle_906bf35baaa5a76cde45,"Data, Measurement & Dashboards","Data, Measurement & Dashboards",1,Insufficient data,,org_3e9e9513663bca8e,ind_68892529abac045b,Large Community Hospital,West Region,2024/25,needs_review,false,outside primary ED analysis scope,false,2,2,false,true,false,false,"[""intervention_360bd4a8e0cafa3d3bdb""]"
cycle_906bf35baaa5a76cde45,Policy / Standardization,Policy / Standardization,1,Insufficient data,,org_3e9e9513663bca8e,ind_68892529abac045b,Large Community Hospital,West Region,2024/25,needs_review,false,outside primary ED analysis scope,false,2,2,false,true,false,false,"[""intervention_d018f78dbb48c6fa5c01""]"
cycle_b78b9de93b6f446d03af,Discharge & Transition Planning,Discharge & Transition Planning,1,Insufficient data,,org_3e9e9513663bca8e,ind_727b0e9c19403624,Large Community Hospital,West Region,2024/25,needs_review,false,outside primary ED analysis scope,false,1,1,true,false,true,false,"[""intervention_6de2b4c3f2348d8cd51f""]"
cycle_7e75967d6d86103aacbd,Training & Education,Training & Education,1,Insufficient data,,org_3e9e9513663bca8e,ind_942c5dfd90dd7b62,Large Community Hospital,West Region,2025/26,needs_review,false,outside primary ED analysis scope,false,1,1,true,false,true,false,"[""intervention_c580a49577bd51d655d9""]"
cycle_0bf29b5dd41a467e2797,Bed & Capacity Management,Bed & Capacity Management,1,Insufficient data,,org_3e9e9513663bca8e,ind_a6faa059574cc371,Large Community Hospital,West Region,2025/26,needs_review,false,outside primary ED analysis scope,false,3,3,false,true,false,false,"[""intervention_6de883f71b917e4e8695""]"
cycle_0bf29b5dd41a467e2797,Care Coordination & Communication,Care Coordination & Communication,1,Insufficient data,,org_3e9e9513663bca8e,ind_a6faa059574cc371,Large Community Hospital,West Region,2025/26,needs_review,false,outside primary ED analysis scope,false,3,3,false,true,false,false,"[""intervention_46eb1bc37e15c1b8cd56""]"
cycle_0bf29b5dd41a467e2797,Discharge & Transition Planning,Discharge & Transition Planning,1,Insufficient data,,org_3e9e9513663bca8e,ind_a6faa059574cc371,Large Community Hospital,West Region,2025/26,needs_review,false,outside primary ED analysis scope,false,3,3,false,true,false,false,"[""intervention_54e3f6b1a8a7dbd8207b""]"
cycle_ee2dd437346700b1c825,Training & Education,Training & Education,1,Insufficient data,,org_3e9e9513663bca8e,ind_c842a7453ba45de7,Large Community Hospital,West Region,2024/25,needs_review,false,outside primary ED analysis scope,false,1,1,true,false,true,false,"[""intervention_2238e042959d096ac273""]"
cycle_8b75bafb2c888e280093,Other,Other,1,Insufficient data,,org_3e9e9513663bca8e,ind_f2711036873ba942,Large Community Hospital,West Region,2025/26,needs_review,false,outside primary ED analysis scope,false,1,0,true,false,false,true,"[""intervention_212c038f9510510b080d""]"
cycle_c15d4a6718575654aa56,"Data, Measurement & Dashboards","Data, Measurement & Dashboards",1,Insufficient data,,org_436e0d774e407c38,ind_0646035afd9bba7c,Small Hospital,North East Region,2024/25,excluded,false,outside primary ED analysis scope,false,2,2,false,true,false,false,"[""intervention_f76ed6a4d3231963a5fe""]"
cycle_c15d4a6718575654aa56,Technology & Digital Tools,Technology & Digital Tools,1,Insufficient data,,org_436e0d774e407c38,ind_0646035afd9bba7c,Small Hospital,North East Region,2024/25,excluded,false,outside primary ED analysis scope,false,2,2,false,true,false,false,"[""intervention_90201a67254faf386c0b""]"
cycle_4c2402816496d7b685b0,Care Coordination & Communication,Care Coordination & Communication,1,Insufficient data,,org_436e0d774e407c38,ind_06590f50f65eac7e,Small Hospital,North East Region,2025/26,included,false,unit_unverified; population_unverified; reporting_period_unverified; historical_match_unavailable_or_ambiguous,false,3,3,false,true,false,false,"[""intervention_19f13a8698cae281480d""]"
cycle_4c2402816496d7b685b0,Staffing & Scheduling,Staffing & Scheduling,1,Insufficient data,,org_436e0d774e407c38,ind_06590f50f65eac7e,Small Hospital,North East Region,2025/26,included,false,unit_unverified; population_unverified; reporting_period_unverified; historical_match_unavailable_or_ambiguous,false,3,3,false,true,false,false,"[""intervention_ec530ae9ef45487a21c7""]"
cycle_4c2402816496d7b685b0,Technology & Digital Tools,Technology & Digital Tools,1,Insufficient data,,org_436e0d774e407c38,ind_06590f50f65eac7e,Small Hospital,North East Region,2025/26,included,false,unit_unverified; population_unverified; reporting_period_unverified; historical_match_unavailable_or_ambiguous,false,3,3,false,true,false,false,"[""intervention_833aec270d25e3dae7fc""]"
cycle_fe47f71f1c20758094eb,"Data, Measurement & Dashboards","Data, Measurement & Dashboards",1,Insufficient data,,org_436e0d774e407c38,ind_295a44ad6376a1f3,Small Hospital,North East Region,2025/26,needs_review,false,outside primary ED analysis scope,false,2,2,false,true,false,false,"[""intervention_9f13f138be4e1c3ebc36""]"
cycle_fe47f71f1c20758094eb,Training & Education,Training & Education,1,Insufficient data,,org_436e0d774e407c38,ind_295a44ad6376a1f3,Small Hospital,North East Region,2025/26,needs_review,false,outside primary ED analysis scope,false,2,2,false,true,false,false,"[""intervention_580bbeca06e4ccbc0e09""]"
cycle_54040c71eecee170c959,Care Coordination & Communication,Care Coordination & Communication,1,Insufficient data,,org_436e0d774e407c38,ind_37478f8fb5db2bb6,Small Hospital,North East Region,2024/25,excluded,false,outside primary ED analysis scope,false,2,1,false,true,false,true,"[""intervention_0da3764bc8cabb159767""]"
cycle_54040c71eecee170c959,Other,Other,3,Insufficient data,,org_436e0d774e407c38,ind_37478f8fb5db2bb6,Small Hospital,North East Region,2024/25,excluded,false,outside primary ED analysis scope,false,2,1,false,true,false,true,"[""intervention_5c2a19cebb41faae1b9f"",""intervention_6d4b3f08b93cf5b492ff"",""intervention_736a8ad04b76d1c08326""]"
cycle_c55c2eb145f922ed7c8b,Policy / Standardization,Policy / Standardization,1,Insufficient data,,org_436e0d774e407c38,ind_37478f8fb5db2bb6,Small Hospital,North East Region,2025/26,excluded,false,outside primary ED analysis scope,false,2,2,false,true,false,false,"[""intervention_d3a709220c860907b1ec""]"
cycle_c55c2eb145f922ed7c8b,Safety & Risk Prevention,Safety & Risk Prevention,2,Insufficient data,,org_436e0d774e407c38,ind_37478f8fb5db2bb6,Small Hospital,North East Region,2025/26,excluded,false,outside primary ED analysis scope,false,2,2,false,true,false,false,"[""intervention_3cbd99eb3e4d9f03bd10"",""intervention_e252a942845a925cebd3""]"
cycle_a2e16d7a5d62caffa303,Training & Education,Training & Education,1,Insufficient data,,org_436e0d774e407c38,ind_5314e24f5f6e6912,Small Hospital,North East Region,2024/25,excluded,false,outside primary ED analysis scope,false,1,1,true,false,true,false,"[""intervention_61f2e69198ef1ebe26c3""]"
cycle_82d9248f27e32a4e3d10,Discharge & Transition Planning,Discharge & Transition Planning,2,Insufficient data,,org_436e0d774e407c38,ind_b801727e63789dea,Small Hospital,North East Region,2024/25,needs_review,false,outside primary ED analysis scope,false,1,1,true,false,true,false,"[""intervention_875c4faeabbd69ed8b8f"",""intervention_cfb275400cabc1879b75""]"
cycle_93efc22a591e5ae8aafd,Admission & Transfer Process,Admission & Transfer Process,1,Insufficient data,,org_436e0d774e407c38,ind_cd57992e4ca687e8,Small Hospital,North East Region,2024/25,needs_review,false,outside primary ED analysis scope,false,2,1,false,true,false,true,"[""intervention_26a660e5c427cb0b3bc5""]"
cycle_93efc22a591e5ae8aafd,Other,Other,2,Insufficient data,,org_436e0d774e407c38,ind_cd57992e4ca687e8,Small Hospital,North East Region,2024/25,needs_review,false,outside primary ED analysis scope,false,2,1,false,true,false,true,"[""intervention_6f5bf86e0494fb641949"",""intervention_e4565bf84cb04afb048b""]"
cycle_57e50a8233b19559bfa2,Training & Education,Training & Education,1,Insufficient data,,org_436e0d774e407c38,ind_e0f9caf8d032d988,Small Hospital,North East Region,2025/26,needs_review,false,outside primary ED analysis scope,false,1,1,true,false,true,false,"[""intervention_600a981ddc9ffd3197fe""]"
cycle_380faa396ff09c68b3df,"Data, Measurement & Dashboards","Data, Measurement & Dashboards",2,Insufficient data,,org_436e0d774e407c38,ind_fed8017d772e6d23,Small Hospital,North East Region,2025/26,needs_review,false,outside primary ED analysis scope,false,1,1,true,false,true,false,"[""intervention_96fd67bb456c2b894229"",""intervention_fc2847b0eb829fa35bc2""]"
cycle_50b88fd051d305e9c121,Other,Other,2,Insufficient data,,org_4425435f2eb3ed62,ind_203d5322c2f43204,Teaching Hospital,East Region,2025/26,needs_review,false,outside primary ED analysis scope,false,1,0,true,false,false,true,"[""intervention_24efeb63a6be56abb3b6"",""intervention_41f2df0c2b51433ca937""]"
cycle_f17022f1a5968d0b705b,Other,Other,1,Insufficient data,,org_4425435f2eb3ed62,ind_23c984cd0fdb2523,Teaching Hospital,East Region,2024/25,needs_review,false,outside primary ED analysis scope,false,2,1,false,true,false,true,"[""intervention_1bb6755198c3023955b6""]"
cycle_f17022f1a5968d0b705b,Technology & Digital Tools,Technology & Digital Tools,1,Insufficient data,,org_4425435f2eb3ed62,ind_23c984cd0fdb2523,Teaching Hospital,East Region,2024/25,needs_review,false,outside primary ED analysis scope,false,2,1,false,true,false,true,"[""intervention_6779fe14012b7afc431b""]"
cycle_5e89397f608f30c34ecf,Training & Education,Training & Education,2,Insufficient data,,org_4425435f2eb3ed62,ind_5314e24f5f6e6912,Teaching Hospital,East Region,2025/26,excluded,false,outside primary ED analysis scope,false,1,1,true,false,true,false,"[""intervention_02740f35cc28e1132fbe"",""intervention_390a520808908803ddb5""]"
cycle_820b7a430f95c8dfed55,Discharge & Transition Planning,Discharge & Transition Planning,1,Insufficient data,,org_4425435f2eb3ed62,ind_7076fcfb0f828ddc,Teaching Hospital,East Region,2025/26,needs_review,false,outside primary ED analysis scope,false,2,1,false,true,false,true,"[""intervention_616b53d201def89532fa""]"
cycle_820b7a430f95c8dfed55,Other,Other,1,Insufficient data,,org_4425435f2eb3ed62,ind_7076fcfb0f828ddc,Teaching Hospital,East Region,2025/26,needs_review,false,outside primary ED analysis scope,false,2,1,false,true,false,true,"[""intervention_08bebbc9349619810600""]"
cycle_4a1f79c98ff32e89e99d,Other,Other,1,Insufficient data,,org_4425435f2eb3ed62,ind_71148c331fa8c987,Teaching Hospital,East Region,2024/25,needs_review,false,outside primary ED analysis scope,false,2,1,false,true,false,true,"[""intervention_4e1d681b9db09d86fc4f""]"
cycle_4a1f79c98ff32e89e99d,Safety & Risk Prevention,Safety & Risk Prevention,1,Insufficient data,,org_4425435f2eb3ed62,ind_71148c331fa8c987,Teaching Hospital,East Region,2024/25,needs_review,false,outside primary ED analysis scope,false,2,1,false,true,false,true,"[""intervention_fe30345844593c1718d7""]"
cycle_97f81cfa2757ad7a9006,Other,Other,1,Insufficient data,,org_4425435f2eb3ed62,ind_7162b44fc8298179,Teaching Hospital,East Region,2025/26,needs_review,false,outside primary ED analysis scope,false,1,0,true,false,false,true,"[""intervention_36b7cc42b3e267ce5fe0""]"
cycle_f1666fcc6dbebbfa964a,Other,Other,3,Insufficient data,,org_4425435f2eb3ed62,ind_cd57992e4ca687e8,Teaching Hospital,East Region,2024/25,needs_review,false,outside primary ED analysis scope,false,1,0,true,false,false,true,"[""intervention_2fe7c780147e5d93eb65"",""intervention_36b3867ca58f6a3f5c3e"",""intervention_4843d2efe9b8dc0e4355""]"
cycle_8d3a164d92b1e074635d,Discharge & Transition Planning,Discharge & Transition Planning,1,Insufficient data,,org_444ddfb72c84241f,ind_0646035afd9bba7c,Small Hospital,East Region,2025/26,excluded,false,outside primary ED analysis scope,false,1,1,true,false,true,false,"[""intervention_25bdb23e36d03c1e8d25""]"
cycle_e1b51302412dbf517d82,Technology & Digital Tools,Technology & Digital Tools,1,Insufficient data,,org_444ddfb72c84241f,ind_082273d18459f2d0,Small Hospital,East Region,2025/26,needs_review,false,outside primary ED analysis scope,false,1,1,true,false,true,false,"[""intervention_d608f0d28f34ca87871d""]"
cycle_76a36e42c7a872af569e,Training & Education,Training & Education,1,Insufficient data,,org_444ddfb72c84241f,ind_3a893fe2510baf71,Small Hospital,East Region,2024/25,needs_review,false,outside primary ED analysis scope,false,1,1,true,false,true,false,"[""intervention_5a372118f1bf1a01f059""]"
cycle_1a8a8da5524bee84f7fd,Care Coordination & Communication,Care Coordination & Communication,1,Insufficient data,,org_444ddfb72c84241f,ind_659eab4435c730a3,Small Hospital,East Region,2024/25,needs_review,false,outside primary ED analysis scope,false,1,1,true,false,true,false,"[""intervention_311364967abdeddeabb1""]"
cycle_66d4558457305c6a433b,Discharge & Transition Planning,Discharge & Transition Planning,1,Insufficient data,,org_444ddfb72c84241f,ind_67ee717abbe20a1b,Small Hospital,East Region,2025/26,excluded,false,outside primary ED analysis scope,false,1,1,true,false,true,false,"[""intervention_578da654386c1cdac6ad""]"
cycle_11e4ba5acb0b12368da5,Training & Education,Training & Education,1,Insufficient data,,org_444ddfb72c84241f,ind_88b36c0fca1c7c49,Small Hospital,East Region,2024/25,needs_review,false,outside primary ED analysis scope,false,1,1,true,false,true,false,"[""intervention_9f97d46b2ccb76733cbb""]"
cycle_328c4314dcab747f6116,Training & Education,Training & Education,1,Insufficient data,,org_444ddfb72c84241f,ind_8984d51191351121,Small Hospital,East Region,2025/26,needs_review,false,outside primary ED analysis scope,false,1,1,true,false,true,false,"[""intervention_c499ce6efff9bed9f01d""]"
cycle_8bed1f49cc0b2d154302,Training & Education,Training & Education,1,Insufficient data,,org_444ddfb72c84241f,ind_a0617b4bcc6953da,Small Hospital,East Region,2025/26,needs_review,false,outside primary ED analysis scope,false,1,1,true,false,true,false,"[""intervention_aec90e643112918592ff""]"
cycle_c76328702b20d6ec3948,"Data, Measurement & Dashboards","Data, Measurement & Dashboards",1,Insufficient data,,org_444ddfb72c84241f,ind_b65d9340be3eb17e,Small Hospital,East Region,2025/26,needs_review,false,outside primary ED analysis scope,false,1,1,true,false,true,false,"[""intervention_60b224ceafe189a971ec""]"
cycle_c566a829a1b8b71c13e2,"Data, Measurement & Dashboards","Data, Measurement & Dashboards",1,Insufficient data,,org_444ddfb72c84241f,ind_e7cd9b5804f1c518,Small Hospital,East Region,2025/26,included,false,reporting_period_unverified,false,1,1,true,false,true,false,"[""intervention_98b7aa4b77afa45631c1""]"
cycle_24273ff8764835aed1ba,Other,Other,1,Insufficient data,,org_444ddfb72c84241f,ind_ef4a9573ead4ee92,Small Hospital,East Region,2024/25,included,false,insufficient first-cycle ED longitudinal coverage,false,1,0,true,false,false,true,"[""intervention_d420471fad1d7336a925""]"
cycle_88f0b5dd656af24ad1bd,"Data, Measurement & Dashboards","Data, Measurement & Dashboards",1,Insufficient data,,org_444ddfb72c84241f,ind_ef4a9573ead4ee92,Small Hospital,East Region,2025/26,included,false,unit_unverified; population_unverified; reporting_period_unverified; historical_match_unavailable_or_ambiguous,false,1,1,true,false,true,false,"[""intervention_57076d7907f0eba10726""]"
cycle_a2df643dca7bc96f5a55,Technology & Digital Tools,Technology & Digital Tools,1,Insufficient data,,org_44e6ac7018e56922,ind_0646035afd9bba7c,Large Community Hospital,West Region,2024/25,excluded,false,outside primary ED analysis scope,false,2,2,false,true,false,false,"[""intervention_374d670cc091ad723ca9""]"
cycle_a2df643dca7bc96f5a55,Training & Education,Training & Education,1,Insufficient data,,org_44e6ac7018e56922,ind_0646035afd9bba7c,Large Community Hospital,West Region,2024/25,excluded,false,outside primary ED analysis scope,false,2,2,false,true,false,false,"[""intervention_29fb38808707db55ab1c""]"
cycle_fec364d600df18ff1092,Care Coordination & Communication,Care Coordination & Communication,1,Insufficient data,,org_44e6ac7018e56922,ind_2f4216f44ca3f7a8,Large Community Hospital,West Region,2025/26,needs_review,false,outside primary ED analysis scope,false,2,1,false,true,false,true,"[""intervention_bb8d87353eb95e5964ff""]"
cycle_fec364d600df18ff1092,Other,Other,1,Insufficient data,,org_44e6ac7018e56922,ind_2f4216f44ca3f7a8,Large Community Hospital,West Region,2025/26,needs_review,false,outside primary ED analysis scope,false,2,1,false,true,false,true,"[""intervention_f97c98da8bc705fa7d65""]"
cycle_5de7a996a6576b0a6319,"Data, Measurement & Dashboards","Data, Measurement & Dashboards",1,Insufficient data,,org_44e6ac7018e56922,ind_37478f8fb5db2bb6,Large Community Hospital,West Region,2024/25,excluded,false,outside primary ED analysis scope,false,1,1,true,false,true,false,"[""intervention_40b548e436ce563cba76""]"
cycle_f8558d835e08358a2957,"Data, Measurement & Dashboards","Data, Measurement & Dashboards",1,Insufficient data,,org_44e6ac7018e56922,ind_37de22e8f8c2670f,Large Community Hospital,West Region,2024/25,needs_review,false,outside primary ED analysis scope,false,1,1,true,false,true,false,"[""intervention_39ee6e4e6297b09f5bd9""]"
cycle_4bd77ec4d017788d0ba3,"Data, Measurement & Dashboards","Data, Measurement & Dashboards",1,Insufficient data,,org_44e6ac7018e56922,ind_37de22e8f8c2670f,Large Community Hospital,West Region,2025/26,needs_review,false,outside primary ED analysis scope,false,1,1,true,false,true,false,"[""intervention_843d44af6128989d6ba5""]"
cycle_f6ce257402f15630f06b,Care Coordination & Communication,Care Coordination & Communication,1,Insufficient data,,org_44e6ac7018e56922,ind_4430d40ce626a876,Large Community Hospital,West Region,2024/25,needs_review,false,outside primary ED analysis scope,false,2,2,false,true,false,false,"[""intervention_f0ffb87dbf74bb1a28d2""]"
cycle_f6ce257402f15630f06b,Training & Education,Training & Education,1,Insufficient data,,org_44e6ac7018e56922,ind_4430d40ce626a876,Large Community Hospital,West Region,2024/25,needs_review,false,outside primary ED analysis scope,false,2,2,false,true,false,false,"[""intervention_bb306cf0cc5d2903621b""]"
cycle_b99ff419892ce58a9f86,Care Coordination & Communication,Care Coordination & Communication,1,Insufficient data,,org_44e6ac7018e56922,ind_5ccd0fd8b619608a,Large Community Hospital,West Region,2024/25,needs_review,false,outside primary ED analysis scope,false,2,2,false,true,false,false,"[""intervention_dae241b0d65c2956d7d8""]"
cycle_b99ff419892ce58a9f86,Safety & Risk Prevention,Safety & Risk Prevention,1,Insufficient data,,org_44e6ac7018e56922,ind_5ccd0fd8b619608a,Large Community Hospital,West Region,2024/25,needs_review,false,outside primary ED analysis scope,false,2,2,false,true,false,false,"[""intervention_642839892c94cf449742""]"
cycle_29775759e7c75064a3df,Other,Other,1,Insufficient data,,org_44e6ac7018e56922,ind_a8f6cca5fe8befdf,Large Community Hospital,West Region,2025/26,excluded,false,outside primary ED analysis scope,false,1,0,true,false,false,true,"[""intervention_685d365f2ba26adec68c""]"
cycle_b247086556ba6125d9dd,Other,Other,2,Insufficient data,,org_44e6ac7018e56922,ind_e7cd9b5804f1c518,Large Community Hospital,West Region,2025/26,included,false,unit_unverified; population_unverified; reporting_period_unverified; historical_match_unavailable_or_ambiguous,false,2,1,false,true,false,true,"[""intervention_bca2f354aaad7c8bf46b"",""intervention_f4d9027b18ded2011320""]"
cycle_b247086556ba6125d9dd,Surge Management,Surge Management,1,Insufficient data,,org_44e6ac7018e56922,ind_e7cd9b5804f1c518,Large Community Hospital,West Region,2025/26,included,false,unit_unverified; population_unverified; reporting_period_unverified; historical_match_unavailable_or_ambiguous,false,2,1,false,true,false,true,"[""intervention_afe77ecee579f6cacb3a""]"
cycle_bdc8b6b001c52b330678,Other,Other,2,Insufficient data,,org_44e6ac7018e56922,ind_ef4a9573ead4ee92,Large Community Hospital,West Region,2024/25,included,false,insufficient first-cycle ED longitudinal coverage,false,1,0,true,false,false,true,"[""intervention_02fce9fdef4505cba66f"",""intervention_806382304fa5664e0481""]"
cycle_17f804456fa105873c54,Policy / Standardization,Policy / Standardization,1,Insufficient data,,org_45bd58add12fc7ed,ind_13c58593179e39df,Large Community Hospital,West Region,2025/26,needs_review,false,outside primary ED analysis scope,false,1,1,true,false,true,false,"[""intervention_2934f4ca3bdb605725c4""]"
cycle_4e6e424740741ecda412,"Data, Measurement & Dashboards","Data, Measurement & Dashboards",1,Insufficient data,,org_45bd58add12fc7ed,ind_176260a1b9f5eefa,Large Community Hospital,West Region,2025/26,needs_review,false,outside primary ED analysis scope,false,2,2,false,true,false,false,"[""intervention_60743207735f31afd1d6""]"
cycle_4e6e424740741ecda412,Discharge & Transition Planning,Discharge & Transition Planning,1,Insufficient data,,org_45bd58add12fc7ed,ind_176260a1b9f5eefa,Large Community Hospital,West Region,2025/26,needs_review,false,outside primary ED analysis scope,false,2,2,false,true,false,false,"[""intervention_1629925a837da4788409""]"
cycle_e3876197342ed613f1dc,"Data, Measurement & Dashboards","Data, Measurement & Dashboards",2,Insufficient data,,org_45bd58add12fc7ed,ind_45628c1b60f7efb3,Large Community Hospital,West Region,2025/26,needs_review,false,outside primary ED analysis scope,false,1,1,true,false,true,false,"[""intervention_d0d557e0f1843fbaa979"",""intervention_d4a0cf5b05d91213e64b""]"
cycle_6418d335aa1313ca0872,Discharge & Transition Planning,Discharge & Transition Planning,1,Insufficient data,,org_45bd58add12fc7ed,ind_4c2aa824a60377d1,Large Community Hospital,West Region,2025/26,needs_review,false,outside primary ED analysis scope,false,2,1,false,true,false,true,"[""intervention_6d721708146d1a20c72a""]"
cycle_6418d335aa1313ca0872,Other,Other,1,Insufficient data,,org_45bd58add12fc7ed,ind_4c2aa824a60377d1,Large Community Hospital,West Region,2025/26,needs_review,false,outside primary ED analysis scope,false,2,1,false,true,false,true,"[""intervention_724790f24275dbed695a""]"
cycle_86d6321695624eec0916,Discharge & Transition Planning,Discharge & Transition Planning,1,Insufficient data,,org_45bd58add12fc7ed,ind_4f5ad4e4495adff8,Large Community Hospital,West Region,2024/25,needs_review,false,outside primary ED analysis scope,false,1,1,true,false,true,false,"[""intervention_6356d11ae29b34b1dce6""]"
cycle_3086a9c9aa8e98c66c65,Training & Education,Training & Education,1,Insufficient data,,org_45bd58add12fc7ed,ind_5314e24f5f6e6912,Large Community Hospital,West Region,2024/25,excluded,false,outside primary ED analysis scope,false,1,1,true,false,true,false,"[""intervention_147efef25bf570f5a23e""]"
cycle_9f3360cf34342117b623,"Data, Measurement & Dashboards","Data, Measurement & Dashboards",1,Insufficient data,,org_45bd58add12fc7ed,ind_5c22562e7064ff17,Large Community Hospital,West Region,2024/25,needs_review,false,outside primary ED analysis scope,false,1,1,true,false,true,false,"[""intervention_e481731e9a73e9fc3cf0""]"
cycle_59ea962071cc5faf8ad8,"Data, Measurement & Dashboards","Data, Measurement & Dashboards",1,Insufficient data,,org_45bd58add12fc7ed,ind_67ee717abbe20a1b,Large Community Hospital,West Region,2024/25,excluded,false,outside primary ED analysis scope,false,1,1,true,false,true,false,"[""intervention_eb182e1eae7095d6fb49""]"
cycle_e60a7bbc16d4668eb63b,Other,Other,2,Insufficient data,,org_45bd58add12fc7ed,ind_bd0710666448f331,Large Community Hospital,West Region,2025/26,needs_review,false,outside primary ED analysis scope,false,2,1,false,true,false,true,"[""intervention_517ce725114a180f884e"",""intervention_e05ddb854a5f2cee7e6b""]"
cycle_e60a7bbc16d4668eb63b,Staffing & Scheduling,Staffing & Scheduling,1,Insufficient data,,org_45bd58add12fc7ed,ind_bd0710666448f331,Large Community Hospital,West Region,2025/26,needs_review,false,outside primary ED analysis scope,false,2,1,false,true,false,true,"[""intervention_dc0bb89729954994f7c2""]"
cycle_584aec065b84b54f6c83,Safety & Risk Prevention,Safety & Risk Prevention,1,Insufficient data,,org_45bd58add12fc7ed,ind_deb2096d2f34fd5a,Large Community Hospital,West Region,2024/25,needs_review,false,outside primary ED analysis scope,false,1,1,true,false,true,false,"[""intervention_50a1175ac200bdd4317e""]"
cycle_40227c641e0b8a53b4b9,Discharge & Transition Planning,Discharge & Transition Planning,1,Insufficient data,,org_45bd58add12fc7ed,ind_ef4a9573ead4ee92,Large Community Hospital,West Region,2025/26,included,false,unit_unverified; population_unverified; reporting_period_unverified; historical_match_unavailable_or_ambiguous,false,2,1,false,true,false,true,"[""intervention_a821706c1461c068f0d9""]"
cycle_40227c641e0b8a53b4b9,Other,Other,2,Insufficient data,,org_45bd58add12fc7ed,ind_ef4a9573ead4ee92,Large Community Hospital,West Region,2025/26,included,false,unit_unverified; population_unverified; reporting_period_unverified; historical_match_unavailable_or_ambiguous,false,2,1,false,true,false,true,"[""intervention_52e4e7cae63bb82e30bf"",""intervention_ef0cb13b0bd054e468b6""]"
cycle_bba67f035366649eb232,Training & Education,Training & Education,1,Insufficient data,,org_4a3868424c0ea7ea,ind_37478f8fb5db2bb6,Teaching Hospital,Toronto Region,2024/25,excluded,false,outside primary ED analysis scope,false,1,1,true,false,true,false,"[""intervention_e3bb8df1a3c09a75ee90""]"
cycle_79ef579fa4627fc573be,Training & Education,Training & Education,1,Insufficient data,,org_4a3868424c0ea7ea,ind_37478f8fb5db2bb6,Teaching Hospital,Toronto Region,2025/26,excluded,false,outside primary ED analysis scope,false,1,1,true,false,true,false,"[""intervention_ba00a0cb6c2ffba5e73b""]"
cycle_b1738f6af7b9b997ecc1,"Data, Measurement & Dashboards","Data, Measurement & Dashboards",1,Insufficient data,,org_4a3868424c0ea7ea,ind_3fdbfa1beb8cd349,Teaching Hospital,Toronto Region,2024/25,needs_review,false,outside primary ED analysis scope,false,2,1,false,true,false,true,"[""intervention_375ca8ef22ba23ffb1cb""]"
cycle_b1738f6af7b9b997ecc1,Other,Other,1,Insufficient data,,org_4a3868424c0ea7ea,ind_3fdbfa1beb8cd349,Teaching Hospital,Toronto Region,2024/25,needs_review,false,outside primary ED analysis scope,false,2,1,false,true,false,true,"[""intervention_10c5b6ce8d67ff15c2a3""]"
cycle_c773ba7594b3fcaa35fe,"Data, Measurement & Dashboards","Data, Measurement & Dashboards",1,Insufficient data,,org_4a3868424c0ea7ea,ind_5b2e1352e31909e8,Teaching Hospital,Toronto Region,2025/26,included,false,reporting_period_unverified,false,1,1,true,false,true,false,"[""intervention_58421d5aece00d36fbbb""]"
cycle_d0b33aded630f3e67129,Discharge & Transition Planning,Discharge & Transition Planning,1,Insufficient data,,org_4a3868424c0ea7ea,ind_67ee717abbe20a1b,Teaching Hospital,Toronto Region,2024/25,excluded,false,outside primary ED analysis scope,false,1,1,true,false,true,false,"[""intervention_a8386c9ed20496da090d""]"
cycle_e07a04464181442daa21,Discharge & Transition Planning,Discharge & Transition Planning,1,Insufficient data,,org_4a3868424c0ea7ea,ind_67ee717abbe20a1b,Teaching Hospital,Toronto Region,2025/26,excluded,false,outside primary ED analysis scope,false,1,1,true,false,true,false,"[""intervention_f42ad496a3f9c5ad7eef""]"
cycle_6a50e6d9018008353938,Training & Education,Training & Education,1,Insufficient data,,org_4a3868424c0ea7ea,ind_b9ac01e7b2f6c080,Teaching Hospital,Toronto Region,2025/26,needs_review,false,outside primary ED analysis scope,false,1,1,true,false,true,false,"[""intervention_df09abe1c9e04037bebc""]"
cycle_3eb7390bf3cc320143e2,Care Coordination & Communication,Care Coordination & Communication,1,Insufficient data,,org_4a3868424c0ea7ea,ind_bd74c257c40cc41c,Teaching Hospital,Toronto Region,2024/25,needs_review,false,outside primary ED analysis scope,false,2,1,false,true,false,true,"[""intervention_4a70ece254ddd61543b5""]"
cycle_3eb7390bf3cc320143e2,Other,Other,1,Insufficient data,,org_4a3868424c0ea7ea,ind_bd74c257c40cc41c,Teaching Hospital,Toronto Region,2024/25,needs_review,false,outside primary ED analysis scope,false,2,1,false,true,false,true,"[""intervention_ab93dc7a425ea1282760""]"
cycle_cf20c5eb085fc144b4eb,Care Coordination & Communication,Care Coordination & Communication,1,Insufficient data,,org_4a3868424c0ea7ea,ind_bd74c257c40cc41c,Teaching Hospital,Toronto Region,2025/26,needs_review,false,outside primary ED analysis scope,false,1,1,true,false,true,false,"[""intervention_178856c769e41a090608""]"
cycle_541cc22bacd1e2bf1ad0,Discharge & Transition Planning,Discharge & Transition Planning,1,Insufficient data,,org_4a3868424c0ea7ea,ind_cd57992e4ca687e8,Teaching Hospital,Toronto Region,2024/25,needs_review,false,outside primary ED analysis scope,false,1,1,true,false,true,false,"[""intervention_42ba5f499c3e4308ed64""]"
cycle_1f0819c1cb92244efa66,Staffing & Scheduling,Staffing & Scheduling,1,Insufficient data,,org_4a3868424c0ea7ea,ind_e7cd9b5804f1c518,Teaching Hospital,Toronto Region,2025/26,included,false,reporting_period_unverified,false,1,1,true,false,true,false,"[""intervention_22043b405f9d3657ac63""]"
cycle_369068966c09fca65088,Ambulance / EMS Flow,Ambulance / EMS Flow,1,Insufficient data,,org_4a3868424c0ea7ea,ind_ee70b593aad3e4f6,Teaching Hospital,Toronto Region,2025/26,included,false,reporting_period_unverified,false,1,1,true,false,true,false,"[""intervention_e4f721f9c7eeca125b96""]"
cycle_3d553b0e499cd93083da,"Data, Measurement & Dashboards","Data, Measurement & Dashboards",1,Insufficient data,,org_4a3868424c0ea7ea,ind_ef4a9573ead4ee92,Teaching Hospital,Toronto Region,2024/25,included,false,insufficient first-cycle ED longitudinal coverage,false,1,1,true,false,true,false,"[""intervention_9563db496e2b31a7b282""]"
cycle_cd44aca69919b57c9497,"Data, Measurement & Dashboards","Data, Measurement & Dashboards",1,Insufficient data,,org_4cfafec1b3a16ee5,ind_01d35a77e22b6ffe,Large Community Hospital,North East Region,2024/25,needs_review,false,outside primary ED analysis scope,false,1,1,true,false,true,false,"[""intervention_9202a1415bc3d753ec7e""]"
cycle_a8a5b810dfac23549c76,Care Coordination & Communication,Care Coordination & Communication,1,Insufficient data,,org_4cfafec1b3a16ee5,ind_06590f50f65eac7e,Large Community Hospital,North East Region,2025/26,included,false,unit_unverified; population_unverified; reporting_period_unverified; historical_match_unavailable_or_ambiguous,false,2,1,false,true,false,true,"[""intervention_9eeabc544dbf52bf46a8""]"
cycle_a8a5b810dfac23549c76,Other,Other,2,Insufficient data,,org_4cfafec1b3a16ee5,ind_06590f50f65eac7e,Large Community Hospital,North East Region,2025/26,included,false,unit_unverified; population_unverified; reporting_period_unverified; historical_match_unavailable_or_ambiguous,false,2,1,false,true,false,true,"[""intervention_3db31faceaf639fb4498"",""intervention_dfae7c39a1732cc35698""]"
cycle_e6adeb706e1ea03de342,Care Coordination & Communication,Care Coordination & Communication,1,Insufficient data,,org_4cfafec1b3a16ee5,ind_2aa48441e2b4f9aa,Large Community Hospital,North East Region,2025/26,needs_review,false,outside primary ED analysis scope,false,2,1,false,true,false,true,"[""intervention_c6b4bd59da4085840d88""]"
cycle_e6adeb706e1ea03de342,Other,Other,2,Insufficient data,,org_4cfafec1b3a16ee5,ind_2aa48441e2b4f9aa,Large Community Hospital,North East Region,2025/26,needs_review,false,outside primary ED analysis scope,false,2,1,false,true,false,true,"[""intervention_81171137f8dd338dc690"",""intervention_a3b66db943b442fdef3f""]"
cycle_b7af421694d24b131548,"Data, Measurement & Dashboards","Data, Measurement & Dashboards",1,Insufficient data,,org_4cfafec1b3a16ee5,ind_37478f8fb5db2bb6,Large Community Hospital,North East Region,2024/25,excluded,false,outside primary ED analysis scope,false,2,1,false,true,false,true,"[""intervention_c3fac5aa142627485eb0""]"
cycle_b7af421694d24b131548,Other,Other,1,Insufficient data,,org_4cfafec1b3a16ee5,ind_37478f8fb5db2bb6,Large Community Hospital,North East Region,2024/25,excluded,false,outside primary ED analysis scope,false,2,1,false,true,false,true,"[""intervention_2a570786205fd90c056a""]"
cycle_7449e9c9a00957576203,"Data, Measurement & Dashboards","Data, Measurement & Dashboards",1,Insufficient data,,org_4cfafec1b3a16ee5,ind_3bce33376ccdc6e3,Large Community Hospital,North East Region,2025/26,needs_review,false,outside primary ED analysis scope,false,3,2,false,true,false,true,"[""intervention_1c7427f2f70b1eff3f72""]"
cycle_7449e9c9a00957576203,Discharge & Transition Planning,Discharge & Transition Planning,1,Insufficient data,,org_4cfafec1b3a16ee5,ind_3bce33376ccdc6e3,Large Community Hospital,North East Region,2025/26,needs_review,false,outside primary ED analysis scope,false,3,2,false,true,false,true,"[""intervention_e076f2387a489e50e534""]"
cycle_7449e9c9a00957576203,Other,Other,1,Insufficient data,,org_4cfafec1b3a16ee5,ind_3bce33376ccdc6e3,Large Community Hospital,North East Region,2025/26,needs_review,false,outside primary ED analysis scope,false,3,2,false,true,false,true,"[""intervention_172b3238a16c22410ffc""]"
cycle_de65d4359ccd6758569d,"Data, Measurement & Dashboards","Data, Measurement & Dashboards",2,Insufficient data,,org_4cfafec1b3a16ee5,ind_3fdbfa1beb8cd349,Large Community Hospital,North East Region,2024/25,needs_review,false,outside primary ED analysis scope,false,1,1,true,false,true,false,"[""intervention_49de8e24406366f4031f"",""intervention_7be407a7613c5111d177""]"
cycle_1c6b94e12037b4ace22a,Policy / Standardization,Policy / Standardization,1,Insufficient data,,org_4cfafec1b3a16ee5,ind_5314e24f5f6e6912,Large Community Hospital,North East Region,2024/25,excluded,false,outside primary ED analysis scope,false,1,1,true,false,true,false,"[""intervention_149bf960ac749eb53d9c""]"
cycle_a435eed1dc08641a7772,"Data, Measurement & Dashboards","Data, Measurement & Dashboards",1,Insufficient data,,org_4cfafec1b3a16ee5,ind_5314e24f5f6e6912,Large Community Hospital,North East Region,2025/26,excluded,false,outside primary ED analysis scope,false,2,1,false,true,false,true,"[""intervention_525fb35776cfcf55d459""]"
cycle_a435eed1dc08641a7772,Other,Other,1,Insufficient data,,org_4cfafec1b3a16ee5,ind_5314e24f5f6e6912,Large Community Hospital,North East Region,2025/26,excluded,false,outside primary ED analysis scope,false,2,1,false,true,false,true,"[""intervention_4e6050a47541dc6599c6""]"
cycle_001f19e75f604583a627,Care Coordination & Communication,Care Coordination & Communication,1,Insufficient data,,org_4cfafec1b3a16ee5,ind_5b2e1352e31909e8,Large Community Hospital,North East Region,2025/26,included,false,reporting_period_unverified,false,2,2,false,true,false,false,"[""intervention_d0ffca7a36b68389c99c""]"
cycle_001f19e75f604583a627,Discharge & Transition Planning,Discharge & Transition Planning,2,Insufficient data,,org_4cfafec1b3a16ee5,ind_5b2e1352e31909e8,Large Community Hospital,North East Region,2025/26,included,false,reporting_period_unverified,false,2,2,false,true,false,false,"[""intervention_b1c51c15fd1971b5e2b9"",""intervention_fbfa103a1b3da9f97e98""]"
cycle_60a7e2b35f5635975151,Discharge & Transition Planning,Discharge & Transition Planning,2,Insufficient data,,org_4cfafec1b3a16ee5,ind_67ee717abbe20a1b,Large Community Hospital,North East Region,2024/25,excluded,false,outside primary ED analysis scope,false,1,1,true,false,true,false,"[""intervention_d150d519908369f88f29"",""intervention_ecdabdbe8f8f2032cfd5""]"
cycle_149595e710e33200ef02,Other,Other,3,Insufficient data,,org_4cfafec1b3a16ee5,ind_7ebd4762b8a6c688,Large Community Hospital,North East Region,2025/26,included,false,unit_unverified; population_unverified; reporting_period_unverified; historical_match_unavailable_or_ambiguous,false,1,0,true,false,false,true,"[""intervention_651e00b3284e7bdccf1d"",""intervention_6c6b0483d39a02f1b5f5"",""intervention_c4fe0c06b59a632d3c23""]"
cycle_996fbde8fff96f556656,Discharge & Transition Planning,Discharge & Transition Planning,1,Insufficient data,,org_4cfafec1b3a16ee5,ind_8db9f6d8f0c4c1ea,Large Community Hospital,North East Region,2024/25,excluded,false,outside primary ED analysis scope,false,1,1,true,false,true,false,"[""intervention_032109e3863ad41352b7""]"
cycle_22df227b23588c9bbe67,Discharge & Transition Planning,Discharge & Transition Planning,1,Insufficient data,,org_4cfafec1b3a16ee5,ind_8db9f6d8f0c4c1ea,Large Community Hospital,North East Region,2025/26,excluded,false,outside primary ED analysis scope,false,1,1,true,false,true,false,"[""intervention_0a4cb2911660df5e5c2c""]"
cycle_1fc2422edc5d05769a30,Discharge & Transition Planning,Discharge & Transition Planning,1,Insufficient data,,org_4cfafec1b3a16ee5,ind_cd57992e4ca687e8,Large Community Hospital,North East Region,2024/25,needs_review,false,outside primary ED analysis scope,false,2,1,false,true,false,true,"[""intervention_969b9e96825330190211""]"
cycle_1fc2422edc5d05769a30,Other,Other,1,Insufficient data,,org_4cfafec1b3a16ee5,ind_cd57992e4ca687e8,Large Community Hospital,North East Region,2024/25,needs_review,false,outside primary ED analysis scope,false,2,1,false,true,false,true,"[""intervention_d35be311e27fc8bfc4b5""]"
cycle_37182a034cbefeebcfaf,Emergency Department Workflow,Emergency Department Workflow,2,Insufficient data,,org_4cfafec1b3a16ee5,ind_e7cd9b5804f1c518,Large Community Hospital,North East Region,2025/26,included,false,reporting_period_unverified,false,2,1,false,true,false,true,"[""intervention_7208a1915f839caa080f"",""intervention_84075d44a16059c11f00""]"
cycle_37182a034cbefeebcfaf,Other,Other,1,Insufficient data,,org_4cfafec1b3a16ee5,ind_e7cd9b5804f1c518,Large Community Hospital,North East Region,2025/26,included,false,reporting_period_unverified,false,2,1,false,true,false,true,"[""intervention_262193e79b2e917f06e9""]"
cycle_6070e1d17f58c9cfbbbe,Ambulance / EMS Flow,Ambulance / EMS Flow,2,Insufficient data,,org_4cfafec1b3a16ee5,ind_ee70b593aad3e4f6,Large Community Hospital,North East Region,2025/26,included,false,reporting_period_unverified,false,2,1,false,true,false,true,"[""intervention_d74a76f9676673889d45"",""intervention_e74dcd4ce3a3bed382d6""]"
cycle_6070e1d17f58c9cfbbbe,Other,Other,1,Insufficient data,,org_4cfafec1b3a16ee5,ind_ee70b593aad3e4f6,Large Community Hospital,North East Region,2025/26,included,false,reporting_period_unverified,false,2,1,false,true,false,true,"[""intervention_b2adcda3bfe268b3d85b""]"
cycle_bf0296391523821e753c,Care Coordination & Communication,Care Coordination & Communication,1,Insufficient data,,org_4cfafec1b3a16ee5,ind_ef4a9573ead4ee92,Large Community Hospital,North East Region,2024/25,included,false,insufficient first-cycle ED longitudinal coverage,false,1,1,true,false,true,false,"[""intervention_1696a672c62420fdf68a""]"
cycle_50a86affe4b59ce6b062,Technology & Digital Tools,Technology & Digital Tools,1,Insufficient data,,org_4d284ff566134ecb,ind_0646035afd9bba7c,Large Community Hospital,West Region,2024/25,excluded,false,outside primary ED analysis scope,false,1,1,true,false,true,false,"[""intervention_4497c1651eff3ebb3417""]"
cycle_1a3167a7a45197a9d34e,Technology & Digital Tools,Technology & Digital Tools,1,Insufficient data,,org_4d284ff566134ecb,ind_0646035afd9bba7c,Large Community Hospital,West Region,2025/26,excluded,false,outside primary ED analysis scope,false,1,1,true,false,true,false,"[""intervention_af442ef91ae1d74bac89""]"
cycle_88ad4563609301c29967,Other,Other,1,Insufficient data,,org_4d284ff566134ecb,ind_24fc6d822a8705ed,Large Community Hospital,West Region,2024/25,needs_review,false,outside primary ED analysis scope,false,2,1,false,true,false,true,"[""intervention_48627cdfc30d3a753bfb""]"
cycle_88ad4563609301c29967,Safety & Risk Prevention,Safety & Risk Prevention,1,Insufficient data,,org_4d284ff566134ecb,ind_24fc6d822a8705ed,Large Community Hospital,West Region,2024/25,needs_review,false,outside primary ED analysis scope,false,2,1,false,true,false,true,"[""intervention_05ddc83c8ddcf48dce78""]"
cycle_a58af72acd7acc129094,Discharge & Transition Planning,Discharge & Transition Planning,1,Insufficient data,,org_4d284ff566134ecb,ind_34067632b5001624,Large Community Hospital,West Region,2024/25,needs_review,false,outside primary ED analysis scope,false,2,2,false,true,false,false,"[""intervention_6ed0c069166248ec8e92""]"
cycle_a58af72acd7acc129094,Training & Education,Training & Education,1,Insufficient data,,org_4d284ff566134ecb,ind_34067632b5001624,Large Community Hospital,West Region,2024/25,needs_review,false,outside primary ED analysis scope,false,2,2,false,true,false,false,"[""intervention_4718e0603210931a2e0e""]"
cycle_2359bbc8b4fb348c4562,Other,Other,1,Insufficient data,,org_4d284ff566134ecb,ind_3d072a508ca19981,Large Community Hospital,West Region,2025/26,needs_review,false,outside primary ED analysis scope,false,2,1,false,true,false,true,"[""intervention_32f3d95a7b1c42e4386d""]"
cycle_2359bbc8b4fb348c4562,Training & Education,Training & Education,1,Insufficient data,,org_4d284ff566134ecb,ind_3d072a508ca19981,Large Community Hospital,West Region,2025/26,needs_review,false,outside primary ED analysis scope,false,2,1,false,true,false,true,"[""intervention_84b2925102d4a18c8120""]"
cycle_8384794dd92a0811e400,Discharge & Transition Planning,Discharge & Transition Planning,1,Insufficient data,,org_4d284ff566134ecb,ind_67ee717abbe20a1b,Large Community Hospital,West Region,2024/25,excluded,false,outside primary ED analysis scope,false,1,1,true,false,true,false,"[""intervention_aba7cf52a93dc3b9c66a""]"
cycle_a6d92dfaab7482987155,Discharge & Transition Planning,Discharge & Transition Planning,2,Insufficient data,,org_4d284ff566134ecb,ind_67ee717abbe20a1b,Large Community Hospital,West Region,2025/26,excluded,false,outside primary ED analysis scope,false,1,1,true,false,true,false,"[""intervention_4a3361b49e6b57949d96"",""intervention_f15316b35f93c2d7402d""]"
cycle_fa31fe366b669940213e,"Data, Measurement & Dashboards","Data, Measurement & Dashboards",1,Insufficient data,,org_4d284ff566134ecb,ind_7bcc369c519ce033,Large Community Hospital,West Region,2024/25,needs_review,false,outside primary ED analysis scope,false,1,1,true,false,true,false,"[""intervention_ce5efcbb65ce93db24c0""]"
cycle_8722c07f49172b923a79,Training & Education,Training & Education,1,Insufficient data,,org_4d284ff566134ecb,ind_7d319cc031f72322,Large Community Hospital,West Region,2024/25,needs_review,false,outside primary ED analysis scope,false,1,1,true,false,true,false,"[""intervention_be27257a5f8176a86eff""]"
cycle_eb6351bc511b653b38d4,Other,Other,2,Insufficient data,,org_4d284ff566134ecb,ind_bfbdc088c953ce1a,Large Community Hospital,West Region,2025/26,needs_review,false,outside primary ED analysis scope,false,1,0,true,false,false,true,"[""intervention_76840f88b4a63cf5d5eb"",""intervention_b9289dbf4244a15adaf4""]"
cycle_3d3a4117434e7b3783da,"Data, Measurement & Dashboards","Data, Measurement & Dashboards",1,Insufficient data,,org_4d284ff566134ecb,ind_d9017915fd4fd919,Large Community Hospital,West Region,2025/26,needs_review,false,outside primary ED analysis scope,false,2,1,false,true,false,true,"[""intervention_1906f8bea840ce0b5bc2""]"
cycle_3d3a4117434e7b3783da,Other,Other,1,Insufficient data,,org_4d284ff566134ecb,ind_d9017915fd4fd919,Large Community Hospital,West Region,2025/26,needs_review,false,outside primary ED analysis scope,false,2,1,false,true,false,true,"[""intervention_407c0651c354f24e2a3f""]"
cycle_9363457b0b46c3e470fe,Other,Other,1,Insufficient data,,org_4d284ff566134ecb,ind_ea03f2ae8b87505d,Large Community Hospital,West Region,2025/26,needs_review,false,outside primary ED analysis scope,false,1,0,true,false,false,true,"[""intervention_2f2931cefe9f4e3ecef5""]"
cycle_afba2c3dc40b7d6fc881,Other,Other,1,Insufficient data,,org_4d6f1f5a8005dbc5,ind_002910b76aeb5d4f,Small Hospital,North East Region,2024/25,needs_review,false,outside primary ED analysis scope,false,1,0,true,false,false,true,"[""intervention_39efb16616a7e4996767""]"
cycle_6e5e8707b1035d166c51,Patient Streaming / Triage,Patient Streaming / Triage,2,Insufficient data,,org_4d6f1f5a8005dbc5,ind_06590f50f65eac7e,Small Hospital,North East Region,2024/25,included,false,insufficient first-cycle ED longitudinal coverage,false,2,2,false,true,false,false,"[""intervention_37845e5c53c9c28d2f06"",""intervention_bbfd05f8e06cd53b0cc1""]"
cycle_6e5e8707b1035d166c51,Staffing & Scheduling,Staffing & Scheduling,1,Insufficient data,,org_4d6f1f5a8005dbc5,ind_06590f50f65eac7e,Small Hospital,North East Region,2024/25,included,false,insufficient first-cycle ED longitudinal coverage,false,2,2,false,true,false,false,"[""intervention_4c8097605f3d64939e73""]"
cycle_45a693b93257e6e74b50,Care Coordination & Communication,Care Coordination & Communication,1,Insufficient data,,org_4d6f1f5a8005dbc5,ind_06590f50f65eac7e,Small Hospital,North East Region,2025/26,included,false,unit_unverified; population_unverified; reporting_period_unverified; historical_match_unavailable_or_ambiguous,false,3,2,false,true,false,true,"[""intervention_325b0999db26e3ef817e""]"
cycle_45a693b93257e6e74b50,Other,Other,1,Insufficient data,,org_4d6f1f5a8005dbc5,ind_06590f50f65eac7e,Small Hospital,North East Region,2025/26,included,false,unit_unverified; population_unverified; reporting_period_unverified; historical_match_unavailable_or_ambiguous,false,3,2,false,true,false,true,"[""intervention_aa741cc216371c5e54c0""]"
cycle_45a693b93257e6e74b50,Patient Streaming / Triage,Patient Streaming / Triage,1,Insufficient data,,org_4d6f1f5a8005dbc5,ind_06590f50f65eac7e,Small Hospital,North East Region,2025/26,included,false,unit_unverified; population_unverified; reporting_period_unverified; historical_match_unavailable_or_ambiguous,false,3,2,false,true,false,true,"[""intervention_d4f00f59bf37a66b4977""]"
cycle_69516da2011c1c23682c,Other,Other,1,Insufficient data,,org_4d6f1f5a8005dbc5,ind_30c05f43af2b7576,Small Hospital,North East Region,2024/25,needs_review,false,outside primary ED analysis scope,false,3,2,false,true,false,true,"[""intervention_d27eda0c0a7e63b124e3""]"
cycle_69516da2011c1c23682c,Policy / Standardization,Policy / Standardization,2,Insufficient data,,org_4d6f1f5a8005dbc5,ind_30c05f43af2b7576,Small Hospital,North East Region,2024/25,needs_review,false,outside primary ED analysis scope,false,3,2,false,true,false,true,"[""intervention_7bcc2ac47eef346f051f"",""intervention_f2d5f5f772562a7bb9f9""]"
cycle_69516da2011c1c23682c,Technology & Digital Tools,Technology & Digital Tools,1,Insufficient data,,org_4d6f1f5a8005dbc5,ind_30c05f43af2b7576,Small Hospital,North East Region,2024/25,needs_review,false,outside primary ED analysis scope,false,3,2,false,true,false,true,"[""intervention_e07e867a7fef97ac7a9a""]"
cycle_99980e6a967164898b58,Other,Other,1,Insufficient data,,org_4d6f1f5a8005dbc5,ind_30c05f43af2b7576,Small Hospital,North East Region,2025/26,needs_review,false,outside primary ED analysis scope,false,3,2,false,true,false,true,"[""intervention_be03532dd138473f5a49""]"
cycle_99980e6a967164898b58,Policy / Standardization,Policy / Standardization,1,Insufficient data,,org_4d6f1f5a8005dbc5,ind_30c05f43af2b7576,Small Hospital,North East Region,2025/26,needs_review,false,outside primary ED analysis scope,false,3,2,false,true,false,true,"[""intervention_4c441107c2d2f385fbcd""]"
cycle_99980e6a967164898b58,Training & Education,Training & Education,1,Insufficient data,,org_4d6f1f5a8005dbc5,ind_30c05f43af2b7576,Small Hospital,North East Region,2025/26,needs_review,false,outside primary ED analysis scope,false,3,2,false,true,false,true,"[""intervention_f710419f9abdb5f907c4""]"
cycle_8c53694cc9585074ff49,Admission & Transfer Process,Admission & Transfer Process,2,Insufficient data,,org_4d6f1f5a8005dbc5,ind_3aa29491e946ff2d,Small Hospital,North East Region,2025/26,needs_review,false,outside primary ED analysis scope,false,3,2,false,true,false,true,"[""intervention_15b4cd0b2d3be41bface"",""intervention_9c8670012194017a05e0""]"
cycle_8c53694cc9585074ff49,Discharge & Transition Planning,Discharge & Transition Planning,1,Insufficient data,,org_4d6f1f5a8005dbc5,ind_3aa29491e946ff2d,Small Hospital,North East Region,2025/26,needs_review,false,outside primary ED analysis scope,false,3,2,false,true,false,true,"[""intervention_e9354dd3cc6a0cf486a6""]"
cycle_8c53694cc9585074ff49,Other,Other,1,Insufficient data,,org_4d6f1f5a8005dbc5,ind_3aa29491e946ff2d,Small Hospital,North East Region,2025/26,needs_review,false,outside primary ED analysis scope,false,3,2,false,true,false,true,"[""intervention_c73f60cfd40cc954ef34""]"
cycle_10f1542dbdd8b06ebc9b,Admission & Transfer Process,Admission & Transfer Process,1,Insufficient data,,org_4d6f1f5a8005dbc5,ind_3b91865c03954c62,Small Hospital,North East Region,2025/26,needs_review,false,outside primary ED analysis scope,false,3,2,false,true,false,true,"[""intervention_1c717f5de8adc5a1c85e""]"
cycle_10f1542dbdd8b06ebc9b,Other,Other,1,Insufficient data,,org_4d6f1f5a8005dbc5,ind_3b91865c03954c62,Small Hospital,North East Region,2025/26,needs_review,false,outside primary ED analysis scope,false,3,2,false,true,false,true,"[""intervention_25fa4dbef772f378e1b0""]"
cycle_10f1542dbdd8b06ebc9b,Training & Education,Training & Education,1,Insufficient data,,org_4d6f1f5a8005dbc5,ind_3b91865c03954c62,Small Hospital,North East Region,2025/26,needs_review,false,outside primary ED analysis scope,false,3,2,false,true,false,true,"[""intervention_9334b4aa065bf44b6e6a""]"
cycle_7a615dc89e83385f98d1,Discharge & Transition Planning,Discharge & Transition Planning,1,Insufficient data,,org_4d6f1f5a8005dbc5,ind_4306eceadd98524d,Small Hospital,North East Region,2024/25,needs_review,false,outside primary ED analysis scope,false,2,1,false,true,false,true,"[""intervention_fef975ba145e24a439fa""]"
cycle_7a615dc89e83385f98d1,Other,Other,1,Insufficient data,,org_4d6f1f5a8005dbc5,ind_4306eceadd98524d,Small Hospital,North East Region,2024/25,needs_review,false,outside primary ED analysis scope,false,2,1,false,true,false,true,"[""intervention_7bbf9f1a9904c932d3b9""]"
cycle_2821a6da7f669761b346,Care Coordination & Communication,Care Coordination & Communication,1,Insufficient data,,org_4d6f1f5a8005dbc5,ind_5314e24f5f6e6912,Small Hospital,North East Region,2024/25,excluded,false,outside primary ED analysis scope,false,3,2,false,true,false,true,"[""intervention_473d73a2c6b04d645530""]"
cycle_2821a6da7f669761b346,Other,Other,1,Insufficient data,,org_4d6f1f5a8005dbc5,ind_5314e24f5f6e6912,Small Hospital,North East Region,2024/25,excluded,false,outside primary ED analysis scope,false,3,2,false,true,false,true,"[""intervention_2e4a5e3faa2a7c3f1927""]"
cycle_2821a6da7f669761b346,Training & Education,Training & Education,1,Insufficient data,,org_4d6f1f5a8005dbc5,ind_5314e24f5f6e6912,Small Hospital,North East Region,2024/25,excluded,false,outside primary ED analysis scope,false,3,2,false,true,false,true,"[""intervention_8d26197bf1fdf7ebd7bb""]"
cycle_102f58798ec76f2a41a2,Other,Other,2,Insufficient data,,org_4d6f1f5a8005dbc5,ind_5314e24f5f6e6912,Small Hospital,North East Region,2025/26,excluded,false,outside primary ED analysis scope,false,2,1,false,true,false,true,"[""intervention_565157fcf9cf2dde781f"",""intervention_dfcebd2c7005f5da87c2""]"
cycle_102f58798ec76f2a41a2,Training & Education,Training & Education,1,Insufficient data,,org_4d6f1f5a8005dbc5,ind_5314e24f5f6e6912,Small Hospital,North East Region,2025/26,excluded,false,outside primary ED analysis scope,false,2,1,false,true,false,true,"[""intervention_44f20e43ed999c23b96f""]"
cycle_42782456d01a68cfac0f,Discharge & Transition Planning,Discharge & Transition Planning,1,Insufficient data,,org_4d6f1f5a8005dbc5,ind_68f45d340ca4a3f3,Small Hospital,North East Region,2025/26,needs_review,false,outside primary ED analysis scope,false,2,2,false,true,false,false,"[""intervention_4c88ece47422db90be41""]"
cycle_42782456d01a68cfac0f,Training & Education,Training & Education,1,Insufficient data,,org_4d6f1f5a8005dbc5,ind_68f45d340ca4a3f3,Small Hospital,North East Region,2025/26,needs_review,false,outside primary ED analysis scope,false,2,2,false,true,false,false,"[""intervention_494fd98ca403479da11f""]"
cycle_9d259664998fb47f695a,Discharge & Transition Planning,Discharge & Transition Planning,1,Insufficient data,,org_4d6f1f5a8005dbc5,ind_6b24c326f0270512,Small Hospital,North East Region,2025/26,needs_review,false,outside primary ED analysis scope,false,2,1,false,true,false,true,"[""intervention_9bddbfa9c6367a3c4acb""]"
cycle_9d259664998fb47f695a,Other,Other,1,Insufficient data,,org_4d6f1f5a8005dbc5,ind_6b24c326f0270512,Small Hospital,North East Region,2025/26,needs_review,false,outside primary ED analysis scope,false,2,1,false,true,false,true,"[""intervention_71f9bf96433934f1d279""]"
cycle_1ddd1c7898c397ba3c30,Admission & Transfer Process,Admission & Transfer Process,1,Insufficient data,,org_4d6f1f5a8005dbc5,ind_7bfbc51bb5337fae,Small Hospital,North East Region,2024/25,needs_review,false,outside primary ED analysis scope,false,3,2,false,true,false,true,"[""intervention_a38e69ff8e4736948dfd""]"
cycle_1ddd1c7898c397ba3c30,Care Coordination & Communication,Care Coordination & Communication,1,Insufficient data,,org_4d6f1f5a8005dbc5,ind_7bfbc51bb5337fae,Small Hospital,North East Region,2024/25,needs_review,false,outside primary ED analysis scope,false,3,2,false,true,false,true,"[""intervention_eed3e55e33a754df04a6""]"
cycle_1ddd1c7898c397ba3c30,Other,Other,1,Insufficient data,,org_4d6f1f5a8005dbc5,ind_7bfbc51bb5337fae,Small Hospital,North East Region,2024/25,needs_review,false,outside primary ED analysis scope,false,3,2,false,true,false,true,"[""intervention_d2d2e125c4c417942a94""]"
cycle_9e9ae0603d8683297d51,Discharge & Transition Planning,Discharge & Transition Planning,2,Insufficient data,,org_4d6f1f5a8005dbc5,ind_801b4b01f6491785,Small Hospital,North East Region,2024/25,needs_review,false,outside primary ED analysis scope,false,2,2,false,true,false,false,"[""intervention_5a4a601de3ef72f63b0d"",""intervention_e42ef894a4bd9d3e0442""]"
cycle_9e9ae0603d8683297d51,Patient Streaming / Triage,Patient Streaming / Triage,1,Insufficient data,,org_4d6f1f5a8005dbc5,ind_801b4b01f6491785,Small Hospital,North East Region,2024/25,needs_review,false,outside primary ED analysis scope,false,2,2,false,true,false,false,"[""intervention_5d50f588615933a93dd5""]"
cycle_d9024f0de48f0606f83c,Other,Other,1,Insufficient data,,org_4d6f1f5a8005dbc5,ind_a8f6cca5fe8befdf,Small Hospital,North East Region,2024/25,excluded,false,outside primary ED analysis scope,false,2,1,false,true,false,true,"[""intervention_f4be9260a1b0374dfc4c""]"
cycle_d9024f0de48f0606f83c,Training & Education,Training & Education,1,Insufficient data,,org_4d6f1f5a8005dbc5,ind_a8f6cca5fe8befdf,Small Hospital,North East Region,2024/25,excluded,false,outside primary ED analysis scope,false,2,1,false,true,false,true,"[""intervention_38ce6e753e327b072504""]"
cycle_e042d5e347731eda8458,Discharge & Transition Planning,Discharge & Transition Planning,1,Insufficient data,,org_4d6f1f5a8005dbc5,ind_cd57992e4ca687e8,Small Hospital,North East Region,2024/25,needs_review,false,outside primary ED analysis scope,false,2,1,false,true,false,true,"[""intervention_77ef4450f8bb991ff426""]"
cycle_e042d5e347731eda8458,Other,Other,2,Insufficient data,,org_4d6f1f5a8005dbc5,ind_cd57992e4ca687e8,Small Hospital,North East Region,2024/25,needs_review,false,outside primary ED analysis scope,false,2,1,false,true,false,true,"[""intervention_cbdeb2f0f6874970c5b7"",""intervention_d57c189bb8845d40fad5""]"
cycle_63af76471667bbef97cd,Discharge & Transition Planning,Discharge & Transition Planning,2,Insufficient data,,org_4d6f1f5a8005dbc5,ind_d77211a0b132c00b,Small Hospital,North East Region,2024/25,needs_review,false,outside primary ED analysis scope,false,2,2,false,true,false,false,"[""intervention_a0f44deb82c193139d61"",""intervention_bc3ac696f62d2e982a01""]"
cycle_63af76471667bbef97cd,Surge Management,Surge Management,1,Insufficient data,,org_4d6f1f5a8005dbc5,ind_d77211a0b132c00b,Small Hospital,North East Region,2024/25,needs_review,false,outside primary ED analysis scope,false,2,2,false,true,false,false,"[""intervention_14782b061721482ef871""]"
cycle_17c8654659de2fe912ca,Discharge & Transition Planning,Discharge & Transition Planning,2,Insufficient data,,org_4d6f1f5a8005dbc5,ind_d77211a0b132c00b,Small Hospital,North East Region,2025/26,needs_review,false,outside primary ED analysis scope,false,1,1,true,false,true,false,"[""intervention_a42f58bf883e2e252d4f"",""intervention_d386141f59c492293953""]"
cycle_095dafdc980e8d5c85e5,Discharge & Transition Planning,Discharge & Transition Planning,3,Insufficient data,,org_4d6f1f5a8005dbc5,ind_e63d71cca8e6064b,Small Hospital,North East Region,2024/25,needs_review,false,outside primary ED analysis scope,false,1,1,true,false,true,false,"[""intervention_7dcecccc028fbd97c1d5"",""intervention_846f40acf7e9e48f8bfa"",""intervention_a299f4ca4eac5e30aee4""]"
cycle_65315e14151cf1ca6a9a,Discharge & Transition Planning,Discharge & Transition Planning,2,Insufficient data,,org_4d6f1f5a8005dbc5,ind_e63d71cca8e6064b,Small Hospital,North East Region,2025/26,needs_review,false,outside primary ED analysis scope,false,1,1,true,false,true,false,"[""intervention_0e4f3b188ae6147188ea"",""intervention_c9c4505391bfe4fc47fc""]"
cycle_32d9a7de4598af1a900e,Care Coordination & Communication,Care Coordination & Communication,1,Insufficient data,,org_4d6f1f5a8005dbc5,ind_e7cd9b5804f1c518,Small Hospital,North East Region,2025/26,included,false,reporting_period_unverified,false,3,2,false,true,false,true,"[""intervention_85b34f759be13da33670""]"
cycle_32d9a7de4598af1a900e,Other,Other,1,Insufficient data,,org_4d6f1f5a8005dbc5,ind_e7cd9b5804f1c518,Small Hospital,North East Region,2025/26,included,false,reporting_period_unverified,false,3,2,false,true,false,true,"[""intervention_bb1ae2a2bf145d315503""]"
cycle_32d9a7de4598af1a900e,Staffing & Scheduling,Staffing & Scheduling,1,Insufficient data,,org_4d6f1f5a8005dbc5,ind_e7cd9b5804f1c518,Small Hospital,North East Region,2025/26,included,false,reporting_period_unverified,false,3,2,false,true,false,true,"[""intervention_f6e8bfe8704b05a1e6b9""]"
cycle_6ed7361c9ba398d585c7,"Data, Measurement & Dashboards","Data, Measurement & Dashboards",1,Insufficient data,,org_4de606951725f2cf,ind_0323d0b6532a06af,Teaching Hospital,West Region,2025/26,needs_review,false,outside primary ED analysis scope,false,2,1,false,true,false,true,"[""intervention_23a166d120d492059924""]"
cycle_6ed7361c9ba398d585c7,Other,Other,2,Insufficient data,,org_4de606951725f2cf,ind_0323d0b6532a06af,Teaching Hospital,West Region,2025/26,needs_review,false,outside primary ED analysis scope,false,2,1,false,true,false,true,"[""intervention_2a6392e6d3db8d9da92a"",""intervention_c9ed5dc9dc5fda163e90""]"
cycle_cf57f04c19cc37581d4e,Care Coordination & Communication,Care Coordination & Communication,1,Insufficient data,,org_4de606951725f2cf,ind_26e64927a723e3f6,Teaching Hospital,West Region,2024/25,needs_review,false,outside primary ED analysis scope,false,4,3,false,true,false,true,"[""intervention_b2c4daf73e114d958252""]"
cycle_cf57f04c19cc37581d4e,Other,Other,2,Insufficient data,,org_4de606951725f2cf,ind_26e64927a723e3f6,Teaching Hospital,West Region,2024/25,needs_review,false,outside primary ED analysis scope,false,4,3,false,true,false,true,"[""intervention_3bd52e474f6a1de38bb5"",""intervention_74d314e88fd9a5d38d1e""]"
cycle_cf57f04c19cc37581d4e,Policy / Standardization,Policy / Standardization,2,Insufficient data,,org_4de606951725f2cf,ind_26e64927a723e3f6,Teaching Hospital,West Region,2024/25,needs_review,false,outside primary ED analysis scope,false,4,3,false,true,false,true,"[""intervention_a11727ec021181ca979b"",""intervention_b7e21c31462cc47cd233""]"
cycle_cf57f04c19cc37581d4e,Safety & Risk Prevention,Safety & Risk Prevention,1,Insufficient data,,org_4de606951725f2cf,ind_26e64927a723e3f6,Teaching Hospital,West Region,2024/25,needs_review,false,outside primary ED analysis scope,false,4,3,false,true,false,true,"[""intervention_949e69e0d9d9b8bc665c""]"
cycle_1b2af62ccdb0c766c342,Other,Other,2,Insufficient data,,org_4de606951725f2cf,ind_45701310d1728cff,Teaching Hospital,West Region,2024/25,needs_review,false,outside primary ED analysis scope,false,2,1,false,true,false,true,"[""intervention_afbc98fd87c193eecfaf"",""intervention_c749f11521c612328dad""]"
cycle_1b2af62ccdb0c766c342,Policy / Standardization,Policy / Standardization,1,Insufficient data,,org_4de606951725f2cf,ind_45701310d1728cff,Teaching Hospital,West Region,2024/25,needs_review,false,outside primary ED analysis scope,false,2,1,false,true,false,true,"[""intervention_d0d614ea478051b06233""]"
cycle_325da18d1c5c7dda36e8,Other,Other,1,Insufficient data,,org_4de606951725f2cf,ind_52ff3149a6587b82,Teaching Hospital,West Region,2025/26,needs_review,false,outside primary ED analysis scope,false,2,1,false,true,false,true,"[""intervention_5b19417d8b00c65f9698""]"
cycle_325da18d1c5c7dda36e8,Policy / Standardization,Policy / Standardization,3,Insufficient data,,org_4de606951725f2cf,ind_52ff3149a6587b82,Teaching Hospital,West Region,2025/26,needs_review,false,outside primary ED analysis scope,false,2,1,false,true,false,true,"[""intervention_02da4d1157bbbd0a00b2"",""intervention_5dfd4dee1dc8429cf41b"",""intervention_c5f16c1ca1b7b7ec174d""]"
cycle_d9964479e39d0e929533,Admission & Transfer Process,Admission & Transfer Process,1,Insufficient data,,org_4de606951725f2cf,ind_72307409b4a66448,Teaching Hospital,West Region,2024/25,needs_review,false,outside primary ED analysis scope,false,3,2,false,true,false,true,"[""intervention_777f3176f3538ee07e29""]"
cycle_d9964479e39d0e929533,Other,Other,2,Insufficient data,,org_4de606951725f2cf,ind_72307409b4a66448,Teaching Hospital,West Region,2024/25,needs_review,false,outside primary ED analysis scope,false,3,2,false,true,false,true,"[""intervention_3b17259159dafb7e7444"",""intervention_8281997322b1c569b4de""]"
cycle_d9964479e39d0e929533,Training & Education,Training & Education,1,Insufficient data,,org_4de606951725f2cf,ind_72307409b4a66448,Teaching Hospital,West Region,2024/25,needs_review,false,outside primary ED analysis scope,false,3,2,false,true,false,true,"[""intervention_b1511f70593a9e099038""]"
cycle_2eacc1cab98de7b11a21,"Data, Measurement & Dashboards","Data, Measurement & Dashboards",1,Insufficient data,,org_4de606951725f2cf,ind_8479876cd401c40e,Teaching Hospital,West Region,2024/25,needs_review,false,outside primary ED analysis scope,false,4,3,false,true,false,true,"[""intervention_61c15b899044ec37d148""]"
cycle_2eacc1cab98de7b11a21,Other,Other,1,Insufficient data,,org_4de606951725f2cf,ind_8479876cd401c40e,Teaching Hospital,West Region,2024/25,needs_review,false,outside primary ED analysis scope,false,4,3,false,true,false,true,"[""intervention_0342c3ca219d2a5fceb2""]"
cycle_2eacc1cab98de7b11a21,Patient Streaming / Triage,Patient Streaming / Triage,1,Insufficient data,,org_4de606951725f2cf,ind_8479876cd401c40e,Teaching Hospital,West Region,2024/25,needs_review,false,outside primary ED analysis scope,false,4,3,false,true,false,true,"[""intervention_128f4e58c59e10bfd09c""]"
cycle_2eacc1cab98de7b11a21,Policy / Standardization,Policy / Standardization,1,Insufficient data,,org_4de606951725f2cf,ind_8479876cd401c40e,Teaching Hospital,West Region,2024/25,needs_review,false,outside primary ED analysis scope,false,4,3,false,true,false,true,"[""intervention_f3ed69d4f949b676ec7b""]"
cycle_04f5786a0220e372d865,Other,Other,2,Insufficient data,,org_4de606951725f2cf,ind_9e0606bde1c83eca,Teaching Hospital,West Region,2024/25,needs_review,false,outside primary ED analysis scope,false,2,1,false,true,false,true,"[""intervention_2246966f953f6bed6184"",""intervention_26a1607785c3aebe8dcb""]"
cycle_04f5786a0220e372d865,Policy / Standardization,Policy / Standardization,1,Insufficient data,,org_4de606951725f2cf,ind_9e0606bde1c83eca,Teaching Hospital,West Region,2024/25,needs_review,false,outside primary ED analysis scope,false,2,1,false,true,false,true,"[""intervention_ad25046840873179dc17""]"
cycle_9610ad4927cbd29f3db6,Care Coordination & Communication,Care Coordination & Communication,1,Insufficient data,,org_4de606951725f2cf,ind_c521558a04f6cf69,Teaching Hospital,West Region,2025/26,needs_review,false,outside primary ED analysis scope,false,4,3,false,true,false,true,"[""intervention_8bc6d5d96f80cd61c303""]"
cycle_9610ad4927cbd29f3db6,Discharge & Transition Planning,Discharge & Transition Planning,1,Insufficient data,,org_4de606951725f2cf,ind_c521558a04f6cf69,Teaching Hospital,West Region,2025/26,needs_review,false,outside primary ED analysis scope,false,4,3,false,true,false,true,"[""intervention_9f85531ee9185e003617""]"
cycle_9610ad4927cbd29f3db6,Other,Other,1,Insufficient data,,org_4de606951725f2cf,ind_c521558a04f6cf69,Teaching Hospital,West Region,2025/26,needs_review,false,outside primary ED analysis scope,false,4,3,false,true,false,true,"[""intervention_7cfddcbb9d81ae3f57d5""]"
cycle_9610ad4927cbd29f3db6,Policy / Standardization,Policy / Standardization,1,Insufficient data,,org_4de606951725f2cf,ind_c521558a04f6cf69,Teaching Hospital,West Region,2025/26,needs_review,false,outside primary ED analysis scope,false,4,3,false,true,false,true,"[""intervention_506325b757b396855599""]"
cycle_0e100ae61129df61289b,"Data, Measurement & Dashboards","Data, Measurement & Dashboards",1,Insufficient data,,org_4de606951725f2cf,ind_cd76136206d5b566,Teaching Hospital,West Region,2025/26,needs_review,false,outside primary ED analysis scope,false,3,2,false,true,false,true,"[""intervention_4b5f1527c4ae722abd5b""]"
cycle_0e100ae61129df61289b,Other,Other,3,Insufficient data,,org_4de606951725f2cf,ind_cd76136206d5b566,Teaching Hospital,West Region,2025/26,needs_review,false,outside primary ED analysis scope,false,3,2,false,true,false,true,"[""intervention_3571ebe2c9df32095fda"",""intervention_7a24872b53145d578514"",""intervention_9b84c11fee2ef4fbf555""]"
cycle_0e100ae61129df61289b,Policy / Standardization,Policy / Standardization,2,Insufficient data,,org_4de606951725f2cf,ind_cd76136206d5b566,Teaching Hospital,West Region,2025/26,needs_review,false,outside primary ED analysis scope,false,3,2,false,true,false,true,"[""intervention_899a6705910e87ef5329"",""intervention_ddaf9d9a67b242128dc1""]"
cycle_5d4da5410a198a8e0516,Admission & Transfer Process,Admission & Transfer Process,1,Insufficient data,,org_4de606951725f2cf,ind_d775be7c22a173f9,Teaching Hospital,West Region,2025/26,needs_review,false,outside primary ED analysis scope,false,2,1,false,true,false,true,"[""intervention_ee5ea5c91d5b510c7f5f""]"
cycle_5d4da5410a198a8e0516,Other,Other,4,Insufficient data,,org_4de606951725f2cf,ind_d775be7c22a173f9,Teaching Hospital,West Region,2025/26,needs_review,false,outside primary ED analysis scope,false,2,1,false,true,false,true,"[""intervention_2c166a10a13beafd164a"",""intervention_628aebf659677b55ac7c"",""intervention_d359fc51e403d550699b"",""intervention_e8c992a55b08c2fc7d1c""]"
cycle_d9bab55b40242c1769c0,Other,Other,5,Insufficient data,,org_4de606951725f2cf,ind_e2b49f8e7ce3139b,Teaching Hospital,West Region,2024/25,needs_review,false,outside primary ED analysis scope,false,1,0,true,false,false,true,"[""intervention_17913f4717f8b451c8da"",""intervention_19f89ff87cc049526b09"",""intervention_2611f536cf996fb76200"",""intervention_516815737e457c82e79e"",""intervention_80edf91428368a969973""]"
cycle_7052eb4db5b69fdc22bb,Discharge & Transition Planning,Discharge & Transition Planning,2,Insufficient data,,org_4de606951725f2cf,ind_e2ce4d4a4209ce34,Teaching Hospital,West Region,2024/25,needs_review,false,outside primary ED analysis scope,false,3,2,false,true,false,true,"[""intervention_63862cacc0e9353f3b0c"",""intervention_cdbc0300478dd330b5b9""]"
cycle_7052eb4db5b69fdc22bb,Other,Other,1,Insufficient data,,org_4de606951725f2cf,ind_e2ce4d4a4209ce34,Teaching Hospital,West Region,2024/25,needs_review,false,outside primary ED analysis scope,false,3,2,false,true,false,true,"[""intervention_0b07168db0e6ed56079e""]"
cycle_7052eb4db5b69fdc22bb,Surge Management,Surge Management,1,Insufficient data,,org_4de606951725f2cf,ind_e2ce4d4a4209ce34,Teaching Hospital,West Region,2024/25,needs_review,false,outside primary ED analysis scope,false,3,2,false,true,false,true,"[""intervention_f01a22b973cf22cba7fa""]"
cycle_00917389ee9c74a65971,Other,Other,3,Insufficient data,,org_4de606951725f2cf,ind_eea08bdf466ce83e,Teaching Hospital,West Region,2025/26,needs_review,false,outside primary ED analysis scope,false,1,0,true,false,false,true,"[""intervention_50ee9aa302d69c82041a"",""intervention_be5d07278b3cfb60e926"",""intervention_d71226471d3eb777ab3a""]"
cycle_cf714d6c79419f0ae28e,Other,Other,3,Insufficient data,,org_4de606951725f2cf,ind_f16566eab43a0876,Teaching Hospital,West Region,2024/25,needs_review,false,outside primary ED analysis scope,false,1,0,true,false,false,true,"[""intervention_5ba571a0a78e372098f4"",""intervention_7c9c2c689ae1f098cb24"",""intervention_d624273d00f6d23da177""]"
cycle_ec83958adb4ead500556,"Data, Measurement & Dashboards","Data, Measurement & Dashboards",1,Insufficient data,,org_4de606951725f2cf,ind_f940dc55837d654d,Teaching Hospital,West Region,2025/26,needs_review,false,outside primary ED analysis scope,false,2,1,false,true,false,true,"[""intervention_98808af325341cbbc22b""]"
cycle_ec83958adb4ead500556,Other,Other,3,Insufficient data,,org_4de606951725f2cf,ind_f940dc55837d654d,Teaching Hospital,West Region,2025/26,needs_review,false,outside primary ED analysis scope,false,2,1,false,true,false,true,"[""intervention_219e790047ea00b6d373"",""intervention_9f9d5895b88aa3d46548"",""intervention_f7437db33f368e885d96""]"
cycle_2d18f15dd540d0d3e2e0,Discharge & Transition Planning,Discharge & Transition Planning,1,Insufficient data,,org_4ed5875b842f3faa,ind_0646035afd9bba7c,Large Community Hospital,West Region,2024/25,excluded,false,outside primary ED analysis scope,false,1,1,true,false,true,false,"[""intervention_ceaef23443b469ccc3a8""]"
cycle_6de8a3075ce36d00aa64,Discharge & Transition Planning,Discharge & Transition Planning,1,Insufficient data,,org_4ed5875b842f3faa,ind_0646035afd9bba7c,Large Community Hospital,West Region,2025/26,excluded,false,outside primary ED analysis scope,false,1,1,true,false,true,false,"[""intervention_5ec4386bbc9fdb59e76b""]"
cycle_d94b3835aa040e0a32cd,Other,Other,1,Insufficient data,,org_4ed5875b842f3faa,ind_37478f8fb5db2bb6,Large Community Hospital,West Region,2024/25,excluded,false,outside primary ED analysis scope,false,2,1,false,true,false,true,"[""intervention_ff6b398b30ad1728a135""]"
cycle_d94b3835aa040e0a32cd,Training & Education,Training & Education,3,Insufficient data,,org_4ed5875b842f3faa,ind_37478f8fb5db2bb6,Large Community Hospital,West Region,2024/25,excluded,false,outside primary ED analysis scope,false,2,1,false,true,false,true,"[""intervention_269d2f5baa1e30a76097"",""intervention_3aaad50efe67c49b9f8b"",""intervention_cb16e49d109b3ec09c3c""]"
cycle_8e1fde47d8fd76af446b,Training & Education,Training & Education,2,Insufficient data,,org_4ed5875b842f3faa,ind_5314e24f5f6e6912,Large Community Hospital,West Region,2024/25,excluded,false,outside primary ED analysis scope,false,1,1,true,false,true,false,"[""intervention_ca260593dbd849da3702"",""intervention_fa394d51224de8ec691d""]"
cycle_a2362b312026312bc825,Other,Other,1,Insufficient data,,org_4ed5875b842f3faa,ind_5314e24f5f6e6912,Large Community Hospital,West Region,2025/26,excluded,false,outside primary ED analysis scope,false,3,2,false,true,false,true,"[""intervention_70d24bb4f9194b6e5a4f""]"
cycle_a2362b312026312bc825,Policy / Standardization,Policy / Standardization,1,Insufficient data,,org_4ed5875b842f3faa,ind_5314e24f5f6e6912,Large Community Hospital,West Region,2025/26,excluded,false,outside primary ED analysis scope,false,3,2,false,true,false,true,"[""intervention_da3c2b1d139c684f8ef8""]"
cycle_a2362b312026312bc825,Training & Education,Training & Education,2,Insufficient data,,org_4ed5875b842f3faa,ind_5314e24f5f6e6912,Large Community Hospital,West Region,2025/26,excluded,false,outside primary ED analysis scope,false,3,2,false,true,false,true,"[""intervention_740033dbc6c2749e7f5c"",""intervention_ae856dc24074e31968f8""]"
cycle_50175009fbdb28790281,Discharge & Transition Planning,Discharge & Transition Planning,2,Insufficient data,,org_4ed5875b842f3faa,ind_67ee717abbe20a1b,Large Community Hospital,West Region,2024/25,excluded,false,outside primary ED analysis scope,false,1,1,true,false,true,false,"[""intervention_17d451c63b12e7b1f978"",""intervention_fbf303528a52235cfce5""]"
cycle_3af04508d08747e1af74,Other,Other,1,Insufficient data,,org_4ed5875b842f3faa,ind_67ee717abbe20a1b,Large Community Hospital,West Region,2025/26,excluded,false,outside primary ED analysis scope,false,1,0,true,false,false,true,"[""intervention_f172381c7778ef5b7198""]"
cycle_3fc6f95a7050991d1f4e,Other,Other,1,Insufficient data,,org_4ed5875b842f3faa,ind_7427ebd174da0a52,Large Community Hospital,West Region,2024/25,needs_review,false,outside primary ED analysis scope,false,2,1,false,true,false,true,"[""intervention_076ae4c2cec38a504d2b""]"
cycle_3fc6f95a7050991d1f4e,Patient Streaming / Triage,Patient Streaming / Triage,2,Insufficient data,,org_4ed5875b842f3faa,ind_7427ebd174da0a52,Large Community Hospital,West Region,2024/25,needs_review,false,outside primary ED analysis scope,false,2,1,false,true,false,true,"[""intervention_64a03cfe406ed602ad2d"",""intervention_e62886396df3dda5e4f2""]"
cycle_e0c988722ee8794c74b7,Training & Education,Training & Education,1,Insufficient data,,org_4ed5875b842f3faa,ind_a8f6cca5fe8befdf,Large Community Hospital,West Region,2025/26,excluded,false,outside primary ED analysis scope,false,1,1,true,false,true,false,"[""intervention_4054c47076f70d18cc35""]"
cycle_d58456d5dd60694d3d61,Staffing & Scheduling,Staffing & Scheduling,1,Insufficient data,,org_4ed5875b842f3faa,ind_e7cd9b5804f1c518,Large Community Hospital,West Region,2025/26,included,false,reporting_period_unverified,false,1,1,true,false,true,false,"[""intervention_82b8ea07c86f773dc948""]"
cycle_a5a936416ff060e542fd,Discharge & Transition Planning,Discharge & Transition Planning,1,Insufficient data,,org_4ed5875b842f3faa,ind_ee70b593aad3e4f6,Large Community Hospital,West Region,2025/26,included,false,reporting_period_unverified,false,2,1,false,true,false,true,"[""intervention_c7578951894a4e0342de""]"
cycle_a5a936416ff060e542fd,Other,Other,1,Insufficient data,,org_4ed5875b842f3faa,ind_ee70b593aad3e4f6,Large Community Hospital,West Region,2025/26,included,false,reporting_period_unverified,false,2,1,false,true,false,true,"[""intervention_a2d2ab8ea6d53c9580e4""]"
cycle_98737e1e51bb01bff11e,Other,Other,2,Insufficient data,,org_4ed5875b842f3faa,ind_f1a44bd48e776fd4,Large Community Hospital,West Region,2024/25,needs_review,false,outside primary ED analysis scope,false,1,0,true,false,false,true,"[""intervention_b4b585d1cee7c6addc8e"",""intervention_c51ecc8f38220b83ec7e""]"
cycle_92877805d6e1cf732531,Patient Streaming / Triage,Patient Streaming / Triage,1,Insufficient data,,org_4fdc5d1037df9eeb,ind_3fdbfa1beb8cd349,Small Hospital,North East Region,2024/25,needs_review,false,outside primary ED analysis scope,false,3,3,false,true,false,false,"[""intervention_3ba63d4af5257763d936""]"
cycle_92877805d6e1cf732531,Policy / Standardization,Policy / Standardization,1,Insufficient data,,org_4fdc5d1037df9eeb,ind_3fdbfa1beb8cd349,Small Hospital,North East Region,2024/25,needs_review,false,outside primary ED analysis scope,false,3,3,false,true,false,false,"[""intervention_224127a225759d1493d4""]"
cycle_92877805d6e1cf732531,Technology & Digital Tools,Technology & Digital Tools,1,Insufficient data,,org_4fdc5d1037df9eeb,ind_3fdbfa1beb8cd349,Small Hospital,North East Region,2024/25,needs_review,false,outside primary ED analysis scope,false,3,3,false,true,false,false,"[""intervention_43ca10e514954a7004de""]"
cycle_9bf2cbeaeed15de8cc92,Discharge & Transition Planning,Discharge & Transition Planning,1,Insufficient data,,org_4fdc5d1037df9eeb,ind_481b26de5dfb094f,Small Hospital,North East Region,2025/26,needs_review,false,outside primary ED analysis scope,false,2,2,false,true,false,false,"[""intervention_2916aae2426d632ce36c""]"
cycle_9bf2cbeaeed15de8cc92,Policy / Standardization,Policy / Standardization,1,Insufficient data,,org_4fdc5d1037df9eeb,ind_481b26de5dfb094f,Small Hospital,North East Region,2025/26,needs_review,false,outside primary ED analysis scope,false,2,2,false,true,false,false,"[""intervention_dfaf5a60277c81ca5f40""]"
cycle_f00ff282948198dfd8c4,Care Coordination & Communication,Care Coordination & Communication,1,Insufficient data,,org_4fdc5d1037df9eeb,ind_5314e24f5f6e6912,Small Hospital,North East Region,2024/25,excluded,false,outside primary ED analysis scope,false,2,2,false,true,false,false,"[""intervention_9bfd65a24a53c99290ba""]"
cycle_f00ff282948198dfd8c4,Training & Education,Training & Education,1,Insufficient data,,org_4fdc5d1037df9eeb,ind_5314e24f5f6e6912,Small Hospital,North East Region,2024/25,excluded,false,outside primary ED analysis scope,false,2,2,false,true,false,false,"[""intervention_d2f19009a57a5584b316""]"
cycle_0628a50a0ce2155cec45,Other,Other,1,Insufficient data,,org_4fdc5d1037df9eeb,ind_5314e24f5f6e6912,Small Hospital,North East Region,2025/26,excluded,false,outside primary ED analysis scope,false,2,1,false,true,false,true,"[""intervention_d13d4f7d433ad8b28907""]"
cycle_0628a50a0ce2155cec45,Training & Education,Training & Education,1,Insufficient data,,org_4fdc5d1037df9eeb,ind_5314e24f5f6e6912,Small Hospital,North East Region,2025/26,excluded,false,outside primary ED analysis scope,false,2,1,false,true,false,true,"[""intervention_a9369fda72d9cd74d40a""]"
cycle_1799f4b868ee86bcbed5,Other,Other,1,Insufficient data,,org_4fdc5d1037df9eeb,ind_8cc37c6f5f5bd596,Small Hospital,North East Region,2025/26,needs_review,false,outside primary ED analysis scope,false,2,1,false,true,false,true,"[""intervention_eca2d7b2f0193b132441""]"
cycle_1799f4b868ee86bcbed5,Policy / Standardization,Policy / Standardization,1,Insufficient data,,org_4fdc5d1037df9eeb,ind_8cc37c6f5f5bd596,Small Hospital,North East Region,2025/26,needs_review,false,outside primary ED analysis scope,false,2,1,false,true,false,true,"[""intervention_62578499643d25f72289""]"
cycle_5cec895c97feca02dd68,Discharge & Transition Planning,Discharge & Transition Planning,3,Insufficient data,,org_4fdc5d1037df9eeb,ind_b37da688cbaac2df,Small Hospital,North East Region,2024/25,needs_review,false,outside primary ED analysis scope,false,1,1,true,false,true,false,"[""intervention_71b6f83ea6abb5de322a"",""intervention_969e857891da3bbc5b38"",""intervention_9857c40591c30d4065cc""]"
cycle_0ac2d3c0ae0e18c70a60,"Data, Measurement & Dashboards","Data, Measurement & Dashboards",1,Insufficient data,,org_4fdc5d1037df9eeb,ind_bf0d05ce081f5c69,Small Hospital,North East Region,2025/26,needs_review,false,outside primary ED analysis scope,false,1,1,true,false,true,false,"[""intervention_5801a20f6405e8aa422c""]"
cycle_e6ef18605f3d7a1c617a,Admission & Transfer Process,Admission & Transfer Process,1,Insufficient data,,org_4fdc5d1037df9eeb,ind_cd57992e4ca687e8,Small Hospital,North East Region,2024/25,needs_review,false,outside primary ED analysis scope,false,2,1,false,true,false,true,"[""intervention_69d2bbe7d6d9aacc4bf8""]"
cycle_e6ef18605f3d7a1c617a,Other,Other,2,Insufficient data,,org_4fdc5d1037df9eeb,ind_cd57992e4ca687e8,Small Hospital,North East Region,2024/25,needs_review,false,outside primary ED analysis scope,false,2,1,false,true,false,true,"[""intervention_17f06fb41d9c2a9f25fe"",""intervention_d676b72f1ffa3230b891""]"
cycle_cf279231052deff9ea18,Safety & Risk Prevention,Safety & Risk Prevention,1,Insufficient data,,org_4fdc5d1037df9eeb,ind_e4335eee0646685e,Small Hospital,North East Region,2024/25,needs_review,false,outside primary ED analysis scope,false,2,2,false,true,false,false,"[""intervention_eb639e0197ee0e5ff509""]"
cycle_cf279231052deff9ea18,Training & Education,Training & Education,1,Insufficient data,,org_4fdc5d1037df9eeb,ind_e4335eee0646685e,Small Hospital,North East Region,2024/25,needs_review,false,outside primary ED analysis scope,false,2,2,false,true,false,false,"[""intervention_289a18852b9da7a54674""]"
cycle_978290a0cd34a4ee1df7,Other,Other,2,Insufficient data,,org_4fdc5d1037df9eeb,ind_e7cd9b5804f1c518,Small Hospital,North East Region,2025/26,included,false,reporting_period_unverified,false,3,2,false,true,false,true,"[""intervention_812f5d6315db8fcda4a2"",""intervention_c7eea909ae1b6c182e34""]"
cycle_978290a0cd34a4ee1df7,Patient Streaming / Triage,Patient Streaming / Triage,1,Insufficient data,,org_4fdc5d1037df9eeb,ind_e7cd9b5804f1c518,Small Hospital,North East Region,2025/26,included,false,reporting_period_unverified,false,3,2,false,true,false,true,"[""intervention_998d451387aff487b865""]"
cycle_978290a0cd34a4ee1df7,Staffing & Scheduling,Staffing & Scheduling,1,Insufficient data,,org_4fdc5d1037df9eeb,ind_e7cd9b5804f1c518,Small Hospital,North East Region,2025/26,included,false,reporting_period_unverified,false,3,2,false,true,false,true,"[""intervention_c47458357e479dad00d8""]"
cycle_2bb2b5e14775e339aaa1,Training & Education,Training & Education,2,Insufficient data,,org_518afa432e1df63b,ind_0257c6a730152172,Large Community Hospital,East Region,2025/26,needs_review,false,outside primary ED analysis scope,false,1,1,true,false,true,false,"[""intervention_0cac3adcae740d5452ae"",""intervention_82044a286a2145a19a73""]"
cycle_ec17fdf87aa1fe9300db,Other,Other,1,Insufficient data,,org_518afa432e1df63b,ind_3df4177f452ae7a3,Large Community Hospital,East Region,2025/26,needs_review,false,outside primary ED analysis scope,false,3,2,false,true,false,true,"[""intervention_5291d696c68106e27e1b""]"
cycle_ec17fdf87aa1fe9300db,Policy / Standardization,Policy / Standardization,1,Insufficient data,,org_518afa432e1df63b,ind_3df4177f452ae7a3,Large Community Hospital,East Region,2025/26,needs_review,false,outside primary ED analysis scope,false,3,2,false,true,false,true,"[""intervention_0254c957729eef8a7834""]"
cycle_ec17fdf87aa1fe9300db,Training & Education,Training & Education,1,Insufficient data,,org_518afa432e1df63b,ind_3df4177f452ae7a3,Large Community Hospital,East Region,2025/26,needs_review,false,outside primary ED analysis scope,false,3,2,false,true,false,true,"[""intervention_fb06d1a87ac9c1862fcc""]"
cycle_eeec7dd1966b55ad2cd9,Other,Other,2,Insufficient data,,org_518afa432e1df63b,ind_43a790d3afe0c937,Large Community Hospital,East Region,2024/25,needs_review,false,outside primary ED analysis scope,false,2,1,false,true,false,true,"[""intervention_b14dd8f02c25a2711a9d"",""intervention_ec00861fef840700a1a6""]"
cycle_eeec7dd1966b55ad2cd9,Training & Education,Training & Education,1,Insufficient data,,org_518afa432e1df63b,ind_43a790d3afe0c937,Large Community Hospital,East Region,2024/25,needs_review,false,outside primary ED analysis scope,false,2,1,false,true,false,true,"[""intervention_8cd00548f032e09eb200""]"
cycle_9c91cb54ff54486bbee5,Discharge & Transition Planning,Discharge & Transition Planning,1,Insufficient data,,org_518afa432e1df63b,ind_4ce2563cf7a36fe5,Large Community Hospital,East Region,2025/26,needs_review,false,outside primary ED analysis scope,false,3,2,false,true,false,true,"[""intervention_6d3c142a5628936694fa""]"
cycle_9c91cb54ff54486bbee5,Other,Other,1,Insufficient data,,org_518afa432e1df63b,ind_4ce2563cf7a36fe5,Large Community Hospital,East Region,2025/26,needs_review,false,outside primary ED analysis scope,false,3,2,false,true,false,true,"[""intervention_ccde5c65bd3cd1a442d4""]"
cycle_9c91cb54ff54486bbee5,Training & Education,Training & Education,1,Insufficient data,,org_518afa432e1df63b,ind_4ce2563cf7a36fe5,Large Community Hospital,East Region,2025/26,needs_review,false,outside primary ED analysis scope,false,3,2,false,true,false,true,"[""intervention_53d090d32d3f7ff80078""]"
cycle_c5545cf9bb7b84e4e671,Care Coordination & Communication,Care Coordination & Communication,1,Insufficient data,,org_518afa432e1df63b,ind_5b2e1352e31909e8,Large Community Hospital,East Region,2025/26,included,false,reporting_period_unverified,false,1,1,true,false,true,false,"[""intervention_89801acd371e2671c6e7""]"
cycle_f010fcfbbe385c5a5b8a,Other,Other,1,Insufficient data,,org_518afa432e1df63b,ind_895e9bd7d98a91cc,Large Community Hospital,East Region,2024/25,needs_review,false,outside primary ED analysis scope,false,2,1,false,true,false,true,"[""intervention_c36bfd2c0d75971e8b0d""]"
cycle_f010fcfbbe385c5a5b8a,Policy / Standardization,Policy / Standardization,1,Insufficient data,,org_518afa432e1df63b,ind_895e9bd7d98a91cc,Large Community Hospital,East Region,2024/25,needs_review,false,outside primary ED analysis scope,false,2,1,false,true,false,true,"[""intervention_c13fa6bc6fa545369fad""]"
cycle_300fbad0124eb2d5dc2d,Other,Other,3,Insufficient data,,org_518afa432e1df63b,ind_94e2b2f1874c82b0,Large Community Hospital,East Region,2024/25,needs_review,false,outside primary ED analysis scope,false,1,0,true,false,false,true,"[""intervention_078a7b1ce7fc3f66233a"",""intervention_1ae5ed12b4a7801f1b77"",""intervention_39c1f8a043c7aa863dd9""]"
cycle_fca985e5daa8532a7cb6,Care Coordination & Communication,Care Coordination & Communication,1,Insufficient data,,org_518afa432e1df63b,ind_99683066bae3ad6d,Large Community Hospital,East Region,2024/25,needs_review,false,outside primary ED analysis scope,false,3,2,false,true,false,true,"[""intervention_b182c6041e9699bdbf7f""]"
cycle_fca985e5daa8532a7cb6,Other,Other,1,Insufficient data,,org_518afa432e1df63b,ind_99683066bae3ad6d,Large Community Hospital,East Region,2024/25,needs_review,false,outside primary ED analysis scope,false,3,2,false,true,false,true,"[""intervention_e66e59b71cb6e5d3cd71""]"
cycle_fca985e5daa8532a7cb6,Training & Education,Training & Education,1,Insufficient data,,org_518afa432e1df63b,ind_99683066bae3ad6d,Large Community Hospital,East Region,2024/25,needs_review,false,outside primary ED analysis scope,false,3,2,false,true,false,true,"[""intervention_df47f7056045182d41ad""]"
cycle_f8f7696855114cadf2cf,Safety & Risk Prevention,Safety & Risk Prevention,1,Insufficient data,,org_518afa432e1df63b,ind_9b0a739954e1a189,Large Community Hospital,East Region,2024/25,needs_review,false,outside primary ED analysis scope,false,2,2,false,true,false,false,"[""intervention_7db4baa4e7896b2189b0""]"
cycle_f8f7696855114cadf2cf,Training & Education,Training & Education,1,Insufficient data,,org_518afa432e1df63b,ind_9b0a739954e1a189,Large Community Hospital,East Region,2024/25,needs_review,false,outside primary ED analysis scope,false,2,2,false,true,false,false,"[""intervention_3455930d6bca5546a242""]"
cycle_fbe01f7a8b7e156e85eb,Discharge & Transition Planning,Discharge & Transition Planning,1,Insufficient data,,org_518afa432e1df63b,ind_cd57992e4ca687e8,Large Community Hospital,East Region,2024/25,needs_review,false,outside primary ED analysis scope,false,2,1,false,true,false,true,"[""intervention_29c40a1685168f6249dc""]"
cycle_fbe01f7a8b7e156e85eb,Other,Other,3,Insufficient data,,org_518afa432e1df63b,ind_cd57992e4ca687e8,Large Community Hospital,East Region,2024/25,needs_review,false,outside primary ED analysis scope,false,2,1,false,true,false,true,"[""intervention_0a8ca848ab50b0fd170f"",""intervention_aa9194ddf5fe8566c800"",""intervention_ad68c6015bebd3b52b7f""]"
cycle_bc4197ab31098b12afea,Policy / Standardization,Policy / Standardization,1,Insufficient data,,org_560e1c879e01383f,ind_0d00fe676d276d82,Chronic/Rehab Hospital,North East Region,2025/26,needs_review,false,outside primary ED analysis scope,false,1,1,true,false,true,false,"[""intervention_cd3553bbc5f75bcc4c60""]"
cycle_d52d669196eca0d1ea64,Other,Other,1,Insufficient data,,org_560e1c879e01383f,ind_192fded222b44b4c,Chronic/Rehab Hospital,North East Region,2024/25,needs_review,false,outside primary ED analysis scope,false,1,0,true,false,false,true,"[""intervention_b5a758e6f0c48ee41348""]"
cycle_eeb03dc02ecbce7af115,Other,Other,1,Insufficient data,,org_560e1c879e01383f,ind_2168c99a8dfdaad0,Chronic/Rehab Hospital,North East Region,2024/25,needs_review,false,outside primary ED analysis scope,false,1,0,true,false,false,true,"[""intervention_c94f671fbd9ad7fed93b""]"
cycle_c1fa2e6e713aa0c62710,Other,Other,1,Insufficient data,,org_560e1c879e01383f,ind_5314e24f5f6e6912,Chronic/Rehab Hospital,North East Region,2024/25,excluded,false,outside primary ED analysis scope,false,1,0,true,false,false,true,"[""intervention_28c1a1c1f828be96040f""]"
cycle_953b8a09f766fa9b1355,Other,Other,1,Insufficient data,,org_560e1c879e01383f,ind_5314e24f5f6e6912,Chronic/Rehab Hospital,North East Region,2025/26,excluded,false,outside primary ED analysis scope,false,1,0,true,false,false,true,"[""intervention_5cc2b4a3f962d2bf5634""]"
cycle_a3abf1b6e545c4e8d495,Discharge & Transition Planning,Discharge & Transition Planning,1,Insufficient data,,org_560e1c879e01383f,ind_67ee717abbe20a1b,Chronic/Rehab Hospital,North East Region,2024/25,excluded,false,outside primary ED analysis scope,false,1,1,true,false,true,false,"[""intervention_3a51ed689ff41b624e5f""]"
cycle_48969ee0a1739febfaa9,Other,Other,1,Insufficient data,,org_560e1c879e01383f,ind_6a8dd796af8b51c8,Chronic/Rehab Hospital,North East Region,2025/26,needs_review,false,outside primary ED analysis scope,false,1,0,true,false,false,true,"[""intervention_00ee5e2dd7faf3845efd""]"
cycle_6bca2b7a9ca4f5a6fa2f,Other,Other,1,Insufficient data,,org_560e1c879e01383f,ind_6b733ddffc398181,Chronic/Rehab Hospital,North East Region,2024/25,needs_review,false,outside primary ED analysis scope,false,1,0,true,false,false,true,"[""intervention_0f48496a8ee7c88b3b99""]"
cycle_cffb8af1949cd6ad7362,"Data, Measurement & Dashboards","Data, Measurement & Dashboards",1,Insufficient data,,org_560e1c879e01383f,ind_6fa7a7043d865e89,Chronic/Rehab Hospital,North East Region,2025/26,needs_review,false,outside primary ED analysis scope,false,1,1,true,false,true,false,"[""intervention_708880841b7a9abc0f89""]"
cycle_b6536f61d1c6e55115bf,Care Coordination & Communication,Care Coordination & Communication,1,Insufficient data,,org_560e1c879e01383f,ind_87de9dc570a77b7b,Chronic/Rehab Hospital,North East Region,2025/26,needs_review,false,outside primary ED analysis scope,false,1,1,true,false,true,false,"[""intervention_a94e0b4ccd1b04871c3f""]"
cycle_5495158175efd00a52ea,"Data, Measurement & Dashboards","Data, Measurement & Dashboards",1,Insufficient data,,org_560e1c879e01383f,ind_a525242464a36874,Chronic/Rehab Hospital,North East Region,2025/26,needs_review,false,outside primary ED analysis scope,false,1,1,true,false,true,false,"[""intervention_2bc9364a79f9b21cb3da""]"
cycle_ab405b99cc317c74aa84,Training & Education,Training & Education,1,Insufficient data,,org_560e1c879e01383f,ind_a8f6cca5fe8befdf,Chronic/Rehab Hospital,North East Region,2025/26,excluded,false,outside primary ED analysis scope,false,1,1,true,false,true,false,"[""intervention_3ba18887a81683d780c9""]"
cycle_8d9664804fd5523090bf,Policy / Standardization,Policy / Standardization,1,Insufficient data,,org_560e1c879e01383f,ind_c86e5fa0eeb9f94e,Chronic/Rehab Hospital,North East Region,2025/26,needs_review,false,outside primary ED analysis scope,false,1,1,true,false,true,false,"[""intervention_b6cfde8651fb051a0128""]"
cycle_8daad21afc5cb3ef9527,Other,Other,1,Insufficient data,,org_560e1c879e01383f,ind_cd57992e4ca687e8,Chronic/Rehab Hospital,North East Region,2024/25,needs_review,false,outside primary ED analysis scope,false,1,0,true,false,false,true,"[""intervention_720ca51fb181c868752c""]"
cycle_521dd708c5a388576561,Other,Other,1,Insufficient data,,org_560e1c879e01383f,ind_eff5c30e1bf0a832,Chronic/Rehab Hospital,North East Region,2024/25,needs_review,false,outside primary ED analysis scope,false,1,0,true,false,false,true,"[""intervention_8b7c8f7e5b6669f19424""]"
cycle_34f1843da616a6093a7e,Discharge & Transition Planning,Discharge & Transition Planning,1,Insufficient data,,org_5817162f8fc6018f,ind_034ca39ac2c8de65,Small Hospital,North West Region,2024/25,needs_review,false,outside primary ED analysis scope,false,1,1,true,false,true,false,"[""intervention_ac6279356104e5576760""]"
cycle_b7bb189f53dd9a40d510,Discharge & Transition Planning,Discharge & Transition Planning,1,Insufficient data,,org_5817162f8fc6018f,ind_0646035afd9bba7c,Small Hospital,North West Region,2024/25,excluded,false,outside primary ED analysis scope,false,1,1,true,false,true,false,"[""intervention_8d05ab6cb635680e3614""]"
cycle_cb8d645fece0cd536280,Other,Other,1,Insufficient data,,org_5817162f8fc6018f,ind_06590f50f65eac7e,Small Hospital,North West Region,2025/26,included,false,unit_unverified; population_unverified; reporting_period_unverified; historical_match_unavailable_or_ambiguous,false,1,0,true,false,false,true,"[""intervention_4cb7a8cfa077fd312c61""]"
cycle_9f9f100c8161b0ee7ec2,Policy / Standardization,Policy / Standardization,1,Insufficient data,,org_5817162f8fc6018f,ind_37478f8fb5db2bb6,Small Hospital,North West Region,2024/25,excluded,false,outside primary ED analysis scope,false,1,1,true,false,true,false,"[""intervention_d194c415ef66bc54dd58""]"
cycle_1cd019ffe554d215ef29,Training & Education,Training & Education,1,Insufficient data,,org_5817162f8fc6018f,ind_43e0331c87c5dc36,Small Hospital,North West Region,2025/26,needs_review,false,outside primary ED analysis scope,false,1,1,true,false,true,false,"[""intervention_c4581a04de29d54b0787""]"
cycle_445ae0e41be024f6bd9a,Training & Education,Training & Education,1,Insufficient data,,org_5817162f8fc6018f,ind_5314e24f5f6e6912,Small Hospital,North West Region,2024/25,excluded,false,outside primary ED analysis scope,false,1,1,true,false,true,false,"[""intervention_4ddcd222d8907b3d0466""]"
cycle_c239b8c9fb5a66d65db2,"Data, Measurement & Dashboards","Data, Measurement & Dashboards",1,Insufficient data,,org_5817162f8fc6018f,ind_67ee717abbe20a1b,Small Hospital,North West Region,2024/25,excluded,false,outside primary ED analysis scope,false,1,1,true,false,true,false,"[""intervention_2f8cc99949eaa488ab9c""]"
cycle_3d505575b94784ad0f13,"Data, Measurement & Dashboards","Data, Measurement & Dashboards",1,Insufficient data,,org_5817162f8fc6018f,ind_a85ead7bdadfd38a,Small Hospital,North West Region,2025/26,needs_review,false,outside primary ED analysis scope,false,1,1,true,false,true,false,"[""intervention_8d147db65ca61623012b""]"
cycle_71371b47d6e5bbe6dc4f,Other,Other,1,Insufficient data,,org_5817162f8fc6018f,ind_a8aeeff42beb53ea,Small Hospital,North West Region,2025/26,needs_review,false,outside primary ED analysis scope,false,1,0,true,false,false,true,"[""intervention_e7f8f17d541fb4462962""]"
cycle_834aa8aec421be258766,"Data, Measurement & Dashboards","Data, Measurement & Dashboards",1,Insufficient data,,org_5817162f8fc6018f,ind_bc464db3283e4f2d,Small Hospital,North West Region,2025/26,needs_review,false,outside primary ED analysis scope,false,1,1,true,false,true,false,"[""intervention_d5adf2c75943d0b6bd8a""]"
cycle_77981b95083da7f7ecd8,Other,Other,1,Insufficient data,,org_5817162f8fc6018f,ind_ef4a9573ead4ee92,Small Hospital,North West Region,2024/25,included,false,insufficient first-cycle ED longitudinal coverage,false,1,0,true,false,false,true,"[""intervention_10451c935094d990d370""]"
cycle_b94d91493fafc3ce7a83,"Data, Measurement & Dashboards","Data, Measurement & Dashboards",1,Insufficient data,,org_584e957624d8de40,ind_5314e24f5f6e6912,Large Community Hospital,East Region,2024/25,excluded,false,outside primary ED analysis scope,false,2,2,false,true,false,false,"[""intervention_325c3ee4a658586bbf1d""]"
cycle_b94d91493fafc3ce7a83,Training & Education,Training & Education,2,Insufficient data,,org_584e957624d8de40,ind_5314e24f5f6e6912,Large Community Hospital,East Region,2024/25,excluded,false,outside primary ED analysis scope,false,2,2,false,true,false,false,"[""intervention_1db8949b1f6974dfdfb8"",""intervention_ece33668af5beb363d2b""]"
cycle_cdbbf423f7b721927a8c,"Data, Measurement & Dashboards","Data, Measurement & Dashboards",1,Insufficient data,,org_584e957624d8de40,ind_5314e24f5f6e6912,Large Community Hospital,East Region,2025/26,excluded,false,outside primary ED analysis scope,false,2,2,false,true,false,false,"[""intervention_842f4b34ef900d1b078e""]"
cycle_cdbbf423f7b721927a8c,Training & Education,Training & Education,2,Insufficient data,,org_584e957624d8de40,ind_5314e24f5f6e6912,Large Community Hospital,East Region,2025/26,excluded,false,outside primary ED analysis scope,false,2,2,false,true,false,false,"[""intervention_34a998367232451b24bb"",""intervention_3d3629fb99fe341a8be0""]"
cycle_e157d34e2f9e3d711607,Discharge & Transition Planning,Discharge & Transition Planning,1,Insufficient data,,org_584e957624d8de40,ind_5674d5816948251b,Large Community Hospital,East Region,2025/26,needs_review,false,outside primary ED analysis scope,false,2,1,false,true,false,true,"[""intervention_22f6593de89f33e04890""]"
cycle_e157d34e2f9e3d711607,Other,Other,1,Insufficient data,,org_584e957624d8de40,ind_5674d5816948251b,Large Community Hospital,East Region,2025/26,needs_review,false,outside primary ED analysis scope,false,2,1,false,true,false,true,"[""intervention_dfc25cfd239a8ab5f4d8""]"
cycle_3845fea2c291b10d9cd7,Discharge & Transition Planning,Discharge & Transition Planning,2,Insufficient data,,org_584e957624d8de40,ind_67ee717abbe20a1b,Large Community Hospital,East Region,2024/25,excluded,false,outside primary ED analysis scope,false,2,2,false,true,false,false,"[""intervention_06522018678e45a39585"",""intervention_2720b731fe6b0bf6c777""]"
cycle_3845fea2c291b10d9cd7,Training & Education,Training & Education,1,Insufficient data,,org_584e957624d8de40,ind_67ee717abbe20a1b,Large Community Hospital,East Region,2024/25,excluded,false,outside primary ED analysis scope,false,2,2,false,true,false,false,"[""intervention_114c29ce6bfc844f13f6""]"
cycle_4fa94aed6f71e0152ddc,"Data, Measurement & Dashboards","Data, Measurement & Dashboards",1,Insufficient data,,org_584e957624d8de40,ind_af557aedd6c94e76,Large Community Hospital,East Region,2024/25,needs_review,false,outside primary ED analysis scope,false,3,2,false,true,false,true,"[""intervention_eef7df6a9307e3ff6436""]"
cycle_4fa94aed6f71e0152ddc,Other,Other,4,Insufficient data,,org_584e957624d8de40,ind_af557aedd6c94e76,Large Community Hospital,East Region,2024/25,needs_review,false,outside primary ED analysis scope,false,3,2,false,true,false,true,"[""intervention_3db2125d1219b6c00fb1"",""intervention_68ba3d48ed5ce301f3b5"",""intervention_b0df8c14b33a9b9d2562"",""intervention_ca62616a89a6834c118b""]"
cycle_4fa94aed6f71e0152ddc,Training & Education,Training & Education,1,Insufficient data,,org_584e957624d8de40,ind_af557aedd6c94e76,Large Community Hospital,East Region,2024/25,needs_review,false,outside primary ED analysis scope,false,3,2,false,true,false,true,"[""intervention_bf4cdb26b0bde2a4eebe""]"
cycle_aabc319af5f70534f219,Patient Streaming / Triage,Patient Streaming / Triage,1,Insufficient data,,org_584e957624d8de40,ind_c1c4386902d814ba,Large Community Hospital,East Region,2024/25,needs_review,false,outside primary ED analysis scope,false,1,1,true,false,true,false,"[""intervention_f28e2ebf29ce330a25fc""]"
cycle_37a5de2f4603104267af,Other,Other,1,Insufficient data,,org_584e957624d8de40,ind_e666bcb709405e0f,Large Community Hospital,East Region,2025/26,included,false,unit_unverified; population_unverified; reporting_period_unverified; historical_match_unavailable_or_ambiguous,false,1,0,true,false,false,true,"[""intervention_0cf40416cbffacf3a922""]"
cycle_18e396dd9c0148de9d38,Other,Other,1,Insufficient data,,org_584e957624d8de40,ind_e7cd9b5804f1c518,Large Community Hospital,East Region,2025/26,included,false,reporting_period_unverified,false,1,0,true,false,false,true,"[""intervention_036adadf7f827fdd2e49""]"
cycle_8ce2a13d0114a28ed40c,Other,Other,3,Insufficient data,,org_584e957624d8de40,ind_eb7f45a60cfc480e,Large Community Hospital,East Region,2025/26,needs_review,false,outside primary ED analysis scope,false,1,0,true,false,false,true,"[""intervention_ac39adf632586eb31999"",""intervention_c290618455df40cc1ae3"",""intervention_fc05697c80ba892a789e""]"
cycle_54b8dd636e4f083e8d6d,Ambulance / EMS Flow,Ambulance / EMS Flow,1,Insufficient data,,org_584e957624d8de40,ind_ee70b593aad3e4f6,Large Community Hospital,East Region,2025/26,included,false,reporting_period_unverified,false,1,1,true,false,true,false,"[""intervention_d0d9703ee24d13138235""]"
cycle_9e7bac08395c0d92e410,Discharge & Transition Planning,Discharge & Transition Planning,1,Insufficient data,,org_58dc52d947049799,ind_0646035afd9bba7c,Chronic/Rehab Hospital,West Region,2024/25,excluded,false,outside primary ED analysis scope,false,2,2,false,true,false,false,"[""intervention_c7db27b45b62021e2a50""]"
cycle_9e7bac08395c0d92e410,Training & Education,Training & Education,2,Insufficient data,,org_58dc52d947049799,ind_0646035afd9bba7c,Chronic/Rehab Hospital,West Region,2024/25,excluded,false,outside primary ED analysis scope,false,2,2,false,true,false,false,"[""intervention_7d3dd615b78a35e6d5c7"",""intervention_f418046fc7de7e33a929""]"
cycle_eca448801aa4c3ddaba5,"Data, Measurement & Dashboards","Data, Measurement & Dashboards",2,Insufficient data,,org_58dc52d947049799,ind_2e2e1dac984ad04c,Chronic/Rehab Hospital,West Region,2024/25,needs_review,false,outside primary ED analysis scope,false,2,1,false,true,false,true,"[""intervention_33b1a79b65315052e415"",""intervention_7c6af25e92964edf76ff""]"
cycle_eca448801aa4c3ddaba5,Other,Other,1,Insufficient data,,org_58dc52d947049799,ind_2e2e1dac984ad04c,Chronic/Rehab Hospital,West Region,2024/25,needs_review,false,outside primary ED analysis scope,false,2,1,false,true,false,true,"[""intervention_348d54f60f2a3ccdd62b""]"
cycle_c8fa06df842099a2ef20,Discharge & Transition Planning,Discharge & Transition Planning,3,Insufficient data,,org_58dc52d947049799,ind_48b3c72b0cae6479,Chronic/Rehab Hospital,West Region,2024/25,needs_review,false,outside primary ED analysis scope,false,1,1,true,false,true,false,"[""intervention_0da91111060a411805ed"",""intervention_863c503071936d67b4d2"",""intervention_ae6745b43f65cf7582c1""]"
cycle_ac31b5ccbe8760ddae0f,Discharge & Transition Planning,Discharge & Transition Planning,2,Insufficient data,,org_58dc52d947049799,ind_48b3c72b0cae6479,Chronic/Rehab Hospital,West Region,2025/26,needs_review,false,outside primary ED analysis scope,false,1,1,true,false,true,false,"[""intervention_22c25b3cefd7624bf072"",""intervention_e6e1d8d4217ff0158908""]"
cycle_9ddd296f750018d9a2f9,Care Coordination & Communication,Care Coordination & Communication,1,Insufficient data,,org_58dc52d947049799,ind_55c1a3c89af3e239,Chronic/Rehab Hospital,West Region,2024/25,needs_review,false,outside primary ED analysis scope,false,3,2,false,true,false,true,"[""intervention_4e02d92a08f93ff0c605""]"
cycle_9ddd296f750018d9a2f9,"Data, Measurement & Dashboards","Data, Measurement & Dashboards",1,Insufficient data,,org_58dc52d947049799,ind_55c1a3c89af3e239,Chronic/Rehab Hospital,West Region,2024/25,needs_review,false,outside primary ED analysis scope,false,3,2,false,true,false,true,"[""intervention_29df1aabd580afff8583""]"
cycle_9ddd296f750018d9a2f9,Other,Other,1,Insufficient data,,org_58dc52d947049799,ind_55c1a3c89af3e239,Chronic/Rehab Hospital,West Region,2024/25,needs_review,false,outside primary ED analysis scope,false,3,2,false,true,false,true,"[""intervention_a688dca141dd2944ef39""]"
cycle_3c9ec95b2349b991417c,Other,Other,1,Insufficient data,,org_58dc52d947049799,ind_55c1a3c89af3e239,Chronic/Rehab Hospital,West Region,2025/26,needs_review,false,outside primary ED analysis scope,false,1,0,true,false,false,true,"[""intervention_735aa037f6bb553a51e6""]"
cycle_4a49bc3fd59cb879a35e,"Data, Measurement & Dashboards","Data, Measurement & Dashboards",1,Insufficient data,,org_58dc52d947049799,ind_63f124019251d9d8,Chronic/Rehab Hospital,West Region,2024/25,needs_review,false,outside primary ED analysis scope,false,3,2,false,true,false,true,"[""intervention_566306a2ad41e60b1139""]"
cycle_4a49bc3fd59cb879a35e,Other,Other,1,Insufficient data,,org_58dc52d947049799,ind_63f124019251d9d8,Chronic/Rehab Hospital,West Region,2024/25,needs_review,false,outside primary ED analysis scope,false,3,2,false,true,false,true,"[""intervention_4e57347c34401cdf8b58""]"
cycle_4a49bc3fd59cb879a35e,Technology & Digital Tools,Technology & Digital Tools,1,Insufficient data,,org_58dc52d947049799,ind_63f124019251d9d8,Chronic/Rehab Hospital,West Region,2024/25,needs_review,false,outside primary ED analysis scope,false,3,2,false,true,false,true,"[""intervention_fe6b6c21610e73568148""]"
cycle_88e1eaa1b6a87b1db31c,"Data, Measurement & Dashboards","Data, Measurement & Dashboards",1,Insufficient data,,org_58dc52d947049799,ind_72818f9ac34145b6,Chronic/Rehab Hospital,West Region,2025/26,needs_review,false,outside primary ED analysis scope,false,2,1,false,true,false,true,"[""intervention_36ff3b2018b99e360ceb""]"
cycle_88e1eaa1b6a87b1db31c,Other,Other,1,Insufficient data,,org_58dc52d947049799,ind_72818f9ac34145b6,Chronic/Rehab Hospital,West Region,2025/26,needs_review,false,outside primary ED analysis scope,false,2,1,false,true,false,true,"[""intervention_8ab51a39e710b19594e7""]"
cycle_964a9a3b8e5fc9aa22b2,Training & Education,Training & Education,2,Insufficient data,,org_58dc52d947049799,ind_74c4462e01ff21b8,Chronic/Rehab Hospital,West Region,2025/26,needs_review,false,outside primary ED analysis scope,false,1,1,true,false,true,false,"[""intervention_c0891c725ccf84f610df"",""intervention_ff041be726095d702d53""]"
cycle_4bdbccb2ff69aa26b487,"Data, Measurement & Dashboards","Data, Measurement & Dashboards",1,Insufficient data,,org_58dc52d947049799,ind_76ab30a284c6de57,Chronic/Rehab Hospital,West Region,2025/26,needs_review,false,outside primary ED analysis scope,false,2,1,false,true,false,true,"[""intervention_43ae2a4f2532f62f52ac""]"
cycle_4bdbccb2ff69aa26b487,Other,Other,1,Insufficient data,,org_58dc52d947049799,ind_76ab30a284c6de57,Chronic/Rehab Hospital,West Region,2025/26,needs_review,false,outside primary ED analysis scope,false,2,1,false,true,false,true,"[""intervention_e4f84ec39d7021e77744""]"
cycle_76adffe2ef00739f3daa,"Data, Measurement & Dashboards","Data, Measurement & Dashboards",1,Insufficient data,,org_58dc52d947049799,ind_a7b50122d0480a9f,Chronic/Rehab Hospital,West Region,2024/25,needs_review,false,outside primary ED analysis scope,false,2,1,false,true,false,true,"[""intervention_1956d3f31896a1ab6c35""]"
cycle_76adffe2ef00739f3daa,Other,Other,2,Insufficient data,,org_58dc52d947049799,ind_a7b50122d0480a9f,Chronic/Rehab Hospital,West Region,2024/25,needs_review,false,outside primary ED analysis scope,false,2,1,false,true,false,true,"[""intervention_b25eff40f078d0276c71"",""intervention_d19ded9511826f27726f""]"
cycle_25ab8f5bf58d4112e197,Training & Education,Training & Education,3,Insufficient data,,org_58dc52d947049799,ind_bd7bb9497310d50c,Chronic/Rehab Hospital,West Region,2024/25,needs_review,false,outside primary ED analysis scope,false,1,1,true,false,true,false,"[""intervention_29c783424b276b8c8a12"",""intervention_76c4b30abdabba4e7387"",""intervention_97e3e83764a6886a1735""]"
cycle_d5335003350d0c5b79b5,Discharge & Transition Planning,Discharge & Transition Planning,1,Insufficient data,,org_58dc52d947049799,ind_cd57992e4ca687e8,Chronic/Rehab Hospital,West Region,2024/25,needs_review,false,outside primary ED analysis scope,false,2,1,false,true,false,true,"[""intervention_1e11ceaa9878a5f838d8""]"
cycle_d5335003350d0c5b79b5,Other,Other,2,Insufficient data,,org_58dc52d947049799,ind_cd57992e4ca687e8,Chronic/Rehab Hospital,West Region,2024/25,needs_review,false,outside primary ED analysis scope,false,2,1,false,true,false,true,"[""intervention_402419ab02ebefbd2b95"",""intervention_94f7a32b7207e22d90a4""]"
cycle_48a97953ffcb057424a9,Training & Education,Training & Education,1,Insufficient data,,org_58dc52d947049799,ind_ea6f8917a1011d30,Chronic/Rehab Hospital,West Region,2025/26,needs_review,false,outside primary ED analysis scope,false,1,1,true,false,true,false,"[""intervention_fbd26c2f29e52dfa1438""]"
cycle_1742d8f9d5c0b856dcf4,Discharge & Transition Planning,Discharge & Transition Planning,2,Insufficient data,,org_58dc52d947049799,ind_eeb2ac8d4f6dad3c,Chronic/Rehab Hospital,West Region,2025/26,needs_review,false,outside primary ED analysis scope,false,1,1,true,false,true,false,"[""intervention_3db1d112a9e4eb82a35d"",""intervention_b43241d1df71b70fa66c""]"
cycle_810f99b6e0ca2a97e5ab,"Data, Measurement & Dashboards","Data, Measurement & Dashboards",1,Insufficient data,,org_5afc81cfbd5b073a,ind_3fdbfa1beb8cd349,Large Community Hospital,West Region,2024/25,needs_review,false,outside primary ED analysis scope,false,5,4,false,true,false,true,"[""intervention_bae907fe990a2dd103c9""]"
cycle_810f99b6e0ca2a97e5ab,Other,Other,1,Insufficient data,,org_5afc81cfbd5b073a,ind_3fdbfa1beb8cd349,Large Community Hospital,West Region,2024/25,needs_review,false,outside primary ED analysis scope,false,5,4,false,true,false,true,"[""intervention_bb7784e493a03a8385a8""]"
cycle_810f99b6e0ca2a97e5ab,Patient Streaming / Triage,Patient Streaming / Triage,1,Insufficient data,,org_5afc81cfbd5b073a,ind_3fdbfa1beb8cd349,Large Community Hospital,West Region,2024/25,needs_review,false,outside primary ED analysis scope,false,5,4,false,true,false,true,"[""intervention_9ca6b8a8d4144149b99e""]"
cycle_810f99b6e0ca2a97e5ab,Surge Management,Surge Management,1,Insufficient data,,org_5afc81cfbd5b073a,ind_3fdbfa1beb8cd349,Large Community Hospital,West Region,2024/25,needs_review,false,outside primary ED analysis scope,false,5,4,false,true,false,true,"[""intervention_719a2474244506a66563""]"
cycle_810f99b6e0ca2a97e5ab,Training & Education,Training & Education,1,Insufficient data,,org_5afc81cfbd5b073a,ind_3fdbfa1beb8cd349,Large Community Hospital,West Region,2024/25,needs_review,false,outside primary ED analysis scope,false,5,4,false,true,false,true,"[""intervention_cb189632fab8c98a0c29""]"
cycle_5941377c9740605c8d4c,Other,Other,1,Insufficient data,,org_5afc81cfbd5b073a,ind_5314e24f5f6e6912,Large Community Hospital,West Region,2024/25,excluded,false,outside primary ED analysis scope,false,2,1,false,true,false,true,"[""intervention_9c08e3b44ba1f5b6aaea""]"
cycle_5941377c9740605c8d4c,Training & Education,Training & Education,3,Insufficient data,,org_5afc81cfbd5b073a,ind_5314e24f5f6e6912,Large Community Hospital,West Region,2024/25,excluded,false,outside primary ED analysis scope,false,2,1,false,true,false,true,"[""intervention_6baeafd0f4e5e7e68bda"",""intervention_8fd114f68bf979da99a5"",""intervention_d0be5d77e11277484ea0""]"
cycle_eae98684f23976526e18,"Data, Measurement & Dashboards","Data, Measurement & Dashboards",1,Insufficient data,,org_5afc81cfbd5b073a,ind_5314e24f5f6e6912,Large Community Hospital,West Region,2025/26,excluded,false,outside primary ED analysis scope,false,3,3,false,true,false,false,"[""intervention_c033f71a11189d8bd6a3""]"
cycle_eae98684f23976526e18,Policy / Standardization,Policy / Standardization,1,Insufficient data,,org_5afc81cfbd5b073a,ind_5314e24f5f6e6912,Large Community Hospital,West Region,2025/26,excluded,false,outside primary ED analysis scope,false,3,3,false,true,false,false,"[""intervention_2ae7da5e1451fc475e05""]"
cycle_eae98684f23976526e18,Training & Education,Training & Education,2,Insufficient data,,org_5afc81cfbd5b073a,ind_5314e24f5f6e6912,Large Community Hospital,West Region,2025/26,excluded,false,outside primary ED analysis scope,false,3,3,false,true,false,false,"[""intervention_545cb849ea650ed38648"",""intervention_e9780944ef184be98433""]"
cycle_4ad8ce5e8a672af1009b,"Data, Measurement & Dashboards","Data, Measurement & Dashboards",1,Insufficient data,,org_5afc81cfbd5b073a,ind_67ee717abbe20a1b,Large Community Hospital,West Region,2024/25,excluded,false,outside primary ED analysis scope,false,3,2,false,true,false,true,"[""intervention_875667fe1568414018c0""]"
cycle_4ad8ce5e8a672af1009b,Discharge & Transition Planning,Discharge & Transition Planning,1,Insufficient data,,org_5afc81cfbd5b073a,ind_67ee717abbe20a1b,Large Community Hospital,West Region,2024/25,excluded,false,outside primary ED analysis scope,false,3,2,false,true,false,true,"[""intervention_7da0c48688823c52516b""]"
cycle_4ad8ce5e8a672af1009b,Other,Other,1,Insufficient data,,org_5afc81cfbd5b073a,ind_67ee717abbe20a1b,Large Community Hospital,West Region,2024/25,excluded,false,outside primary ED analysis scope,false,3,2,false,true,false,true,"[""intervention_ae31341e0e354e4bf1a4""]"
cycle_0cdb30c68d548a2d25a3,"Data, Measurement & Dashboards","Data, Measurement & Dashboards",1,Insufficient data,,org_5afc81cfbd5b073a,ind_67ee717abbe20a1b,Large Community Hospital,West Region,2025/26,excluded,false,outside primary ED analysis scope,false,3,2,false,true,false,true,"[""intervention_6b3cf33d9cad853b150d""]"
cycle_0cdb30c68d548a2d25a3,Other,Other,1,Insufficient data,,org_5afc81cfbd5b073a,ind_67ee717abbe20a1b,Large Community Hospital,West Region,2025/26,excluded,false,outside primary ED analysis scope,false,3,2,false,true,false,true,"[""intervention_0d88ec6d2be82ebc4d9f""]"
cycle_0cdb30c68d548a2d25a3,Training & Education,Training & Education,1,Insufficient data,,org_5afc81cfbd5b073a,ind_67ee717abbe20a1b,Large Community Hospital,West Region,2025/26,excluded,false,outside primary ED analysis scope,false,3,2,false,true,false,true,"[""intervention_bd5c3b1c67260d3ff9b0""]"
cycle_558d62daa6bfc2a6e7b2,"Data, Measurement & Dashboards","Data, Measurement & Dashboards",2,Insufficient data,,org_5afc81cfbd5b073a,ind_a8f6cca5fe8befdf,Large Community Hospital,West Region,2025/26,excluded,false,outside primary ED analysis scope,false,3,2,false,true,false,true,"[""intervention_327ebeac7fef96cba4e1"",""intervention_5cec2739110ff85a7256""]"
cycle_558d62daa6bfc2a6e7b2,Other,Other,1,Insufficient data,,org_5afc81cfbd5b073a,ind_a8f6cca5fe8befdf,Large Community Hospital,West Region,2025/26,excluded,false,outside primary ED analysis scope,false,3,2,false,true,false,true,"[""intervention_41d42c623399b2cb0896""]"
cycle_558d62daa6bfc2a6e7b2,Training & Education,Training & Education,1,Insufficient data,,org_5afc81cfbd5b073a,ind_a8f6cca5fe8befdf,Large Community Hospital,West Region,2025/26,excluded,false,outside primary ED analysis scope,false,3,2,false,true,false,true,"[""intervention_e004a204dc588c390cc7""]"
cycle_a392785e1eaeeadfc384,"Data, Measurement & Dashboards","Data, Measurement & Dashboards",2,Insufficient data,,org_5afc81cfbd5b073a,ind_e2314d132101eaa8,Large Community Hospital,West Region,2024/25,needs_review,false,outside primary ED analysis scope,false,3,2,false,true,false,true,"[""intervention_4c8917be6a7938a504b7"",""intervention_b29fbfb1fdd11dd673b0""]"
cycle_a392785e1eaeeadfc384,Other,Other,1,Insufficient data,,org_5afc81cfbd5b073a,ind_e2314d132101eaa8,Large Community Hospital,West Region,2024/25,needs_review,false,outside primary ED analysis scope,false,3,2,false,true,false,true,"[""intervention_2c38e21f5a749c98af92""]"
cycle_a392785e1eaeeadfc384,Policy / Standardization,Policy / Standardization,1,Insufficient data,,org_5afc81cfbd5b073a,ind_e2314d132101eaa8,Large Community Hospital,West Region,2024/25,needs_review,false,outside primary ED analysis scope,false,3,2,false,true,false,true,"[""intervention_88408989a53c093e44af""]"
cycle_41bcbed3b7e955f5290f,Emergency Department Workflow,Emergency Department Workflow,2,Insufficient data,,org_5afc81cfbd5b073a,ind_e7cd9b5804f1c518,Large Community Hospital,West Region,2025/26,included,false,reporting_period_unverified,false,3,3,false,true,false,false,"[""intervention_2175dba6fba8ce9a9865"",""intervention_96097d90be45781d3498""]"
cycle_41bcbed3b7e955f5290f,Technology & Digital Tools,Technology & Digital Tools,1,Insufficient data,,org_5afc81cfbd5b073a,ind_e7cd9b5804f1c518,Large Community Hospital,West Region,2025/26,included,false,reporting_period_unverified,false,3,3,false,true,false,false,"[""intervention_f25a79bf8f2467bce5a7""]"
cycle_41bcbed3b7e955f5290f,Training & Education,Training & Education,1,Insufficient data,,org_5afc81cfbd5b073a,ind_e7cd9b5804f1c518,Large Community Hospital,West Region,2025/26,included,false,reporting_period_unverified,false,3,3,false,true,false,false,"[""intervention_f17f811651320e355f75""]"
cycle_c37167cc255bbe040989,Care Coordination & Communication,Care Coordination & Communication,1,Insufficient data,,org_61440801564ac771,ind_4f4fde0c9cc2c8e0,Chronic/Rehab Hospital,Toronto Region,2025/26,needs_review,false,outside primary ED analysis scope,false,4,3,false,true,false,true,"[""intervention_9f39de5f5780af6deff0""]"
cycle_c37167cc255bbe040989,"Data, Measurement & Dashboards","Data, Measurement & Dashboards",1,Insufficient data,,org_61440801564ac771,ind_4f4fde0c9cc2c8e0,Chronic/Rehab Hospital,Toronto Region,2025/26,needs_review,false,outside primary ED analysis scope,false,4,3,false,true,false,true,"[""intervention_2e941baae4a856c7ea99""]"
cycle_c37167cc255bbe040989,Other,Other,3,Insufficient data,,org_61440801564ac771,ind_4f4fde0c9cc2c8e0,Chronic/Rehab Hospital,Toronto Region,2025/26,needs_review,false,outside primary ED analysis scope,false,4,3,false,true,false,true,"[""intervention_2671ac040b6e0eaa2980"",""intervention_6fac169df813db40edc2"",""intervention_f9d1d4758d446892b690""]"
cycle_c37167cc255bbe040989,Policy / Standardization,Policy / Standardization,2,Insufficient data,,org_61440801564ac771,ind_4f4fde0c9cc2c8e0,Chronic/Rehab Hospital,Toronto Region,2025/26,needs_review,false,outside primary ED analysis scope,false,4,3,false,true,false,true,"[""intervention_3d6fab111343e497fdc5"",""intervention_a672f5f9fd7fbf3dd5db""]"
cycle_694bd4c97545dce29c57,Other,Other,2,Insufficient data,,org_61440801564ac771,ind_5314e24f5f6e6912,Chronic/Rehab Hospital,Toronto Region,2024/25,excluded,false,outside primary ED analysis scope,false,2,1,false,true,false,true,"[""intervention_d1980281e864f98667d4"",""intervention_ddddff245c24be425aaf""]"
cycle_694bd4c97545dce29c57,Training & Education,Training & Education,1,Insufficient data,,org_61440801564ac771,ind_5314e24f5f6e6912,Chronic/Rehab Hospital,Toronto Region,2024/25,excluded,false,outside primary ED analysis scope,false,2,1,false,true,false,true,"[""intervention_7d0628ae278dd25a7b64""]"
cycle_e04bf674229e2781951c,Training & Education,Training & Education,1,Insufficient data,,org_61440801564ac771,ind_5314e24f5f6e6912,Chronic/Rehab Hospital,Toronto Region,2025/26,excluded,false,outside primary ED analysis scope,false,1,1,true,false,true,false,"[""intervention_61f3914280fd93ae93b3""]"
cycle_2204b1eb1a61e0f9945a,Discharge & Transition Planning,Discharge & Transition Planning,1,Insufficient data,,org_61440801564ac771,ind_600c541ca088eda7,Chronic/Rehab Hospital,Toronto Region,2025/26,needs_review,false,outside primary ED analysis scope,false,3,2,false,true,false,true,"[""intervention_424fc29525811dcfbe2e""]"
cycle_2204b1eb1a61e0f9945a,Other,Other,1,Insufficient data,,org_61440801564ac771,ind_600c541ca088eda7,Chronic/Rehab Hospital,Toronto Region,2025/26,needs_review,false,outside primary ED analysis scope,false,3,2,false,true,false,true,"[""intervention_4de4bef1d9672863f17e""]"
cycle_2204b1eb1a61e0f9945a,Training & Education,Training & Education,1,Insufficient data,,org_61440801564ac771,ind_600c541ca088eda7,Chronic/Rehab Hospital,Toronto Region,2025/26,needs_review,false,outside primary ED analysis scope,false,3,2,false,true,false,true,"[""intervention_f8aa6ad35344c93870d0""]"
cycle_55f6ded338d3fca274fc,"Data, Measurement & Dashboards","Data, Measurement & Dashboards",1,Insufficient data,,org_61440801564ac771,ind_67ee717abbe20a1b,Chronic/Rehab Hospital,Toronto Region,2024/25,excluded,false,outside primary ED analysis scope,false,2,2,false,true,false,false,"[""intervention_f23dcee08dcbf4e7fd3d""]"
cycle_55f6ded338d3fca274fc,Discharge & Transition Planning,Discharge & Transition Planning,3,Insufficient data,,org_61440801564ac771,ind_67ee717abbe20a1b,Chronic/Rehab Hospital,Toronto Region,2024/25,excluded,false,outside primary ED analysis scope,false,2,2,false,true,false,false,"[""intervention_36666130d362f4a7583e"",""intervention_536c5e8f4d41f680ffce"",""intervention_84cb3be75d35cc032e9a""]"
cycle_63a1f44656f2e19c15a2,"Data, Measurement & Dashboards","Data, Measurement & Dashboards",1,Insufficient data,,org_61440801564ac771,ind_67ee717abbe20a1b,Chronic/Rehab Hospital,Toronto Region,2025/26,excluded,false,outside primary ED analysis scope,false,3,2,false,true,false,true,"[""intervention_115c0e5c0c7e43e05054""]"
cycle_63a1f44656f2e19c15a2,Discharge & Transition Planning,Discharge & Transition Planning,1,Insufficient data,,org_61440801564ac771,ind_67ee717abbe20a1b,Chronic/Rehab Hospital,Toronto Region,2025/26,excluded,false,outside primary ED analysis scope,false,3,2,false,true,false,true,"[""intervention_9586689113638bcf7ba0""]"
cycle_63a1f44656f2e19c15a2,Other,Other,1,Insufficient data,,org_61440801564ac771,ind_67ee717abbe20a1b,Chronic/Rehab Hospital,Toronto Region,2025/26,excluded,false,outside primary ED analysis scope,false,3,2,false,true,false,true,"[""intervention_e41c1b6814bb87ddfd87""]"
cycle_de20b2b31ffed727d7e7,Admission & Transfer Process,Admission & Transfer Process,2,Insufficient data,,org_61440801564ac771,ind_767a7b46adcc71d0,Chronic/Rehab Hospital,Toronto Region,2025/26,needs_review,false,outside primary ED analysis scope,false,2,2,false,true,false,false,"[""intervention_15d693cbff07825f7c36"",""intervention_73449c9f9809c0381384""]"
cycle_de20b2b31ffed727d7e7,Care Coordination & Communication,Care Coordination & Communication,1,Insufficient data,,org_61440801564ac771,ind_767a7b46adcc71d0,Chronic/Rehab Hospital,Toronto Region,2025/26,needs_review,false,outside primary ED analysis scope,false,2,2,false,true,false,false,"[""intervention_868335b47371ef1dd527""]"
cycle_dfa54d8e8e8624d44360,Care Coordination & Communication,Care Coordination & Communication,1,Insufficient data,,org_61440801564ac771,ind_9e22536873b452e0,Chronic/Rehab Hospital,Toronto Region,2024/25,needs_review,false,outside primary ED analysis scope,false,4,3,false,true,false,true,"[""intervention_630c84a73be5f2c8b512""]"
cycle_dfa54d8e8e8624d44360,"Data, Measurement & Dashboards","Data, Measurement & Dashboards",2,Insufficient data,,org_61440801564ac771,ind_9e22536873b452e0,Chronic/Rehab Hospital,Toronto Region,2024/25,needs_review,false,outside primary ED analysis scope,false,4,3,false,true,false,true,"[""intervention_3e0facc313f79c84790e"",""intervention_4ca1b8301425b81a2dc5""]"
cycle_dfa54d8e8e8624d44360,Other,Other,4,Insufficient data,,org_61440801564ac771,ind_9e22536873b452e0,Chronic/Rehab Hospital,Toronto Region,2024/25,needs_review,false,outside primary ED analysis scope,false,4,3,false,true,false,true,"[""intervention_1ad645dda314532b1d60"",""intervention_3ee05f06e71a1acf7127"",""intervention_c7aa59ee16f4d33d9b26"",""intervention_ecff1a39845a2c2c3aae""]"
cycle_dfa54d8e8e8624d44360,Policy / Standardization,Policy / Standardization,2,Insufficient data,,org_61440801564ac771,ind_9e22536873b452e0,Chronic/Rehab Hospital,Toronto Region,2024/25,needs_review,false,outside primary ED analysis scope,false,4,3,false,true,false,true,"[""intervention_71db667b4bbbee13e97c"",""intervention_dae4e849bd357ce35db1""]"
cycle_518f86e14a442131e32f,Admission & Transfer Process,Admission & Transfer Process,1,Insufficient data,,org_61440801564ac771,ind_c847d7181ab04aaa,Chronic/Rehab Hospital,Toronto Region,2024/25,needs_review,false,outside primary ED analysis scope,false,3,3,false,true,false,false,"[""intervention_8a19d6e0f3ecce952993""]"
cycle_518f86e14a442131e32f,Care Coordination & Communication,Care Coordination & Communication,1,Insufficient data,,org_61440801564ac771,ind_c847d7181ab04aaa,Chronic/Rehab Hospital,Toronto Region,2024/25,needs_review,false,outside primary ED analysis scope,false,3,3,false,true,false,false,"[""intervention_cef2526c7e6f9383acb8""]"
cycle_518f86e14a442131e32f,Surge Management,Surge Management,1,Insufficient data,,org_61440801564ac771,ind_c847d7181ab04aaa,Chronic/Rehab Hospital,Toronto Region,2024/25,needs_review,false,outside primary ED analysis scope,false,3,3,false,true,false,false,"[""intervention_a4c9f176bb1cca7836fa""]"
cycle_e1a69c91964eb3f4022e,Discharge & Transition Planning,Discharge & Transition Planning,1,Insufficient data,,org_61440801564ac771,ind_cd57992e4ca687e8,Chronic/Rehab Hospital,Toronto Region,2024/25,needs_review,false,outside primary ED analysis scope,false,3,2,false,true,false,true,"[""intervention_a9bf5c63e09b9eed50df""]"
cycle_e1a69c91964eb3f4022e,Other,Other,1,Insufficient data,,org_61440801564ac771,ind_cd57992e4ca687e8,Chronic/Rehab Hospital,Toronto Region,2024/25,needs_review,false,outside primary ED analysis scope,false,3,2,false,true,false,true,"[""intervention_4824880cc49cfc7f6d42""]"
cycle_e1a69c91964eb3f4022e,Training & Education,Training & Education,1,Insufficient data,,org_61440801564ac771,ind_cd57992e4ca687e8,Chronic/Rehab Hospital,Toronto Region,2024/25,needs_review,false,outside primary ED analysis scope,false,3,2,false,true,false,true,"[""intervention_1446eebba031f67bba35""]"
cycle_594bb36693fa9642e947,Other,Other,1,Insufficient data,,org_640ae797d08451b6,ind_e80449aa79ca7d1a,Unknown,East Region,2025/26,needs_review,false,outside primary ED analysis scope,false,1,0,true,false,false,true,"[""intervention_67caf26ebe3eb3f78c3d""]"
cycle_ad479206eafda2151222,Technology & Digital Tools,Technology & Digital Tools,1,Insufficient data,,org_6450c9c921968c16,ind_0646035afd9bba7c,Unknown,North East Region,2024/25,excluded,false,outside primary ED analysis scope,false,1,1,true,false,true,false,"[""intervention_b7f5b6cad715a2231bab""]"
cycle_788b495379334c232289,"Data, Measurement & Dashboards","Data, Measurement & Dashboards",1,Insufficient data,,org_6450c9c921968c16,ind_0646035afd9bba7c,Unknown,North East Region,2025/26,excluded,false,outside primary ED analysis scope,false,1,1,true,false,true,false,"[""intervention_0aa62572ac2b4d4525b2""]"
cycle_31eeca9adbb593efc612,Technology & Digital Tools,Technology & Digital Tools,1,Insufficient data,,org_6450c9c921968c16,ind_06590f50f65eac7e,Unknown,North East Region,2024/25,included,false,insufficient first-cycle ED longitudinal coverage,false,1,1,true,false,true,false,"[""intervention_af6fdcfb16dfa74e2977""]"
cycle_1367763f381eb3da4b67,Care Coordination & Communication,Care Coordination & Communication,1,Insufficient data,,org_6450c9c921968c16,ind_06590f50f65eac7e,Unknown,North East Region,2025/26,included,false,unit_unverified; population_unverified; reporting_period_unverified; historical_match_unavailable_or_ambiguous,false,1,1,true,false,true,false,"[""intervention_e380d17c9c09b67e56ed""]"
cycle_fc85813aab272c538712,Training & Education,Training & Education,1,Insufficient data,,org_6450c9c921968c16,ind_37478f8fb5db2bb6,Unknown,North East Region,2024/25,excluded,false,outside primary ED analysis scope,false,1,1,true,false,true,false,"[""intervention_4c0d4d1d16109325d32f""]"
cycle_812de3fb458e3697409f,Training & Education,Training & Education,1,Insufficient data,,org_6450c9c921968c16,ind_37478f8fb5db2bb6,Unknown,North East Region,2025/26,excluded,false,outside primary ED analysis scope,false,1,1,true,false,true,false,"[""intervention_ab77d4f5ed4b4bb8d77b""]"
cycle_e6fa51050228d86de5ac,Technology & Digital Tools,Technology & Digital Tools,1,Insufficient data,,org_6450c9c921968c16,ind_3fdbfa1beb8cd349,Unknown,North East Region,2024/25,needs_review,false,outside primary ED analysis scope,false,1,1,true,false,true,false,"[""intervention_6fd8da58d6e9b891a0c6""]"
cycle_5792d03a38a8d886a52d,Care Coordination & Communication,Care Coordination & Communication,1,Insufficient data,,org_6450c9c921968c16,ind_5314e24f5f6e6912,Unknown,North East Region,2025/26,excluded,false,outside primary ED analysis scope,false,1,1,true,false,true,false,"[""intervention_570803103db874b1386a""]"
cycle_e4f16dfddc92c0aca052,Care Coordination & Communication,Care Coordination & Communication,1,Insufficient data,,org_6450c9c921968c16,ind_67ee717abbe20a1b,Unknown,North East Region,2024/25,excluded,false,outside primary ED analysis scope,false,1,1,true,false,true,false,"[""intervention_4f1a73e69f6038dc73a6""]"
cycle_beafac2cc7273f96cfd0,Other,Other,1,Insufficient data,,org_6450c9c921968c16,ind_67ee717abbe20a1b,Unknown,North East Region,2025/26,excluded,false,outside primary ED analysis scope,false,1,0,true,false,false,true,"[""intervention_617233c991cc6a417c22""]"
cycle_75ddd1bcae97540b2afe,"Data, Measurement & Dashboards","Data, Measurement & Dashboards",1,Insufficient data,,org_6450c9c921968c16,ind_7ebd4762b8a6c688,Unknown,North East Region,2025/26,included,false,unit_unverified; population_unverified; reporting_period_unverified; historical_match_unavailable_or_ambiguous,false,1,1,true,false,true,false,"[""intervention_1c1aa91ef6f44d8fad2e""]"
cycle_22da0aa225ab0873eadb,Other,Other,1,Insufficient data,,org_6450c9c921968c16,ind_e666bcb709405e0f,Unknown,North East Region,2025/26,included,false,unit_unverified; population_unverified; reporting_period_unverified; historical_match_unavailable_or_ambiguous,false,1,0,true,false,false,true,"[""intervention_c10c9407145b4ed692b0""]"
cycle_cd9520a0cdfbfe1e6459,Technology & Digital Tools,Technology & Digital Tools,1,Insufficient data,,org_6450c9c921968c16,ind_e7cd9b5804f1c518,Unknown,North East Region,2025/26,included,false,reporting_period_unverified,false,1,1,true,false,true,false,"[""intervention_512615e48e4667c50052""]"
cycle_b61a8bc0f593bcbe5984,Technology & Digital Tools,Technology & Digital Tools,1,Insufficient data,,org_6450c9c921968c16,ind_ef4a9573ead4ee92,Unknown,North East Region,2024/25,included,false,insufficient first-cycle ED longitudinal coverage,false,1,1,true,false,true,false,"[""intervention_290b000af19676bca6e9""]"
cycle_520db2ca2f76a031daeb,"Data, Measurement & Dashboards","Data, Measurement & Dashboards",1,Insufficient data,,org_6450c9c921968c16,ind_ef4a9573ead4ee92,Unknown,North East Region,2025/26,included,false,unit_unverified; population_unverified; reporting_period_unverified; historical_match_unavailable_or_ambiguous,false,1,1,true,false,true,false,"[""intervention_7f42be4f2f893e36143e""]"
cycle_b3e8d134193788c5cb43,Discharge & Transition Planning,Discharge & Transition Planning,2,Insufficient data,,org_67a7ed6a42947362,ind_0646035afd9bba7c,Large Community Hospital,East Region,2024/25,excluded,false,outside primary ED analysis scope,false,2,2,false,true,false,false,"[""intervention_15a553aa596b5e9cc387"",""intervention_194b57235acaa3c8fc8e""]"
cycle_b3e8d134193788c5cb43,Policy / Standardization,Policy / Standardization,1,Insufficient data,,org_67a7ed6a42947362,ind_0646035afd9bba7c,Large Community Hospital,East Region,2024/25,excluded,false,outside primary ED analysis scope,false,2,2,false,true,false,false,"[""intervention_b137b3505a2b8f8ea612""]"
cycle_e36524bdb26967d3fe6b,Discharge & Transition Planning,Discharge & Transition Planning,1,Insufficient data,,org_67a7ed6a42947362,ind_0646035afd9bba7c,Large Community Hospital,East Region,2025/26,excluded,false,outside primary ED analysis scope,false,2,2,false,true,false,false,"[""intervention_3a4cd5f05391b198ea62""]"
cycle_e36524bdb26967d3fe6b,Policy / Standardization,Policy / Standardization,2,Insufficient data,,org_67a7ed6a42947362,ind_0646035afd9bba7c,Large Community Hospital,East Region,2025/26,excluded,false,outside primary ED analysis scope,false,2,2,false,true,false,false,"[""intervention_3ab3d26ccf0e080de792"",""intervention_8e410006b7d19efccf13""]"
cycle_5b3a8fbe059fbedbb0e2,Other,Other,1,Insufficient data,,org_67a7ed6a42947362,ind_06590f50f65eac7e,Large Community Hospital,East Region,2024/25,included,false,insufficient first-cycle ED longitudinal coverage,false,3,2,false,true,false,true,"[""intervention_62cbc109addb0b290baf""]"
cycle_5b3a8fbe059fbedbb0e2,Patient Streaming / Triage,Patient Streaming / Triage,1,Insufficient data,,org_67a7ed6a42947362,ind_06590f50f65eac7e,Large Community Hospital,East Region,2024/25,included,false,insufficient first-cycle ED longitudinal coverage,false,3,2,false,true,false,true,"[""intervention_a723dba2e5053e394284""]"
cycle_5b3a8fbe059fbedbb0e2,Staffing & Scheduling,Staffing & Scheduling,1,Insufficient data,,org_67a7ed6a42947362,ind_06590f50f65eac7e,Large Community Hospital,East Region,2024/25,included,false,insufficient first-cycle ED longitudinal coverage,false,3,2,false,true,false,true,"[""intervention_f7e76ad01bc4137a5bf1""]"
cycle_45815847c19e810a9a3c,"Data, Measurement & Dashboards","Data, Measurement & Dashboards",1,Insufficient data,,org_67a7ed6a42947362,ind_37478f8fb5db2bb6,Large Community Hospital,East Region,2024/25,excluded,false,outside primary ED analysis scope,false,3,3,false,true,false,false,"[""intervention_1a347b95e5a6898447b2""]"
cycle_45815847c19e810a9a3c,Safety & Risk Prevention,Safety & Risk Prevention,2,Insufficient data,,org_67a7ed6a42947362,ind_37478f8fb5db2bb6,Large Community Hospital,East Region,2024/25,excluded,false,outside primary ED analysis scope,false,3,3,false,true,false,false,"[""intervention_7b107c4b07c55dc0cb7f"",""intervention_bfaa5d0c0d3f19e31821""]"
cycle_45815847c19e810a9a3c,Training & Education,Training & Education,3,Insufficient data,,org_67a7ed6a42947362,ind_37478f8fb5db2bb6,Large Community Hospital,East Region,2024/25,excluded,false,outside primary ED analysis scope,false,3,3,false,true,false,false,"[""intervention_1d262b3d6b9de3e8f203"",""intervention_4142aacea9aad4093b28"",""intervention_fdeaea13a4635d93ecc2""]"
cycle_8d7af99a11284cafc223,"Data, Measurement & Dashboards","Data, Measurement & Dashboards",1,Insufficient data,,org_67a7ed6a42947362,ind_37478f8fb5db2bb6,Large Community Hospital,East Region,2025/26,excluded,false,outside primary ED analysis scope,false,3,2,false,true,false,true,"[""intervention_a69e8a060b3c63e95115""]"
cycle_8d7af99a11284cafc223,Other,Other,2,Insufficient data,,org_67a7ed6a42947362,ind_37478f8fb5db2bb6,Large Community Hospital,East Region,2025/26,excluded,false,outside primary ED analysis scope,false,3,2,false,true,false,true,"[""intervention_30da6fcc2d9d07c3aadf"",""intervention_b510df9dcac26a04d904""]"
cycle_8d7af99a11284cafc223,Training & Education,Training & Education,4,Insufficient data,,org_67a7ed6a42947362,ind_37478f8fb5db2bb6,Large Community Hospital,East Region,2025/26,excluded,false,outside primary ED analysis scope,false,3,2,false,true,false,true,"[""intervention_044d4aff7364d89eb553"",""intervention_692aabe2bf797a4c6aa2"",""intervention_bec920c5275b145f95be"",""intervention_c21bd0dbcbcfbe226b7e""]"
cycle_d768cc424948e4edf686,Care Coordination & Communication,Care Coordination & Communication,2,Insufficient data,,org_67a7ed6a42947362,ind_3fdbfa1beb8cd349,Large Community Hospital,East Region,2024/25,needs_review,false,outside primary ED analysis scope,false,2,2,false,true,false,false,"[""intervention_54a7c271425224bcf994"",""intervention_d9f4aae7dba0e50e0446""]"
cycle_d768cc424948e4edf686,Policy / Standardization,Policy / Standardization,1,Insufficient data,,org_67a7ed6a42947362,ind_3fdbfa1beb8cd349,Large Community Hospital,East Region,2024/25,needs_review,false,outside primary ED analysis scope,false,2,2,false,true,false,false,"[""intervention_0a23a0130bd3727ad8f1""]"
cycle_4a2f4d893a3d69f052a1,Training & Education,Training & Education,4,Insufficient data,,org_67a7ed6a42947362,ind_5314e24f5f6e6912,Large Community Hospital,East Region,2024/25,excluded,false,outside primary ED analysis scope,false,1,1,true,false,true,false,"[""intervention_341fc6de3e4dba74fae1"",""intervention_8005afcb88898a55327c"",""intervention_ce41fbb93bdb0c14c152"",""intervention_d7a86438befbb130c36b""]"
cycle_48559f4ea45cd955a04a,Training & Education,Training & Education,3,Insufficient data,,org_67a7ed6a42947362,ind_5314e24f5f6e6912,Large Community Hospital,East Region,2025/26,excluded,false,outside primary ED analysis scope,false,1,1,true,false,true,false,"[""intervention_428a8c1812ca843ad05a"",""intervention_6a87c7ecda7aa85c377e"",""intervention_a2908bd3fd96e0cdd582""]"
cycle_30a63854a7920bc3a71e,"Data, Measurement & Dashboards","Data, Measurement & Dashboards",1,Insufficient data,,org_67a7ed6a42947362,ind_67ee717abbe20a1b,Large Community Hospital,East Region,2024/25,excluded,false,outside primary ED analysis scope,false,2,2,false,true,false,false,"[""intervention_288bf8cc82f9c4bff879""]"
cycle_30a63854a7920bc3a71e,Discharge & Transition Planning,Discharge & Transition Planning,3,Insufficient data,,org_67a7ed6a42947362,ind_67ee717abbe20a1b,Large Community Hospital,East Region,2024/25,excluded,false,outside primary ED analysis scope,false,2,2,false,true,false,false,"[""intervention_5b850449b0432ac91352"",""intervention_88c2728956ab9d1c3881"",""intervention_ca63f6d9f80f686e4fc6""]"
cycle_a856d2fa86bda02aa6c1,Discharge & Transition Planning,Discharge & Transition Planning,4,Insufficient data,,org_67a7ed6a42947362,ind_67ee717abbe20a1b,Large Community Hospital,East Region,2025/26,excluded,false,outside primary ED analysis scope,false,2,2,false,true,false,false,"[""intervention_71ed815f724e437f4450"",""intervention_aff6103fef4f383a83c1"",""intervention_dec6bd5986c502998322"",""intervention_e2e64d5ffc6a9cad8e5b""]"
cycle_a856d2fa86bda02aa6c1,Training & Education,Training & Education,1,Insufficient data,,org_67a7ed6a42947362,ind_67ee717abbe20a1b,Large Community Hospital,East Region,2025/26,excluded,false,outside primary ED analysis scope,false,2,2,false,true,false,false,"[""intervention_ee8a6a7d7561e9f1c8dc""]"
cycle_647935e6e1efbc20e023,"Data, Measurement & Dashboards","Data, Measurement & Dashboards",1,Insufficient data,,org_67a7ed6a42947362,ind_a8f6cca5fe8befdf,Large Community Hospital,East Region,2024/25,excluded,false,outside primary ED analysis scope,false,4,3,false,true,false,true,"[""intervention_195b9ee562dd3d588338""]"
cycle_647935e6e1efbc20e023,Other,Other,1,Insufficient data,,org_67a7ed6a42947362,ind_a8f6cca5fe8befdf,Large Community Hospital,East Region,2024/25,excluded,false,outside primary ED analysis scope,false,4,3,false,true,false,true,"[""intervention_164ed61a6480006def23""]"
cycle_647935e6e1efbc20e023,Technology & Digital Tools,Technology & Digital Tools,1,Insufficient data,,org_67a7ed6a42947362,ind_a8f6cca5fe8befdf,Large Community Hospital,East Region,2024/25,excluded,false,outside primary ED analysis scope,false,4,3,false,true,false,true,"[""intervention_624af6ded2c2ad1a5c04""]"
cycle_647935e6e1efbc20e023,Training & Education,Training & Education,1,Insufficient data,,org_67a7ed6a42947362,ind_a8f6cca5fe8befdf,Large Community Hospital,East Region,2024/25,excluded,false,outside primary ED analysis scope,false,4,3,false,true,false,true,"[""intervention_bf9397c5230d94abd82d""]"
cycle_4d3997bf4ea284b0e49b,"Data, Measurement & Dashboards","Data, Measurement & Dashboards",1,Insufficient data,,org_67a7ed6a42947362,ind_a8f6cca5fe8befdf,Large Community Hospital,East Region,2025/26,excluded,false,outside primary ED analysis scope,false,2,2,false,true,false,false,"[""intervention_4a596ee5071c1d93d7ec""]"
cycle_4d3997bf4ea284b0e49b,Training & Education,Training & Education,2,Insufficient data,,org_67a7ed6a42947362,ind_a8f6cca5fe8befdf,Large Community Hospital,East Region,2025/26,excluded,false,outside primary ED analysis scope,false,2,2,false,true,false,false,"[""intervention_2bd722821ddfda423223"",""intervention_3f59e3e28c6e16a02453""]"
cycle_e10a2f9bfce2b8c3a4a4,Other,Other,2,Insufficient data,,org_67a7ed6a42947362,ind_cd57992e4ca687e8,Large Community Hospital,East Region,2024/25,needs_review,false,outside primary ED analysis scope,false,1,0,true,false,false,true,"[""intervention_0f2fd3415d54e4b4d58a"",""intervention_b64d11660a39aaeb725d""]"
cycle_f543636465297d26a3e0,Emergency Department Workflow,Emergency Department Workflow,1,Insufficient data,,org_67a7ed6a42947362,ind_e7cd9b5804f1c518,Large Community Hospital,East Region,2025/26,included,false,reporting_period_unverified,false,2,2,false,true,false,false,"[""intervention_22272efb622acf2e33c1""]"
cycle_f543636465297d26a3e0,Policy / Standardization,Policy / Standardization,1,Insufficient data,,org_67a7ed6a42947362,ind_e7cd9b5804f1c518,Large Community Hospital,East Region,2025/26,included,false,reporting_period_unverified,false,2,2,false,true,false,false,"[""intervention_29b3b2eb5237def5731c""]"
cycle_d6523292e4f28e11f651,Ambulance / EMS Flow,Ambulance / EMS Flow,2,Insufficient data,,org_67a7ed6a42947362,ind_ee70b593aad3e4f6,Large Community Hospital,East Region,2025/26,included,false,reporting_period_unverified,false,2,1,false,true,false,true,"[""intervention_0fe4ca387e4db342ad62"",""intervention_78197e73d38201e3323a""]"
cycle_d6523292e4f28e11f651,Other,Other,1,Insufficient data,,org_67a7ed6a42947362,ind_ee70b593aad3e4f6,Large Community Hospital,East Region,2025/26,included,false,reporting_period_unverified,false,2,1,false,true,false,true,"[""intervention_d6ac8b2622d92bea6677""]"
cycle_d7e985ce54f1e31c6287,Admission & Transfer Process,Admission & Transfer Process,1,Insufficient data,,org_67a7ed6a42947362,ind_ef4a9573ead4ee92,Large Community Hospital,East Region,2024/25,included,false,insufficient first-cycle ED longitudinal coverage,false,4,3,false,true,false,true,"[""intervention_c05eef9684aacec77209""]"
cycle_d7e985ce54f1e31c6287,Discharge & Transition Planning,Discharge & Transition Planning,1,Insufficient data,,org_67a7ed6a42947362,ind_ef4a9573ead4ee92,Large Community Hospital,East Region,2024/25,included,false,insufficient first-cycle ED longitudinal coverage,false,4,3,false,true,false,true,"[""intervention_d2b2a6dcc5b83c1748db""]"
cycle_d7e985ce54f1e31c6287,Other,Other,2,Insufficient data,,org_67a7ed6a42947362,ind_ef4a9573ead4ee92,Large Community Hospital,East Region,2024/25,included,false,insufficient first-cycle ED longitudinal coverage,false,4,3,false,true,false,true,"[""intervention_4d58ebfcba8fcde8ce13"",""intervention_8fdd7880a65c67e80f3d""]"
cycle_d7e985ce54f1e31c6287,Policy / Standardization,Policy / Standardization,1,Insufficient data,,org_67a7ed6a42947362,ind_ef4a9573ead4ee92,Large Community Hospital,East Region,2024/25,included,false,insufficient first-cycle ED longitudinal coverage,false,4,3,false,true,false,true,"[""intervention_c3d0d3fefaf4ec5009c0""]"
cycle_973adfa3aa2b892bd602,Care Coordination & Communication,Care Coordination & Communication,1,Insufficient data,,org_67a7ed6a42947362,ind_ef4a9573ead4ee92,Large Community Hospital,East Region,2025/26,included,false,unit_unverified; population_unverified; reporting_period_unverified; historical_match_unavailable_or_ambiguous,false,3,2,false,true,false,true,"[""intervention_91ef4003393c8a5a05d2""]"
cycle_973adfa3aa2b892bd602,Other,Other,1,Insufficient data,,org_67a7ed6a42947362,ind_ef4a9573ead4ee92,Large Community Hospital,East Region,2025/26,included,false,unit_unverified; population_unverified; reporting_period_unverified; historical_match_unavailable_or_ambiguous,false,3,2,false,true,false,true,"[""intervention_0421650612ff450df907""]"
cycle_973adfa3aa2b892bd602,Surge Management,Surge Management,1,Insufficient data,,org_67a7ed6a42947362,ind_ef4a9573ead4ee92,Large Community Hospital,East Region,2025/26,included,false,unit_unverified; population_unverified; reporting_period_unverified; historical_match_unavailable_or_ambiguous,false,3,2,false,true,false,true,"[""intervention_55311c8dc4e4f26dd1fb""]"
cycle_cc2699602f6465fe7e18,Policy / Standardization,Policy / Standardization,1,Insufficient data,,org_6973979025247640,ind_0939ff0a479edfb0,Teaching Hospital,West Region,2025/26,needs_review,false,outside primary ED analysis scope,false,3,3,false,true,false,false,"[""intervention_bcb3b1d2ca0b4b77653a""]"
cycle_cc2699602f6465fe7e18,Safety & Risk Prevention,Safety & Risk Prevention,1,Insufficient data,,org_6973979025247640,ind_0939ff0a479edfb0,Teaching Hospital,West Region,2025/26,needs_review,false,outside primary ED analysis scope,false,3,3,false,true,false,false,"[""intervention_460ffadd721f24099e46""]"
cycle_cc2699602f6465fe7e18,Training & Education,Training & Education,2,Insufficient data,,org_6973979025247640,ind_0939ff0a479edfb0,Teaching Hospital,West Region,2025/26,needs_review,false,outside primary ED analysis scope,false,3,3,false,true,false,false,"[""intervention_2b27f08306a696e7c932"",""intervention_abb88f5e7a039226c8c0""]"
cycle_a6d428c589b3057157dd,"Data, Measurement & Dashboards","Data, Measurement & Dashboards",1,Insufficient data,,org_6973979025247640,ind_2f7921bffcc13ed4,Teaching Hospital,West Region,2024/25,needs_review,false,outside primary ED analysis scope,false,2,1,false,true,false,true,"[""intervention_0c33bda5c1844de47279""]"
cycle_a6d428c589b3057157dd,Other,Other,1,Insufficient data,,org_6973979025247640,ind_2f7921bffcc13ed4,Teaching Hospital,West Region,2024/25,needs_review,false,outside primary ED analysis scope,false,2,1,false,true,false,true,"[""intervention_b7c25dd75cf4db13f546""]"
cycle_5ca27ac228b2194ac05f,"Data, Measurement & Dashboards","Data, Measurement & Dashboards",2,Insufficient data,,org_6973979025247640,ind_4d49b6db72302a80,Teaching Hospital,West Region,2025/26,needs_review,false,outside primary ED analysis scope,false,1,1,true,false,true,false,"[""intervention_26874d7eb0670608ea96"",""intervention_8c8eefcc17f5550ecb15""]"
cycle_1e3cbecbc7836c9fbca4,"Data, Measurement & Dashboards","Data, Measurement & Dashboards",1,Insufficient data,,org_6973979025247640,ind_5c76f474d6e980bb,Teaching Hospital,West Region,2025/26,needs_review,false,outside primary ED analysis scope,false,3,2,false,true,false,true,"[""intervention_e97e452c264d29b82891""]"
cycle_1e3cbecbc7836c9fbca4,Other,Other,1,Insufficient data,,org_6973979025247640,ind_5c76f474d6e980bb,Teaching Hospital,West Region,2025/26,needs_review,false,outside primary ED analysis scope,false,3,2,false,true,false,true,"[""intervention_600e1a484a1d68d24915""]"
cycle_1e3cbecbc7836c9fbca4,Training & Education,Training & Education,3,Insufficient data,,org_6973979025247640,ind_5c76f474d6e980bb,Teaching Hospital,West Region,2025/26,needs_review,false,outside primary ED analysis scope,false,3,2,false,true,false,true,"[""intervention_57ceb25a0f37e65d681a"",""intervention_7d2956fa5975647193a8"",""intervention_d606165f4117f6ba63a1""]"
cycle_0564ef7a628e07745a95,Discharge & Transition Planning,Discharge & Transition Planning,2,Insufficient data,,org_6973979025247640,ind_67ee717abbe20a1b,Teaching Hospital,West Region,2024/25,excluded,false,outside primary ED analysis scope,false,3,2,false,true,false,true,"[""intervention_330aa50966416c3217fa"",""intervention_6a3facd026f3b7b7af41""]"
cycle_0564ef7a628e07745a95,Other,Other,2,Insufficient data,,org_6973979025247640,ind_67ee717abbe20a1b,Teaching Hospital,West Region,2024/25,excluded,false,outside primary ED analysis scope,false,3,2,false,true,false,true,"[""intervention_2eb3b36d478eec6a6b23"",""intervention_4442dd6f05e07589560b""]"
cycle_0564ef7a628e07745a95,Policy / Standardization,Policy / Standardization,1,Insufficient data,,org_6973979025247640,ind_67ee717abbe20a1b,Teaching Hospital,West Region,2024/25,excluded,false,outside primary ED analysis scope,false,3,2,false,true,false,true,"[""intervention_9a0290608fe17b98ed4f""]"
cycle_a79b5501472475159153,"Data, Measurement & Dashboards","Data, Measurement & Dashboards",1,Insufficient data,,org_6973979025247640,ind_67ee717abbe20a1b,Teaching Hospital,West Region,2025/26,excluded,false,outside primary ED analysis scope,false,2,1,false,true,false,true,"[""intervention_2be5d14d9d7e49b76181""]"
cycle_a79b5501472475159153,Other,Other,1,Insufficient data,,org_6973979025247640,ind_67ee717abbe20a1b,Teaching Hospital,West Region,2025/26,excluded,false,outside primary ED analysis scope,false,2,1,false,true,false,true,"[""intervention_882d3fcb7b4ec03db0a2""]"
cycle_d7c5298e29c0d69985fe,Admission & Transfer Process,Admission & Transfer Process,2,Insufficient data,,org_6973979025247640,ind_8e9fb8a7b5e0eec1,Teaching Hospital,West Region,2025/26,needs_review,false,outside primary ED analysis scope,false,1,1,true,false,true,false,"[""intervention_3d44b1060b80e9d75663"",""intervention_67df5951d1ae693855e1""]"
cycle_d35bc5849d693e85282b,Other,Other,3,Insufficient data,,org_6973979025247640,ind_a4c943149b81020d,Teaching Hospital,West Region,2025/26,needs_review,false,outside primary ED analysis scope,false,1,0,true,false,false,true,"[""intervention_03e96f5a5405fec07da8"",""intervention_7b7c9ef1a57cafcbc01a"",""intervention_ef829b7f921e7ea4dbe3""]"
cycle_d3eff2384a1d035ee621,Policy / Standardization,Policy / Standardization,1,Insufficient data,,org_6973979025247640,ind_abd35e42bb318613,Teaching Hospital,West Region,2024/25,needs_review,false,outside primary ED analysis scope,false,2,2,false,true,false,false,"[""intervention_e6d121332a43b14cb67d""]"
cycle_d3eff2384a1d035ee621,Training & Education,Training & Education,2,Insufficient data,,org_6973979025247640,ind_abd35e42bb318613,Teaching Hospital,West Region,2024/25,needs_review,false,outside primary ED analysis scope,false,2,2,false,true,false,false,"[""intervention_b3228571fb7a0dc3de25"",""intervention_fb248011a89fd064da7d""]"
cycle_0012716dcba4dc474162,Admission & Transfer Process,Admission & Transfer Process,3,Insufficient data,,org_6973979025247640,ind_bdb8d0ce4d72dcb0,Teaching Hospital,West Region,2024/25,needs_review,false,outside primary ED analysis scope,false,3,2,false,true,false,true,"[""intervention_7b20905810e7475d9f05"",""intervention_d26096d7ac6fa5a247c7"",""intervention_f65d8279323dd25f0a58""]"
cycle_0012716dcba4dc474162,Care Coordination & Communication,Care Coordination & Communication,1,Insufficient data,,org_6973979025247640,ind_bdb8d0ce4d72dcb0,Teaching Hospital,West Region,2024/25,needs_review,false,outside primary ED analysis scope,false,3,2,false,true,false,true,"[""intervention_b039d2bb86d6561a54c4""]"
cycle_0012716dcba4dc474162,Other,Other,3,Insufficient data,,org_6973979025247640,ind_bdb8d0ce4d72dcb0,Teaching Hospital,West Region,2024/25,needs_review,false,outside primary ED analysis scope,false,3,2,false,true,false,true,"[""intervention_12f68bfee07e8673d963"",""intervention_8456512e6c6bfa1e0684"",""intervention_e0d6111e2ab22867e88c""]"
cycle_7fd994a8c5b11a1cf45a,Care Coordination & Communication,Care Coordination & Communication,1,Insufficient data,,org_6973979025247640,ind_c20eb5b54c37dc51,Teaching Hospital,West Region,2024/25,needs_review,false,outside primary ED analysis scope,false,4,3,false,true,false,true,"[""intervention_ab7a6b8f09f0ca8a98c2""]"
cycle_7fd994a8c5b11a1cf45a,Other,Other,1,Insufficient data,,org_6973979025247640,ind_c20eb5b54c37dc51,Teaching Hospital,West Region,2024/25,needs_review,false,outside primary ED analysis scope,false,4,3,false,true,false,true,"[""intervention_648e28810c48ec601676""]"
cycle_7fd994a8c5b11a1cf45a,Safety & Risk Prevention,Safety & Risk Prevention,1,Insufficient data,,org_6973979025247640,ind_c20eb5b54c37dc51,Teaching Hospital,West Region,2024/25,needs_review,false,outside primary ED analysis scope,false,4,3,false,true,false,true,"[""intervention_397220ac01a5f57c6319""]"
cycle_7fd994a8c5b11a1cf45a,Training & Education,Training & Education,1,Insufficient data,,org_6973979025247640,ind_c20eb5b54c37dc51,Teaching Hospital,West Region,2024/25,needs_review,false,outside primary ED analysis scope,false,4,3,false,true,false,true,"[""intervention_d417084e5c9b46006e50""]"
cycle_29390794ec51c5766d43,Other,Other,2,Insufficient data,,org_6cda4d4e0d667f32,ind_37478f8fb5db2bb6,Small Hospital,North West Region,2024/25,excluded,false,outside primary ED analysis scope,false,1,0,true,false,false,true,"[""intervention_c137b7222694d8bbaa9c"",""intervention_e7683f418c4086bdee8b""]"
cycle_c140a5a042d19cb14f5d,Training & Education,Training & Education,1,Insufficient data,,org_6cda4d4e0d667f32,ind_37478f8fb5db2bb6,Small Hospital,North West Region,2025/26,excluded,false,outside primary ED analysis scope,false,1,1,true,false,true,false,"[""intervention_e90bdcfa4356779d9352""]"
cycle_e984ddea6c80d9aeb45b,Training & Education,Training & Education,1,Insufficient data,,org_6cda4d4e0d667f32,ind_5314e24f5f6e6912,Small Hospital,North West Region,2024/25,excluded,false,outside primary ED analysis scope,false,1,1,true,false,true,false,"[""intervention_561ccf1c69523cf4dbab""]"
cycle_6d7abd9d4b74538dacac,Training & Education,Training & Education,1,Insufficient data,,org_6cda4d4e0d667f32,ind_5314e24f5f6e6912,Small Hospital,North West Region,2025/26,excluded,false,outside primary ED analysis scope,false,1,1,true,false,true,false,"[""intervention_f9a58941f1eabaec7436""]"
cycle_0ab4b8d98afe00dd3f67,Discharge & Transition Planning,Discharge & Transition Planning,1,Insufficient data,,org_6cda4d4e0d667f32,ind_67ee717abbe20a1b,Small Hospital,North West Region,2024/25,excluded,false,outside primary ED analysis scope,false,2,2,false,true,false,false,"[""intervention_bedb296ad6f847c7174a""]"
cycle_0ab4b8d98afe00dd3f67,Training & Education,Training & Education,1,Insufficient data,,org_6cda4d4e0d667f32,ind_67ee717abbe20a1b,Small Hospital,North West Region,2024/25,excluded,false,outside primary ED analysis scope,false,2,2,false,true,false,false,"[""intervention_d18d586ba5fe5c8e9eb2""]"
cycle_cfee6f6af1d6df15ddc8,Care Coordination & Communication,Care Coordination & Communication,1,Insufficient data,,org_6f2e0dca3e673d9a,ind_350363c12e330ce5,Teaching Hospital,East Region,2025/26,needs_review,false,outside primary ED analysis scope,false,3,2,false,true,false,true,"[""intervention_a33a220b718233f589a0""]"
cycle_cfee6f6af1d6df15ddc8,"Data, Measurement & Dashboards","Data, Measurement & Dashboards",2,Insufficient data,,org_6f2e0dca3e673d9a,ind_350363c12e330ce5,Teaching Hospital,East Region,2025/26,needs_review,false,outside primary ED analysis scope,false,3,2,false,true,false,true,"[""intervention_60a266acd29c3a22830c"",""intervention_8d731b70525fba9bb07d""]"
cycle_cfee6f6af1d6df15ddc8,Other,Other,1,Insufficient data,,org_6f2e0dca3e673d9a,ind_350363c12e330ce5,Teaching Hospital,East Region,2025/26,needs_review,false,outside primary ED analysis scope,false,3,2,false,true,false,true,"[""intervention_d22a9b0813006357045b""]"
cycle_90de1fb1135fb33da0a5,"Data, Measurement & Dashboards","Data, Measurement & Dashboards",1,Insufficient data,,org_6f2e0dca3e673d9a,ind_37478f8fb5db2bb6,Teaching Hospital,East Region,2024/25,excluded,false,outside primary ED analysis scope,false,2,1,false,true,false,true,"[""intervention_432141e7a3395138bcae""]"
cycle_90de1fb1135fb33da0a5,Other,Other,5,Insufficient data,,org_6f2e0dca3e673d9a,ind_37478f8fb5db2bb6,Teaching Hospital,East Region,2024/25,excluded,false,outside primary ED analysis scope,false,2,1,false,true,false,true,"[""intervention_08d238cd9662d83a5dd0"",""intervention_15d3b6d26b857517d7c9"",""intervention_7ee60f9ab16ac4a651d9"",""intervention_dec291f18a10b6ab83d5"",""intervention_f98b42876d610d70a4b3""]"
cycle_cd67433988ff1da6beeb,Care Coordination & Communication,Care Coordination & Communication,1,Insufficient data,,org_6f2e0dca3e673d9a,ind_3fdbfa1beb8cd349,Teaching Hospital,East Region,2024/25,needs_review,false,outside primary ED analysis scope,false,5,4,false,true,false,true,"[""intervention_b55e4b5ea9dfa6528149""]"
cycle_cd67433988ff1da6beeb,"Data, Measurement & Dashboards","Data, Measurement & Dashboards",1,Insufficient data,,org_6f2e0dca3e673d9a,ind_3fdbfa1beb8cd349,Teaching Hospital,East Region,2024/25,needs_review,false,outside primary ED analysis scope,false,5,4,false,true,false,true,"[""intervention_cc2da5c701a1ba3b20bc""]"
cycle_cd67433988ff1da6beeb,Emergency Department Workflow,Emergency Department Workflow,1,Insufficient data,,org_6f2e0dca3e673d9a,ind_3fdbfa1beb8cd349,Teaching Hospital,East Region,2024/25,needs_review,false,outside primary ED analysis scope,false,5,4,false,true,false,true,"[""intervention_d78332d4e22b3778b625""]"
cycle_cd67433988ff1da6beeb,Other,Other,2,Insufficient data,,org_6f2e0dca3e673d9a,ind_3fdbfa1beb8cd349,Teaching Hospital,East Region,2024/25,needs_review,false,outside primary ED analysis scope,false,5,4,false,true,false,true,"[""intervention_135ac4cdb7968ea7d2d4"",""intervention_a139b4f2b0d381685ee9""]"
cycle_cd67433988ff1da6beeb,Policy / Standardization,Policy / Standardization,1,Insufficient data,,org_6f2e0dca3e673d9a,ind_3fdbfa1beb8cd349,Teaching Hospital,East Region,2024/25,needs_review,false,outside primary ED analysis scope,false,5,4,false,true,false,true,"[""intervention_f112baab9974bc0945d8""]"
cycle_848637249382c1e93873,"Data, Measurement & Dashboards","Data, Measurement & Dashboards",1,Insufficient data,,org_6f2e0dca3e673d9a,ind_7ebd4762b8a6c688,Teaching Hospital,East Region,2025/26,included,false,unit_unverified; population_unverified; reporting_period_unverified; historical_match_unavailable_or_ambiguous,false,2,1,false,true,false,true,"[""intervention_21d4862a932ccf850f75""]"
cycle_848637249382c1e93873,Other,Other,4,Insufficient data,,org_6f2e0dca3e673d9a,ind_7ebd4762b8a6c688,Teaching Hospital,East Region,2025/26,included,false,unit_unverified; population_unverified; reporting_period_unverified; historical_match_unavailable_or_ambiguous,false,2,1,false,true,false,true,"[""intervention_271fd63a9ed469e70091"",""intervention_65f1badbba36e6456a5f"",""intervention_a754fbd6947ea052f4cf"",""intervention_d6ff485bb0606143455d""]"
cycle_d6d0ed9f7afc8085da3b,Other,Other,2,Insufficient data,,org_6f2e0dca3e673d9a,ind_83b466e948b1a471,Teaching Hospital,East Region,2025/26,needs_review,false,outside primary ED analysis scope,false,1,0,true,false,false,true,"[""intervention_31eb0de485d6559b8aec"",""intervention_ff13f3c2f1e41122623f""]"
cycle_f0ba7401f0af39ba3fe6,Other,Other,1,Insufficient data,,org_6f2e0dca3e673d9a,ind_e7cd9b5804f1c518,Teaching Hospital,East Region,2025/26,included,false,reporting_period_unverified,false,2,1,false,true,false,true,"[""intervention_6e99b9d03b37723ac4c6""]"
cycle_f0ba7401f0af39ba3fe6,Patient Streaming / Triage,Patient Streaming / Triage,1,Insufficient data,,org_6f2e0dca3e673d9a,ind_e7cd9b5804f1c518,Teaching Hospital,East Region,2025/26,included,false,reporting_period_unverified,false,2,1,false,true,false,true,"[""intervention_603a692f7de1cd35eb82""]"
cycle_8d33856dbfcd0a650a9f,Other,Other,3,Insufficient data,,org_6f2e0dca3e673d9a,ind_e845ad3d6ab0d69f,Teaching Hospital,East Region,2024/25,needs_review,false,outside primary ED analysis scope,false,2,1,false,true,false,true,"[""intervention_26d4bb5704aac0c81c50"",""intervention_2cb39e4cb0484a508790"",""intervention_5792988caef254302f2e""]"
cycle_8d33856dbfcd0a650a9f,Technology & Digital Tools,Technology & Digital Tools,1,Insufficient data,,org_6f2e0dca3e673d9a,ind_e845ad3d6ab0d69f,Teaching Hospital,East Region,2024/25,needs_review,false,outside primary ED analysis scope,false,2,1,false,true,false,true,"[""intervention_214a4b351223a2c50813""]"
cycle_068aba2019fb58f130ab,Ambulance / EMS Flow,Ambulance / EMS Flow,1,Insufficient data,,org_6f2e0dca3e673d9a,ind_ee70b593aad3e4f6,Teaching Hospital,East Region,2025/26,included,false,reporting_period_unverified,false,2,2,false,true,false,false,"[""intervention_3c0cb9da5cdf361a297f""]"
cycle_068aba2019fb58f130ab,Care Coordination & Communication,Care Coordination & Communication,1,Insufficient data,,org_6f2e0dca3e673d9a,ind_ee70b593aad3e4f6,Teaching Hospital,East Region,2025/26,included,false,reporting_period_unverified,false,2,2,false,true,false,false,"[""intervention_7e6c367e6a33342dfa01""]"
cycle_517fe7b275c266961dd8,Discharge & Transition Planning,Discharge & Transition Planning,1,Insufficient data,,org_742011c9d3ebc2b8,ind_0646035afd9bba7c,Large Community Hospital,Toronto Region,2024/25,excluded,false,outside primary ED analysis scope,false,2,2,false,true,false,false,"[""intervention_4c80ccaef8ba64b04981""]"
cycle_517fe7b275c266961dd8,Training & Education,Training & Education,1,Insufficient data,,org_742011c9d3ebc2b8,ind_0646035afd9bba7c,Large Community Hospital,Toronto Region,2024/25,excluded,false,outside primary ED analysis scope,false,2,2,false,true,false,false,"[""intervention_a3681a27b793472ba325""]"
cycle_101b4c9e736c8faa6aa5,"Data, Measurement & Dashboards","Data, Measurement & Dashboards",2,Insufficient data,,org_742011c9d3ebc2b8,ind_37478f8fb5db2bb6,Large Community Hospital,Toronto Region,2024/25,excluded,false,outside primary ED analysis scope,false,2,2,false,true,false,false,"[""intervention_0b304ccc873a88fa5efa"",""intervention_9c559ae386c03fb57018""]"
cycle_101b4c9e736c8faa6aa5,Safety & Risk Prevention,Safety & Risk Prevention,1,Insufficient data,,org_742011c9d3ebc2b8,ind_37478f8fb5db2bb6,Large Community Hospital,Toronto Region,2024/25,excluded,false,outside primary ED analysis scope,false,2,2,false,true,false,false,"[""intervention_c4c76b87aa8761438800""]"
cycle_9553af590f55c42006f8,Other,Other,1,Insufficient data,,org_742011c9d3ebc2b8,ind_37478f8fb5db2bb6,Large Community Hospital,Toronto Region,2025/26,excluded,false,outside primary ED analysis scope,false,3,2,false,true,false,true,"[""intervention_11d32c1db4519343773f""]"
cycle_9553af590f55c42006f8,Policy / Standardization,Policy / Standardization,1,Insufficient data,,org_742011c9d3ebc2b8,ind_37478f8fb5db2bb6,Large Community Hospital,Toronto Region,2025/26,excluded,false,outside primary ED analysis scope,false,3,2,false,true,false,true,"[""intervention_400527f3e758236e8945""]"
cycle_9553af590f55c42006f8,Training & Education,Training & Education,2,Insufficient data,,org_742011c9d3ebc2b8,ind_37478f8fb5db2bb6,Large Community Hospital,Toronto Region,2025/26,excluded,false,outside primary ED analysis scope,false,3,2,false,true,false,true,"[""intervention_36867162aac7fb356a75"",""intervention_cc98c1d79a251db1dd55""]"
cycle_093e41c401c21b36cb0a,Bed & Capacity Management,Bed & Capacity Management,1,Insufficient data,,org_742011c9d3ebc2b8,ind_3fdbfa1beb8cd349,Large Community Hospital,Toronto Region,2024/25,needs_review,false,outside primary ED analysis scope,false,3,2,false,true,false,true,"[""intervention_fa3f258837a11f9d7ca1""]"
cycle_093e41c401c21b36cb0a,Care Coordination & Communication,Care Coordination & Communication,1,Insufficient data,,org_742011c9d3ebc2b8,ind_3fdbfa1beb8cd349,Large Community Hospital,Toronto Region,2024/25,needs_review,false,outside primary ED analysis scope,false,3,2,false,true,false,true,"[""intervention_142cff79c3e046dbb00e""]"
cycle_093e41c401c21b36cb0a,Other,Other,1,Insufficient data,,org_742011c9d3ebc2b8,ind_3fdbfa1beb8cd349,Large Community Hospital,Toronto Region,2024/25,needs_review,false,outside primary ED analysis scope,false,3,2,false,true,false,true,"[""intervention_66f4d48a23ab651a8626""]"
cycle_2242deed8d799a713969,Care Coordination & Communication,Care Coordination & Communication,1,Insufficient data,,org_742011c9d3ebc2b8,ind_5314e24f5f6e6912,Large Community Hospital,Toronto Region,2024/25,excluded,false,outside primary ED analysis scope,false,1,1,true,false,true,false,"[""intervention_57b83b5fb0a471c124f0""]"
cycle_277d0f9d25b0ea24e4bb,Training & Education,Training & Education,1,Insufficient data,,org_742011c9d3ebc2b8,ind_5314e24f5f6e6912,Large Community Hospital,Toronto Region,2025/26,excluded,false,outside primary ED analysis scope,false,1,1,true,false,true,false,"[""intervention_356a66cad60017784ca9""]"
cycle_c568b556f13365052175,Discharge & Transition Planning,Discharge & Transition Planning,2,Insufficient data,,org_742011c9d3ebc2b8,ind_5674d5816948251b,Large Community Hospital,Toronto Region,2024/25,needs_review,false,outside primary ED analysis scope,false,1,1,true,false,true,false,"[""intervention_a4fabdf740f160b40c08"",""intervention_baaec7939802c6147527""]"
cycle_aa807bc2b4530c1d6859,Other,Other,2,Insufficient data,,org_742011c9d3ebc2b8,ind_a8f6cca5fe8befdf,Large Community Hospital,Toronto Region,2024/25,excluded,false,outside primary ED analysis scope,false,2,1,false,true,false,true,"[""intervention_b3a704756db86d3619be"",""intervention_e34aafddc49abb83c9fe""]"
cycle_aa807bc2b4530c1d6859,Policy / Standardization,Policy / Standardization,1,Insufficient data,,org_742011c9d3ebc2b8,ind_a8f6cca5fe8befdf,Large Community Hospital,Toronto Region,2024/25,excluded,false,outside primary ED analysis scope,false,2,1,false,true,false,true,"[""intervention_f1072bd2b7248c2296c8""]"
cycle_482b19c9760efd052dfb,Other,Other,2,Insufficient data,,org_742011c9d3ebc2b8,ind_a8f6cca5fe8befdf,Large Community Hospital,Toronto Region,2025/26,excluded,false,outside primary ED analysis scope,false,1,0,true,false,false,true,"[""intervention_03be9e5eca8bf7253176"",""intervention_b3f90147f01871fa963f""]"
cycle_224c649a7301f5a19214,Discharge & Transition Planning,Discharge & Transition Planning,3,Insufficient data,,org_742011c9d3ebc2b8,ind_ac22aa1ba1b9993b,Large Community Hospital,Toronto Region,2025/26,needs_review,false,outside primary ED analysis scope,false,1,1,true,false,true,false,"[""intervention_3ea9ca667cc058e7395c"",""intervention_60ea9bfcdfd2a56a8138"",""intervention_611c659fbe0865557753""]"
cycle_c4da52e517de30ba433f,Policy / Standardization,Policy / Standardization,1,Insufficient data,,org_742011c9d3ebc2b8,ind_c2ff2b1872f9acce,Large Community Hospital,Toronto Region,2024/25,needs_review,false,outside primary ED analysis scope,false,3,3,false,true,false,false,"[""intervention_c80ace72510b3fb07aef""]"
cycle_c4da52e517de30ba433f,Technology & Digital Tools,Technology & Digital Tools,1,Insufficient data,,org_742011c9d3ebc2b8,ind_c2ff2b1872f9acce,Large Community Hospital,Toronto Region,2024/25,needs_review,false,outside primary ED analysis scope,false,3,3,false,true,false,false,"[""intervention_bb953eb9b9be1964aa9e""]"
cycle_c4da52e517de30ba433f,Training & Education,Training & Education,1,Insufficient data,,org_742011c9d3ebc2b8,ind_c2ff2b1872f9acce,Large Community Hospital,Toronto Region,2024/25,needs_review,false,outside primary ED analysis scope,false,3,3,false,true,false,false,"[""intervention_ebc4c221e15307b90301""]"
cycle_0cf3d78dd06042ea79ad,Patient Streaming / Triage,Patient Streaming / Triage,1,Insufficient data,,org_742011c9d3ebc2b8,ind_c2ff2b1872f9acce,Large Community Hospital,Toronto Region,2025/26,needs_review,false,outside primary ED analysis scope,false,3,3,false,true,false,false,"[""intervention_09320e57e91b1178383b""]"
cycle_0cf3d78dd06042ea79ad,Policy / Standardization,Policy / Standardization,1,Insufficient data,,org_742011c9d3ebc2b8,ind_c2ff2b1872f9acce,Large Community Hospital,Toronto Region,2025/26,needs_review,false,outside primary ED analysis scope,false,3,3,false,true,false,false,"[""intervention_321c7b21347a10a12c58""]"
cycle_0cf3d78dd06042ea79ad,Training & Education,Training & Education,1,Insufficient data,,org_742011c9d3ebc2b8,ind_c2ff2b1872f9acce,Large Community Hospital,Toronto Region,2025/26,needs_review,false,outside primary ED analysis scope,false,3,3,false,true,false,false,"[""intervention_5c6d07a852151b2fe596""]"
cycle_4daabe7a29b1337c6328,Discharge & Transition Planning,Discharge & Transition Planning,3,Insufficient data,,org_742011c9d3ebc2b8,ind_cd57992e4ca687e8,Large Community Hospital,Toronto Region,2024/25,needs_review,false,outside primary ED analysis scope,false,1,1,true,false,true,false,"[""intervention_1602ac63a879e576ef3e"",""intervention_3782f23d628a10a3dd6e"",""intervention_ced3693ef17b3fdcb87b""]"
cycle_5454f5eb0dd623735845,Other,Other,2,Insufficient data,,org_742011c9d3ebc2b8,ind_e666bcb709405e0f,Large Community Hospital,Toronto Region,2025/26,included,false,unit_unverified; population_unverified; reporting_period_unverified; historical_match_unavailable_or_ambiguous,false,2,1,false,true,false,true,"[""intervention_5c25745f5fcd333acee6"",""intervention_972fa04a5bbc4220198f""]"
cycle_5454f5eb0dd623735845,Patient Streaming / Triage,Patient Streaming / Triage,1,Insufficient data,,org_742011c9d3ebc2b8,ind_e666bcb709405e0f,Large Community Hospital,Toronto Region,2025/26,included,false,unit_unverified; population_unverified; reporting_period_unverified; historical_match_unavailable_or_ambiguous,false,2,1,false,true,false,true,"[""intervention_48b2b0b1da48103f19eb""]"
cycle_8a62a16a080ba2f8f0ee,Ambulance / EMS Flow,Ambulance / EMS Flow,2,Insufficient data,,org_742011c9d3ebc2b8,ind_ee70b593aad3e4f6,Large Community Hospital,Toronto Region,2025/26,included,false,reporting_period_unverified,false,2,1,false,true,false,true,"[""intervention_21db392e78771b2bbe94"",""intervention_3a11fc05de689f714c7e""]"
cycle_8a62a16a080ba2f8f0ee,Other,Other,1,Insufficient data,,org_742011c9d3ebc2b8,ind_ee70b593aad3e4f6,Large Community Hospital,Toronto Region,2025/26,included,false,reporting_period_unverified,false,2,1,false,true,false,true,"[""intervention_f3bba13d6961a78a6af3""]"
cycle_37691606d21719ec131f,Other,Other,1,Insufficient data,,org_745a3756d1f32bf3,ind_029ecf6a6eaaacd2,Small Hospital,West Region,2025/26,needs_review,false,outside primary ED analysis scope,false,1,0,true,false,false,true,"[""intervention_1c5eb009d1e5d6b6f103""]"
cycle_bbe477473e42a5bcd170,"Data, Measurement & Dashboards","Data, Measurement & Dashboards",1,Insufficient data,,org_745a3756d1f32bf3,ind_3d86e29594a1d682,Small Hospital,West Region,2024/25,needs_review,false,outside primary ED analysis scope,false,1,1,true,false,true,false,"[""intervention_8032c665ce6fa5f757e6""]"
cycle_c18794b5a28d811f11fc,Training & Education,Training & Education,1,Insufficient data,,org_745a3756d1f32bf3,ind_5314e24f5f6e6912,Small Hospital,West Region,2024/25,excluded,false,outside primary ED analysis scope,false,1,1,true,false,true,false,"[""intervention_fc09301dd2f1e4f48c5b""]"
cycle_e2fe065114d70a968b4c,"Data, Measurement & Dashboards","Data, Measurement & Dashboards",1,Insufficient data,,org_745a3756d1f32bf3,ind_5fb4b55a73b3dafe,Small Hospital,West Region,2025/26,needs_review,false,outside primary ED analysis scope,false,1,1,true,false,true,false,"[""intervention_811a83cf717b302d3462""]"
cycle_66d8add6a387765ec030,Training & Education,Training & Education,1,Insufficient data,,org_745a3756d1f32bf3,ind_69e34b96dcfd1271,Small Hospital,West Region,2025/26,needs_review,false,outside primary ED analysis scope,false,1,1,true,false,true,false,"[""intervention_ec871c8d1c6bff664771""]"
cycle_f7149742f6f3fa7f4530,Other,Other,1,Insufficient data,,org_745a3756d1f32bf3,ind_b2b82adddb6fa9a5,Small Hospital,West Region,2024/25,needs_review,false,outside primary ED analysis scope,false,1,0,true,false,false,true,"[""intervention_326294cb1daecb248b90""]"
cycle_be20641851a6ea13051f,Other,Other,1,Insufficient data,,org_745a3756d1f32bf3,ind_c33523679e1044e5,Small Hospital,West Region,2024/25,needs_review,false,outside primary ED analysis scope,false,2,1,false,true,false,true,"[""intervention_8dd072267d5004d3d045""]"
cycle_be20641851a6ea13051f,Surge Management,Surge Management,1,Insufficient data,,org_745a3756d1f32bf3,ind_c33523679e1044e5,Small Hospital,West Region,2024/25,needs_review,false,outside primary ED analysis scope,false,2,1,false,true,false,true,"[""intervention_d52a8e713cd6c39240e0""]"
cycle_8eea740435036204dde0,Admission & Transfer Process,Admission & Transfer Process,1,Insufficient data,,org_745a3756d1f32bf3,ind_cd57992e4ca687e8,Small Hospital,West Region,2024/25,needs_review,false,outside primary ED analysis scope,false,2,1,false,true,false,true,"[""intervention_0a2c53189e08e37628a9""]"
cycle_8eea740435036204dde0,Other,Other,2,Insufficient data,,org_745a3756d1f32bf3,ind_cd57992e4ca687e8,Small Hospital,West Region,2024/25,needs_review,false,outside primary ED analysis scope,false,2,1,false,true,false,true,"[""intervention_6113b53cfb7429fcb4b2"",""intervention_ea221a9968860c903af8""]"
cycle_0af005199ad7699fccdc,Safety & Risk Prevention,Safety & Risk Prevention,1,Insufficient data,,org_745a3756d1f32bf3,ind_d7477ddd5422ded1,Small Hospital,West Region,2025/26,needs_review,false,outside primary ED analysis scope,false,1,1,true,false,true,false,"[""intervention_94f1652e66f7e4492951""]"
cycle_dfd36de88c25fbb61dcd,Admission & Transfer Process,Admission & Transfer Process,1,Insufficient data,,org_745a3756d1f32bf3,ind_f197a93604c302d2,Small Hospital,West Region,2025/26,included,false,unit_unverified; population_unverified; reporting_period_unverified; historical_match_unavailable_or_ambiguous,false,1,1,true,false,true,false,"[""intervention_9f90713945dddecf2c42""]"
cycle_38b699ba56c07f80c950,"Data, Measurement & Dashboards","Data, Measurement & Dashboards",2,Insufficient data,,org_745a3756d1f32bf3,ind_fc02336a25c82c22,Small Hospital,West Region,2024/25,needs_review,false,outside primary ED analysis scope,false,1,1,true,false,true,false,"[""intervention_24a23410f3f96248abc9"",""intervention_b3d50cf741536a5fe4ac""]"
cycle_99f0d3ecef1231e65b65,Other,Other,1,Insufficient data,,org_745a3756d1f32bf3,ind_fe8d1f5e73bc3109,Small Hospital,West Region,2024/25,needs_review,false,outside primary ED analysis scope,false,1,0,true,false,false,true,"[""intervention_6419fbf84d19a7fb97b6""]"
cycle_87d5c79c972b459a0116,"Data, Measurement & Dashboards","Data, Measurement & Dashboards",1,Insufficient data,,org_7572022c35854d28,ind_1c34f6c74ffb94f4,Large Community Hospital,West Region,2024/25,needs_review,false,outside primary ED analysis scope,false,2,1,false,true,false,true,"[""intervention_b63abe7c959e4e10c9a1""]"
cycle_87d5c79c972b459a0116,Other,Other,1,Insufficient data,,org_7572022c35854d28,ind_1c34f6c74ffb94f4,Large Community Hospital,West Region,2024/25,needs_review,false,outside primary ED analysis scope,false,2,1,false,true,false,true,"[""intervention_41d34a3b9dff751dca5f""]"
cycle_1a41c8c4b22f52f751ee,Other,Other,1,Insufficient data,,org_7572022c35854d28,ind_37478f8fb5db2bb6,Large Community Hospital,West Region,2025/26,excluded,false,outside primary ED analysis scope,false,2,1,false,true,false,true,"[""intervention_1458c26b6dc9fe79071e""]"
cycle_1a41c8c4b22f52f751ee,Training & Education,Training & Education,1,Insufficient data,,org_7572022c35854d28,ind_37478f8fb5db2bb6,Large Community Hospital,West Region,2025/26,excluded,false,outside primary ED analysis scope,false,2,1,false,true,false,true,"[""intervention_486561ceba1b22fa15bf""]"
cycle_3bfe4724e3d8cf50e3c5,"Data, Measurement & Dashboards","Data, Measurement & Dashboards",1,Insufficient data,,org_7572022c35854d28,ind_5314e24f5f6e6912,Large Community Hospital,West Region,2024/25,excluded,false,outside primary ED analysis scope,false,3,2,false,true,false,true,"[""intervention_d704412ef0c4355eec7c""]"
cycle_3bfe4724e3d8cf50e3c5,Other,Other,1,Insufficient data,,org_7572022c35854d28,ind_5314e24f5f6e6912,Large Community Hospital,West Region,2024/25,excluded,false,outside primary ED analysis scope,false,3,2,false,true,false,true,"[""intervention_d0c27b61b38bd4cd8d9f""]"
cycle_3bfe4724e3d8cf50e3c5,Training & Education,Training & Education,1,Insufficient data,,org_7572022c35854d28,ind_5314e24f5f6e6912,Large Community Hospital,West Region,2024/25,excluded,false,outside primary ED analysis scope,false,3,2,false,true,false,true,"[""intervention_1547703c050b499a0463""]"
cycle_1ce549c2e9f77c27fc34,Training & Education,Training & Education,1,Insufficient data,,org_7572022c35854d28,ind_5314e24f5f6e6912,Large Community Hospital,West Region,2025/26,excluded,false,outside primary ED analysis scope,false,1,1,true,false,true,false,"[""intervention_b6ede464cd46ac055d74""]"
cycle_ae1cef8b030b9b8ef165,Care Coordination & Communication,Care Coordination & Communication,1,Insufficient data,,org_7572022c35854d28,ind_67ee717abbe20a1b,Large Community Hospital,West Region,2025/26,excluded,false,outside primary ED analysis scope,false,1,1,true,false,true,false,"[""intervention_bac44a143d8766f66b16""]"
cycle_1da3a531d02885a07282,Other,Other,2,Insufficient data,,org_7572022c35854d28,ind_76002f26f7141f1f,Large Community Hospital,West Region,2024/25,needs_review,false,outside primary ED analysis scope,false,2,1,false,true,false,true,"[""intervention_17fe69e2c8c8f18134b3"",""intervention_4d7f70e292df2df4494e""]"
cycle_1da3a531d02885a07282,Patient Streaming / Triage,Patient Streaming / Triage,1,Insufficient data,,org_7572022c35854d28,ind_76002f26f7141f1f,Large Community Hospital,West Region,2024/25,needs_review,false,outside primary ED analysis scope,false,2,1,false,true,false,true,"[""intervention_385486a4c8d8511a8f0f""]"
cycle_b4c1b95aae27de35e8d6,Care Coordination & Communication,Care Coordination & Communication,1,Insufficient data,,org_7572022c35854d28,ind_7f01ea3034955165,Large Community Hospital,West Region,2024/25,needs_review,false,outside primary ED analysis scope,false,2,1,false,true,false,true,"[""intervention_9264e1f0a65447bfe33b""]"
cycle_b4c1b95aae27de35e8d6,Other,Other,1,Insufficient data,,org_7572022c35854d28,ind_7f01ea3034955165,Large Community Hospital,West Region,2024/25,needs_review,false,outside primary ED analysis scope,false,2,1,false,true,false,true,"[""intervention_57c5061d3855be28522b""]"
cycle_ad964e84cf9489620fab,Emergency Department Workflow,Emergency Department Workflow,1,Insufficient data,,org_7572022c35854d28,ind_c2ff2b1872f9acce,Large Community Hospital,West Region,2024/25,needs_review,false,outside primary ED analysis scope,false,2,2,false,true,false,false,"[""intervention_02c54e3cf86c6e22f300""]"
cycle_ad964e84cf9489620fab,Patient Streaming / Triage,Patient Streaming / Triage,1,Insufficient data,,org_7572022c35854d28,ind_c2ff2b1872f9acce,Large Community Hospital,West Region,2024/25,needs_review,false,outside primary ED analysis scope,false,2,2,false,true,false,false,"[""intervention_2daa59019b9c37d17d52""]"
cycle_26b3a6d56d187c0ade39,Other,Other,1,Insufficient data,,org_7572022c35854d28,ind_ef4a9573ead4ee92,Large Community Hospital,West Region,2025/26,included,false,unit_unverified; population_unverified; reporting_period_unverified; historical_match_unavailable_or_ambiguous,false,1,0,true,false,false,true,"[""intervention_fcd3f820577f9dc75b65""]"
cycle_fa6aa66b921aa4c86475,Other,Other,2,Insufficient data,,org_76f35dcfe4fe3961,ind_3fdbfa1beb8cd349,Large Community Hospital,East Region,2024/25,needs_review,false,outside primary ED analysis scope,false,1,0,true,false,false,true,"[""intervention_a17c83f449769a192103"",""intervention_ff5999940197cc0642b1""]"
cycle_65704b0fbd22d165e299,Emergency Department Workflow,Emergency Department Workflow,1,Insufficient data,,org_76f35dcfe4fe3961,ind_4a13c6b5c4b532e9,Large Community Hospital,East Region,2025/26,needs_review,false,outside primary ED analysis scope,false,3,2,false,true,false,true,"[""intervention_e9c7852a46ab4259b46d""]"
cycle_65704b0fbd22d165e299,Other,Other,1,Insufficient data,,org_76f35dcfe4fe3961,ind_4a13c6b5c4b532e9,Large Community Hospital,East Region,2025/26,needs_review,false,outside primary ED analysis scope,false,3,2,false,true,false,true,"[""intervention_57f64cbf47b24e803d12""]"
cycle_65704b0fbd22d165e299,Technology & Digital Tools,Technology & Digital Tools,1,Insufficient data,,org_76f35dcfe4fe3961,ind_4a13c6b5c4b532e9,Large Community Hospital,East Region,2025/26,needs_review,false,outside primary ED analysis scope,false,3,2,false,true,false,true,"[""intervention_d028b6fff34a6908f71c""]"
cycle_499ac15828af22efc7c9,Other,Other,2,Insufficient data,,org_76f35dcfe4fe3961,ind_4de9cf0150993924,Large Community Hospital,East Region,2025/26,needs_review,false,outside primary ED analysis scope,false,2,1,false,true,false,true,"[""intervention_3b08fdbd101f729c8e48"",""intervention_e07b36b6c7cf9595be6d""]"
cycle_499ac15828af22efc7c9,Technology & Digital Tools,Technology & Digital Tools,1,Insufficient data,,org_76f35dcfe4fe3961,ind_4de9cf0150993924,Large Community Hospital,East Region,2025/26,needs_review,false,outside primary ED analysis scope,false,2,1,false,true,false,true,"[""intervention_c53f1f507d2b377fd9af""]"
cycle_7e1d70606f16a2d2eba5,Other,Other,1,Insufficient data,,org_76f35dcfe4fe3961,ind_5314e24f5f6e6912,Large Community Hospital,East Region,2024/25,excluded,false,outside primary ED analysis scope,false,2,1,false,true,false,true,"[""intervention_1b8a80f60143a9dcd945""]"
cycle_7e1d70606f16a2d2eba5,Training & Education,Training & Education,1,Insufficient data,,org_76f35dcfe4fe3961,ind_5314e24f5f6e6912,Large Community Hospital,East Region,2024/25,excluded,false,outside primary ED analysis scope,false,2,1,false,true,false,true,"[""intervention_3fd58f8230cba560960b""]"
cycle_c557eea432eb21de0134,Training & Education,Training & Education,2,Insufficient data,,org_76f35dcfe4fe3961,ind_5314e24f5f6e6912,Large Community Hospital,East Region,2025/26,excluded,false,outside primary ED analysis scope,false,1,1,true,false,true,false,"[""intervention_419d485831e6bfa2aec2"",""intervention_74541e1e2caf22984ef9""]"
cycle_00b5a7d31f329ca6b7e3,Discharge & Transition Planning,Discharge & Transition Planning,2,Insufficient data,,org_76f35dcfe4fe3961,ind_67ee717abbe20a1b,Large Community Hospital,East Region,2024/25,excluded,false,outside primary ED analysis scope,false,1,1,true,false,true,false,"[""intervention_9a932f04886694f17457"",""intervention_f689f5e7f58f098f02ec""]"
cycle_d33a5b581eaa87db922b,Other,Other,2,Insufficient data,,org_76f35dcfe4fe3961,ind_85a0e998ee60de64,Large Community Hospital,East Region,2024/25,needs_review,false,outside primary ED analysis scope,false,2,1,false,true,false,true,"[""intervention_30224846e74a7305b89a"",""intervention_98372f7d58b087de3d20""]"
cycle_d33a5b581eaa87db922b,Patient Streaming / Triage,Patient Streaming / Triage,2,Insufficient data,,org_76f35dcfe4fe3961,ind_85a0e998ee60de64,Large Community Hospital,East Region,2024/25,needs_review,false,outside primary ED analysis scope,false,2,1,false,true,false,true,"[""intervention_2690bc8691bccbfd8286"",""intervention_cb0fe96fdb0c7b37be06""]"
cycle_71de42d2ca9b1859d83f,Other,Other,1,Insufficient data,,org_76f35dcfe4fe3961,ind_8e4f7a453db84f21,Large Community Hospital,East Region,2024/25,needs_review,false,outside primary ED analysis scope,false,3,2,false,true,false,true,"[""intervention_c3d3ce506fdef61744aa""]"
cycle_71de42d2ca9b1859d83f,Safety & Risk Prevention,Safety & Risk Prevention,1,Insufficient data,,org_76f35dcfe4fe3961,ind_8e4f7a453db84f21,Large Community Hospital,East Region,2024/25,needs_review,false,outside primary ED analysis scope,false,3,2,false,true,false,true,"[""intervention_0d601af78d6e82522ccd""]"
cycle_71de42d2ca9b1859d83f,Training & Education,Training & Education,1,Insufficient data,,org_76f35dcfe4fe3961,ind_8e4f7a453db84f21,Large Community Hospital,East Region,2024/25,needs_review,false,outside primary ED analysis scope,false,3,2,false,true,false,true,"[""intervention_3a33925591af90cf18af""]"
cycle_a3ff7be8a4d1cf4c25f4,Other,Other,2,Insufficient data,,org_76f35dcfe4fe3961,ind_a0fc327cef54d4b4,Large Community Hospital,East Region,2025/26,needs_review,false,outside primary ED analysis scope,false,1,0,true,false,false,true,"[""intervention_4e0b4ee170523e856d76"",""intervention_530b715750a10628cddc""]"
cycle_ab8fa4e026ebd877288f,Other,Other,3,Insufficient data,,org_76f35dcfe4fe3961,ind_a8f6cca5fe8befdf,Large Community Hospital,East Region,2024/25,excluded,false,outside primary ED analysis scope,false,1,0,true,false,false,true,"[""intervention_05b4464d8c9886dbd397"",""intervention_1dfd2a33db2dbfa58792"",""intervention_334132180ca179f165de""]"
cycle_9f50c2097caf668b4622,Discharge & Transition Planning,Discharge & Transition Planning,1,Insufficient data,,org_76f35dcfe4fe3961,ind_a8f6cca5fe8befdf,Large Community Hospital,East Region,2025/26,excluded,false,outside primary ED analysis scope,false,3,2,false,true,false,true,"[""intervention_6294947c3d99f7abc5e2""]"
cycle_9f50c2097caf668b4622,Other,Other,2,Insufficient data,,org_76f35dcfe4fe3961,ind_a8f6cca5fe8befdf,Large Community Hospital,East Region,2025/26,excluded,false,outside primary ED analysis scope,false,3,2,false,true,false,true,"[""intervention_408423216b71a4910139"",""intervention_70b9cb37099e654485b7""]"
cycle_9f50c2097caf668b4622,Training & Education,Training & Education,1,Insufficient data,,org_76f35dcfe4fe3961,ind_a8f6cca5fe8befdf,Large Community Hospital,East Region,2025/26,excluded,false,outside primary ED analysis scope,false,3,2,false,true,false,true,"[""intervention_152e4614ef9aa5bfee3e""]"
cycle_bff05b88cee367a61967,Admission & Transfer Process,Admission & Transfer Process,1,Insufficient data,,org_76f35dcfe4fe3961,ind_ac7e9f2b5b4ae01c,Large Community Hospital,East Region,2025/26,needs_review,false,outside primary ED analysis scope,false,3,2,false,true,false,true,"[""intervention_330826bc5721719b943c""]"
cycle_bff05b88cee367a61967,Other,Other,1,Insufficient data,,org_76f35dcfe4fe3961,ind_ac7e9f2b5b4ae01c,Large Community Hospital,East Region,2025/26,needs_review,false,outside primary ED analysis scope,false,3,2,false,true,false,true,"[""intervention_29275ba975565cfc9b68""]"
cycle_bff05b88cee367a61967,Technology & Digital Tools,Technology & Digital Tools,1,Insufficient data,,org_76f35dcfe4fe3961,ind_ac7e9f2b5b4ae01c,Large Community Hospital,East Region,2025/26,needs_review,false,outside primary ED analysis scope,false,3,2,false,true,false,true,"[""intervention_f4cf88fbeb1e60fcf12c""]"
cycle_7c2b0543c81b176a72fe,Other,Other,4,Insufficient data,,org_76f35dcfe4fe3961,ind_bb2e147a9d3cb272,Large Community Hospital,East Region,2025/26,needs_review,false,outside primary ED analysis scope,false,1,0,true,false,false,true,"[""intervention_577d51ecd9c9baeee22c"",""intervention_869c0ead06b71a4171cd"",""intervention_a910054be80ad7ca9f60"",""intervention_f6c86cbb18dcfaa027af""]"
cycle_618aa5acb9360255ea8e,Ambulance / EMS Flow,Ambulance / EMS Flow,3,Insufficient data,,org_76f35dcfe4fe3961,ind_ee70b593aad3e4f6,Large Community Hospital,East Region,2024/25,included,false,insufficient first-cycle ED longitudinal coverage,false,1,1,true,false,true,false,"[""intervention_c39526d6ad60a2d28feb"",""intervention_e653b20060f5dcfab9b9"",""intervention_fb26d201d0b5f0a2a790""]"
cycle_d013036ce86601d3e41a,Other,Other,1,Insufficient data,,org_76f35dcfe4fe3961,ind_eed325d201e33dcf,Large Community Hospital,East Region,2025/26,needs_review,false,outside primary ED analysis scope,false,2,1,false,true,false,true,"[""intervention_6efc42332977ea5029ef""]"
cycle_d013036ce86601d3e41a,Technology & Digital Tools,Technology & Digital Tools,1,Insufficient data,,org_76f35dcfe4fe3961,ind_eed325d201e33dcf,Large Community Hospital,East Region,2025/26,needs_review,false,outside primary ED analysis scope,false,2,1,false,true,false,true,"[""intervention_ec1e54f3bf6b0ba9b45c""]"
cycle_483eb0c30ff5a73968b6,Other,Other,1,Insufficient data,,org_792f3d6269c0b645,ind_0bbcdf3b1443bfd0,Specialty Children Hospital,East Region,2025/26,needs_review,false,outside primary ED analysis scope,false,2,1,false,true,false,true,"[""intervention_2632935d1b8f2a68b050""]"
cycle_483eb0c30ff5a73968b6,Training & Education,Training & Education,1,Insufficient data,,org_792f3d6269c0b645,ind_0bbcdf3b1443bfd0,Specialty Children Hospital,East Region,2025/26,needs_review,false,outside primary ED analysis scope,false,2,1,false,true,false,true,"[""intervention_86eaa958b3269bbcd37b""]"
cycle_198243ac1834f213638c,Other,Other,3,Insufficient data,,org_792f3d6269c0b645,ind_11b341e9bc4a73b1,Specialty Children Hospital,East Region,2024/25,excluded,false,outside primary ED analysis scope,false,1,0,true,false,false,true,"[""intervention_44a978636bc2e3c36c8a"",""intervention_526d56f474e26ace6d07"",""intervention_e0b9f550d57135f1f79a""]"
cycle_14d797b56924bdbd9e19,Other,Other,2,Insufficient data,,org_792f3d6269c0b645,ind_11b341e9bc4a73b1,Specialty Children Hospital,East Region,2025/26,excluded,false,outside primary ED analysis scope,false,3,2,false,true,false,true,"[""intervention_2308de212dda3369cb51"",""intervention_f4ed96c3d4466cff2836""]"
cycle_14d797b56924bdbd9e19,Staffing & Scheduling,Staffing & Scheduling,2,Insufficient data,,org_792f3d6269c0b645,ind_11b341e9bc4a73b1,Specialty Children Hospital,East Region,2025/26,excluded,false,outside primary ED analysis scope,false,3,2,false,true,false,true,"[""intervention_ae47afb3e6db69c172ab"",""intervention_ce053ab858dbde307381""]"
cycle_14d797b56924bdbd9e19,Technology & Digital Tools,Technology & Digital Tools,1,Insufficient data,,org_792f3d6269c0b645,ind_11b341e9bc4a73b1,Specialty Children Hospital,East Region,2025/26,excluded,false,outside primary ED analysis scope,false,3,2,false,true,false,true,"[""intervention_9dbb2fa7c89867a83259""]"
cycle_8d2e2f02450c2d80ecbf,Other,Other,2,Insufficient data,,org_792f3d6269c0b645,ind_353faa26da215eaf,Specialty Children Hospital,East Region,2024/25,needs_review,false,outside primary ED analysis scope,false,1,0,true,false,false,true,"[""intervention_4c9e8be126af210edea2"",""intervention_f317502a938946ec099a""]"
cycle_08af4f454e4d6eccc647,Other,Other,1,Insufficient data,,org_792f3d6269c0b645,ind_35c998502df408d4,Specialty Children Hospital,East Region,2025/26,needs_review,false,outside primary ED analysis scope,false,1,0,true,false,false,true,"[""intervention_1bb9b79d8b24ea8a12e5""]"
cycle_5b93a0284570a15fccfa,Other,Other,2,Insufficient data,,org_792f3d6269c0b645,ind_3aca7b081b9cf5e7,Specialty Children Hospital,East Region,2024/25,needs_review,false,outside primary ED analysis scope,false,1,0,true,false,false,true,"[""intervention_751b3cd5098526a82fd0"",""intervention_ad8832b8bc4d72f5ab90""]"
cycle_f5b8a6f4af25b58f66ae,"Data, Measurement & Dashboards","Data, Measurement & Dashboards",1,Insufficient data,,org_792f3d6269c0b645,ind_3c666ff3b4b77207,Specialty Children Hospital,East Region,2025/26,needs_review,false,outside primary ED analysis scope,false,1,1,true,false,true,false,"[""intervention_ae7b3e81a891dc05ee4a""]"
cycle_9289a65760115c0d7af1,Other,Other,2,Insufficient data,,org_792f3d6269c0b645,ind_7e74569545ff3fd2,Specialty Children Hospital,East Region,2024/25,needs_review,false,outside primary ED analysis scope,false,1,0,true,false,false,true,"[""intervention_b4c6746af903a0407dcd"",""intervention_ee1a6150c1d460775d74""]"
cycle_80deab9c7306442c6993,Admission & Transfer Process,Admission & Transfer Process,1,Insufficient data,,org_792f3d6269c0b645,ind_b041095fa48a7f8b,Specialty Children Hospital,East Region,2024/25,needs_review,false,outside primary ED analysis scope,false,2,2,false,true,false,false,"[""intervention_b5bcadfc97cb33a00203""]"
cycle_80deab9c7306442c6993,Care Coordination & Communication,Care Coordination & Communication,2,Insufficient data,,org_792f3d6269c0b645,ind_b041095fa48a7f8b,Specialty Children Hospital,East Region,2024/25,needs_review,false,outside primary ED analysis scope,false,2,2,false,true,false,false,"[""intervention_764cb86f1969eadf0acb"",""intervention_da38467ca918de129faf""]"
cycle_efccabee9597c7b7fc2a,"Data, Measurement & Dashboards","Data, Measurement & Dashboards",2,Insufficient data,,org_792f3d6269c0b645,ind_b59167a866124dd1,Specialty Children Hospital,East Region,2025/26,needs_review,false,outside primary ED analysis scope,false,1,1,true,false,true,false,"[""intervention_43c07a009305fc1edb11"",""intervention_5266b1a7512594e0ff66""]"
cycle_7cfca3d966f7173af7a1,"Data, Measurement & Dashboards","Data, Measurement & Dashboards",3,Insufficient data,,org_792f3d6269c0b645,ind_b85351b52ac332d4,Specialty Children Hospital,East Region,2024/25,needs_review,false,outside primary ED analysis scope,false,1,1,true,false,true,false,"[""intervention_16a5871f66beb06f1d92"",""intervention_4db4f1e36b1473a3b6e2"",""intervention_6fcc43b75f9182b75ddb""]"
cycle_73ae395c7dac68616239,Other,Other,2,Insufficient data,,org_792f3d6269c0b645,ind_b9820c07c10ebe1d,Specialty Children Hospital,East Region,2025/26,needs_review,false,outside primary ED analysis scope,false,2,1,false,true,false,true,"[""intervention_4894c6b4a486646976e4"",""intervention_f027f90c5d150df2424a""]"
cycle_73ae395c7dac68616239,Training & Education,Training & Education,1,Insufficient data,,org_792f3d6269c0b645,ind_b9820c07c10ebe1d,Specialty Children Hospital,East Region,2025/26,needs_review,false,outside primary ED analysis scope,false,2,1,false,true,false,true,"[""intervention_56e9f899a466e08fabd6""]"
cycle_fa40ad65f83922dee6e1,Other,Other,1,Insufficient data,,org_792f3d6269c0b645,ind_d3e2acc39a4ea6cf,Specialty Children Hospital,East Region,2025/26,needs_review,false,outside primary ED analysis scope,false,1,0,true,false,false,true,"[""intervention_a275776c2c637946052e""]"
cycle_28a67d2175ac1738d813,"Data, Measurement & Dashboards","Data, Measurement & Dashboards",2,Insufficient data,,org_792f3d6269c0b645,ind_e17dc2d5b15c7d17,Specialty Children Hospital,East Region,2024/25,needs_review,false,outside primary ED analysis scope,false,3,2,false,true,false,true,"[""intervention_64e02754e470039134af"",""intervention_c33f745fcaa9ff5274d3""]"
cycle_28a67d2175ac1738d813,Discharge & Transition Planning,Discharge & Transition Planning,3,Insufficient data,,org_792f3d6269c0b645,ind_e17dc2d5b15c7d17,Specialty Children Hospital,East Region,2024/25,needs_review,false,outside primary ED analysis scope,false,3,2,false,true,false,true,"[""intervention_0eec10d6ff01e290689b"",""intervention_80d2e824c212037b1717"",""intervention_b61febe2cdd623761cb2""]"
cycle_28a67d2175ac1738d813,Other,Other,2,Insufficient data,,org_792f3d6269c0b645,ind_e17dc2d5b15c7d17,Specialty Children Hospital,East Region,2024/25,needs_review,false,outside primary ED analysis scope,false,3,2,false,true,false,true,"[""intervention_01bda9fc19e97f972d55"",""intervention_7c4aa0aab63a2fe2c92f""]"
cycle_047a9557527b0b1704ba,Admission & Transfer Process,Admission & Transfer Process,1,Insufficient data,,org_792f3d6269c0b645,ind_e17dc2d5b15c7d17,Specialty Children Hospital,East Region,2025/26,needs_review,false,outside primary ED analysis scope,false,3,2,false,true,false,true,"[""intervention_c28721b47574b755af71""]"
cycle_047a9557527b0b1704ba,Discharge & Transition Planning,Discharge & Transition Planning,3,Insufficient data,,org_792f3d6269c0b645,ind_e17dc2d5b15c7d17,Specialty Children Hospital,East Region,2025/26,needs_review,false,outside primary ED analysis scope,false,3,2,false,true,false,true,"[""intervention_30c514516c6301b467ec"",""intervention_b583c0d874a1a6570769"",""intervention_c4954e7ce592c244d2a3""]"
cycle_047a9557527b0b1704ba,Other,Other,3,Insufficient data,,org_792f3d6269c0b645,ind_e17dc2d5b15c7d17,Specialty Children Hospital,East Region,2025/26,needs_review,false,outside primary ED analysis scope,false,3,2,false,true,false,true,"[""intervention_389b4d7be63911314845"",""intervention_791fc94fbe5adc7ef65a"",""intervention_95c417b5a94c190177c4""]"
cycle_317982278f81b8d038f1,Discharge & Transition Planning,Discharge & Transition Planning,1,Insufficient data,,org_792f3d6269c0b645,ind_e3b290b1ece87b3f,Specialty Children Hospital,East Region,2024/25,needs_review,false,outside primary ED analysis scope,false,2,2,false,true,false,false,"[""intervention_f62a0f2a72ba9bcdc9b0""]"
cycle_317982278f81b8d038f1,Patient Streaming / Triage,Patient Streaming / Triage,1,Insufficient data,,org_792f3d6269c0b645,ind_e3b290b1ece87b3f,Specialty Children Hospital,East Region,2024/25,needs_review,false,outside primary ED analysis scope,false,2,2,false,true,false,false,"[""intervention_e7fe53103960ca29362b""]"
cycle_15801a062d0c6db23e3e,Care Coordination & Communication,Care Coordination & Communication,1,Insufficient data,,org_792f3d6269c0b645,ind_e7cd9b5804f1c518,Specialty Children Hospital,East Region,2025/26,included,false,reporting_period_unverified,false,2,2,false,true,false,false,"[""intervention_fa2b163eb0192ade2516""]"
cycle_15801a062d0c6db23e3e,Patient Streaming / Triage,Patient Streaming / Triage,1,Insufficient data,,org_792f3d6269c0b645,ind_e7cd9b5804f1c518,Specialty Children Hospital,East Region,2025/26,included,false,reporting_period_unverified,false,2,2,false,true,false,false,"[""intervention_ce15d66c8a5e8cc9af29""]"
cycle_01aae281eb5b2f799140,Other,Other,1,Insufficient data,,org_792f3d6269c0b645,ind_e955adc201b47aeb,Specialty Children Hospital,East Region,2025/26,needs_review,false,outside primary ED analysis scope,false,1,0,true,false,false,true,"[""intervention_f753c62a105827cd13fa""]"
cycle_62462befb8f62c092433,Care Coordination & Communication,Care Coordination & Communication,1,Insufficient data,,org_792f3d6269c0b645,ind_faa15c89bf5342ee,Specialty Children Hospital,East Region,2024/25,needs_review,false,outside primary ED analysis scope,false,3,2,false,true,false,true,"[""intervention_8c738761d67df6f738da""]"
cycle_62462befb8f62c092433,"Data, Measurement & Dashboards","Data, Measurement & Dashboards",1,Insufficient data,,org_792f3d6269c0b645,ind_faa15c89bf5342ee,Specialty Children Hospital,East Region,2024/25,needs_review,false,outside primary ED analysis scope,false,3,2,false,true,false,true,"[""intervention_02016b833e1f81760f57""]"
cycle_62462befb8f62c092433,Other,Other,2,Insufficient data,,org_792f3d6269c0b645,ind_faa15c89bf5342ee,Specialty Children Hospital,East Region,2024/25,needs_review,false,outside primary ED analysis scope,false,3,2,false,true,false,true,"[""intervention_319cc423f5cfa3e425c5"",""intervention_e6c460df7e7582844df7""]"
cycle_c20b770b6e70abbdcd6e,Other,Other,1,Insufficient data,,org_792f3d6269c0b645,ind_fdcad4820aabeac5,Specialty Children Hospital,East Region,2024/25,needs_review,false,outside primary ED analysis scope,false,1,0,true,false,false,true,"[""intervention_ff96cc45344f25e4cd08""]"
cycle_4841b7f1909501abbd6b,"Data, Measurement & Dashboards","Data, Measurement & Dashboards",1,Insufficient data,,org_79c51d86ffb1cef3,ind_13c3d60efafbe85f,Large Community Hospital,Central Region,2024/25,needs_review,false,outside primary ED analysis scope,false,2,2,false,true,false,false,"[""intervention_ed7c3e70be9ee1126335""]"
cycle_4841b7f1909501abbd6b,Policy / Standardization,Policy / Standardization,1,Insufficient data,,org_79c51d86ffb1cef3,ind_13c3d60efafbe85f,Large Community Hospital,Central Region,2024/25,needs_review,false,outside primary ED analysis scope,false,2,2,false,true,false,false,"[""intervention_67f3e411fbe2a389ab15""]"
cycle_d9d932322886fec51d3d,Other,Other,1,Insufficient data,,org_79c51d86ffb1cef3,ind_2ec9e584e8278ee0,Large Community Hospital,Central Region,2024/25,needs_review,false,outside primary ED analysis scope,false,1,0,true,false,false,true,"[""intervention_d68e8b0576cc453a995d""]"
cycle_4156c37c6be88f52dcfd,Admission & Transfer Process,Admission & Transfer Process,1,Insufficient data,,org_79c51d86ffb1cef3,ind_3700bf2b49bae03a,Large Community Hospital,Central Region,2024/25,needs_review,false,outside primary ED analysis scope,false,1,1,true,false,true,false,"[""intervention_6db8bd9462e647a61170""]"
cycle_629954dd240b1a7483b1,Other,Other,1,Insufficient data,,org_79c51d86ffb1cef3,ind_37478f8fb5db2bb6,Large Community Hospital,Central Region,2025/26,excluded,false,outside primary ED analysis scope,false,2,1,false,true,false,true,"[""intervention_08e3d9a126ad00f94054""]"
cycle_629954dd240b1a7483b1,Training & Education,Training & Education,1,Insufficient data,,org_79c51d86ffb1cef3,ind_37478f8fb5db2bb6,Large Community Hospital,Central Region,2025/26,excluded,false,outside primary ED analysis scope,false,2,1,false,true,false,true,"[""intervention_b5760eb5abaf56b42113""]"
cycle_501d7d9f42bc65050c36,Training & Education,Training & Education,2,Insufficient data,,org_79c51d86ffb1cef3,ind_5314e24f5f6e6912,Large Community Hospital,Central Region,2024/25,excluded,false,outside primary ED analysis scope,false,1,1,true,false,true,false,"[""intervention_1af592d7339f5894cf18"",""intervention_891fbd1827e23d6a83d0""]"
cycle_5c1eb29b29b9ecf84dd1,Other,Other,1,Insufficient data,,org_79c51d86ffb1cef3,ind_5314e24f5f6e6912,Large Community Hospital,Central Region,2025/26,excluded,false,outside primary ED analysis scope,false,1,0,true,false,false,true,"[""intervention_5b1b729fd5521ac949f7""]"
cycle_f5861cf315a5f76d2509,Admission & Transfer Process,Admission & Transfer Process,1,Insufficient data,,org_79c51d86ffb1cef3,ind_62939b945fc2926a,Large Community Hospital,Central Region,2024/25,needs_review,false,outside primary ED analysis scope,false,2,2,false,true,false,false,"[""intervention_e80d09f994e48018662d""]"
cycle_f5861cf315a5f76d2509,Training & Education,Training & Education,1,Insufficient data,,org_79c51d86ffb1cef3,ind_62939b945fc2926a,Large Community Hospital,Central Region,2024/25,needs_review,false,outside primary ED analysis scope,false,2,2,false,true,false,false,"[""intervention_fd13e6aec65976a1de6d""]"
cycle_41b8646d771ba1e15693,Discharge & Transition Planning,Discharge & Transition Planning,3,Insufficient data,,org_79c51d86ffb1cef3,ind_67ee717abbe20a1b,Large Community Hospital,Central Region,2025/26,excluded,false,outside primary ED analysis scope,false,1,1,true,false,true,false,"[""intervention_81412a0d96c0bd7a8a47"",""intervention_840eb7cea45f242d1397"",""intervention_d34f5e6ba251013a3156""]"
cycle_db158693d7b18cda47f6,Other,Other,3,Insufficient data,,org_79c51d86ffb1cef3,ind_79536fb35ec74bcb,Large Community Hospital,Central Region,2024/25,needs_review,false,outside primary ED analysis scope,false,1,0,true,false,false,true,"[""intervention_4b44cbfdef70c488d7f3"",""intervention_4cbedca8ce9a4c7842be"",""intervention_d280828d361f33fb3c05""]"
cycle_c501afea386ae0f73f35,Admission & Transfer Process,Admission & Transfer Process,1,Insufficient data,,org_79c51d86ffb1cef3,ind_de45ec3d0fa7736b,Large Community Hospital,Central Region,2024/25,needs_review,false,outside primary ED analysis scope,false,3,2,false,true,false,true,"[""intervention_63bc81a99bf002613af3""]"
cycle_c501afea386ae0f73f35,Other,Other,1,Insufficient data,,org_79c51d86ffb1cef3,ind_de45ec3d0fa7736b,Large Community Hospital,Central Region,2024/25,needs_review,false,outside primary ED analysis scope,false,3,2,false,true,false,true,"[""intervention_af60b0b1177e0357cb06""]"
cycle_c501afea386ae0f73f35,Training & Education,Training & Education,2,Insufficient data,,org_79c51d86ffb1cef3,ind_de45ec3d0fa7736b,Large Community Hospital,Central Region,2024/25,needs_review,false,outside primary ED analysis scope,false,3,2,false,true,false,true,"[""intervention_61114b3edd3885e1db81"",""intervention_cf4645bc2fdc872ca47e""]"
cycle_f935f69366088c238d4d,"Data, Measurement & Dashboards","Data, Measurement & Dashboards",1,Insufficient data,,org_79c51d86ffb1cef3,ind_ef4a9573ead4ee92,Large Community Hospital,Central Region,2025/26,included,false,unit_unverified; population_unverified; reporting_period_unverified; historical_match_unavailable_or_ambiguous,false,4,3,false,true,false,true,"[""intervention_20f9e94c40c1ccf2790b""]"
cycle_f935f69366088c238d4d,Discharge & Transition Planning,Discharge & Transition Planning,2,Insufficient data,,org_79c51d86ffb1cef3,ind_ef4a9573ead4ee92,Large Community Hospital,Central Region,2025/26,included,false,unit_unverified; population_unverified; reporting_period_unverified; historical_match_unavailable_or_ambiguous,false,4,3,false,true,false,true,"[""intervention_948193579223c5fd065a"",""intervention_e0a1d3bb61f3c3810b9d""]"
cycle_f935f69366088c238d4d,Other,Other,3,Insufficient data,,org_79c51d86ffb1cef3,ind_ef4a9573ead4ee92,Large Community Hospital,Central Region,2025/26,included,false,unit_unverified; population_unverified; reporting_period_unverified; historical_match_unavailable_or_ambiguous,false,4,3,false,true,false,true,"[""intervention_4709b9db5afb24b0e068"",""intervention_7ce97e1a156beebf86d9"",""intervention_b5886f3f2c4c63edde71""]"
cycle_f935f69366088c238d4d,Policy / Standardization,Policy / Standardization,1,Insufficient data,,org_79c51d86ffb1cef3,ind_ef4a9573ead4ee92,Large Community Hospital,Central Region,2025/26,included,false,unit_unverified; population_unverified; reporting_period_unverified; historical_match_unavailable_or_ambiguous,false,4,3,false,true,false,true,"[""intervention_04de930a434e437bb0b0""]"
cycle_e1c7e3a577a443333d59,Discharge & Transition Planning,Discharge & Transition Planning,3,Insufficient data,,org_7aecc97c1caef653,ind_0e5d9eedc334753d,Chronic/Rehab Hospital,East Region,2025/26,needs_review,false,outside primary ED analysis scope,false,1,1,true,false,true,false,"[""intervention_589c448627c945fcfbc6"",""intervention_603a60c990ae02ad1a35"",""intervention_cbe5b4f29dda1d055e23""]"
cycle_e8be53f3d0f576b334cb,Care Coordination & Communication,Care Coordination & Communication,1,Insufficient data,,org_7aecc97c1caef653,ind_394f8212a2d653c5,Chronic/Rehab Hospital,East Region,2024/25,needs_review,false,outside primary ED analysis scope,false,1,1,true,false,true,false,"[""intervention_245443c31f539a2f361d""]"
cycle_4e4fc3ed4adfc8cf758c,Other,Other,2,Insufficient data,,org_7aecc97c1caef653,ind_3cc329f248f109dc,Chronic/Rehab Hospital,East Region,2025/26,needs_review,false,outside primary ED analysis scope,false,1,0,true,false,false,true,"[""intervention_08545bae1ca08ead0358"",""intervention_b503e18e7cec11fda72a""]"
cycle_1e0b22f90d8f71b98cee,Care Coordination & Communication,Care Coordination & Communication,1,Insufficient data,,org_7aecc97c1caef653,ind_56c588789d968048,Chronic/Rehab Hospital,East Region,2025/26,needs_review,false,outside primary ED analysis scope,false,2,2,false,true,false,false,"[""intervention_1999e06c42d086c97668""]"
cycle_1e0b22f90d8f71b98cee,Policy / Standardization,Policy / Standardization,1,Insufficient data,,org_7aecc97c1caef653,ind_56c588789d968048,Chronic/Rehab Hospital,East Region,2025/26,needs_review,false,outside primary ED analysis scope,false,2,2,false,true,false,false,"[""intervention_fb1e2d5b3e48c91f0444""]"
cycle_a4a04fc412fef5efbd96,Care Coordination & Communication,Care Coordination & Communication,1,Insufficient data,,org_7aecc97c1caef653,ind_6a9f5017be18a149,Chronic/Rehab Hospital,East Region,2025/26,needs_review,false,outside primary ED analysis scope,false,2,2,false,true,false,false,"[""intervention_7fb970325b36c309495e""]"
cycle_a4a04fc412fef5efbd96,Policy / Standardization,Policy / Standardization,1,Insufficient data,,org_7aecc97c1caef653,ind_6a9f5017be18a149,Chronic/Rehab Hospital,East Region,2025/26,needs_review,false,outside primary ED analysis scope,false,2,2,false,true,false,false,"[""intervention_f81a5d49f2a922ebb818""]"
cycle_dde95dae7926f0170ceb,Other,Other,2,Insufficient data,,org_7aecc97c1caef653,ind_a0bc72b3bf5a17c1,Chronic/Rehab Hospital,East Region,2024/25,needs_review,false,outside primary ED analysis scope,false,1,0,true,false,false,true,"[""intervention_130a24c9b105ab6209d8"",""intervention_f6da4c9322d981b683aa""]"
cycle_c75a46bd1b4dc4e3113d,Care Coordination & Communication,Care Coordination & Communication,1,Insufficient data,,org_7aecc97c1caef653,ind_b82f3a3d0d9fe91b,Chronic/Rehab Hospital,East Region,2025/26,needs_review,false,outside primary ED analysis scope,false,2,1,false,true,false,true,"[""intervention_e825920681d1951ce7d5""]"
cycle_c75a46bd1b4dc4e3113d,Other,Other,1,Insufficient data,,org_7aecc97c1caef653,ind_b82f3a3d0d9fe91b,Chronic/Rehab Hospital,East Region,2025/26,needs_review,false,outside primary ED analysis scope,false,2,1,false,true,false,true,"[""intervention_c16311450b28636fa956""]"
cycle_ea8b02bb41a3cb171c5b,Discharge & Transition Planning,Discharge & Transition Planning,1,Insufficient data,,org_7aecc97c1caef653,ind_cd57992e4ca687e8,Chronic/Rehab Hospital,East Region,2024/25,needs_review,false,outside primary ED analysis scope,false,2,1,false,true,false,true,"[""intervention_9295b1e642945cc4606e""]"
cycle_ea8b02bb41a3cb171c5b,Other,Other,1,Insufficient data,,org_7aecc97c1caef653,ind_cd57992e4ca687e8,Chronic/Rehab Hospital,East Region,2024/25,needs_review,false,outside primary ED analysis scope,false,2,1,false,true,false,true,"[""intervention_b4153c32e93c40979472""]"
cycle_8abaa963cbd632e193fc,Care Coordination & Communication,Care Coordination & Communication,1,Insufficient data,,org_7aecc97c1caef653,ind_d0a6c027fed9a46d,Chronic/Rehab Hospital,East Region,2025/26,needs_review,false,outside primary ED analysis scope,false,2,2,false,true,false,false,"[""intervention_55df2adb82de2b72c415""]"
cycle_8abaa963cbd632e193fc,Policy / Standardization,Policy / Standardization,1,Insufficient data,,org_7aecc97c1caef653,ind_d0a6c027fed9a46d,Chronic/Rehab Hospital,East Region,2025/26,needs_review,false,outside primary ED analysis scope,false,2,2,false,true,false,false,"[""intervention_6929a8d6102b54af945e""]"
cycle_0d6cb07caad3dda5d787,Care Coordination & Communication,Care Coordination & Communication,3,Insufficient data,,org_7aecc97c1caef653,ind_f2ce28bfeadd423e,Chronic/Rehab Hospital,East Region,2024/25,needs_review,false,outside primary ED analysis scope,false,2,1,false,true,false,true,"[""intervention_0dd0d3135788059ff1c4"",""intervention_928fc5e90ea9c3a10e5c"",""intervention_d677ca0ea372138ce796""]"
cycle_0d6cb07caad3dda5d787,Other,Other,2,Insufficient data,,org_7aecc97c1caef653,ind_f2ce28bfeadd423e,Chronic/Rehab Hospital,East Region,2024/25,needs_review,false,outside primary ED analysis scope,false,2,1,false,true,false,true,"[""intervention_110187d05e16c158fe78"",""intervention_69ac8b92c9df3afd92d1""]"
cycle_1ada1087d51d3bc189de,Discharge & Transition Planning,Discharge & Transition Planning,1,Insufficient data,,org_803e93a9e545177d,ind_0646035afd9bba7c,Small Hospital,West Region,2024/25,excluded,false,outside primary ED analysis scope,false,1,1,true,false,true,false,"[""intervention_5a0c207e1b680459fbb5""]"
cycle_2fc73e120e29005f35b5,Admission & Transfer Process,Admission & Transfer Process,1,Insufficient data,,org_803e93a9e545177d,ind_20cf98a4dd2fc36c,Small Hospital,West Region,2024/25,needs_review,false,outside primary ED analysis scope,false,1,1,true,false,true,false,"[""intervention_03ddf6f6bb60c387c46c""]"
cycle_f772ca79f6c0c08b3555,Training & Education,Training & Education,2,Insufficient data,,org_803e93a9e545177d,ind_5314e24f5f6e6912,Small Hospital,West Region,2024/25,excluded,false,outside primary ED analysis scope,false,1,1,true,false,true,false,"[""intervention_4f5115204d8b3f5147e2"",""intervention_5ad559995593d43d0a9a""]"
cycle_fd2c6498713e5c412210,Training & Education,Training & Education,1,Insufficient data,,org_803e93a9e545177d,ind_5314e24f5f6e6912,Small Hospital,West Region,2025/26,excluded,false,outside primary ED analysis scope,false,1,1,true,false,true,false,"[""intervention_fcfe5fcc9e70a4d385dc""]"
cycle_173360deb95af4e57387,Admission & Transfer Process,Admission & Transfer Process,1,Insufficient data,,org_803e93a9e545177d,ind_5b2e1352e31909e8,Small Hospital,West Region,2025/26,included,false,reporting_period_unverified,false,4,4,false,true,false,false,"[""intervention_209ab3f18d4be5cf0f99""]"
cycle_173360deb95af4e57387,Bed & Capacity Management,Bed & Capacity Management,1,Insufficient data,,org_803e93a9e545177d,ind_5b2e1352e31909e8,Small Hospital,West Region,2025/26,included,false,reporting_period_unverified,false,4,4,false,true,false,false,"[""intervention_cb9752d325bae0a33a0b""]"
cycle_173360deb95af4e57387,Care Coordination & Communication,Care Coordination & Communication,1,Insufficient data,,org_803e93a9e545177d,ind_5b2e1352e31909e8,Small Hospital,West Region,2025/26,included,false,reporting_period_unverified,false,4,4,false,true,false,false,"[""intervention_fcc37a56e6f8214b73ee""]"
cycle_173360deb95af4e57387,Surge Management,Surge Management,1,Insufficient data,,org_803e93a9e545177d,ind_5b2e1352e31909e8,Small Hospital,West Region,2025/26,included,false,reporting_period_unverified,false,4,4,false,true,false,false,"[""intervention_ac10d9a808797b2512fb""]"
cycle_5da4309f920098136931,Care Coordination & Communication,Care Coordination & Communication,1,Insufficient data,,org_803e93a9e545177d,ind_67ee717abbe20a1b,Small Hospital,West Region,2024/25,excluded,false,outside primary ED analysis scope,false,3,2,false,true,false,true,"[""intervention_7c456d9d7e565fbc2e8f""]"
cycle_5da4309f920098136931,Other,Other,1,Insufficient data,,org_803e93a9e545177d,ind_67ee717abbe20a1b,Small Hospital,West Region,2024/25,excluded,false,outside primary ED analysis scope,false,3,2,false,true,false,true,"[""intervention_4ac8c8f47f1ea814c3ab""]"
cycle_5da4309f920098136931,Training & Education,Training & Education,1,Insufficient data,,org_803e93a9e545177d,ind_67ee717abbe20a1b,Small Hospital,West Region,2024/25,excluded,false,outside primary ED analysis scope,false,3,2,false,true,false,true,"[""intervention_1c6a7373727b62900d67""]"
cycle_ae3977e66423ecffe61a,Other,Other,1,Insufficient data,,org_803e93a9e545177d,ind_67ee717abbe20a1b,Small Hospital,West Region,2025/26,excluded,false,outside primary ED analysis scope,false,1,0,true,false,false,true,"[""intervention_76858d97d5ad6931f1cc""]"
cycle_647d6d4f5e8201c9004b,Other,Other,1,Insufficient data,,org_803e93a9e545177d,ind_93cd7d4a2f10d17c,Small Hospital,West Region,2024/25,needs_review,false,outside primary ED analysis scope,false,2,1,false,true,false,true,"[""intervention_6c405f9c319e1803f2db""]"
cycle_647d6d4f5e8201c9004b,Training & Education,Training & Education,1,Insufficient data,,org_803e93a9e545177d,ind_93cd7d4a2f10d17c,Small Hospital,West Region,2024/25,needs_review,false,outside primary ED analysis scope,false,2,1,false,true,false,true,"[""intervention_b53c88f0f67aaaf91f22""]"
cycle_115dcb4538158d30309a,Other,Other,1,Insufficient data,,org_803e93a9e545177d,ind_a8f6cca5fe8befdf,Small Hospital,West Region,2025/26,excluded,false,outside primary ED analysis scope,false,1,0,true,false,false,true,"[""intervention_edb598620e557228ebc2""]"
cycle_9b83d0043512eba5a9e6,Emergency Department Workflow,Emergency Department Workflow,1,Insufficient data,,org_803e93a9e545177d,ind_e7cd9b5804f1c518,Small Hospital,West Region,2025/26,included,false,reporting_period_unverified,false,2,2,false,true,false,false,"[""intervention_afb2c566f30d51a3f6da""]"
cycle_9b83d0043512eba5a9e6,Training & Education,Training & Education,1,Insufficient data,,org_803e93a9e545177d,ind_e7cd9b5804f1c518,Small Hospital,West Region,2025/26,included,false,reporting_period_unverified,false,2,2,false,true,false,false,"[""intervention_ed28efbc59fa8437c30a""]"
cycle_7065fbeef78ebbbe19a7,Ambulance / EMS Flow,Ambulance / EMS Flow,2,Insufficient data,,org_803e93a9e545177d,ind_ee70b593aad3e4f6,Small Hospital,West Region,2025/26,included,false,reporting_period_unverified,false,2,2,false,true,false,false,"[""intervention_311f9984cf09d4048167"",""intervention_8f8e82bb2f8d45dfe11f""]"
cycle_7065fbeef78ebbbe19a7,Technology & Digital Tools,Technology & Digital Tools,1,Insufficient data,,org_803e93a9e545177d,ind_ee70b593aad3e4f6,Small Hospital,West Region,2025/26,included,false,reporting_period_unverified,false,2,2,false,true,false,false,"[""intervention_a6d7cf498324d721df3f""]"
cycle_2500fa76c2520331380a,Patient Streaming / Triage,Patient Streaming / Triage,1,Insufficient data,,org_803e93a9e545177d,ind_ef4a9573ead4ee92,Small Hospital,West Region,2024/25,included,false,insufficient first-cycle ED longitudinal coverage,false,2,2,false,true,false,false,"[""intervention_487f9a7c9a66105a23ea""]"
cycle_2500fa76c2520331380a,Policy / Standardization,Policy / Standardization,1,Insufficient data,,org_803e93a9e545177d,ind_ef4a9573ead4ee92,Small Hospital,West Region,2024/25,included,false,insufficient first-cycle ED longitudinal coverage,false,2,2,false,true,false,false,"[""intervention_8c43eda04546582f2605""]"
cycle_40047d6f8d20bb6aad07,Training & Education,Training & Education,2,Insufficient data,,org_81bf474b8a591abb,ind_038767a2055fb908,Small Hospital,North West Region,2024/25,needs_review,false,outside primary ED analysis scope,false,1,1,true,false,true,false,"[""intervention_5a0bf3d8bba1dd82d4be"",""intervention_b0c1d07f6493fd44b0df""]"
cycle_3bea96293949b9210193,Discharge & Transition Planning,Discharge & Transition Planning,1,Insufficient data,,org_81bf474b8a591abb,ind_0646035afd9bba7c,Small Hospital,North West Region,2024/25,excluded,false,outside primary ED analysis scope,false,2,2,false,true,false,false,"[""intervention_dbe1df90d6123ab35185""]"
cycle_3bea96293949b9210193,Safety & Risk Prevention,Safety & Risk Prevention,1,Insufficient data,,org_81bf474b8a591abb,ind_0646035afd9bba7c,Small Hospital,North West Region,2024/25,excluded,false,outside primary ED analysis scope,false,2,2,false,true,false,false,"[""intervention_f82363fbe525ffe68019""]"
cycle_71e2c935e5ceaf271f71,Discharge & Transition Planning,Discharge & Transition Planning,1,Insufficient data,,org_81bf474b8a591abb,ind_0646035afd9bba7c,Small Hospital,North West Region,2025/26,excluded,false,outside primary ED analysis scope,false,1,1,true,false,true,false,"[""intervention_398ac50b5404df2ba938""]"
cycle_fe0292473e6376c44c95,Care Coordination & Communication,Care Coordination & Communication,1,Insufficient data,,org_81bf474b8a591abb,ind_06590f50f65eac7e,Small Hospital,North West Region,2024/25,included,false,insufficient first-cycle ED longitudinal coverage,false,1,1,true,false,true,false,"[""intervention_421961c3fe6b463ac733""]"
cycle_486a9fb78b8e004748ca,Other,Other,1,Insufficient data,,org_81bf474b8a591abb,ind_06590f50f65eac7e,Small Hospital,North West Region,2025/26,included,false,unit_unverified; population_unverified; reporting_period_unverified; historical_match_unavailable_or_ambiguous,false,1,0,true,false,false,true,"[""intervention_c3ebc2a3aa9f02e75e48""]"
cycle_a46e2d83291066710f64,Training & Education,Training & Education,1,Insufficient data,,org_81bf474b8a591abb,ind_37478f8fb5db2bb6,Small Hospital,North West Region,2024/25,excluded,false,outside primary ED analysis scope,false,1,1,true,false,true,false,"[""intervention_5b4aa68d2505f2d40602""]"
cycle_2baba109a8ff0a938a45,Other,Other,1,Insufficient data,,org_81bf474b8a591abb,ind_37478f8fb5db2bb6,Small Hospital,North West Region,2025/26,excluded,false,outside primary ED analysis scope,false,1,0,true,false,false,true,"[""intervention_b21af89bc63561cdd6cc""]"
cycle_3c553754701bd72bb3a4,Training & Education,Training & Education,1,Insufficient data,,org_81bf474b8a591abb,ind_3fdbfa1beb8cd349,Small Hospital,North West Region,2024/25,needs_review,false,outside primary ED analysis scope,false,1,1,true,false,true,false,"[""intervention_dfcfe33b760e437fd0de""]"
cycle_4c4943d7001607e7accd,Training & Education,Training & Education,2,Insufficient data,,org_81bf474b8a591abb,ind_5314e24f5f6e6912,Small Hospital,North West Region,2024/25,excluded,false,outside primary ED analysis scope,false,1,1,true,false,true,false,"[""intervention_4136cc9ef11b27e6db0d"",""intervention_c3a7e00cfe25252765e1""]"
cycle_64c72fbd4f5e8551a590,Training & Education,Training & Education,1,Insufficient data,,org_81bf474b8a591abb,ind_5314e24f5f6e6912,Small Hospital,North West Region,2025/26,excluded,false,outside primary ED analysis scope,false,1,1,true,false,true,false,"[""intervention_d0a5e403ba1932b77912""]"
cycle_f7f36ec2d21324f3b511,"Data, Measurement & Dashboards","Data, Measurement & Dashboards",1,Insufficient data,,org_81bf474b8a591abb,ind_54eb9d0a816465e0,Small Hospital,North West Region,2024/25,needs_review,false,outside primary ED analysis scope,false,2,2,false,true,false,false,"[""intervention_12b5cc00b6662909e885""]"
cycle_f7f36ec2d21324f3b511,Training & Education,Training & Education,1,Insufficient data,,org_81bf474b8a591abb,ind_54eb9d0a816465e0,Small Hospital,North West Region,2024/25,needs_review,false,outside primary ED analysis scope,false,2,2,false,true,false,false,"[""intervention_57850c048c37e3ddc416""]"
cycle_f5cd1cb77d2e85b76893,Bed & Capacity Management,Bed & Capacity Management,1,Insufficient data,,org_81bf474b8a591abb,ind_5b2e1352e31909e8,Small Hospital,North West Region,2025/26,included,false,reporting_period_unverified,false,1,1,true,false,true,false,"[""intervention_a49a9ef765166ca69d5f""]"
cycle_8e3c7a617fc4daa9902a,Care Coordination & Communication,Care Coordination & Communication,2,Insufficient data,,org_81bf474b8a591abb,ind_67ee717abbe20a1b,Small Hospital,North West Region,2024/25,excluded,false,outside primary ED analysis scope,false,1,1,true,false,true,false,"[""intervention_c418598281a8e2b9ba79"",""intervention_e8395c562c60d7e85e04""]"
cycle_8e84a4c97eb003f7ccdb,Discharge & Transition Planning,Discharge & Transition Planning,1,Insufficient data,,org_81bf474b8a591abb,ind_67ee717abbe20a1b,Small Hospital,North West Region,2025/26,excluded,false,outside primary ED analysis scope,false,1,1,true,false,true,false,"[""intervention_fc2934446f139cf50fbb""]"
cycle_3df3e88b4f94f9a91294,"Data, Measurement & Dashboards","Data, Measurement & Dashboards",1,Insufficient data,,org_81bf474b8a591abb,ind_72406ebd03dbf04a,Small Hospital,North West Region,2024/25,needs_review,false,outside primary ED analysis scope,false,2,1,false,true,false,true,"[""intervention_74745848b231e5406e99""]"
cycle_3df3e88b4f94f9a91294,Other,Other,1,Insufficient data,,org_81bf474b8a591abb,ind_72406ebd03dbf04a,Small Hospital,North West Region,2024/25,needs_review,false,outside primary ED analysis scope,false,2,1,false,true,false,true,"[""intervention_49c023942003811a5a88""]"
cycle_4db699bb4935fd1eb30d,Other,Other,1,Insufficient data,,org_81bf474b8a591abb,ind_73914b4969dcaf1e,Small Hospital,North West Region,2025/26,needs_review,false,outside primary ED analysis scope,false,1,0,true,false,false,true,"[""intervention_ac217a694f5b4ffd4691""]"
cycle_22207c6e043a724dfa04,Other,Other,1,Insufficient data,,org_81bf474b8a591abb,ind_7ebd4762b8a6c688,Small Hospital,North West Region,2025/26,included,false,unit_unverified; population_unverified; reporting_period_unverified; historical_match_unavailable_or_ambiguous,false,1,0,true,false,false,true,"[""intervention_26b7817e3c9245da25dd""]"
cycle_7415a3845d22efc58c4c,Staffing & Scheduling,Staffing & Scheduling,1,Insufficient data,,org_81bf474b8a591abb,ind_82a43dc15156ac69,Small Hospital,North West Region,2025/26,needs_review,false,outside primary ED analysis scope,false,1,1,true,false,true,false,"[""intervention_077842b4c7b24f936c8e""]"
cycle_6ffb097fbd19b61c5d99,Care Coordination & Communication,Care Coordination & Communication,1,Insufficient data,,org_81bf474b8a591abb,ind_8e570dd628cdcaee,Small Hospital,North West Region,2024/25,needs_review,false,outside primary ED analysis scope,false,1,1,true,false,true,false,"[""intervention_fc7dc2f40edd1730f24d""]"
cycle_d545edf439dce9a3b21a,"Data, Measurement & Dashboards","Data, Measurement & Dashboards",1,Insufficient data,,org_81bf474b8a591abb,ind_b487da23c9b558c3,Small Hospital,North West Region,2024/25,needs_review,false,outside primary ED analysis scope,false,2,2,false,true,false,false,"[""intervention_7efab043fd67fa09bda6""]"
cycle_d545edf439dce9a3b21a,Technology & Digital Tools,Technology & Digital Tools,1,Insufficient data,,org_81bf474b8a591abb,ind_b487da23c9b558c3,Small Hospital,North West Region,2024/25,needs_review,false,outside primary ED analysis scope,false,2,2,false,true,false,false,"[""intervention_f0abb3b36160733ae8d1""]"
cycle_d2437a054fd2831224fb,Admission & Transfer Process,Admission & Transfer Process,1,Insufficient data,,org_81bf474b8a591abb,ind_bffd5334f8b46e79,Small Hospital,North West Region,2025/26,needs_review,false,outside primary ED analysis scope,false,1,1,true,false,true,false,"[""intervention_9b0d76703023cf2c2e8c""]"
cycle_e5e358decc083af570b9,Policy / Standardization,Policy / Standardization,1,Insufficient data,,org_81bf474b8a591abb,ind_c655866f4fdaf5ab,Small Hospital,North West Region,2024/25,needs_review,false,outside primary ED analysis scope,false,1,1,true,false,true,false,"[""intervention_ee9b1ab6ced59d2d9f89""]"
cycle_4116cade1d02e9c112d6,Other,Other,1,Insufficient data,,org_81bf474b8a591abb,ind_cd57992e4ca687e8,Small Hospital,North West Region,2024/25,needs_review,false,outside primary ED analysis scope,false,1,0,true,false,false,true,"[""intervention_7ec4d3c872f1f9228c1b""]"
cycle_21c49773ca3ae576a0c6,Technology & Digital Tools,Technology & Digital Tools,1,Insufficient data,,org_81bf474b8a591abb,ind_e666bcb709405e0f,Small Hospital,North West Region,2025/26,included,false,unit_unverified; population_unverified; reporting_period_unverified; historical_match_unavailable_or_ambiguous,false,1,1,true,false,true,false,"[""intervention_d33c97936589d78662ac""]"
cycle_e3e4644af9435e27e01c,Patient Streaming / Triage,Patient Streaming / Triage,1,Insufficient data,,org_81bf474b8a591abb,ind_e7cd9b5804f1c518,Small Hospital,North West Region,2025/26,included,false,reporting_period_unverified,false,1,1,true,false,true,false,"[""intervention_32c4018e4b645d57fcd5""]"
cycle_540369c04345da7dbec4,Ambulance / EMS Flow,Ambulance / EMS Flow,1,Insufficient data,,org_81bf474b8a591abb,ind_ee70b593aad3e4f6,Small Hospital,North West Region,2025/26,included,false,reporting_period_unverified,false,1,1,true,false,true,false,"[""intervention_6f2be4b02fbbac83e55e""]"
cycle_037579c3b288e135439b,Admission & Transfer Process,Admission & Transfer Process,1,Insufficient data,,org_81bf474b8a591abb,ind_ef4a9573ead4ee92,Small Hospital,North West Region,2024/25,included,false,insufficient first-cycle ED longitudinal coverage,false,1,1,true,false,true,false,"[""intervention_9346566d9e9eba680dc2""]"
cycle_bcb8ce3fb21348539552,Other,Other,1,Insufficient data,,org_81bf474b8a591abb,ind_ef4a9573ead4ee92,Small Hospital,North West Region,2025/26,included,false,unit_unverified; population_unverified; reporting_period_unverified; historical_match_unavailable_or_ambiguous,false,1,0,true,false,false,true,"[""intervention_f6e9880ad670e17bdb5b""]"
cycle_7c01e453c2cc9c5602c0,Care Coordination & Communication,Care Coordination & Communication,1,Insufficient data,,org_81bf474b8a591abb,ind_f197a93604c302d2,Small Hospital,North West Region,2025/26,included,false,unit_unverified; population_unverified; reporting_period_unverified; historical_match_unavailable_or_ambiguous,false,1,1,true,false,true,false,"[""intervention_8d7bdfaf8bb518e0dee5""]"
cycle_f7d1001554df4e6de347,Discharge & Transition Planning,Discharge & Transition Planning,1,Insufficient data,,org_84c71dd6340c474d,ind_0646035afd9bba7c,Large Community Hospital,North East Region,2024/25,excluded,false,outside primary ED analysis scope,false,2,1,false,true,false,true,"[""intervention_61012ba2fce6de8731c2""]"
cycle_f7d1001554df4e6de347,Other,Other,1,Insufficient data,,org_84c71dd6340c474d,ind_0646035afd9bba7c,Large Community Hospital,North East Region,2024/25,excluded,false,outside primary ED analysis scope,false,2,1,false,true,false,true,"[""intervention_a1729b20d6f8d8e6537c""]"
cycle_15830b6bf8f10fdae2f1,Discharge & Transition Planning,Discharge & Transition Planning,3,Insufficient data,,org_84c71dd6340c474d,ind_0646035afd9bba7c,Large Community Hospital,North East Region,2025/26,excluded,false,outside primary ED analysis scope,false,2,2,false,true,false,false,"[""intervention_2da1d5d49d35b85ef3a1"",""intervention_76aef224b2ed0a8ac01b"",""intervention_7f9a2b4ffece2379de89""]"
cycle_15830b6bf8f10fdae2f1,Safety & Risk Prevention,Safety & Risk Prevention,1,Insufficient data,,org_84c71dd6340c474d,ind_0646035afd9bba7c,Large Community Hospital,North East Region,2025/26,excluded,false,outside primary ED analysis scope,false,2,2,false,true,false,false,"[""intervention_4a1e830ac2114d858c39""]"
cycle_25cdf54baa91bbba62ca,Other,Other,1,Insufficient data,,org_84c71dd6340c474d,ind_37478f8fb5db2bb6,Large Community Hospital,North East Region,2024/25,excluded,false,outside primary ED analysis scope,false,1,0,true,false,false,true,"[""intervention_938f43c59ae9b792331f""]"
cycle_0c882632ee4547058966,Training & Education,Training & Education,1,Insufficient data,,org_84c71dd6340c474d,ind_5314e24f5f6e6912,Large Community Hospital,North East Region,2024/25,excluded,false,outside primary ED analysis scope,false,1,1,true,false,true,false,"[""intervention_8a48a14424aa09eafa3a""]"
cycle_70fb7d3a3e7665252cc4,"Data, Measurement & Dashboards","Data, Measurement & Dashboards",1,Insufficient data,,org_84c71dd6340c474d,ind_67ee717abbe20a1b,Large Community Hospital,North East Region,2024/25,excluded,false,outside primary ED analysis scope,false,1,1,true,false,true,false,"[""intervention_cc7164772bbfcaa13fc9""]"
cycle_334cba4db6dc1d33e789,"Data, Measurement & Dashboards","Data, Measurement & Dashboards",3,Insufficient data,,org_84c71dd6340c474d,ind_67ee717abbe20a1b,Large Community Hospital,North East Region,2025/26,excluded,false,outside primary ED analysis scope,false,1,1,true,false,true,false,"[""intervention_2a5a6b1710bdb219e092"",""intervention_7617d753ecdc718632d5"",""intervention_e00c3d5f6e015aca5ccd""]"
cycle_0523178e7dd589e42ebc,Training & Education,Training & Education,1,Insufficient data,,org_84c71dd6340c474d,ind_db3f6165195a712c,Large Community Hospital,North East Region,2025/26,needs_review,false,outside primary ED analysis scope,false,1,1,true,false,true,false,"[""intervention_d49c7363fc07b3ed5a6e""]"
cycle_0a7299f94673594ca989,Care Coordination & Communication,Care Coordination & Communication,1,Insufficient data,,org_84c71dd6340c474d,ind_ef4a9573ead4ee92,Large Community Hospital,North East Region,2024/25,included,false,insufficient first-cycle ED longitudinal coverage,false,3,2,false,true,false,true,"[""intervention_9ad3eff4ce2b1f5a1c84""]"
cycle_0a7299f94673594ca989,"Data, Measurement & Dashboards","Data, Measurement & Dashboards",1,Insufficient data,,org_84c71dd6340c474d,ind_ef4a9573ead4ee92,Large Community Hospital,North East Region,2024/25,included,false,insufficient first-cycle ED longitudinal coverage,false,3,2,false,true,false,true,"[""intervention_e25b4485469ed3d9f6e7""]"
cycle_0a7299f94673594ca989,Other,Other,2,Insufficient data,,org_84c71dd6340c474d,ind_ef4a9573ead4ee92,Large Community Hospital,North East Region,2024/25,included,false,insufficient first-cycle ED longitudinal coverage,false,3,2,false,true,false,true,"[""intervention_0b8355b47a9bebab4f65"",""intervention_5de6a99998cb89be352d""]"
cycle_e041f57823db4700293c,"Data, Measurement & Dashboards","Data, Measurement & Dashboards",1,Insufficient data,,org_84c71dd6340c474d,ind_f197a93604c302d2,Large Community Hospital,North East Region,2025/26,included,false,unit_unverified; population_unverified; reporting_period_unverified; historical_match_unavailable_or_ambiguous,false,3,2,false,true,false,true,"[""intervention_65e9dd4ca796cf2a37cd""]"
cycle_e041f57823db4700293c,Discharge & Transition Planning,Discharge & Transition Planning,1,Insufficient data,,org_84c71dd6340c474d,ind_f197a93604c302d2,Large Community Hospital,North East Region,2025/26,included,false,unit_unverified; population_unverified; reporting_period_unverified; historical_match_unavailable_or_ambiguous,false,3,2,false,true,false,true,"[""intervention_44b4af56079c8ba2b52f""]"
cycle_e041f57823db4700293c,Other,Other,2,Insufficient data,,org_84c71dd6340c474d,ind_f197a93604c302d2,Large Community Hospital,North East Region,2025/26,included,false,unit_unverified; population_unverified; reporting_period_unverified; historical_match_unavailable_or_ambiguous,false,3,2,false,true,false,true,"[""intervention_df0d8184a151caaecb31"",""intervention_ec1679dc996b1427ff7b""]"
cycle_b3b6c310eac57b649d25,Training & Education,Training & Education,3,Insufficient data,,org_84c71dd6340c474d,ind_f8af020bb1ba7138,Large Community Hospital,North East Region,2025/26,needs_review,false,outside primary ED analysis scope,false,1,1,true,false,true,false,"[""intervention_06b93df67ffe5e530760"",""intervention_2ae272228d66fe9d7bfa"",""intervention_9619ff6af6106f193e5d""]"
cycle_2fc7153651890c8eff6f,Other,Other,2,Insufficient data,,org_84f7375815ea7cee,ind_4367a3d395d97918,Large Community Hospital,Central Region,2025/26,needs_review,false,outside primary ED analysis scope,false,1,0,true,false,false,true,"[""intervention_162655d80903a4be4912"",""intervention_e05d02d2d4624ecf7eee""]"
cycle_a50ad4b7b48c8406a34d,Discharge & Transition Planning,Discharge & Transition Planning,1,Insufficient data,,org_84f7375815ea7cee,ind_67ee717abbe20a1b,Large Community Hospital,Central Region,2024/25,excluded,false,outside primary ED analysis scope,false,1,1,true,false,true,false,"[""intervention_47cc8248bc2bf83a64b1""]"
cycle_46b635d79ef71d4f6e10,Discharge & Transition Planning,Discharge & Transition Planning,2,Insufficient data,,org_84f7375815ea7cee,ind_67ee717abbe20a1b,Large Community Hospital,Central Region,2025/26,excluded,false,outside primary ED analysis scope,false,1,1,true,false,true,false,"[""intervention_30f98833bb6cc683faf0"",""intervention_aa6d09ce5fa6d6cb6e56""]"
cycle_e696a9cd3fc825b9e809,Other,Other,2,Insufficient data,,org_84f7375815ea7cee,ind_7bc37970ae46f8dd,Large Community Hospital,Central Region,2024/25,needs_review,false,outside primary ED analysis scope,false,2,1,false,true,false,true,"[""intervention_63450ef0522f607dde2b"",""intervention_e4813e317e0ffd14b5f0""]"
cycle_e696a9cd3fc825b9e809,Training & Education,Training & Education,3,Insufficient data,,org_84f7375815ea7cee,ind_7bc37970ae46f8dd,Large Community Hospital,Central Region,2024/25,needs_review,false,outside primary ED analysis scope,false,2,1,false,true,false,true,"[""intervention_40fb1af4485b65e74db1"",""intervention_48e472e1d931d56b9b1e"",""intervention_c09d26086e7042f4a63a""]"
cycle_8ce7e2f72830cdc9b43b,Other,Other,3,Insufficient data,,org_84f7375815ea7cee,ind_cd57992e4ca687e8,Large Community Hospital,Central Region,2024/25,needs_review,false,outside primary ED analysis scope,false,1,0,true,false,false,true,"[""intervention_2ef2e1ceec4f1a92100b"",""intervention_2f1d28567cba843c3a66"",""intervention_6b206eff4e651a3d89fa""]"
cycle_7848ef9adec1cf7d95dd,Other,Other,4,Insufficient data,,org_84f7375815ea7cee,ind_e0af3346cdd12d45,Large Community Hospital,Central Region,2025/26,needs_review,false,outside primary ED analysis scope,false,3,2,false,true,false,true,"[""intervention_090a4c4b13717b73274b"",""intervention_217cfbd46b752dfc6f94"",""intervention_ae82373b49d1d174fdf6"",""intervention_fa50b57eb93768deddc2""]"
cycle_7848ef9adec1cf7d95dd,Policy / Standardization,Policy / Standardization,1,Insufficient data,,org_84f7375815ea7cee,ind_e0af3346cdd12d45,Large Community Hospital,Central Region,2025/26,needs_review,false,outside primary ED analysis scope,false,3,2,false,true,false,true,"[""intervention_c3743341d953b2e1ebea""]"
cycle_7848ef9adec1cf7d95dd,Training & Education,Training & Education,1,Insufficient data,,org_84f7375815ea7cee,ind_e0af3346cdd12d45,Large Community Hospital,Central Region,2025/26,needs_review,false,outside primary ED analysis scope,false,3,2,false,true,false,true,"[""intervention_9d817bd9fe7c232e1d73""]"
cycle_fa8cf152f3fb6112e95f,Admission & Transfer Process,Admission & Transfer Process,1,Insufficient data,,org_84f7375815ea7cee,ind_ee70b593aad3e4f6,Large Community Hospital,Central Region,2025/26,included,false,reporting_period_unverified,false,2,2,false,true,false,false,"[""intervention_fb762c186a8a0f26fac7""]"
cycle_fa8cf152f3fb6112e95f,Ambulance / EMS Flow,Ambulance / EMS Flow,1,Insufficient data,,org_84f7375815ea7cee,ind_ee70b593aad3e4f6,Large Community Hospital,Central Region,2025/26,included,false,reporting_period_unverified,false,2,2,false,true,false,false,"[""intervention_1bb15ab1f7c914038a84""]"
cycle_dd27b1f96e500a8b5869,Other,Other,1,Insufficient data,,org_84f7375815ea7cee,ind_f48b5523a24cf17e,Large Community Hospital,Central Region,2024/25,needs_review,false,outside primary ED analysis scope,false,2,1,false,true,false,true,"[""intervention_07a9432dee86ba84c5d1""]"
cycle_dd27b1f96e500a8b5869,Training & Education,Training & Education,1,Insufficient data,,org_84f7375815ea7cee,ind_f48b5523a24cf17e,Large Community Hospital,Central Region,2024/25,needs_review,false,outside primary ED analysis scope,false,2,1,false,true,false,true,"[""intervention_caec94c1516888271b9f""]"
cycle_47a28fdc30f19b341485,"Data, Measurement & Dashboards","Data, Measurement & Dashboards",1,Insufficient data,,org_86b1ac010d89c0ae,ind_0646035afd9bba7c,Small Hospital,North East Region,2025/26,excluded,false,outside primary ED analysis scope,false,2,1,false,true,false,true,"[""intervention_50fe6b77cf0ade6410c3""]"
cycle_47a28fdc30f19b341485,Other,Other,1,Insufficient data,,org_86b1ac010d89c0ae,ind_0646035afd9bba7c,Small Hospital,North East Region,2025/26,excluded,false,outside primary ED analysis scope,false,2,1,false,true,false,true,"[""intervention_ded31f1632bceb91a015""]"
cycle_53de16a8ba0d311dd5ba,Training & Education,Training & Education,1,Insufficient data,,org_86b1ac010d89c0ae,ind_37478f8fb5db2bb6,Small Hospital,North East Region,2024/25,excluded,false,outside primary ED analysis scope,false,1,1,true,false,true,false,"[""intervention_254fd6a7dca6e75b92ed""]"
cycle_5accdce3725d3a5b77a8,Other,Other,1,Insufficient data,,org_86b1ac010d89c0ae,ind_5314e24f5f6e6912,Small Hospital,North East Region,2024/25,excluded,false,outside primary ED analysis scope,false,1,0,true,false,false,true,"[""intervention_d500c63899d464cf6a18""]"
cycle_67f37db97f31fde2071a,Training & Education,Training & Education,1,Insufficient data,,org_86b1ac010d89c0ae,ind_5314e24f5f6e6912,Small Hospital,North East Region,2025/26,excluded,false,outside primary ED analysis scope,false,1,1,true,false,true,false,"[""intervention_532fc0f7ce073abd5e96""]"
cycle_c6ea299ad69e099c1f50,"Data, Measurement & Dashboards","Data, Measurement & Dashboards",1,Insufficient data,,org_86b1ac010d89c0ae,ind_5b2e1352e31909e8,Small Hospital,North East Region,2025/26,included,false,reporting_period_unverified,false,2,1,false,true,false,true,"[""intervention_b4ed1dc0c04888041841""]"
cycle_c6ea299ad69e099c1f50,Other,Other,1,Insufficient data,,org_86b1ac010d89c0ae,ind_5b2e1352e31909e8,Small Hospital,North East Region,2025/26,included,false,reporting_period_unverified,false,2,1,false,true,false,true,"[""intervention_4dd1503d2ff5ae835460""]"
cycle_528ee59eab4f65aac05b,"Data, Measurement & Dashboards","Data, Measurement & Dashboards",1,Insufficient data,,org_86b1ac010d89c0ae,ind_e7cd9b5804f1c518,Small Hospital,North East Region,2025/26,included,false,reporting_period_unverified,false,3,3,false,true,false,false,"[""intervention_b74554318e84792beb46""]"
cycle_528ee59eab4f65aac05b,Staffing & Scheduling,Staffing & Scheduling,1,Insufficient data,,org_86b1ac010d89c0ae,ind_e7cd9b5804f1c518,Small Hospital,North East Region,2025/26,included,false,reporting_period_unverified,false,3,3,false,true,false,false,"[""intervention_debd61e490fbe0675d82""]"
cycle_528ee59eab4f65aac05b,Training & Education,Training & Education,1,Insufficient data,,org_86b1ac010d89c0ae,ind_e7cd9b5804f1c518,Small Hospital,North East Region,2025/26,included,false,reporting_period_unverified,false,3,3,false,true,false,false,"[""intervention_d7b8f1a4657e4ef28096""]"
cycle_9fc0185a6126d737e9ed,Technology & Digital Tools,Technology & Digital Tools,1,Insufficient data,,org_86b1ac010d89c0ae,ind_ee70b593aad3e4f6,Small Hospital,North East Region,2024/25,included,false,insufficient first-cycle ED longitudinal coverage,false,1,1,true,false,true,false,"[""intervention_dedc3d5eb5d6081e1c60""]"
cycle_5e8bbf2e2d3bdbbda27b,Ambulance / EMS Flow,Ambulance / EMS Flow,1,Insufficient data,,org_86b1ac010d89c0ae,ind_ee70b593aad3e4f6,Small Hospital,North East Region,2025/26,included,false,reporting_period_unverified,false,2,1,false,true,false,true,"[""intervention_8ca6cf88d72caed2c6d4""]"
cycle_5e8bbf2e2d3bdbbda27b,Other,Other,1,Insufficient data,,org_86b1ac010d89c0ae,ind_ee70b593aad3e4f6,Small Hospital,North East Region,2025/26,included,false,reporting_period_unverified,false,2,1,false,true,false,true,"[""intervention_102f751fc48b22153de7""]"
cycle_05a0a0326ded8180cf93,Admission & Transfer Process,Admission & Transfer Process,1,Insufficient data,,org_86b1ac010d89c0ae,ind_ef4a9573ead4ee92,Small Hospital,North East Region,2024/25,included,false,insufficient first-cycle ED longitudinal coverage,false,1,1,true,false,true,false,"[""intervention_95d891daa791f4b812d5""]"
cycle_b64da6e62618b0e3865d,Other,Other,3,Insufficient data,,org_8737cbba335bda39,ind_3fdbfa1beb8cd349,Large Community Hospital,North East Region,2024/25,needs_review,false,outside primary ED analysis scope,false,2,1,false,true,false,true,"[""intervention_15fbe95ff06b75c0b311"",""intervention_37b364d00058c6a8952e"",""intervention_90d2ec6e9b9a44b39c96""]"
cycle_b64da6e62618b0e3865d,Staffing & Scheduling,Staffing & Scheduling,1,Insufficient data,,org_8737cbba335bda39,ind_3fdbfa1beb8cd349,Large Community Hospital,North East Region,2024/25,needs_review,false,outside primary ED analysis scope,false,2,1,false,true,false,true,"[""intervention_a7e97a53ee3082c99a0a""]"
cycle_c23d77b4f7a822eae32b,Training & Education,Training & Education,1,Insufficient data,,org_8737cbba335bda39,ind_5314e24f5f6e6912,Large Community Hospital,North East Region,2024/25,excluded,false,outside primary ED analysis scope,false,1,1,true,false,true,false,"[""intervention_5a1f0f12b00f8ba9773d""]"
cycle_bd3be11a25e8cdd549dc,Care Coordination & Communication,Care Coordination & Communication,1,Insufficient data,,org_8737cbba335bda39,ind_5aad2b87a6cfd703,Large Community Hospital,North East Region,2025/26,needs_review,false,outside primary ED analysis scope,false,1,1,true,false,true,false,"[""intervention_b29ab2207a4fa660bf54""]"
cycle_fe21568971516f036ff7,Surge Management,Surge Management,1,Insufficient data,,org_8737cbba335bda39,ind_5b2e1352e31909e8,Large Community Hospital,North East Region,2025/26,included,false,reporting_period_unverified,false,1,1,true,false,true,false,"[""intervention_13a9a7d176136c1cff24""]"
cycle_1fdd28a9023ee7fdd1af,Admission & Transfer Process,Admission & Transfer Process,1,Insufficient data,,org_8737cbba335bda39,ind_a6fc582787b7e3ac,Large Community Hospital,North East Region,2025/26,needs_review,false,outside primary ED analysis scope,false,1,1,true,false,true,false,"[""intervention_a22bdade6c0888394b65""]"
cycle_533d4e99cd0c211184ef,Patient Streaming / Triage,Patient Streaming / Triage,1,Insufficient data,,org_8737cbba335bda39,ind_e7cd9b5804f1c518,Large Community Hospital,North East Region,2025/26,included,false,reporting_period_unverified,false,1,1,true,false,true,false,"[""intervention_66bdb2e521b302967f70""]"
cycle_09711762c6a5710ea54f,Other,Other,1,Insufficient data,,org_8737cbba335bda39,ind_ee70b593aad3e4f6,Large Community Hospital,North East Region,2025/26,included,false,reporting_period_unverified,false,1,0,true,false,false,true,"[""intervention_31cd6b3276f192a16771""]"
cycle_d53c4087baf1c6818bf0,Discharge & Transition Planning,Discharge & Transition Planning,2,Insufficient data,,org_8737cbba335bda39,ind_ef4a9573ead4ee92,Large Community Hospital,North East Region,2024/25,included,false,insufficient first-cycle ED longitudinal coverage,false,2,1,false,true,false,true,"[""intervention_4d83bedb156f568726ad"",""intervention_df2fd734197ac9a4e98a""]"
cycle_d53c4087baf1c6818bf0,Other,Other,1,Insufficient data,,org_8737cbba335bda39,ind_ef4a9573ead4ee92,Large Community Hospital,North East Region,2024/25,included,false,insufficient first-cycle ED longitudinal coverage,false,2,1,false,true,false,true,"[""intervention_0dc148cea4e3f4f1a8f2""]"
cycle_2f1ae816fb9a6dc474dd,Admission & Transfer Process,Admission & Transfer Process,2,Insufficient data,,org_87dc3b21fcebf367,ind_0dea253110933392,Small Hospital,North East Region,2025/26,needs_review,false,outside primary ED analysis scope,false,1,1,true,false,true,false,"[""intervention_14c32c5789521ab0e521"",""intervention_1b0ed16f49d08a8dbbe6""]"
cycle_e37207ad5f2619ae39c5,Other,Other,3,Insufficient data,,org_87dc3b21fcebf367,ind_2e6eb4906d494d74,Small Hospital,North East Region,2024/25,needs_review,false,outside primary ED analysis scope,false,1,0,true,false,false,true,"[""intervention_7085e325856408370bf2"",""intervention_8375311813a822361e32"",""intervention_b41db091281855484e78""]"
cycle_213bcd4b891f719f82a2,Other,Other,2,Insufficient data,,org_87dc3b21fcebf367,ind_5314e24f5f6e6912,Small Hospital,North East Region,2025/26,excluded,false,outside primary ED analysis scope,false,2,1,false,true,false,true,"[""intervention_0c07ad0f69bf56962720"",""intervention_1e1cd89dea89524acf63""]"
cycle_213bcd4b891f719f82a2,Training & Education,Training & Education,1,Insufficient data,,org_87dc3b21fcebf367,ind_5314e24f5f6e6912,Small Hospital,North East Region,2025/26,excluded,false,outside primary ED analysis scope,false,2,1,false,true,false,true,"[""intervention_cd275f825eb5e11c449b""]"
cycle_4d03fa31a81b1097473a,Training & Education,Training & Education,1,Insufficient data,,org_87dc3b21fcebf367,ind_5b27255da8f0f057,Small Hospital,North East Region,2024/25,needs_review,false,outside primary ED analysis scope,false,1,1,true,false,true,false,"[""intervention_d6d8889fb7fddabe5c83""]"
cycle_4fef8a106104dc8a5ebf,Discharge & Transition Planning,Discharge & Transition Planning,3,Insufficient data,,org_87dc3b21fcebf367,ind_67ee717abbe20a1b,Small Hospital,North East Region,2025/26,excluded,false,outside primary ED analysis scope,false,1,1,true,false,true,false,"[""intervention_20c3eaacefff7f3c19fd"",""intervention_d7e0380718d27ab132f6"",""intervention_dc359b155b60fc1ed22b""]"
cycle_e183499629a0e19064d6,Discharge & Transition Planning,Discharge & Transition Planning,2,Insufficient data,,org_87dc3b21fcebf367,ind_8850b9a33d8c579b,Small Hospital,North East Region,2024/25,needs_review,false,outside primary ED analysis scope,false,1,1,true,false,true,false,"[""intervention_01103738850eb7a38e67"",""intervention_251b19574458a14466ce""]"
cycle_cee37a606c48abb845f7,Other,Other,1,Insufficient data,,org_87dc3b21fcebf367,ind_92ba66c7959681b2,Small Hospital,North East Region,2024/25,needs_review,false,outside primary ED analysis scope,false,2,1,false,true,false,true,"[""intervention_7eebfb768048534b50f5""]"
cycle_cee37a606c48abb845f7,Patient Streaming / Triage,Patient Streaming / Triage,1,Insufficient data,,org_87dc3b21fcebf367,ind_92ba66c7959681b2,Small Hospital,North East Region,2024/25,needs_review,false,outside primary ED analysis scope,false,2,1,false,true,false,true,"[""intervention_ff800b2cc436d03fd5ec""]"
cycle_9b14121fb0412bfc9217,Training & Education,Training & Education,1,Insufficient data,,org_87dc3b21fcebf367,ind_b6a26ad9a75e4187,Small Hospital,North East Region,2024/25,needs_review,false,outside primary ED analysis scope,false,1,1,true,false,true,false,"[""intervention_3b250ff91c8c396fc769""]"
cycle_4ebbc59f410fc7a4b0b4,Other,Other,2,Insufficient data,,org_88d1777726b4c9e7,ind_0646035afd9bba7c,Teaching Hospital,West Region,2025/26,excluded,false,outside primary ED analysis scope,false,1,0,true,false,false,true,"[""intervention_14a5b64c1b69b22cbdb1"",""intervention_1cf457146b884195f1ac""]"
cycle_7aca8783f54993329bde,"Data, Measurement & Dashboards","Data, Measurement & Dashboards",1,Insufficient data,,org_88d1777726b4c9e7,ind_67ee717abbe20a1b,Teaching Hospital,West Region,2024/25,excluded,false,outside primary ED analysis scope,false,2,1,false,true,false,true,"[""intervention_8c6a51e05876e266fcd3""]"
cycle_7aca8783f54993329bde,Other,Other,1,Insufficient data,,org_88d1777726b4c9e7,ind_67ee717abbe20a1b,Teaching Hospital,West Region,2024/25,excluded,false,outside primary ED analysis scope,false,2,1,false,true,false,true,"[""intervention_62f3bb5ed482ba2bcfcc""]"
cycle_fbf89c7a38ceda284659,"Data, Measurement & Dashboards","Data, Measurement & Dashboards",1,Insufficient data,,org_88d1777726b4c9e7,ind_67ee717abbe20a1b,Teaching Hospital,West Region,2025/26,excluded,false,outside primary ED analysis scope,false,2,1,false,true,false,true,"[""intervention_ccf250ea67d73ac2931f""]"
cycle_fbf89c7a38ceda284659,Other,Other,1,Insufficient data,,org_88d1777726b4c9e7,ind_67ee717abbe20a1b,Teaching Hospital,West Region,2025/26,excluded,false,outside primary ED analysis scope,false,2,1,false,true,false,true,"[""intervention_35f092d809c63a285c2c""]"
cycle_394a2864dd7855ff854c,Discharge & Transition Planning,Discharge & Transition Planning,1,Insufficient data,,org_88d1777726b4c9e7,ind_8db9f6d8f0c4c1ea,Teaching Hospital,West Region,2024/25,excluded,false,outside primary ED analysis scope,false,3,2,false,true,false,true,"[""intervention_0ea00aed3afd2f4328b2""]"
cycle_394a2864dd7855ff854c,Other,Other,2,Insufficient data,,org_88d1777726b4c9e7,ind_8db9f6d8f0c4c1ea,Teaching Hospital,West Region,2024/25,excluded,false,outside primary ED analysis scope,false,3,2,false,true,false,true,"[""intervention_7628cbfb58e0e14ea766"",""intervention_8055bb2c9a7aa40f9cd0""]"
cycle_394a2864dd7855ff854c,Training & Education,Training & Education,1,Insufficient data,,org_88d1777726b4c9e7,ind_8db9f6d8f0c4c1ea,Teaching Hospital,West Region,2024/25,excluded,false,outside primary ED analysis scope,false,3,2,false,true,false,true,"[""intervention_8133b96af802cb905db8""]"
cycle_936559257a2c0930ccd6,Other,Other,2,Insufficient data,,org_88d1777726b4c9e7,ind_db110398bf000e7d,Teaching Hospital,West Region,2025/26,needs_review,false,outside primary ED analysis scope,false,1,0,true,false,false,true,"[""intervention_0da28f2c88c9f8f81128"",""intervention_54af99623bf5a15bddfd""]"
cycle_73dc26e6a61779c16334,Other,Other,3,Insufficient data,,org_88d1777726b4c9e7,ind_e45109dcf741f8fa,Teaching Hospital,West Region,2024/25,needs_review,false,outside primary ED analysis scope,false,2,1,false,true,false,true,"[""intervention_1b5c617a7cfb45b3963c"",""intervention_bdffcb006793c59f745a"",""intervention_cbd16cbfde6650284989""]"
cycle_73dc26e6a61779c16334,Training & Education,Training & Education,1,Insufficient data,,org_88d1777726b4c9e7,ind_e45109dcf741f8fa,Teaching Hospital,West Region,2024/25,needs_review,false,outside primary ED analysis scope,false,2,1,false,true,false,true,"[""intervention_9f293498231790aa455f""]"
cycle_62ae12341c4f9f130b36,Other,Other,1,Insufficient data,,org_88d1777726b4c9e7,ind_e7cd9b5804f1c518,Teaching Hospital,West Region,2025/26,included,false,reporting_period_unverified,false,2,1,false,true,false,true,"[""intervention_c3921c89405b4c134b6b""]"
cycle_62ae12341c4f9f130b36,Staffing & Scheduling,Staffing & Scheduling,1,Insufficient data,,org_88d1777726b4c9e7,ind_e7cd9b5804f1c518,Teaching Hospital,West Region,2025/26,included,false,reporting_period_unverified,false,2,1,false,true,false,true,"[""intervention_a9241b585c12869bde42""]"
cycle_92d75b710bed866b6ace,Training & Education,Training & Education,3,Insufficient data,,org_88d1777726b4c9e7,ind_eec0edeac4a28e4d,Teaching Hospital,West Region,2024/25,needs_review,false,outside primary ED analysis scope,false,1,1,true,false,true,false,"[""intervention_2a5cf14418e71143b678"",""intervention_f25eed81354f5b97f095"",""intervention_fadf5eb6babf2abb7373""]"
cycle_0f7c51c2d751043fbe5d,Other,Other,3,Insufficient data,,org_88d1777726b4c9e7,ind_ef4a9573ead4ee92,Teaching Hospital,West Region,2024/25,included,false,insufficient first-cycle ED longitudinal coverage,false,1,0,true,false,false,true,"[""intervention_206b58d8c89f1348105f"",""intervention_cd5819c17eaa57e309a2"",""intervention_d25d15b86b3ab6ac0315""]"
cycle_92c73ad1b39d62b69af5,Other,Other,2,Insufficient data,,org_88d1777726b4c9e7,ind_ef4a9573ead4ee92,Teaching Hospital,West Region,2025/26,included,false,unit_unverified; population_unverified; reporting_period_unverified; historical_match_unavailable_or_ambiguous,false,1,0,true,false,false,true,"[""intervention_ed6e9ecf6b448dc0ace0"",""intervention_f3ade15470a732261c42""]"
cycle_3250e82d4c51f21d1e0a,Training & Education,Training & Education,1,Insufficient data,,org_8cdff0e3f84b8a72,ind_3583b157700e4d66,Large Community Hospital,Central Region,2024/25,needs_review,false,outside primary ED analysis scope,false,1,1,true,false,true,false,"[""intervention_723b420501a799d60cde""]"
cycle_9c5a3f964824b764c8ef,Admission & Transfer Process,Admission & Transfer Process,2,Insufficient data,,org_8cdff0e3f84b8a72,ind_5b2e1352e31909e8,Large Community Hospital,Central Region,2025/26,included,false,reporting_periods_not_comparable,false,1,1,true,false,true,false,"[""intervention_057dbe1ea716c27a2b49"",""intervention_2fc20a5d8b7064972d96""]"
cycle_25f6bf576df7f9c01164,"Data, Measurement & Dashboards","Data, Measurement & Dashboards",1,Insufficient data,,org_8cdff0e3f84b8a72,ind_6636a38f7ccb4d1b,Large Community Hospital,Central Region,2025/26,needs_review,false,outside primary ED analysis scope,false,2,2,false,true,false,false,"[""intervention_1426a114d4170acf4dd9""]"
cycle_25f6bf576df7f9c01164,Safety & Risk Prevention,Safety & Risk Prevention,1,Insufficient data,,org_8cdff0e3f84b8a72,ind_6636a38f7ccb4d1b,Large Community Hospital,Central Region,2025/26,needs_review,false,outside primary ED analysis scope,false,2,2,false,true,false,false,"[""intervention_f3b0d3f09b61ba7b085e""]"
cycle_58ee4b9f68728db7c573,Other,Other,1,Insufficient data,,org_8cdff0e3f84b8a72,ind_a8f6cca5fe8befdf,Large Community Hospital,Central Region,2025/26,excluded,false,outside primary ED analysis scope,false,1,0,true,false,false,true,"[""intervention_8dbb4f5a9bb3e7d6e20f""]"
cycle_1d328052622ab4963e1a,Staffing & Scheduling,Staffing & Scheduling,1,Insufficient data,,org_8cdff0e3f84b8a72,ind_c1306461f3f82721,Large Community Hospital,Central Region,2024/25,needs_review,false,outside primary ED analysis scope,false,1,1,true,false,true,false,"[""intervention_7000132b5716cdd64a31""]"
cycle_16c0fe6e179873ce5f12,Discharge & Transition Planning,Discharge & Transition Planning,1,Insufficient data,,org_8cdff0e3f84b8a72,ind_c5cdf865516d3f3c,Large Community Hospital,Central Region,2024/25,needs_review,false,outside primary ED analysis scope,false,1,1,true,false,true,false,"[""intervention_536a384865b25fbf1206""]"
cycle_ec74575051839a959fba,Patient Streaming / Triage,Patient Streaming / Triage,1,Insufficient data,,org_8cdff0e3f84b8a72,ind_e7cd9b5804f1c518,Large Community Hospital,Central Region,2025/26,included,false,reporting_period_unverified,false,1,1,true,false,true,false,"[""intervention_bab4c384ec71ba9b1588""]"
cycle_11c7b25b41440d7466dc,"Data, Measurement & Dashboards","Data, Measurement & Dashboards",1,Insufficient data,,org_8da317d44c92d2eb,ind_14b2aa231960472c,Large Community Hospital,Toronto Region,2024/25,needs_review,false,outside primary ED analysis scope,false,1,1,true,false,true,false,"[""intervention_a62ff13e42c3aec9d843""]"
cycle_1b5bb854fe462e04736d,Care Coordination & Communication,Care Coordination & Communication,1,Insufficient data,,org_8da317d44c92d2eb,ind_25d6d352b6b9f2a1,Large Community Hospital,Toronto Region,2025/26,needs_review,false,outside primary ED analysis scope,false,3,3,false,true,false,false,"[""intervention_8cb4aa8af9aefe299094""]"
cycle_1b5bb854fe462e04736d,Policy / Standardization,Policy / Standardization,1,Insufficient data,,org_8da317d44c92d2eb,ind_25d6d352b6b9f2a1,Large Community Hospital,Toronto Region,2025/26,needs_review,false,outside primary ED analysis scope,false,3,3,false,true,false,false,"[""intervention_fe55fe10e984f7b32bba""]"
cycle_1b5bb854fe462e04736d,Training & Education,Training & Education,1,Insufficient data,,org_8da317d44c92d2eb,ind_25d6d352b6b9f2a1,Large Community Hospital,Toronto Region,2025/26,needs_review,false,outside primary ED analysis scope,false,3,3,false,true,false,false,"[""intervention_d5f15369f26b84e7a8f7""]"
cycle_26844802a8aa6bc6c937,"Data, Measurement & Dashboards","Data, Measurement & Dashboards",1,Insufficient data,,org_8da317d44c92d2eb,ind_37478f8fb5db2bb6,Large Community Hospital,Toronto Region,2024/25,excluded,false,outside primary ED analysis scope,false,3,2,false,true,false,true,"[""intervention_12fb442613cd66bc1c3e""]"
cycle_26844802a8aa6bc6c937,Other,Other,1,Insufficient data,,org_8da317d44c92d2eb,ind_37478f8fb5db2bb6,Large Community Hospital,Toronto Region,2024/25,excluded,false,outside primary ED analysis scope,false,3,2,false,true,false,true,"[""intervention_3384a21b863f592c3aa7""]"
cycle_26844802a8aa6bc6c937,Training & Education,Training & Education,1,Insufficient data,,org_8da317d44c92d2eb,ind_37478f8fb5db2bb6,Large Community Hospital,Toronto Region,2024/25,excluded,false,outside primary ED analysis scope,false,3,2,false,true,false,true,"[""intervention_8b85e25827ea7aa3df8f""]"
cycle_c42bdec6a8b228b053c1,Other,Other,2,Insufficient data,,org_8da317d44c92d2eb,ind_3dcbbeac5014b126,Large Community Hospital,Toronto Region,2025/26,needs_review,false,outside primary ED analysis scope,false,2,1,false,true,false,true,"[""intervention_daa349bbe282d7187572"",""intervention_f3214f96e09f3ba81d0b""]"
cycle_c42bdec6a8b228b053c1,Technology & Digital Tools,Technology & Digital Tools,1,Insufficient data,,org_8da317d44c92d2eb,ind_3dcbbeac5014b126,Large Community Hospital,Toronto Region,2025/26,needs_review,false,outside primary ED analysis scope,false,2,1,false,true,false,true,"[""intervention_7ae584a7392c2f829525""]"
cycle_cfcfc4a8674fe8f4602a,"Data, Measurement & Dashboards","Data, Measurement & Dashboards",2,Insufficient data,,org_8da317d44c92d2eb,ind_67ee717abbe20a1b,Large Community Hospital,Toronto Region,2025/26,excluded,false,outside primary ED analysis scope,false,1,1,true,false,true,false,"[""intervention_3263f8e151944e86b148"",""intervention_e2bf92e3f4bcbc6eb5b3""]"
cycle_b237111ee4a5af9e3708,Other,Other,1,Insufficient data,,org_8da317d44c92d2eb,ind_74dde4a73dc300cf,Large Community Hospital,Toronto Region,2024/25,needs_review,false,outside primary ED analysis scope,false,3,2,false,true,false,true,"[""intervention_c8cdee2853903a387140""]"
cycle_b237111ee4a5af9e3708,Policy / Standardization,Policy / Standardization,2,Insufficient data,,org_8da317d44c92d2eb,ind_74dde4a73dc300cf,Large Community Hospital,Toronto Region,2024/25,needs_review,false,outside primary ED analysis scope,false,3,2,false,true,false,true,"[""intervention_f16129f133720b38a6d9"",""intervention_f3bf2d83292e35398c3c""]"
cycle_b237111ee4a5af9e3708,Training & Education,Training & Education,1,Insufficient data,,org_8da317d44c92d2eb,ind_74dde4a73dc300cf,Large Community Hospital,Toronto Region,2024/25,needs_review,false,outside primary ED analysis scope,false,3,2,false,true,false,true,"[""intervention_9b45ed2979ac14f189c9""]"
cycle_0463dea1bc20c7ce6d66,Policy / Standardization,Policy / Standardization,1,Insufficient data,,org_8da317d44c92d2eb,ind_75571474ad7975af,Large Community Hospital,Toronto Region,2024/25,needs_review,false,outside primary ED analysis scope,false,1,1,true,false,true,false,"[""intervention_c10eed84b1d475a65ce0""]"
cycle_da3841af23633708d05b,Other,Other,1,Insufficient data,,org_8da317d44c92d2eb,ind_7b76d9f3ed045b6f,Large Community Hospital,Toronto Region,2024/25,needs_review,false,outside primary ED analysis scope,false,1,0,true,false,false,true,"[""intervention_ee3a48c69559b68b6613""]"
cycle_dc99c4173e2bffd250b8,Policy / Standardization,Policy / Standardization,1,Insufficient data,,org_8da317d44c92d2eb,ind_7c391fc17304d355,Large Community Hospital,Toronto Region,2024/25,needs_review,false,outside primary ED analysis scope,false,2,2,false,true,false,false,"[""intervention_425a7557d47708acbfd5""]"
cycle_dc99c4173e2bffd250b8,Staffing & Scheduling,Staffing & Scheduling,1,Insufficient data,,org_8da317d44c92d2eb,ind_7c391fc17304d355,Large Community Hospital,Toronto Region,2024/25,needs_review,false,outside primary ED analysis scope,false,2,2,false,true,false,false,"[""intervention_723d138a64993bc0d793""]"
cycle_0291636d2ddc86fa2c59,Care Coordination & Communication,Care Coordination & Communication,2,Insufficient data,,org_8da317d44c92d2eb,ind_7ebd4762b8a6c688,Large Community Hospital,Toronto Region,2025/26,included,false,unit_unverified; population_unverified; reporting_period_unverified; historical_match_unavailable_or_ambiguous,false,2,1,false,true,false,true,"[""intervention_1161e15022bd6e6f9b5e"",""intervention_161ea76a473264cf57e9""]"
cycle_0291636d2ddc86fa2c59,Other,Other,2,Insufficient data,,org_8da317d44c92d2eb,ind_7ebd4762b8a6c688,Large Community Hospital,Toronto Region,2025/26,included,false,unit_unverified; population_unverified; reporting_period_unverified; historical_match_unavailable_or_ambiguous,false,2,1,false,true,false,true,"[""intervention_013b3aa2bd6e11875fb5"",""intervention_e41c17a342292e0cd8bd""]"
cycle_7723b1acbaa8d09f35b1,Other,Other,1,Insufficient data,,org_8da317d44c92d2eb,ind_7fb49677e8f46038,Large Community Hospital,Toronto Region,2025/26,needs_review,false,outside primary ED analysis scope,false,1,0,true,false,false,true,"[""intervention_bd31cafa102f652c4413""]"
cycle_8433019a845691139b7d,Other,Other,2,Insufficient data,,org_8da317d44c92d2eb,ind_a8f6cca5fe8befdf,Large Community Hospital,Toronto Region,2025/26,excluded,false,outside primary ED analysis scope,false,2,1,false,true,false,true,"[""intervention_a609c6a64c0ff5d9d6b0"",""intervention_abc83f57bbcfff441472""]"
cycle_8433019a845691139b7d,Training & Education,Training & Education,1,Insufficient data,,org_8da317d44c92d2eb,ind_a8f6cca5fe8befdf,Large Community Hospital,Toronto Region,2025/26,excluded,false,outside primary ED analysis scope,false,2,1,false,true,false,true,"[""intervention_97315a9ca6f6486b1103""]"
cycle_cd84ab2e9112b22bc3da,"Data, Measurement & Dashboards","Data, Measurement & Dashboards",1,Insufficient data,,org_8da317d44c92d2eb,ind_afac7de744a50481,Large Community Hospital,Toronto Region,2024/25,needs_review,false,outside primary ED analysis scope,false,3,2,false,true,false,true,"[""intervention_eeb14eaf35323ab85796""]"
cycle_cd84ab2e9112b22bc3da,Other,Other,1,Insufficient data,,org_8da317d44c92d2eb,ind_afac7de744a50481,Large Community Hospital,Toronto Region,2024/25,needs_review,false,outside primary ED analysis scope,false,3,2,false,true,false,true,"[""intervention_b7e940be23910c3948f4""]"
cycle_cd84ab2e9112b22bc3da,Training & Education,Training & Education,1,Insufficient data,,org_8da317d44c92d2eb,ind_afac7de744a50481,Large Community Hospital,Toronto Region,2024/25,needs_review,false,outside primary ED analysis scope,false,3,2,false,true,false,true,"[""intervention_33b6dbf4810cb5a54d9f""]"
cycle_8e4705711f3f5e22ae78,Policy / Standardization,Policy / Standardization,2,Insufficient data,,org_8da317d44c92d2eb,ind_c45eb2c6c5463d8a,Large Community Hospital,Toronto Region,2025/26,needs_review,false,outside primary ED analysis scope,false,1,1,true,false,true,false,"[""intervention_e0a3e669bc61c0cd749e"",""intervention_eb24aa68d262974f7809""]"
cycle_6f258cbf5671d48efde9,Other,Other,1,Insufficient data,,org_8da317d44c92d2eb,ind_cc06a6e14fedee1d,Large Community Hospital,Toronto Region,2024/25,needs_review,false,outside primary ED analysis scope,false,1,0,true,false,false,true,"[""intervention_06b4a7b457cebc037599""]"
cycle_e1cc1a1245b0a81fdfd5,Training & Education,Training & Education,2,Insufficient data,,org_8da317d44c92d2eb,ind_d59c6c27523deaad,Large Community Hospital,Toronto Region,2025/26,needs_review,false,outside primary ED analysis scope,false,1,1,true,false,true,false,"[""intervention_ae3249b1c1e7d5c1a626"",""intervention_fccea1aee65572984f27""]"
cycle_ac283279c589a2db4ed5,Care Coordination & Communication,Care Coordination & Communication,1,Insufficient data,,org_8da317d44c92d2eb,ind_e2e74df574c72263,Large Community Hospital,Toronto Region,2025/26,needs_review,false,outside primary ED analysis scope,false,2,1,false,true,false,true,"[""intervention_42621f072ac071a064ec""]"
cycle_ac283279c589a2db4ed5,Other,Other,1,Insufficient data,,org_8da317d44c92d2eb,ind_e2e74df574c72263,Large Community Hospital,Toronto Region,2025/26,needs_review,false,outside primary ED analysis scope,false,2,1,false,true,false,true,"[""intervention_db8410b5a36582ec4427""]"
cycle_33879cf9259a8c58e73c,Discharge & Transition Planning,Discharge & Transition Planning,1,Insufficient data,,org_8da317d44c92d2eb,ind_ef4a9573ead4ee92,Large Community Hospital,Toronto Region,2024/25,included,false,insufficient first-cycle ED longitudinal coverage,false,2,2,false,true,false,false,"[""intervention_3a881deed33da10b31e3""]"
cycle_33879cf9259a8c58e73c,Policy / Standardization,Policy / Standardization,2,Insufficient data,,org_8da317d44c92d2eb,ind_ef4a9573ead4ee92,Large Community Hospital,Toronto Region,2024/25,included,false,insufficient first-cycle ED longitudinal coverage,false,2,2,false,true,false,false,"[""intervention_1c7e07ffc11bc4aaea89"",""intervention_f7af194723f4c5853627""]"
cycle_984aee16bfa360e21ae1,Other,Other,1,Insufficient data,,org_8da317d44c92d2eb,ind_f596bbc13c9e464d,Large Community Hospital,Toronto Region,2025/26,needs_review,false,outside primary ED analysis scope,false,1,0,true,false,false,true,"[""intervention_7a5b29958a5842c71a6d""]"
cycle_f5d3cab5554a17148e39,Discharge & Transition Planning,Discharge & Transition Planning,1,Insufficient data,,org_8da317d44c92d2eb,ind_f82e4b5866750855,Large Community Hospital,Toronto Region,2025/26,needs_review,false,outside primary ED analysis scope,false,3,2,false,true,false,true,"[""intervention_0e3548e34df046709206""]"
cycle_f5d3cab5554a17148e39,Other,Other,1,Insufficient data,,org_8da317d44c92d2eb,ind_f82e4b5866750855,Large Community Hospital,Toronto Region,2025/26,needs_review,false,outside primary ED analysis scope,false,3,2,false,true,false,true,"[""intervention_753412be11d7c9003d51""]"
cycle_f5d3cab5554a17148e39,Training & Education,Training & Education,1,Insufficient data,,org_8da317d44c92d2eb,ind_f82e4b5866750855,Large Community Hospital,Toronto Region,2025/26,needs_review,false,outside primary ED analysis scope,false,3,2,false,true,false,true,"[""intervention_9274118ba0e6643c2846""]"
cycle_49914c3c34bbabb7b271,Other,Other,1,Insufficient data,,org_8e69cfb41c35f708,ind_0c80ae4bb83ffb93,Other Hospital,Toronto Region,2025/26,needs_review,false,outside primary ED analysis scope,false,2,1,false,true,false,true,"[""intervention_f1e39a90a2acde44316d""]"
cycle_49914c3c34bbabb7b271,Training & Education,Training & Education,1,Insufficient data,,org_8e69cfb41c35f708,ind_0c80ae4bb83ffb93,Other Hospital,Toronto Region,2025/26,needs_review,false,outside primary ED analysis scope,false,2,1,false,true,false,true,"[""intervention_fbb0455bd9421e2590ab""]"
cycle_c0247bcb91bc1ceb5b0f,Technology & Digital Tools,Technology & Digital Tools,1,Insufficient data,,org_8e69cfb41c35f708,ind_2857b59cbce9d1be,Other Hospital,Toronto Region,2024/25,needs_review,false,outside primary ED analysis scope,false,1,1,true,false,true,false,"[""intervention_79010b7e052bd914085b""]"
cycle_571ae8011b9b229a7bec,Training & Education,Training & Education,1,Insufficient data,,org_8e69cfb41c35f708,ind_2c02a54b53516df4,Other Hospital,Toronto Region,2025/26,needs_review,false,outside primary ED analysis scope,false,1,1,true,false,true,false,"[""intervention_0861311a3fe796bb0d05""]"
cycle_afb9da6e24a2908500ee,"Data, Measurement & Dashboards","Data, Measurement & Dashboards",1,Insufficient data,,org_8e69cfb41c35f708,ind_3b0b515b07720513,Other Hospital,Toronto Region,2024/25,needs_review,false,outside primary ED analysis scope,false,2,2,false,true,false,false,"[""intervention_e1b3be0cd45e0d8cc35f""]"
cycle_afb9da6e24a2908500ee,Training & Education,Training & Education,1,Insufficient data,,org_8e69cfb41c35f708,ind_3b0b515b07720513,Other Hospital,Toronto Region,2024/25,needs_review,false,outside primary ED analysis scope,false,2,2,false,true,false,false,"[""intervention_dc66bb0684baabf8a50e""]"
cycle_355679c5548a0d3aa3de,"Data, Measurement & Dashboards","Data, Measurement & Dashboards",1,Insufficient data,,org_8e69cfb41c35f708,ind_3f37d3b21fbf194e,Other Hospital,Toronto Region,2025/26,needs_review,false,outside primary ED analysis scope,false,2,2,false,true,false,false,"[""intervention_2e1900a6f47b06198e31""]"
cycle_355679c5548a0d3aa3de,Training & Education,Training & Education,1,Insufficient data,,org_8e69cfb41c35f708,ind_3f37d3b21fbf194e,Other Hospital,Toronto Region,2025/26,needs_review,false,outside primary ED analysis scope,false,2,2,false,true,false,false,"[""intervention_2f005c686cb6c50cc169""]"
cycle_0efe51afe8d97a9b8502,"Data, Measurement & Dashboards","Data, Measurement & Dashboards",1,Insufficient data,,org_8e69cfb41c35f708,ind_3f74690089d73df7,Other Hospital,Toronto Region,2024/25,needs_review,false,outside primary ED analysis scope,false,2,2,false,true,false,false,"[""intervention_53e1726e518564fe5948""]"
cycle_0efe51afe8d97a9b8502,Training & Education,Training & Education,1,Insufficient data,,org_8e69cfb41c35f708,ind_3f74690089d73df7,Other Hospital,Toronto Region,2024/25,needs_review,false,outside primary ED analysis scope,false,2,2,false,true,false,false,"[""intervention_0a2b7028625b89a809a3""]"
cycle_b50faf67a6078a4e14da,"Data, Measurement & Dashboards","Data, Measurement & Dashboards",1,Insufficient data,,org_8e69cfb41c35f708,ind_448a0fe64184db6f,Other Hospital,Toronto Region,2025/26,needs_review,false,outside primary ED analysis scope,false,2,2,false,true,false,false,"[""intervention_ab53e3bef72a0b6eca46""]"
cycle_b50faf67a6078a4e14da,Training & Education,Training & Education,1,Insufficient data,,org_8e69cfb41c35f708,ind_448a0fe64184db6f,Other Hospital,Toronto Region,2025/26,needs_review,false,outside primary ED analysis scope,false,2,2,false,true,false,false,"[""intervention_8ec9749530352f23bbef""]"
cycle_e262c5e9940c0afd2ad4,"Data, Measurement & Dashboards","Data, Measurement & Dashboards",1,Insufficient data,,org_8e69cfb41c35f708,ind_59f68700630cfdea,Other Hospital,Toronto Region,2024/25,needs_review,false,outside primary ED analysis scope,false,2,2,false,true,false,false,"[""intervention_e57cb3b0849439fe72a0""]"
cycle_e262c5e9940c0afd2ad4,Technology & Digital Tools,Technology & Digital Tools,1,Insufficient data,,org_8e69cfb41c35f708,ind_59f68700630cfdea,Other Hospital,Toronto Region,2024/25,needs_review,false,outside primary ED analysis scope,false,2,2,false,true,false,false,"[""intervention_a8080816012595d116bf""]"
cycle_faaf1d7031186a387dbc,"Data, Measurement & Dashboards","Data, Measurement & Dashboards",1,Insufficient data,,org_8e69cfb41c35f708,ind_72b08efec43b033b,Other Hospital,Toronto Region,2025/26,needs_review,false,outside primary ED analysis scope,false,2,1,false,true,false,true,"[""intervention_c82c281a109d96a30aa0""]"
cycle_faaf1d7031186a387dbc,Other,Other,1,Insufficient data,,org_8e69cfb41c35f708,ind_72b08efec43b033b,Other Hospital,Toronto Region,2025/26,needs_review,false,outside primary ED analysis scope,false,2,1,false,true,false,true,"[""intervention_801e345313df820c6cac""]"
cycle_d361d6f0e7e8e21bb79f,"Data, Measurement & Dashboards","Data, Measurement & Dashboards",1,Insufficient data,,org_8e69cfb41c35f708,ind_9e21c9245b409e16,Other Hospital,Toronto Region,2024/25,needs_review,false,outside primary ED analysis scope,false,2,1,false,true,false,true,"[""intervention_54a0c571fa5a4385821f""]"
cycle_d361d6f0e7e8e21bb79f,Other,Other,1,Insufficient data,,org_8e69cfb41c35f708,ind_9e21c9245b409e16,Other Hospital,Toronto Region,2024/25,needs_review,false,outside primary ED analysis scope,false,2,1,false,true,false,true,"[""intervention_f88c1c34f5a90bb12586""]"
cycle_f7f9c73bf1ddb32f718c,"Data, Measurement & Dashboards","Data, Measurement & Dashboards",2,Insufficient data,,org_8e69cfb41c35f708,ind_ca9084c3674aa08c,Other Hospital,Toronto Region,2025/26,needs_review,false,outside primary ED analysis scope,false,1,1,true,false,true,false,"[""intervention_0b41e5c3ca643561d886"",""intervention_b98628de2d070836ffe1""]"
cycle_d43b9ab6beed79646004,"Data, Measurement & Dashboards","Data, Measurement & Dashboards",1,Insufficient data,,org_8e69cfb41c35f708,ind_e077f11196a0d646,Other Hospital,Toronto Region,2024/25,needs_review,false,outside primary ED analysis scope,false,2,2,false,true,false,false,"[""intervention_1dc21586b22ff2cfa2de""]"
cycle_d43b9ab6beed79646004,Policy / Standardization,Policy / Standardization,1,Insufficient data,,org_8e69cfb41c35f708,ind_e077f11196a0d646,Other Hospital,Toronto Region,2024/25,needs_review,false,outside primary ED analysis scope,false,2,2,false,true,false,false,"[""intervention_09bc89339e07fb638c2e""]"
cycle_b2be3bd4a9324fa663ae,Other,Other,6,Insufficient data,,org_9254e669563b5d91,ind_0c375ae85bf32cca,Unknown,West Region,2024/25,needs_review,false,outside primary ED analysis scope,false,2,1,false,true,false,true,"[""intervention_4b418b5f2788ee706b2e"",""intervention_4cc13f15d276e3035519"",""intervention_a417b385a5869a2db848"",""intervention_c4f590b4252b2a56c261"",""intervention_f0c5c3fd097e6e5515dc"",""intervention_f19416ca03b01e26460f""]"
cycle_b2be3bd4a9324fa663ae,Training & Education,Training & Education,1,Insufficient data,,org_9254e669563b5d91,ind_0c375ae85bf32cca,Unknown,West Region,2024/25,needs_review,false,outside primary ED analysis scope,false,2,1,false,true,false,true,"[""intervention_1ee1cabac1adac60d7a8""]"
cycle_e7e4fee445b67e601732,Training & Education,Training & Education,4,Insufficient data,,org_9254e669563b5d91,ind_3424e07fc2c4ad86,Unknown,West Region,2025/26,needs_review,false,outside primary ED analysis scope,false,1,1,true,false,true,false,"[""intervention_5640bad8db311ee00f8d"",""intervention_9ffcda4e783992aaf7de"",""intervention_f178f4443cee700d9392"",""intervention_f9534e69a6062bc1327a""]"
cycle_9686fee9bf5ef62c7621,"Data, Measurement & Dashboards","Data, Measurement & Dashboards",1,Insufficient data,,org_9254e669563b5d91,ind_3f59159fbd45567d,Unknown,West Region,2024/25,needs_review,false,outside primary ED analysis scope,false,3,2,false,true,false,true,"[""intervention_4604e1729fac34f57d27""]"
cycle_9686fee9bf5ef62c7621,Discharge & Transition Planning,Discharge & Transition Planning,2,Insufficient data,,org_9254e669563b5d91,ind_3f59159fbd45567d,Unknown,West Region,2024/25,needs_review,false,outside primary ED analysis scope,false,3,2,false,true,false,true,"[""intervention_2157abf08f60d90af6d4"",""intervention_949b9a14b0020186080a""]"
cycle_9686fee9bf5ef62c7621,Other,Other,1,Insufficient data,,org_9254e669563b5d91,ind_3f59159fbd45567d,Unknown,West Region,2024/25,needs_review,false,outside primary ED analysis scope,false,3,2,false,true,false,true,"[""intervention_8a100778d00ebf062e1d""]"
cycle_083c2e84d5f8a8c08a0b,Other,Other,2,Insufficient data,,org_9254e669563b5d91,ind_506ae7670ac37561,Unknown,West Region,2024/25,needs_review,false,outside primary ED analysis scope,false,2,1,false,true,false,true,"[""intervention_7cdb228dc8c1816a0134"",""intervention_7f492969a7c54d54d27d""]"
cycle_083c2e84d5f8a8c08a0b,Policy / Standardization,Policy / Standardization,1,Insufficient data,,org_9254e669563b5d91,ind_506ae7670ac37561,Unknown,West Region,2024/25,needs_review,false,outside primary ED analysis scope,false,2,1,false,true,false,true,"[""intervention_afbbc26bdcbfa8f19d2a""]"
cycle_a5f4df514151d750aa1e,Other,Other,3,Insufficient data,,org_9254e669563b5d91,ind_a7a9aac5cc4dc2e0,Unknown,West Region,2025/26,needs_review,false,outside primary ED analysis scope,false,1,0,true,false,false,true,"[""intervention_13ddd784909bf24b4348"",""intervention_87b4470e9a80b1b4306f"",""intervention_d604bf1024521bee8475""]"
cycle_3659547ab4abec7e551a,Other,Other,1,Insufficient data,,org_9254e669563b5d91,ind_ce54799d8c533b8c,Unknown,West Region,2025/26,needs_review,false,outside primary ED analysis scope,false,3,2,false,true,false,true,"[""intervention_a49966e27a3c836be45b""]"
cycle_3659547ab4abec7e551a,Safety & Risk Prevention,Safety & Risk Prevention,3,Insufficient data,,org_9254e669563b5d91,ind_ce54799d8c533b8c,Unknown,West Region,2025/26,needs_review,false,outside primary ED analysis scope,false,3,2,false,true,false,true,"[""intervention_3d5b9524adeb6477a4cd"",""intervention_55afacc82a137ce05b31"",""intervention_9a2ff8fb3a355519822b""]"
cycle_3659547ab4abec7e551a,Training & Education,Training & Education,1,Insufficient data,,org_9254e669563b5d91,ind_ce54799d8c533b8c,Unknown,West Region,2025/26,needs_review,false,outside primary ED analysis scope,false,3,2,false,true,false,true,"[""intervention_467cb236b6fe67db83c6""]"
cycle_d4e519792bdcf41bc191,Other,Other,1,Insufficient data,,org_97bcc6168a4ac31f,ind_0c183a05a0ff0113,Large Community Hospital,East Region,2025/26,needs_review,false,outside primary ED analysis scope,false,1,0,true,false,false,true,"[""intervention_881325904b9f8614bac7""]"
cycle_67e25061af990f493380,"Data, Measurement & Dashboards","Data, Measurement & Dashboards",1,Insufficient data,,org_97bcc6168a4ac31f,ind_3396b439f192c537,Large Community Hospital,East Region,2024/25,needs_review,false,outside primary ED analysis scope,false,2,1,false,true,false,true,"[""intervention_d986a734b8dedae657b6""]"
cycle_67e25061af990f493380,Other,Other,1,Insufficient data,,org_97bcc6168a4ac31f,ind_3396b439f192c537,Large Community Hospital,East Region,2024/25,needs_review,false,outside primary ED analysis scope,false,2,1,false,true,false,true,"[""intervention_bcef86e649a63725ee34""]"
cycle_ad47a95a0bc521037b53,Other,Other,1,Insufficient data,,org_97bcc6168a4ac31f,ind_340c78f7bdf63b60,Large Community Hospital,East Region,2025/26,needs_review,false,outside primary ED analysis scope,false,1,0,true,false,false,true,"[""intervention_9cd018381414559971e1""]"
cycle_d522dfccce61f7e5834f,Technology & Digital Tools,Technology & Digital Tools,1,Insufficient data,,org_97bcc6168a4ac31f,ind_399dbd30900de623,Large Community Hospital,East Region,2024/25,needs_review,false,outside primary ED analysis scope,false,1,1,true,false,true,false,"[""intervention_71c6d7c1714712b14a91""]"
cycle_7df23b8a1d69800157fe,Admission & Transfer Process,Admission & Transfer Process,1,Insufficient data,,org_97bcc6168a4ac31f,ind_5b2e1352e31909e8,Large Community Hospital,East Region,2025/26,included,false,reporting_period_unverified,false,1,1,true,false,true,false,"[""intervention_245c9a237e68b99b105e""]"
cycle_6b4d43886c6cdff40a3f,Discharge & Transition Planning,Discharge & Transition Planning,1,Insufficient data,,org_97bcc6168a4ac31f,ind_67ee717abbe20a1b,Large Community Hospital,East Region,2025/26,excluded,false,outside primary ED analysis scope,false,1,1,true,false,true,false,"[""intervention_4500e032adcaab1cf79c""]"
cycle_23dd4bdf6d184dae459a,Discharge & Transition Planning,Discharge & Transition Planning,1,Insufficient data,,org_97bcc6168a4ac31f,ind_892f3bd6c8e6121d,Large Community Hospital,East Region,2024/25,needs_review,false,outside primary ED analysis scope,false,1,1,true,false,true,false,"[""intervention_0cc51ce59995d1e21671""]"
cycle_ee4a947aad45849f02c0,Other,Other,1,Insufficient data,,org_97bcc6168a4ac31f,ind_8a135286e23fe4e2,Large Community Hospital,East Region,2024/25,needs_review,false,outside primary ED analysis scope,false,2,1,false,true,false,true,"[""intervention_51160d2e0d38e04b217a""]"
cycle_ee4a947aad45849f02c0,Training & Education,Training & Education,1,Insufficient data,,org_97bcc6168a4ac31f,ind_8a135286e23fe4e2,Large Community Hospital,East Region,2024/25,needs_review,false,outside primary ED analysis scope,false,2,1,false,true,false,true,"[""intervention_f18fe02b5554b94efcef""]"
cycle_4b3515a4733788ae9aaf,Care Coordination & Communication,Care Coordination & Communication,1,Insufficient data,,org_97bcc6168a4ac31f,ind_93ff287e70bfcafb,Large Community Hospital,East Region,2025/26,needs_review,false,outside primary ED analysis scope,false,2,1,false,true,false,true,"[""intervention_8dbf6ca22c40c6de2437""]"
cycle_4b3515a4733788ae9aaf,Other,Other,1,Insufficient data,,org_97bcc6168a4ac31f,ind_93ff287e70bfcafb,Large Community Hospital,East Region,2025/26,needs_review,false,outside primary ED analysis scope,false,2,1,false,true,false,true,"[""intervention_5d9a3cdfdc1b7c7c75db""]"
cycle_5ad704932391b7092e66,Care Coordination & Communication,Care Coordination & Communication,1,Insufficient data,,org_97bcc6168a4ac31f,ind_a0dc5123077b492e,Large Community Hospital,East Region,2024/25,needs_review,false,outside primary ED analysis scope,false,2,1,false,true,false,true,"[""intervention_95362c2d3209ce59ebe4""]"
cycle_5ad704932391b7092e66,Other,Other,2,Insufficient data,,org_97bcc6168a4ac31f,ind_a0dc5123077b492e,Large Community Hospital,East Region,2024/25,needs_review,false,outside primary ED analysis scope,false,2,1,false,true,false,true,"[""intervention_3761baa8b2c6b109033e"",""intervention_f5fbf0f1138e96a114ea""]"
cycle_aa61cd8a2187c3eabbe3,Care Coordination & Communication,Care Coordination & Communication,1,Insufficient data,,org_97bcc6168a4ac31f,ind_b09aff91026a38d2,Large Community Hospital,East Region,2025/26,needs_review,false,outside primary ED analysis scope,false,2,2,false,true,false,false,"[""intervention_5cdbb782b8a1191335a5""]"
cycle_aa61cd8a2187c3eabbe3,Training & Education,Training & Education,1,Insufficient data,,org_97bcc6168a4ac31f,ind_b09aff91026a38d2,Large Community Hospital,East Region,2025/26,needs_review,false,outside primary ED analysis scope,false,2,2,false,true,false,false,"[""intervention_042ce6169e3226afb075""]"
cycle_dc3dfaa48023b33fad9e,Emergency Department Workflow,Emergency Department Workflow,1,Insufficient data,,org_97bcc6168a4ac31f,ind_e7cd9b5804f1c518,Large Community Hospital,East Region,2025/26,included,false,reporting_period_unverified,false,1,1,true,false,true,false,"[""intervention_fbacf1939cfbac39e587""]"
cycle_ef71ec823937b89f5c27,Ambulance / EMS Flow,Ambulance / EMS Flow,1,Insufficient data,,org_97bcc6168a4ac31f,ind_ee70b593aad3e4f6,Large Community Hospital,East Region,2025/26,included,false,reporting_period_unverified,false,1,1,true,false,true,false,"[""intervention_a675ba452778b553229e""]"
cycle_e15d0dc449db009b4960,Discharge & Transition Planning,Discharge & Transition Planning,1,Insufficient data,,org_97bcc6168a4ac31f,ind_ef4a9573ead4ee92,Large Community Hospital,East Region,2025/26,included,false,unit_unverified; population_unverified; reporting_period_unverified; historical_match_unavailable_or_ambiguous,false,2,1,false,true,false,true,"[""intervention_9b4be000f2d6ac8ded58""]"
cycle_e15d0dc449db009b4960,Other,Other,1,Insufficient data,,org_97bcc6168a4ac31f,ind_ef4a9573ead4ee92,Large Community Hospital,East Region,2025/26,included,false,unit_unverified; population_unverified; reporting_period_unverified; historical_match_unavailable_or_ambiguous,false,2,1,false,true,false,true,"[""intervention_b75dde9065fc6d5a8709""]"
cycle_228fe108ab2711443223,Discharge & Transition Planning,Discharge & Transition Planning,1,Insufficient data,,org_97bcc6168a4ac31f,ind_f3abcb8a9ac20a9e,Large Community Hospital,East Region,2024/25,needs_review,false,outside primary ED analysis scope,false,2,1,false,true,false,true,"[""intervention_e8db32c438b0d7fa9d38""]"
cycle_228fe108ab2711443223,Other,Other,1,Insufficient data,,org_97bcc6168a4ac31f,ind_f3abcb8a9ac20a9e,Large Community Hospital,East Region,2024/25,needs_review,false,outside primary ED analysis scope,false,2,1,false,true,false,true,"[""intervention_e10eea7acac5a578df37""]"
cycle_020a33b3569f7b3b44ae,Care Coordination & Communication,Care Coordination & Communication,1,Insufficient data,,org_97bcc6168a4ac31f,ind_f9db66161f75e468,Large Community Hospital,East Region,2024/25,needs_review,false,outside primary ED analysis scope,false,2,2,false,true,false,false,"[""intervention_924a9a41a6a41021109b""]"
cycle_020a33b3569f7b3b44ae,Training & Education,Training & Education,1,Insufficient data,,org_97bcc6168a4ac31f,ind_f9db66161f75e468,Large Community Hospital,East Region,2024/25,needs_review,false,outside primary ED analysis scope,false,2,2,false,true,false,false,"[""intervention_b2e4e4e1d357a05d5e24""]"
cycle_440b68e2e53f34941ae0,Technology & Digital Tools,Technology & Digital Tools,1,Insufficient data,,org_9812848367fde220,ind_0646035afd9bba7c,Small Hospital,North East Region,2024/25,excluded,false,outside primary ED analysis scope,false,1,1,true,false,true,false,"[""intervention_84fee50b360c59d47295""]"
cycle_f596aed2ecb213c2e2e8,Admission & Transfer Process,Admission & Transfer Process,1,Insufficient data,,org_9812848367fde220,ind_0646035afd9bba7c,Small Hospital,North East Region,2025/26,excluded,false,outside primary ED analysis scope,false,2,2,false,true,false,false,"[""intervention_2960e2a831c3d0027337""]"
cycle_f596aed2ecb213c2e2e8,Discharge & Transition Planning,Discharge & Transition Planning,1,Insufficient data,,org_9812848367fde220,ind_0646035afd9bba7c,Small Hospital,North East Region,2025/26,excluded,false,outside primary ED analysis scope,false,2,2,false,true,false,false,"[""intervention_169e89520aeb8e26f4b4""]"
cycle_fc3fda494bf9293424dc,Training & Education,Training & Education,1,Insufficient data,,org_9812848367fde220,ind_37478f8fb5db2bb6,Small Hospital,North East Region,2024/25,excluded,false,outside primary ED analysis scope,false,1,1,true,false,true,false,"[""intervention_a6e7a0b034dbce9859d0""]"
cycle_8f7ac62ccf49dbf8c890,Policy / Standardization,Policy / Standardization,1,Insufficient data,,org_9812848367fde220,ind_5314e24f5f6e6912,Small Hospital,North East Region,2024/25,excluded,false,outside primary ED analysis scope,false,1,1,true,false,true,false,"[""intervention_db191e65f2604244d6fa""]"
cycle_48a81fcbe0bdd14f7c45,Policy / Standardization,Policy / Standardization,1,Insufficient data,,org_9812848367fde220,ind_5314e24f5f6e6912,Small Hospital,North East Region,2025/26,excluded,false,outside primary ED analysis scope,false,1,1,true,false,true,false,"[""intervention_4681a9590f73f23648f1""]"
cycle_012778f12980618fcce5,Discharge & Transition Planning,Discharge & Transition Planning,1,Insufficient data,,org_9812848367fde220,ind_55234b1add4ff830,Small Hospital,North East Region,2024/25,needs_review,false,outside primary ED analysis scope,false,1,1,true,false,true,false,"[""intervention_106e2d122a8bd834943a""]"
cycle_1387d5d023c2d69fc43f,Technology & Digital Tools,Technology & Digital Tools,1,Insufficient data,,org_9812848367fde220,ind_7ebd4762b8a6c688,Small Hospital,North East Region,2025/26,included,false,unit_unverified; population_unverified; reporting_period_unverified; historical_match_unavailable_or_ambiguous,false,1,1,true,false,true,false,"[""intervention_69280ac6e53884e387de""]"
cycle_0f0e1198737a86b2188f,Discharge & Transition Planning,Discharge & Transition Planning,1,Insufficient data,,org_9812848367fde220,ind_8460574f5d01cbda,Small Hospital,North East Region,2025/26,needs_review,false,outside primary ED analysis scope,false,1,1,true,false,true,false,"[""intervention_92578973e4e27f93b51d""]"
cycle_993279a1275b7699427c,Other,Other,1,Insufficient data,,org_9812848367fde220,ind_cd57992e4ca687e8,Small Hospital,North East Region,2024/25,needs_review,false,outside primary ED analysis scope,false,1,0,true,false,false,true,"[""intervention_dd3d83971cdcf0fd1bf7""]"
cycle_c2d58005a9fa987d7dd6,Emergency Department Workflow,Emergency Department Workflow,1,Insufficient data,,org_9812848367fde220,ind_e7cd9b5804f1c518,Small Hospital,North East Region,2025/26,included,false,reporting_period_unverified,false,1,1,true,false,true,false,"[""intervention_01b71e19887fdbf3fec4""]"
cycle_589b4f1e92458719e150,Discharge & Transition Planning,Discharge & Transition Planning,1,Insufficient data,,org_a58dfb2b83e51233,ind_15f7737d37133f66,Chronic/Rehab Hospital,Toronto Region,2024/25,needs_review,false,outside primary ED analysis scope,false,2,1,false,true,false,true,"[""intervention_d834237e0f08ddfedf9f""]"
cycle_589b4f1e92458719e150,Other,Other,1,Insufficient data,,org_a58dfb2b83e51233,ind_15f7737d37133f66,Chronic/Rehab Hospital,Toronto Region,2024/25,needs_review,false,outside primary ED analysis scope,false,2,1,false,true,false,true,"[""intervention_df2b85378ad7b2298370""]"
cycle_2b4e6b06f5066464d90d,Discharge & Transition Planning,Discharge & Transition Planning,1,Insufficient data,,org_a58dfb2b83e51233,ind_15f7737d37133f66,Chronic/Rehab Hospital,Toronto Region,2025/26,needs_review,false,outside primary ED analysis scope,false,1,1,true,false,true,false,"[""intervention_04df8d9bbeb6b0d7b46d""]"
cycle_b666559ac79b8ac6fd00,"Data, Measurement & Dashboards","Data, Measurement & Dashboards",2,Insufficient data,,org_a58dfb2b83e51233,ind_2625a6fa63dcc33e,Chronic/Rehab Hospital,Toronto Region,2025/26,needs_review,false,outside primary ED analysis scope,false,1,1,true,false,true,false,"[""intervention_5ae6e279bad307a9c78f"",""intervention_7e41c604cbea5e3967e8""]"
cycle_057d39219c8e35710ee2,Other,Other,1,Insufficient data,,org_a58dfb2b83e51233,ind_55a904ce61db8086,Chronic/Rehab Hospital,Toronto Region,2024/25,needs_review,false,outside primary ED analysis scope,false,2,1,false,true,false,true,"[""intervention_63da2ccd6dfcefd9db95""]"
cycle_057d39219c8e35710ee2,Technology & Digital Tools,Technology & Digital Tools,1,Insufficient data,,org_a58dfb2b83e51233,ind_55a904ce61db8086,Chronic/Rehab Hospital,Toronto Region,2024/25,needs_review,false,outside primary ED analysis scope,false,2,1,false,true,false,true,"[""intervention_8d9d0e72a636868a50d0""]"
cycle_fdee0a2842eec7b3afd1,"Data, Measurement & Dashboards","Data, Measurement & Dashboards",1,Insufficient data,,org_a58dfb2b83e51233,ind_591d3b068542ebc3,Chronic/Rehab Hospital,Toronto Region,2025/26,needs_review,false,outside primary ED analysis scope,false,2,1,false,true,false,true,"[""intervention_a5a55273631a8f4cdfaf""]"
cycle_fdee0a2842eec7b3afd1,Other,Other,1,Insufficient data,,org_a58dfb2b83e51233,ind_591d3b068542ebc3,Chronic/Rehab Hospital,Toronto Region,2025/26,needs_review,false,outside primary ED analysis scope,false,2,1,false,true,false,true,"[""intervention_9cb3169d04232509c844""]"
cycle_7221b79eabc9362c7df4,"Data, Measurement & Dashboards","Data, Measurement & Dashboards",1,Insufficient data,,org_a58dfb2b83e51233,ind_8613f8ecc0895ba7,Chronic/Rehab Hospital,Toronto Region,2025/26,needs_review,false,outside primary ED analysis scope,false,2,1,false,true,false,true,"[""intervention_5679fb288841b265bd79""]"
cycle_7221b79eabc9362c7df4,Other,Other,1,Insufficient data,,org_a58dfb2b83e51233,ind_8613f8ecc0895ba7,Chronic/Rehab Hospital,Toronto Region,2025/26,needs_review,false,outside primary ED analysis scope,false,2,1,false,true,false,true,"[""intervention_90685a71ae2df442a3d9""]"
cycle_442035908569acb654a3,"Data, Measurement & Dashboards","Data, Measurement & Dashboards",1,Insufficient data,,org_a58dfb2b83e51233,ind_beddc3f0d7ca0037,Chronic/Rehab Hospital,Toronto Region,2024/25,needs_review,false,outside primary ED analysis scope,false,2,1,false,true,false,true,"[""intervention_d953e66c800e1c6f7713""]"
cycle_442035908569acb654a3,Other,Other,1,Insufficient data,,org_a58dfb2b83e51233,ind_beddc3f0d7ca0037,Chronic/Rehab Hospital,Toronto Region,2024/25,needs_review,false,outside primary ED analysis scope,false,2,1,false,true,false,true,"[""intervention_4193e7fa938b22effd3b""]"
cycle_3e424aa01eb7ddc4acf4,Other,Other,2,Insufficient data,,org_a58dfb2b83e51233,ind_dc144c4e4d81b1a7,Chronic/Rehab Hospital,Toronto Region,2024/25,needs_review,false,outside primary ED analysis scope,false,1,0,true,false,false,true,"[""intervention_76cd9c04eecfa58004f4"",""intervention_d7ea81ffb8dedd1ee1a0""]"
cycle_4125049751da992c4767,Training & Education,Training & Education,1,Insufficient data,,org_a58dfb2b83e51233,ind_dc144c4e4d81b1a7,Chronic/Rehab Hospital,Toronto Region,2025/26,needs_review,false,outside primary ED analysis scope,false,1,1,true,false,true,false,"[""intervention_20d229bb5949e6b18ed0""]"
cycle_339a29adef7d1a54714d,Discharge & Transition Planning,Discharge & Transition Planning,1,Insufficient data,,org_a58dfb2b83e51233,ind_e5f5df51416a4c36,Chronic/Rehab Hospital,Toronto Region,2024/25,needs_review,false,outside primary ED analysis scope,false,2,1,false,true,false,true,"[""intervention_de9c1b22274548e2d648""]"
cycle_339a29adef7d1a54714d,Other,Other,2,Insufficient data,,org_a58dfb2b83e51233,ind_e5f5df51416a4c36,Chronic/Rehab Hospital,Toronto Region,2024/25,needs_review,false,outside primary ED analysis scope,false,2,1,false,true,false,true,"[""intervention_3d22ab1eb96ee26e0dbc"",""intervention_c54ee0bc50a07a4e7d66""]"
cycle_04bfffd135ac6210f720,Other,Other,2,Insufficient data,,org_a58dfb2b83e51233,ind_fd65a1958eb8f511,Chronic/Rehab Hospital,Toronto Region,2024/25,needs_review,false,outside primary ED analysis scope,false,1,0,true,false,false,true,"[""intervention_7b347d936f1a5a472730"",""intervention_91e8751bba914d53b461""]"
cycle_fe1f4e21d1590b117637,Other,Other,1,Insufficient data,,org_a58dfb2b83e51233,ind_fd65a1958eb8f511,Chronic/Rehab Hospital,Toronto Region,2025/26,needs_review,false,outside primary ED analysis scope,false,2,1,false,true,false,true,"[""intervention_3350e2b362d236380958""]"
cycle_fe1f4e21d1590b117637,Staffing & Scheduling,Staffing & Scheduling,1,Insufficient data,,org_a58dfb2b83e51233,ind_fd65a1958eb8f511,Chronic/Rehab Hospital,Toronto Region,2025/26,needs_review,false,outside primary ED analysis scope,false,2,1,false,true,false,true,"[""intervention_f1d5789364f45fa6ab8b""]"
cycle_41eec70cea9f1d768480,"Data, Measurement & Dashboards","Data, Measurement & Dashboards",1,Insufficient data,,org_a61294cfc736d43f,ind_06590f50f65eac7e,Small Hospital,East Region,2024/25,included,false,insufficient first-cycle ED longitudinal coverage,false,1,1,true,false,true,false,"[""intervention_403c5b2d268f7bbc851b""]"
cycle_652c853d5c2f970fcbf2,Admission & Transfer Process,Admission & Transfer Process,1,Insufficient data,,org_a61294cfc736d43f,ind_24d8f94a47766bec,Small Hospital,East Region,2024/25,needs_review,false,outside primary ED analysis scope,false,1,1,true,false,true,false,"[""intervention_fe5ecced8afb2cc458cc""]"
cycle_5a97e9d5c25f6ddf373f,Admission & Transfer Process,Admission & Transfer Process,1,Insufficient data,,org_a61294cfc736d43f,ind_34067632b5001624,Small Hospital,East Region,2025/26,needs_review,false,outside primary ED analysis scope,false,2,2,false,true,false,false,"[""intervention_f50ad394caf19ecc4889""]"
cycle_5a97e9d5c25f6ddf373f,Discharge & Transition Planning,Discharge & Transition Planning,1,Insufficient data,,org_a61294cfc736d43f,ind_34067632b5001624,Small Hospital,East Region,2025/26,needs_review,false,outside primary ED analysis scope,false,2,2,false,true,false,false,"[""intervention_fe914b3a0efbc3284ddc""]"
cycle_c8b14a8dbf7a5de969b6,Policy / Standardization,Policy / Standardization,1,Insufficient data,,org_a61294cfc736d43f,ind_37478f8fb5db2bb6,Small Hospital,East Region,2024/25,excluded,false,outside primary ED analysis scope,false,1,1,true,false,true,false,"[""intervention_cff30a484db5b58914fb""]"
cycle_6b5105ee65ff76f95614,Other,Other,1,Insufficient data,,org_a61294cfc736d43f,ind_37478f8fb5db2bb6,Small Hospital,East Region,2025/26,excluded,false,outside primary ED analysis scope,false,3,2,false,true,false,true,"[""intervention_3cdfbf47ebc622d0372f""]"
cycle_6b5105ee65ff76f95614,Safety & Risk Prevention,Safety & Risk Prevention,1,Insufficient data,,org_a61294cfc736d43f,ind_37478f8fb5db2bb6,Small Hospital,East Region,2025/26,excluded,false,outside primary ED analysis scope,false,3,2,false,true,false,true,"[""intervention_5833bd2e60b04a891b09""]"
cycle_6b5105ee65ff76f95614,Training & Education,Training & Education,1,Insufficient data,,org_a61294cfc736d43f,ind_37478f8fb5db2bb6,Small Hospital,East Region,2025/26,excluded,false,outside primary ED analysis scope,false,3,2,false,true,false,true,"[""intervention_b70c09cea467be404273""]"
cycle_9c0b5ae2bf7ff45d1450,Technology & Digital Tools,Technology & Digital Tools,1,Insufficient data,,org_a61294cfc736d43f,ind_4761f36f95626ce8,Small Hospital,East Region,2024/25,needs_review,false,outside primary ED analysis scope,false,1,1,true,false,true,false,"[""intervention_78db50eea3ab8c42c6c6""]"
cycle_382d06069621eb34067a,Training & Education,Training & Education,1,Insufficient data,,org_a61294cfc736d43f,ind_5314e24f5f6e6912,Small Hospital,East Region,2024/25,excluded,false,outside primary ED analysis scope,false,1,1,true,false,true,false,"[""intervention_5b6427c1813be30e954c""]"
cycle_0a1c13321b3e46812c57,Other,Other,1,Insufficient data,,org_a61294cfc736d43f,ind_5314e24f5f6e6912,Small Hospital,East Region,2025/26,excluded,false,outside primary ED analysis scope,false,1,0,true,false,false,true,"[""intervention_1762f84390660299f7a6""]"
cycle_bf7db6aaf92b97a7e88a,Discharge & Transition Planning,Discharge & Transition Planning,2,Insufficient data,,org_a61294cfc736d43f,ind_67ee717abbe20a1b,Small Hospital,East Region,2025/26,excluded,false,outside primary ED analysis scope,false,1,1,true,false,true,false,"[""intervention_885d7b30cc156f05493d"",""intervention_de0041ed8529848c0752""]"
cycle_8fd98d8fb3074838be57,Discharge & Transition Planning,Discharge & Transition Planning,1,Insufficient data,,org_a61294cfc736d43f,ind_cd57992e4ca687e8,Small Hospital,East Region,2024/25,needs_review,false,outside primary ED analysis scope,false,1,1,true,false,true,false,"[""intervention_b61651821b38196ebef3""]"
cycle_a5ec9da1f37f86635b06,Other,Other,1,Insufficient data,,org_a61294cfc736d43f,ind_e7cd9b5804f1c518,Small Hospital,East Region,2025/26,included,false,reporting_period_unverified,false,1,0,true,false,false,true,"[""intervention_9437e412322905b7d651""]"
cycle_62c155730ba35c8226a8,Other,Other,1,Insufficient data,,org_a61294cfc736d43f,ind_ee70b593aad3e4f6,Small Hospital,East Region,2024/25,included,false,insufficient first-cycle ED longitudinal coverage,false,1,0,true,false,false,true,"[""intervention_eec76160f2702e56c3e8""]"
cycle_22c28acf7eed178aff1f,Discharge & Transition Planning,Discharge & Transition Planning,1,Insufficient data,,org_a61294cfc736d43f,ind_ee70b593aad3e4f6,Small Hospital,East Region,2025/26,included,false,reporting_period_unverified,false,2,1,false,true,false,true,"[""intervention_42a88d88e3cb1226643a""]"
cycle_22c28acf7eed178aff1f,Other,Other,1,Insufficient data,,org_a61294cfc736d43f,ind_ee70b593aad3e4f6,Small Hospital,East Region,2025/26,included,false,reporting_period_unverified,false,2,1,false,true,false,true,"[""intervention_c0e3d64216dc0ebc5e9b""]"
cycle_bf38e4c145f33c442e17,Training & Education,Training & Education,1,Insufficient data,,org_a61294cfc736d43f,ind_fbe2b98293b869d9,Small Hospital,East Region,2024/25,needs_review,false,outside primary ED analysis scope,false,1,1,true,false,true,false,"[""intervention_d57c91cfe971d99f02e8""]"
cycle_55a417fc197d345f9195,Care Coordination & Communication,Care Coordination & Communication,1,Insufficient data,,org_a7c34c2ab796efb6,ind_2f7b160cd4d3dfa9,Small Hospital,East Region,2024/25,needs_review,false,outside primary ED analysis scope,false,3,2,false,true,false,true,"[""intervention_f945e040abbc7cb23191""]"
cycle_55a417fc197d345f9195,Other,Other,1,Insufficient data,,org_a7c34c2ab796efb6,ind_2f7b160cd4d3dfa9,Small Hospital,East Region,2024/25,needs_review,false,outside primary ED analysis scope,false,3,2,false,true,false,true,"[""intervention_6b6f63220737232ea24e""]"
cycle_55a417fc197d345f9195,Training & Education,Training & Education,1,Insufficient data,,org_a7c34c2ab796efb6,ind_2f7b160cd4d3dfa9,Small Hospital,East Region,2024/25,needs_review,false,outside primary ED analysis scope,false,3,2,false,true,false,true,"[""intervention_a18493e82362d00862e9""]"
cycle_436681352a5c5fb74c34,Bed & Capacity Management,Bed & Capacity Management,1,Insufficient data,,org_a7c34c2ab796efb6,ind_5b2e1352e31909e8,Small Hospital,East Region,2025/26,included,false,reporting_period_unverified,false,1,1,true,false,true,false,"[""intervention_c4a5b0053cd41077ba14""]"
cycle_4cbf5751e939b2c8302f,Other,Other,1,Insufficient data,,org_a7c34c2ab796efb6,ind_d7a1762722604f82,Small Hospital,East Region,2024/25,needs_review,false,outside primary ED analysis scope,false,2,1,false,true,false,true,"[""intervention_7e944ce50078168f2855""]"
cycle_4cbf5751e939b2c8302f,Staffing & Scheduling,Staffing & Scheduling,1,Insufficient data,,org_a7c34c2ab796efb6,ind_d7a1762722604f82,Small Hospital,East Region,2024/25,needs_review,false,outside primary ED analysis scope,false,2,1,false,true,false,true,"[""intervention_9cfc7a0a2a4290d5ac7c""]"
cycle_2c17898ee81a2f73f18f,Emergency Department Workflow,Emergency Department Workflow,1,Insufficient data,,org_a7c34c2ab796efb6,ind_e7cd9b5804f1c518,Small Hospital,East Region,2025/26,included,false,reporting_period_unverified,false,1,1,true,false,true,false,"[""intervention_86fd483423cdf9a6b054""]"
cycle_bb8196eec3578cb7c683,Care Coordination & Communication,Care Coordination & Communication,1,Insufficient data,,org_a7c34c2ab796efb6,ind_ee70b593aad3e4f6,Small Hospital,East Region,2025/26,included,false,reporting_period_unverified,false,1,1,true,false,true,false,"[""intervention_a6e4fd70e9f5c497e608""]"
cycle_f0629aa406e196c6bf2f,Care Coordination & Communication,Care Coordination & Communication,1,Insufficient data,,org_aa663ce724750163,ind_20f55cebcb28aad1,Small Hospital,North East Region,2024/25,needs_review,false,outside primary ED analysis scope,false,3,2,false,true,false,true,"[""intervention_a52871356f5adb2e76ac""]"
cycle_f0629aa406e196c6bf2f,Emergency Department Workflow,Emergency Department Workflow,1,Insufficient data,,org_aa663ce724750163,ind_20f55cebcb28aad1,Small Hospital,North East Region,2024/25,needs_review,false,outside primary ED analysis scope,false,3,2,false,true,false,true,"[""intervention_b778b91eea7c253a8efe""]"
cycle_f0629aa406e196c6bf2f,Other,Other,1,Insufficient data,,org_aa663ce724750163,ind_20f55cebcb28aad1,Small Hospital,North East Region,2024/25,needs_review,false,outside primary ED analysis scope,false,3,2,false,true,false,true,"[""intervention_a71fbc923d1cab858a74""]"
cycle_50c86ef6e2c19b7703b3,Other,Other,2,Insufficient data,,org_aa663ce724750163,ind_93cd7d4a2f10d17c,Small Hospital,North East Region,2024/25,needs_review,false,outside primary ED analysis scope,false,1,0,true,false,false,true,"[""intervention_13ee8f175633a8fe2ecf"",""intervention_8b3533fed4f83801a7ca""]"
cycle_11c79f268480bd550e48,"Data, Measurement & Dashboards","Data, Measurement & Dashboards",1,Insufficient data,,org_aa663ce724750163,ind_a92ed12530f2ee8b,Small Hospital,North East Region,2025/26,needs_review,false,outside primary ED analysis scope,false,1,1,true,false,true,false,"[""intervention_cc5ad98a9ead34c71e4e""]"
cycle_b099571d3c6dc467e2fc,Discharge & Transition Planning,Discharge & Transition Planning,1,Insufficient data,,org_aa663ce724750163,ind_cd57992e4ca687e8,Small Hospital,North East Region,2024/25,needs_review,false,outside primary ED analysis scope,false,2,1,false,true,false,true,"[""intervention_bd9e716728b92990dcde""]"
cycle_b099571d3c6dc467e2fc,Other,Other,3,Insufficient data,,org_aa663ce724750163,ind_cd57992e4ca687e8,Small Hospital,North East Region,2024/25,needs_review,false,outside primary ED analysis scope,false,2,1,false,true,false,true,"[""intervention_1e006b51132c43392e9b"",""intervention_8786b2c2c49e75c7e7f0"",""intervention_e945d25d41edc456371f""]"
cycle_e8c8e3ee7291e343c805,"Data, Measurement & Dashboards","Data, Measurement & Dashboards",1,Insufficient data,,org_aa663ce724750163,ind_ddc04349d2f0143d,Small Hospital,North East Region,2025/26,needs_review,false,outside primary ED analysis scope,false,1,1,true,false,true,false,"[""intervention_5d6badb2aa765ccc867a""]"
cycle_3e32c326b53a36ae8d1f,Technology & Digital Tools,Technology & Digital Tools,1,Insufficient data,,org_aa663ce724750163,ind_e7cd9b5804f1c518,Small Hospital,North East Region,2025/26,included,false,reporting_period_unverified,false,1,1,true,false,true,false,"[""intervention_3b5c5be6ba10f88102d5""]"
cycle_d46f7385288d20329dd5,Ambulance / EMS Flow,Ambulance / EMS Flow,1,Insufficient data,,org_aa663ce724750163,ind_ee70b593aad3e4f6,Small Hospital,North East Region,2024/25,included,false,insufficient first-cycle ED longitudinal coverage,false,1,1,true,false,true,false,"[""intervention_cc5471ee2b4e7499b5c0""]"
cycle_2053b79ba02dcb3083ef,Ambulance / EMS Flow,Ambulance / EMS Flow,1,Insufficient data,,org_aa663ce724750163,ind_ee70b593aad3e4f6,Small Hospital,North East Region,2025/26,included,false,reporting_period_unverified,false,1,1,true,false,true,false,"[""intervention_09f28f664635ec76c3ff""]"
cycle_61d93e5cda4e5ca98f59,"Data, Measurement & Dashboards","Data, Measurement & Dashboards",1,Insufficient data,,org_ab1ce44ff4842284,ind_0646035afd9bba7c,Small Hospital,North East Region,2024/25,excluded,false,outside primary ED analysis scope,false,2,2,false,true,false,false,"[""intervention_9762c99def6306182671""]"
cycle_61d93e5cda4e5ca98f59,Technology & Digital Tools,Technology & Digital Tools,1,Insufficient data,,org_ab1ce44ff4842284,ind_0646035afd9bba7c,Small Hospital,North East Region,2024/25,excluded,false,outside primary ED analysis scope,false,2,2,false,true,false,false,"[""intervention_97d0e7f5c2bd619956e9""]"
cycle_446b43e68f0f44002809,Care Coordination & Communication,Care Coordination & Communication,1,Insufficient data,,org_ab1ce44ff4842284,ind_06590f50f65eac7e,Small Hospital,North East Region,2025/26,included,false,unit_unverified; population_unverified; reporting_period_unverified; historical_match_unavailable_or_ambiguous,false,3,3,false,true,false,false,"[""intervention_54bd525d85f25ed2c34e""]"
cycle_446b43e68f0f44002809,Staffing & Scheduling,Staffing & Scheduling,1,Insufficient data,,org_ab1ce44ff4842284,ind_06590f50f65eac7e,Small Hospital,North East Region,2025/26,included,false,unit_unverified; population_unverified; reporting_period_unverified; historical_match_unavailable_or_ambiguous,false,3,3,false,true,false,false,"[""intervention_04eef47b5f70cc450b9c""]"
cycle_446b43e68f0f44002809,Technology & Digital Tools,Technology & Digital Tools,1,Insufficient data,,org_ab1ce44ff4842284,ind_06590f50f65eac7e,Small Hospital,North East Region,2025/26,included,false,unit_unverified; population_unverified; reporting_period_unverified; historical_match_unavailable_or_ambiguous,false,3,3,false,true,false,false,"[""intervention_1f1ed9f86f53c20688b9""]"
cycle_48d26cbef214692524a2,"Data, Measurement & Dashboards","Data, Measurement & Dashboards",1,Insufficient data,,org_ab1ce44ff4842284,ind_295a44ad6376a1f3,Small Hospital,North East Region,2025/26,needs_review,false,outside primary ED analysis scope,false,2,2,false,true,false,false,"[""intervention_36443e5fb505a5401940""]"
cycle_48d26cbef214692524a2,Training & Education,Training & Education,1,Insufficient data,,org_ab1ce44ff4842284,ind_295a44ad6376a1f3,Small Hospital,North East Region,2025/26,needs_review,false,outside primary ED analysis scope,false,2,2,false,true,false,false,"[""intervention_a22a8ef7d2e4aa96c734""]"
cycle_ce5c5fdb1bd921f02945,Care Coordination & Communication,Care Coordination & Communication,1,Insufficient data,,org_ab1ce44ff4842284,ind_37478f8fb5db2bb6,Small Hospital,North East Region,2024/25,excluded,false,outside primary ED analysis scope,false,2,1,false,true,false,true,"[""intervention_247a173a2cccac6a4162""]"
cycle_ce5c5fdb1bd921f02945,Other,Other,3,Insufficient data,,org_ab1ce44ff4842284,ind_37478f8fb5db2bb6,Small Hospital,North East Region,2024/25,excluded,false,outside primary ED analysis scope,false,2,1,false,true,false,true,"[""intervention_14c46306e30dd055d7d2"",""intervention_66a075e32ab591981330"",""intervention_9427b0015bb8c01f613b""]"
cycle_4be3021a231b5ea99f9b,Policy / Standardization,Policy / Standardization,1,Insufficient data,,org_ab1ce44ff4842284,ind_37478f8fb5db2bb6,Small Hospital,North East Region,2025/26,excluded,false,outside primary ED analysis scope,false,2,2,false,true,false,false,"[""intervention_3480343a73861dc91cee""]"
cycle_4be3021a231b5ea99f9b,Safety & Risk Prevention,Safety & Risk Prevention,2,Insufficient data,,org_ab1ce44ff4842284,ind_37478f8fb5db2bb6,Small Hospital,North East Region,2025/26,excluded,false,outside primary ED analysis scope,false,2,2,false,true,false,false,"[""intervention_ed9f173dfac7ba72df8c"",""intervention_f097c512ac7a0421deaf""]"
cycle_20b9388202761b31c8b8,Training & Education,Training & Education,1,Insufficient data,,org_ab1ce44ff4842284,ind_5314e24f5f6e6912,Small Hospital,North East Region,2024/25,excluded,false,outside primary ED analysis scope,false,1,1,true,false,true,false,"[""intervention_6b5320444a8969238945""]"
cycle_4757a9c43c0b4bb38418,Discharge & Transition Planning,Discharge & Transition Planning,2,Insufficient data,,org_ab1ce44ff4842284,ind_577332e037e4457d,Small Hospital,North East Region,2024/25,needs_review,false,outside primary ED analysis scope,false,1,1,true,false,true,false,"[""intervention_43d8775e98f3519f02dd"",""intervention_823973ab08e786831ac4""]"
cycle_3d3e5e7bdbc21bdd49ff,Admission & Transfer Process,Admission & Transfer Process,1,Insufficient data,,org_ab1ce44ff4842284,ind_cd57992e4ca687e8,Small Hospital,North East Region,2024/25,needs_review,false,outside primary ED analysis scope,false,2,1,false,true,false,true,"[""intervention_f3e17afd8f5eb9af7a7e""]"
cycle_3d3e5e7bdbc21bdd49ff,Other,Other,2,Insufficient data,,org_ab1ce44ff4842284,ind_cd57992e4ca687e8,Small Hospital,North East Region,2024/25,needs_review,false,outside primary ED analysis scope,false,2,1,false,true,false,true,"[""intervention_733e28c113d743add373"",""intervention_b5d208f1235d5f538bec""]"
cycle_665a75095364f75014da,Training & Education,Training & Education,1,Insufficient data,,org_ab1ce44ff4842284,ind_e0f9caf8d032d988,Small Hospital,North East Region,2025/26,needs_review,false,outside primary ED analysis scope,false,1,1,true,false,true,false,"[""intervention_8482143b3ca86158e896""]"
cycle_62e76ce56459e7d0d575,"Data, Measurement & Dashboards","Data, Measurement & Dashboards",2,Insufficient data,,org_ab1ce44ff4842284,ind_fed8017d772e6d23,Small Hospital,North East Region,2025/26,needs_review,false,outside primary ED analysis scope,false,1,1,true,false,true,false,"[""intervention_87e73e956aab60b6cc2e"",""intervention_8f190526f1b1f64c6a7d""]"
cycle_5749fa311060dd590d8b,Other,Other,1,Insufficient data,,org_acee81efebccf2aa,ind_06590f50f65eac7e,Large Community Hospital,West Region,2025/26,included,false,unit_unverified; population_unverified; reporting_period_unverified; historical_match_unavailable_or_ambiguous,false,1,0,true,false,false,true,"[""intervention_a7625e776a5c720a90df""]"
cycle_a70697a748f35579083e,"Data, Measurement & Dashboards","Data, Measurement & Dashboards",1,Insufficient data,,org_acee81efebccf2aa,ind_37478f8fb5db2bb6,Large Community Hospital,West Region,2024/25,excluded,false,outside primary ED analysis scope,false,3,2,false,true,false,true,"[""intervention_cb25c0e1d8a784083b9b""]"
cycle_a70697a748f35579083e,Other,Other,1,Insufficient data,,org_acee81efebccf2aa,ind_37478f8fb5db2bb6,Large Community Hospital,West Region,2024/25,excluded,false,outside primary ED analysis scope,false,3,2,false,true,false,true,"[""intervention_1c7e1c2bae907c15996d""]"
cycle_a70697a748f35579083e,Training & Education,Training & Education,1,Insufficient data,,org_acee81efebccf2aa,ind_37478f8fb5db2bb6,Large Community Hospital,West Region,2024/25,excluded,false,outside primary ED analysis scope,false,3,2,false,true,false,true,"[""intervention_16d024fb77741f5092a1""]"
cycle_21c04e6fc17854e06160,Other,Other,1,Insufficient data,,org_acee81efebccf2aa,ind_37478f8fb5db2bb6,Large Community Hospital,West Region,2025/26,excluded,false,outside primary ED analysis scope,false,1,0,true,false,false,true,"[""intervention_801ff3b6c10ffb94ed36""]"
cycle_b452770e25fb571f623d,Training & Education,Training & Education,1,Insufficient data,,org_acee81efebccf2aa,ind_5314e24f5f6e6912,Large Community Hospital,West Region,2024/25,excluded,false,outside primary ED analysis scope,false,1,1,true,false,true,false,"[""intervention_6549946cf1cb09fafbd5""]"
cycle_5cbff06d3a108933645c,Other,Other,1,Insufficient data,,org_acee81efebccf2aa,ind_5314e24f5f6e6912,Large Community Hospital,West Region,2025/26,excluded,false,outside primary ED analysis scope,false,1,0,true,false,false,true,"[""intervention_e4241b79359bb5be5b91""]"
cycle_8016ca9c42827a91d168,Discharge & Transition Planning,Discharge & Transition Planning,2,Insufficient data,,org_acee81efebccf2aa,ind_67ee717abbe20a1b,Large Community Hospital,West Region,2024/25,excluded,false,outside primary ED analysis scope,false,1,1,true,false,true,false,"[""intervention_32ba7fae21df2f322499"",""intervention_4e3680f938dcace90750""]"
cycle_b0c57fcd9e12b1476892,Discharge & Transition Planning,Discharge & Transition Planning,1,Insufficient data,,org_acee81efebccf2aa,ind_67ee717abbe20a1b,Large Community Hospital,West Region,2025/26,excluded,false,outside primary ED analysis scope,false,1,1,true,false,true,false,"[""intervention_f893a98f7f0e46007c00""]"
cycle_a25b1644085d5e66c089,Admission & Transfer Process,Admission & Transfer Process,1,Insufficient data,,org_acee81efebccf2aa,ind_8582e29cc0241bad,Large Community Hospital,West Region,2024/25,needs_review,false,outside primary ED analysis scope,false,1,1,true,false,true,false,"[""intervention_5c127927e07ac8560000""]"
cycle_570b3744d5390dc129d7,Other,Other,1,Insufficient data,,org_acee81efebccf2aa,ind_a8f6cca5fe8befdf,Large Community Hospital,West Region,2025/26,excluded,false,outside primary ED analysis scope,false,1,0,true,false,false,true,"[""intervention_724701908f426fdfb480""]"
cycle_6a3eb981f8e4fb083892,Other,Other,1,Insufficient data,,org_acee81efebccf2aa,ind_db84d7ed6a255f8d,Large Community Hospital,West Region,2025/26,needs_review,false,outside primary ED analysis scope,false,1,0,true,false,false,true,"[""intervention_1e4841c8ef9414d30dc6""]"
cycle_a7f8b4ed7f836bec72ab,Emergency Department Workflow,Emergency Department Workflow,1,Insufficient data,,org_acee81efebccf2aa,ind_e7cd9b5804f1c518,Large Community Hospital,West Region,2025/26,included,false,reporting_period_unverified,false,1,1,true,false,true,false,"[""intervention_c762850f0a4c184e29d7""]"
cycle_a4d0224474572d2b4c35,Admission & Transfer Process,Admission & Transfer Process,1,Insufficient data,,org_b110dda3fe66b0c2,ind_36a314727348f92d,Small Hospital,North West Region,2025/26,needs_review,false,outside primary ED analysis scope,false,3,2,false,true,false,true,"[""intervention_2f102bd7a0300f1f586d""]"
cycle_a4d0224474572d2b4c35,Other,Other,1,Insufficient data,,org_b110dda3fe66b0c2,ind_36a314727348f92d,Small Hospital,North West Region,2025/26,needs_review,false,outside primary ED analysis scope,false,3,2,false,true,false,true,"[""intervention_6b98ad69c8d4d2146303""]"
cycle_a4d0224474572d2b4c35,Policy / Standardization,Policy / Standardization,1,Insufficient data,,org_b110dda3fe66b0c2,ind_36a314727348f92d,Small Hospital,North West Region,2025/26,needs_review,false,outside primary ED analysis scope,false,3,2,false,true,false,true,"[""intervention_93f998d35c04a7fa97e8""]"
cycle_1c9d20b1a155c2770194,Other,Other,1,Insufficient data,,org_b110dda3fe66b0c2,ind_37478f8fb5db2bb6,Small Hospital,North West Region,2025/26,excluded,false,outside primary ED analysis scope,false,2,1,false,true,false,true,"[""intervention_1f4c3ca4b8fb7416fd61""]"
cycle_1c9d20b1a155c2770194,Safety & Risk Prevention,Safety & Risk Prevention,1,Insufficient data,,org_b110dda3fe66b0c2,ind_37478f8fb5db2bb6,Small Hospital,North West Region,2025/26,excluded,false,outside primary ED analysis scope,false,2,1,false,true,false,true,"[""intervention_58d9d0bbeb3f91be00c7""]"
cycle_3e39822a075267085247,Discharge & Transition Planning,Discharge & Transition Planning,1,Insufficient data,,org_b110dda3fe66b0c2,ind_67ee717abbe20a1b,Small Hospital,North West Region,2024/25,excluded,false,outside primary ED analysis scope,false,2,1,false,true,false,true,"[""intervention_da98a864c6f7498696da""]"
cycle_3e39822a075267085247,Other,Other,1,Insufficient data,,org_b110dda3fe66b0c2,ind_67ee717abbe20a1b,Small Hospital,North West Region,2024/25,excluded,false,outside primary ED analysis scope,false,2,1,false,true,false,true,"[""intervention_2253ddd0a9e9b8d2bb90""]"
cycle_fe82149ef5a8e2a42003,Discharge & Transition Planning,Discharge & Transition Planning,1,Insufficient data,,org_b110dda3fe66b0c2,ind_67ee717abbe20a1b,Small Hospital,North West Region,2025/26,excluded,false,outside primary ED analysis scope,false,2,1,false,true,false,true,"[""intervention_146f95ce70ac1cf4f713""]"
cycle_fe82149ef5a8e2a42003,Other,Other,1,Insufficient data,,org_b110dda3fe66b0c2,ind_67ee717abbe20a1b,Small Hospital,North West Region,2025/26,excluded,false,outside primary ED analysis scope,false,2,1,false,true,false,true,"[""intervention_bd71352e6c7882f8a5dc""]"
cycle_9be6842c53af33b1a68a,Discharge & Transition Planning,Discharge & Transition Planning,1,Insufficient data,,org_b110dda3fe66b0c2,ind_89e59498484104c7,Small Hospital,North West Region,2025/26,needs_review,false,outside primary ED analysis scope,false,2,1,false,true,false,true,"[""intervention_c10fa124aed21ac477a3""]"
cycle_9be6842c53af33b1a68a,Other,Other,2,Insufficient data,,org_b110dda3fe66b0c2,ind_89e59498484104c7,Small Hospital,North West Region,2025/26,needs_review,false,outside primary ED analysis scope,false,2,1,false,true,false,true,"[""intervention_5b33cedb68e2ec93adfc"",""intervention_884a28459db1a6258933""]"
cycle_5ee2b8ec682d8dbe4622,Discharge & Transition Planning,Discharge & Transition Planning,1,Insufficient data,,org_b1ec778cea54c697,ind_0646035afd9bba7c,Small Hospital,Central Region,2024/25,excluded,false,outside primary ED analysis scope,false,1,1,true,false,true,false,"[""intervention_d30120ec7701d67e566b""]"
cycle_7537c7978bdddc0b8c4c,Other,Other,1,Insufficient data,,org_b1ec778cea54c697,ind_32f8fca1eb238f02,Small Hospital,Central Region,2025/26,needs_review,false,outside primary ED analysis scope,false,3,2,false,true,false,true,"[""intervention_1f948e59f3401b1a8b3d""]"
cycle_7537c7978bdddc0b8c4c,Policy / Standardization,Policy / Standardization,1,Insufficient data,,org_b1ec778cea54c697,ind_32f8fca1eb238f02,Small Hospital,Central Region,2025/26,needs_review,false,outside primary ED analysis scope,false,3,2,false,true,false,true,"[""intervention_eb6ff858f2d9fd7cda68""]"
cycle_7537c7978bdddc0b8c4c,Training & Education,Training & Education,1,Insufficient data,,org_b1ec778cea54c697,ind_32f8fca1eb238f02,Small Hospital,Central Region,2025/26,needs_review,false,outside primary ED analysis scope,false,3,2,false,true,false,true,"[""intervention_318b73af4dddc899f873""]"
cycle_00225bc15d2b46372a9f,"Data, Measurement & Dashboards","Data, Measurement & Dashboards",1,Insufficient data,,org_b1ec778cea54c697,ind_37478f8fb5db2bb6,Small Hospital,Central Region,2024/25,excluded,false,outside primary ED analysis scope,false,1,1,true,false,true,false,"[""intervention_583da150c41d7cfb7046""]"
cycle_9bfabd5b55d983cc7797,Training & Education,Training & Education,1,Insufficient data,,org_b1ec778cea54c697,ind_5314e24f5f6e6912,Small Hospital,Central Region,2024/25,excluded,false,outside primary ED analysis scope,false,1,1,true,false,true,false,"[""intervention_20af14214a0db8ce7610""]"
cycle_8d38001c29e38f34da40,Training & Education,Training & Education,2,Insufficient data,,org_b1ec778cea54c697,ind_5314e24f5f6e6912,Small Hospital,Central Region,2025/26,excluded,false,outside primary ED analysis scope,false,1,1,true,false,true,false,"[""intervention_2cbea0e192391c90598e"",""intervention_3f72e4c0f6022e11712b""]"
cycle_ee72ecef876f4a433556,Policy / Standardization,Policy / Standardization,1,Insufficient data,,org_b1ec778cea54c697,ind_67ee717abbe20a1b,Small Hospital,Central Region,2024/25,excluded,false,outside primary ED analysis scope,false,1,1,true,false,true,false,"[""intervention_1c1f644074cc0c97a1ec""]"
cycle_5b0937cfe4d7eb6287d0,Discharge & Transition Planning,Discharge & Transition Planning,2,Insufficient data,,org_b1ec778cea54c697,ind_67ee717abbe20a1b,Small Hospital,Central Region,2025/26,excluded,false,outside primary ED analysis scope,false,1,1,true,false,true,false,"[""intervention_63a677fe6e06683d87fe"",""intervention_b01cd43d3044624fe243""]"
cycle_a7a3f3c30229e20f72ac,Discharge & Transition Planning,Discharge & Transition Planning,1,Insufficient data,,org_b1ec778cea54c697,ind_cd57992e4ca687e8,Small Hospital,Central Region,2024/25,needs_review,false,outside primary ED analysis scope,false,1,1,true,false,true,false,"[""intervention_c2e43b12f7a0ae91d8be""]"
cycle_932a7319de131d326af7,Other,Other,1,Insufficient data,,org_b1ec778cea54c697,ind_e7cd9b5804f1c518,Small Hospital,Central Region,2025/26,included,false,reporting_period_unverified,false,2,1,false,true,false,true,"[""intervention_bf4d8be700721ac93829""]"
cycle_932a7319de131d326af7,Patient Streaming / Triage,Patient Streaming / Triage,1,Insufficient data,,org_b1ec778cea54c697,ind_e7cd9b5804f1c518,Small Hospital,Central Region,2025/26,included,false,reporting_period_unverified,false,2,1,false,true,false,true,"[""intervention_cca32226da442683bf50""]"
cycle_84cd1a1341637c40497c,Other,Other,1,Insufficient data,,org_b1ec778cea54c697,ind_ef4a9573ead4ee92,Small Hospital,Central Region,2024/25,included,false,insufficient first-cycle ED longitudinal coverage,false,1,0,true,false,false,true,"[""intervention_cdb655c3366eeec33c0f""]"
cycle_e970b6653a1d8927ad36,Patient Streaming / Triage,Patient Streaming / Triage,1,Insufficient data,,org_b7a54963ba1fc573,ind_06590f50f65eac7e,Large Community Hospital,East Region,2024/25,included,false,insufficient first-cycle ED longitudinal coverage,false,1,1,true,false,true,false,"[""intervention_58712f8a82e79ae654cf""]"
cycle_8bc3ed39c6a705a4e8cf,Other,Other,1,Insufficient data,,org_b7a54963ba1fc573,ind_0d1b94c8438f8146,Large Community Hospital,East Region,2025/26,needs_review,false,outside primary ED analysis scope,false,2,1,false,true,false,true,"[""intervention_6685955355a4a721f8bd""]"
cycle_8bc3ed39c6a705a4e8cf,Policy / Standardization,Policy / Standardization,2,Insufficient data,,org_b7a54963ba1fc573,ind_0d1b94c8438f8146,Large Community Hospital,East Region,2025/26,needs_review,false,outside primary ED analysis scope,false,2,1,false,true,false,true,"[""intervention_695e059a619e505e23fc"",""intervention_f69515e726086289dec7""]"
cycle_cbfebdafdf117e59ed42,Admission & Transfer Process,Admission & Transfer Process,1,Insufficient data,,org_b7a54963ba1fc573,ind_3f4a6ae10d3f0ae0,Large Community Hospital,East Region,2025/26,needs_review,false,outside primary ED analysis scope,false,2,2,false,true,false,false,"[""intervention_ab1a7c33d72afc0b4384""]"
cycle_cbfebdafdf117e59ed42,"Data, Measurement & Dashboards","Data, Measurement & Dashboards",3,Insufficient data,,org_b7a54963ba1fc573,ind_3f4a6ae10d3f0ae0,Large Community Hospital,East Region,2025/26,needs_review,false,outside primary ED analysis scope,false,2,2,false,true,false,false,"[""intervention_4e03436572a2e04cb329"",""intervention_5c1df05c4eb49142c56c"",""intervention_929625525460b1079fb8""]"
cycle_6e23600371f98f29f7e5,Training & Education,Training & Education,1,Insufficient data,,org_b7a54963ba1fc573,ind_5314e24f5f6e6912,Large Community Hospital,East Region,2024/25,excluded,false,outside primary ED analysis scope,false,1,1,true,false,true,false,"[""intervention_4faad0d6d6a7605ca1c9""]"
cycle_e80076e81989b0a9b3b6,Admission & Transfer Process,Admission & Transfer Process,1,Insufficient data,,org_b7a54963ba1fc573,ind_5b2e1352e31909e8,Large Community Hospital,East Region,2025/26,included,false,reporting_period_unverified,false,2,2,false,true,false,false,"[""intervention_04342718317b26fd0f26""]"
cycle_e80076e81989b0a9b3b6,Discharge & Transition Planning,Discharge & Transition Planning,2,Insufficient data,,org_b7a54963ba1fc573,ind_5b2e1352e31909e8,Large Community Hospital,East Region,2025/26,included,false,reporting_period_unverified,false,2,2,false,true,false,false,"[""intervention_4d8a8b1f969bdb425c96"",""intervention_ed4068fdd08c6ef082f7""]"
cycle_b4fc37f31a26c20e6dee,Admission & Transfer Process,Admission & Transfer Process,1,Insufficient data,,org_b7a54963ba1fc573,ind_67ee717abbe20a1b,Large Community Hospital,East Region,2025/26,excluded,false,outside primary ED analysis scope,false,2,1,false,true,false,true,"[""intervention_e6699ef67417775301dc""]"
cycle_b4fc37f31a26c20e6dee,Other,Other,1,Insufficient data,,org_b7a54963ba1fc573,ind_67ee717abbe20a1b,Large Community Hospital,East Region,2025/26,excluded,false,outside primary ED analysis scope,false,2,1,false,true,false,true,"[""intervention_662007934e356e39a23f""]"
cycle_a7230ecb76c70f9245ba,Other,Other,2,Insufficient data,,org_b7a54963ba1fc573,ind_73b8d84e05aeb2e1,Large Community Hospital,East Region,2024/25,needs_review,false,outside primary ED analysis scope,false,1,0,true,false,false,true,"[""intervention_5fc4c206750284210087"",""intervention_98f8da9c7b97610324f8""]"
cycle_d8355beef83b59a2760e,"Data, Measurement & Dashboards","Data, Measurement & Dashboards",1,Insufficient data,,org_b7a54963ba1fc573,ind_8539807a451a46de,Large Community Hospital,East Region,2025/26,needs_review,false,outside primary ED analysis scope,false,2,2,false,true,false,false,"[""intervention_4d43c994423b21ff4b93""]"
cycle_d8355beef83b59a2760e,Safety & Risk Prevention,Safety & Risk Prevention,1,Insufficient data,,org_b7a54963ba1fc573,ind_8539807a451a46de,Large Community Hospital,East Region,2025/26,needs_review,false,outside primary ED analysis scope,false,2,2,false,true,false,false,"[""intervention_823031a2579497d9b54e""]"
cycle_cd59719dca0a3ea68835,Training & Education,Training & Education,2,Insufficient data,,org_b7a54963ba1fc573,ind_9328e4eec5d79401,Large Community Hospital,East Region,2024/25,needs_review,false,outside primary ED analysis scope,false,1,1,true,false,true,false,"[""intervention_83b42f0fe3a30d784a4b"",""intervention_99f2d899f872745c122c""]"
cycle_cfebf72de9f108034199,Other,Other,1,Insufficient data,,org_b7a54963ba1fc573,ind_9ce153b768fba71e,Large Community Hospital,East Region,2025/26,needs_review,false,outside primary ED analysis scope,false,2,1,false,true,false,true,"[""intervention_b7d94ebcea8f3b738214""]"
cycle_cfebf72de9f108034199,Technology & Digital Tools,Technology & Digital Tools,1,Insufficient data,,org_b7a54963ba1fc573,ind_9ce153b768fba71e,Large Community Hospital,East Region,2025/26,needs_review,false,outside primary ED analysis scope,false,2,1,false,true,false,true,"[""intervention_ddb3f0ca340e571cb927""]"
cycle_7db46c143f42432f68fc,Safety & Risk Prevention,Safety & Risk Prevention,1,Insufficient data,,org_b7a54963ba1fc573,ind_b1f2aa2973e03509,Large Community Hospital,East Region,2024/25,needs_review,false,outside primary ED analysis scope,false,1,1,true,false,true,false,"[""intervention_197961a451b108e1a3ba""]"
cycle_4d08e25ede73ba7caa98,"Data, Measurement & Dashboards","Data, Measurement & Dashboards",1,Insufficient data,,org_b7a54963ba1fc573,ind_be7a01c0caee1865,Large Community Hospital,East Region,2024/25,needs_review,false,outside primary ED analysis scope,false,1,1,true,false,true,false,"[""intervention_ad53d6c7801f88818e7d""]"
cycle_1f71bd907a378b7e8ccf,Other,Other,1,Insufficient data,,org_b7a54963ba1fc573,ind_ca319d4c6bc50a2f,Large Community Hospital,East Region,2024/25,needs_review,false,outside primary ED analysis scope,false,1,0,true,false,false,true,"[""intervention_6c23b93723a39ad6af77""]"
cycle_231015b417a0503c09e0,"Data, Measurement & Dashboards","Data, Measurement & Dashboards",1,Insufficient data,,org_b7a54963ba1fc573,ind_cc9c8ab66bb0d215,Large Community Hospital,East Region,2024/25,needs_review,false,outside primary ED analysis scope,false,3,2,false,true,false,true,"[""intervention_a86b404fefb6c9dad25a""]"
cycle_231015b417a0503c09e0,Other,Other,2,Insufficient data,,org_b7a54963ba1fc573,ind_cc9c8ab66bb0d215,Large Community Hospital,East Region,2024/25,needs_review,false,outside primary ED analysis scope,false,3,2,false,true,false,true,"[""intervention_531463a2152872a3d075"",""intervention_c7242e7bf372853506fd""]"
cycle_231015b417a0503c09e0,Training & Education,Training & Education,1,Insufficient data,,org_b7a54963ba1fc573,ind_cc9c8ab66bb0d215,Large Community Hospital,East Region,2024/25,needs_review,false,outside primary ED analysis scope,false,3,2,false,true,false,true,"[""intervention_73472b255487a938abbe""]"
cycle_6ba6f4bbd78bacf619c2,Other,Other,1,Insufficient data,,org_b7a54963ba1fc573,ind_cd57992e4ca687e8,Large Community Hospital,East Region,2024/25,needs_review,false,outside primary ED analysis scope,false,1,0,true,false,false,true,"[""intervention_66253d6ff47466fbf2cb""]"
cycle_dcf7e50d8f5ae39f5877,Emergency Department Workflow,Emergency Department Workflow,1,Insufficient data,,org_b7a54963ba1fc573,ind_e7cd9b5804f1c518,Large Community Hospital,East Region,2025/26,included,false,reporting_period_unverified,false,2,1,false,true,false,true,"[""intervention_8a4693a1ed3ad16e6aeb""]"
cycle_dcf7e50d8f5ae39f5877,Other,Other,1,Insufficient data,,org_b7a54963ba1fc573,ind_e7cd9b5804f1c518,Large Community Hospital,East Region,2025/26,included,false,reporting_period_unverified,false,2,1,false,true,false,true,"[""intervention_3a5fd2d4c83677d2238a""]"
cycle_e66e6a449104671cae81,Ambulance / EMS Flow,Ambulance / EMS Flow,1,Insufficient data,,org_b7a54963ba1fc573,ind_ee70b593aad3e4f6,Large Community Hospital,East Region,2024/25,included,false,insufficient first-cycle ED longitudinal coverage,false,1,1,true,false,true,false,"[""intervention_a1f2ee6c0c5867373989""]"
cycle_b1629c23967c5bd8aabf,Ambulance / EMS Flow,Ambulance / EMS Flow,1,Insufficient data,,org_b7a54963ba1fc573,ind_ee70b593aad3e4f6,Large Community Hospital,East Region,2025/26,included,false,reporting_period_unverified,false,2,1,false,true,false,true,"[""intervention_4f5a761d29c7a79a6ea9""]"
cycle_b1629c23967c5bd8aabf,Other,Other,1,Insufficient data,,org_b7a54963ba1fc573,ind_ee70b593aad3e4f6,Large Community Hospital,East Region,2025/26,included,false,reporting_period_unverified,false,2,1,false,true,false,true,"[""intervention_ef82d84b42d42ab08d37""]"
cycle_59ba452139e2fb368ec2,Discharge & Transition Planning,Discharge & Transition Planning,2,Insufficient data,,org_b7a54963ba1fc573,ind_fe3b4b08cef7f6f4,Large Community Hospital,East Region,2025/26,needs_review,false,outside primary ED analysis scope,false,1,1,true,false,true,false,"[""intervention_3917236720472c5bde6a"",""intervention_8e5cc75f9778a376c6ca""]"
cycle_5d323f53dab37f3e3373,Other,Other,1,Insufficient data,,org_beadb4ecb792b8db,ind_1363324c18b50bdc,Small Hospital,North East Region,2025/26,needs_review,false,outside primary ED analysis scope,false,1,0,true,false,false,true,"[""intervention_f1a39351a605fdcc1317""]"
cycle_f6bdf10151f67af11147,Other,Other,1,Insufficient data,,org_beadb4ecb792b8db,ind_3256496582ec15b6,Small Hospital,North East Region,2024/25,needs_review,false,outside primary ED analysis scope,false,2,1,false,true,false,true,"[""intervention_0d39057087a24c4e37ce""]"
cycle_f6bdf10151f67af11147,Technology & Digital Tools,Technology & Digital Tools,1,Insufficient data,,org_beadb4ecb792b8db,ind_3256496582ec15b6,Small Hospital,North East Region,2024/25,needs_review,false,outside primary ED analysis scope,false,2,1,false,true,false,true,"[""intervention_24a4403672306f1ae227""]"
cycle_ef3435d08d3a3ec4301b,Training & Education,Training & Education,1,Insufficient data,,org_beadb4ecb792b8db,ind_5314e24f5f6e6912,Small Hospital,North East Region,2025/26,excluded,false,outside primary ED analysis scope,false,1,1,true,false,true,false,"[""intervention_ed96198530cbc12af311""]"
cycle_b4252dcd4affcc04a7e7,"Data, Measurement & Dashboards","Data, Measurement & Dashboards",1,Insufficient data,,org_beadb4ecb792b8db,ind_67ee717abbe20a1b,Small Hospital,North East Region,2024/25,excluded,false,outside primary ED analysis scope,false,3,2,false,true,false,true,"[""intervention_311b72129a7b9d4ba97b""]"
cycle_b4252dcd4affcc04a7e7,Discharge & Transition Planning,Discharge & Transition Planning,1,Insufficient data,,org_beadb4ecb792b8db,ind_67ee717abbe20a1b,Small Hospital,North East Region,2024/25,excluded,false,outside primary ED analysis scope,false,3,2,false,true,false,true,"[""intervention_1a26258c64c85cc9f3df""]"
cycle_b4252dcd4affcc04a7e7,Other,Other,1,Insufficient data,,org_beadb4ecb792b8db,ind_67ee717abbe20a1b,Small Hospital,North East Region,2024/25,excluded,false,outside primary ED analysis scope,false,3,2,false,true,false,true,"[""intervention_0e276f62d0b1f4681bdd""]"
cycle_4dfe02e78e329a58d655,"Data, Measurement & Dashboards","Data, Measurement & Dashboards",1,Insufficient data,,org_beadb4ecb792b8db,ind_67ee717abbe20a1b,Small Hospital,North East Region,2025/26,excluded,false,outside primary ED analysis scope,false,2,2,false,true,false,false,"[""intervention_f935297c52d7ecd87f58""]"
cycle_4dfe02e78e329a58d655,Discharge & Transition Planning,Discharge & Transition Planning,1,Insufficient data,,org_beadb4ecb792b8db,ind_67ee717abbe20a1b,Small Hospital,North East Region,2025/26,excluded,false,outside primary ED analysis scope,false,2,2,false,true,false,false,"[""intervention_cca87174d04cfe3c0cbb""]"
cycle_03b6db1c35c0bfd8f29b,"Data, Measurement & Dashboards","Data, Measurement & Dashboards",1,Insufficient data,,org_c0228dbc8d2ee4c0,ind_0646035afd9bba7c,Small Hospital,West Region,2025/26,excluded,false,outside primary ED analysis scope,false,1,1,true,false,true,false,"[""intervention_7b7e7142489f611887be""]"
cycle_0c7aa8cdddbd83f27bda,Other,Other,1,Insufficient data,,org_c0228dbc8d2ee4c0,ind_4aefc7eb8558b2ba,Small Hospital,West Region,2024/25,needs_review,false,outside primary ED analysis scope,false,2,1,false,true,false,true,"[""intervention_0377d6923824e8b903a6""]"
cycle_0c7aa8cdddbd83f27bda,Training & Education,Training & Education,1,Insufficient data,,org_c0228dbc8d2ee4c0,ind_4aefc7eb8558b2ba,Small Hospital,West Region,2024/25,needs_review,false,outside primary ED analysis scope,false,2,1,false,true,false,true,"[""intervention_7ee0bcec3d93e54002f0""]"
cycle_51c85cdb933109e7d14c,Training & Education,Training & Education,1,Insufficient data,,org_c0228dbc8d2ee4c0,ind_5314e24f5f6e6912,Small Hospital,West Region,2024/25,excluded,false,outside primary ED analysis scope,false,1,1,true,false,true,false,"[""intervention_a80ddcc24f606b3d30e1""]"
cycle_582a61cf3c1f40adf110,Training & Education,Training & Education,1,Insufficient data,,org_c0228dbc8d2ee4c0,ind_5314e24f5f6e6912,Small Hospital,West Region,2025/26,excluded,false,outside primary ED analysis scope,false,1,1,true,false,true,false,"[""intervention_e09e745555cc81d692ab""]"
cycle_7c01adca8d94e0aec1f6,Technology & Digital Tools,Technology & Digital Tools,1,Insufficient data,,org_c0228dbc8d2ee4c0,ind_67ee717abbe20a1b,Small Hospital,West Region,2024/25,excluded,false,outside primary ED analysis scope,false,1,1,true,false,true,false,"[""intervention_2644411a88093386d25a""]"
cycle_e6e52947f5696bb9946a,Other,Other,1,Insufficient data,,org_c0228dbc8d2ee4c0,ind_9057a7fb4db0b82f,Small Hospital,West Region,2025/26,needs_review,false,outside primary ED analysis scope,false,2,1,false,true,false,true,"[""intervention_69ffeefcddc59a233038""]"
cycle_e6e52947f5696bb9946a,Training & Education,Training & Education,1,Insufficient data,,org_c0228dbc8d2ee4c0,ind_9057a7fb4db0b82f,Small Hospital,West Region,2025/26,needs_review,false,outside primary ED analysis scope,false,2,1,false,true,false,true,"[""intervention_07daa67ed552eec46adb""]"
cycle_c8c717934bb3e9ae0884,Other,Other,1,Insufficient data,,org_c0228dbc8d2ee4c0,ind_e666bcb709405e0f,Small Hospital,West Region,2025/26,included,false,unit_unverified; population_unverified; reporting_period_unverified; historical_match_unavailable_or_ambiguous,false,1,0,true,false,false,true,"[""intervention_218826192a84d5c5fedf""]"
cycle_527b1432b148764239a4,Other,Other,2,Insufficient data,,org_c0228dbc8d2ee4c0,ind_e7cd9b5804f1c518,Small Hospital,West Region,2025/26,included,false,reporting_period_unverified,false,1,0,true,false,false,true,"[""intervention_4f1647448ba48c687407"",""intervention_7c80980afd73f0dddf42""]"
cycle_7ba6b48f01c5c7a4f0d3,Ambulance / EMS Flow,Ambulance / EMS Flow,1,Insufficient data,,org_c0228dbc8d2ee4c0,ind_ee70b593aad3e4f6,Small Hospital,West Region,2025/26,included,false,reporting_period_unverified,false,1,1,true,false,true,false,"[""intervention_6bf028e72c26485a5ce8""]"
cycle_7b3a1120f9bc89e9be1a,Care Coordination & Communication,Care Coordination & Communication,1,Insufficient data,,org_c0228dbc8d2ee4c0,ind_f197a93604c302d2,Small Hospital,West Region,2025/26,included,false,unit_unverified; population_unverified; reporting_period_unverified; historical_match_unavailable_or_ambiguous,false,1,1,true,false,true,false,"[""intervention_838191fd2a97c48da5f6""]"
cycle_c0294f778ed5afcc0c0b,Admission & Transfer Process,Admission & Transfer Process,1,Insufficient data,,org_c19caf85a78767bd,ind_2458e6a08771d808,Unknown,Toronto Region,2024/25,needs_review,false,outside primary ED analysis scope,false,3,2,false,true,false,true,"[""intervention_c5590c1d349cc304a144""]"
cycle_c0294f778ed5afcc0c0b,Discharge & Transition Planning,Discharge & Transition Planning,1,Insufficient data,,org_c19caf85a78767bd,ind_2458e6a08771d808,Unknown,Toronto Region,2024/25,needs_review,false,outside primary ED analysis scope,false,3,2,false,true,false,true,"[""intervention_d85c4b33a6d31764e30b""]"
cycle_c0294f778ed5afcc0c0b,Other,Other,1,Insufficient data,,org_c19caf85a78767bd,ind_2458e6a08771d808,Unknown,Toronto Region,2024/25,needs_review,false,outside primary ED analysis scope,false,3,2,false,true,false,true,"[""intervention_652105e36f7cdee53bd4""]"
cycle_d4fe8907a83c0d60cb81,Other,Other,1,Insufficient data,,org_c19caf85a78767bd,ind_270585e212a81151,Unknown,Toronto Region,2024/25,needs_review,false,outside primary ED analysis scope,false,1,0,true,false,false,true,"[""intervention_5fc8cc3471fa6e525b12""]"
cycle_3559cb7ca1e25af2e828,Care Coordination & Communication,Care Coordination & Communication,1,Insufficient data,,org_c19caf85a78767bd,ind_2d74a43f1d6a4b74,Unknown,Toronto Region,2025/26,needs_review,false,outside primary ED analysis scope,false,2,1,false,true,false,true,"[""intervention_6f76cd825c7f12af6e4c""]"
cycle_3559cb7ca1e25af2e828,Other,Other,3,Insufficient data,,org_c19caf85a78767bd,ind_2d74a43f1d6a4b74,Unknown,Toronto Region,2025/26,needs_review,false,outside primary ED analysis scope,false,2,1,false,true,false,true,"[""intervention_7ed3f3be0d0255b31da5"",""intervention_9bbd1249f77db3cf59d4"",""intervention_d26114860769c087fe89""]"
cycle_c94f375245fbfc3d6900,"Data, Measurement & Dashboards","Data, Measurement & Dashboards",2,Insufficient data,,org_c19caf85a78767bd,ind_96ddeae03fa98c05,Unknown,Toronto Region,2025/26,needs_review,false,outside primary ED analysis scope,false,3,2,false,true,false,true,"[""intervention_1b913cf9201072b59ac4"",""intervention_afc550c3537398a18a4a""]"
cycle_c94f375245fbfc3d6900,Other,Other,1,Insufficient data,,org_c19caf85a78767bd,ind_96ddeae03fa98c05,Unknown,Toronto Region,2025/26,needs_review,false,outside primary ED analysis scope,false,3,2,false,true,false,true,"[""intervention_ac160c97a75f24b97bd4""]"
cycle_c94f375245fbfc3d6900,Safety & Risk Prevention,Safety & Risk Prevention,1,Insufficient data,,org_c19caf85a78767bd,ind_96ddeae03fa98c05,Unknown,Toronto Region,2025/26,needs_review,false,outside primary ED analysis scope,false,3,2,false,true,false,true,"[""intervention_43a47b559d75fdb1c87f""]"
cycle_03f956beecb7559ad50d,"Data, Measurement & Dashboards","Data, Measurement & Dashboards",2,Insufficient data,,org_c19caf85a78767bd,ind_9f91c6d20b5319f1,Unknown,Toronto Region,2024/25,needs_review,false,outside primary ED analysis scope,false,3,2,false,true,false,true,"[""intervention_15ba0ef68dc1c9a5c4f1"",""intervention_afafa8bd9820becedf9a""]"
cycle_03f956beecb7559ad50d,Other,Other,1,Insufficient data,,org_c19caf85a78767bd,ind_9f91c6d20b5319f1,Unknown,Toronto Region,2024/25,needs_review,false,outside primary ED analysis scope,false,3,2,false,true,false,true,"[""intervention_df5737b0dc698feff6ab""]"
cycle_03f956beecb7559ad50d,Technology & Digital Tools,Technology & Digital Tools,1,Insufficient data,,org_c19caf85a78767bd,ind_9f91c6d20b5319f1,Unknown,Toronto Region,2024/25,needs_review,false,outside primary ED analysis scope,false,3,2,false,true,false,true,"[""intervention_ee88879920c4e5755200""]"
cycle_c160b2411aee5a83e801,Other,Other,2,Insufficient data,,org_c19caf85a78767bd,ind_a7c1d367decb2357,Unknown,Toronto Region,2025/26,needs_review,false,outside primary ED analysis scope,false,4,3,false,true,false,true,"[""intervention_302fb6c86e2a3c7dbd3b"",""intervention_a5ae32bdde384cb2145b""]"
cycle_c160b2411aee5a83e801,Safety & Risk Prevention,Safety & Risk Prevention,1,Insufficient data,,org_c19caf85a78767bd,ind_a7c1d367decb2357,Unknown,Toronto Region,2025/26,needs_review,false,outside primary ED analysis scope,false,4,3,false,true,false,true,"[""intervention_c15441f734eabf0e6847""]"
cycle_c160b2411aee5a83e801,Technology & Digital Tools,Technology & Digital Tools,1,Insufficient data,,org_c19caf85a78767bd,ind_a7c1d367decb2357,Unknown,Toronto Region,2025/26,needs_review,false,outside primary ED analysis scope,false,4,3,false,true,false,true,"[""intervention_bab95d538db711d727bd""]"
cycle_c160b2411aee5a83e801,Training & Education,Training & Education,2,Insufficient data,,org_c19caf85a78767bd,ind_a7c1d367decb2357,Unknown,Toronto Region,2025/26,needs_review,false,outside primary ED analysis scope,false,4,3,false,true,false,true,"[""intervention_5c2f8cd45f025b5f9dfe"",""intervention_dd478718e42f439bc420""]"
cycle_998d8a7b31c287558227,Care Coordination & Communication,Care Coordination & Communication,1,Insufficient data,,org_c19caf85a78767bd,ind_ad66a72309affaa2,Unknown,Toronto Region,2024/25,needs_review,false,outside primary ED analysis scope,false,2,1,false,true,false,true,"[""intervention_c68c9f9b3bd95f921006""]"
cycle_998d8a7b31c287558227,Other,Other,2,Insufficient data,,org_c19caf85a78767bd,ind_ad66a72309affaa2,Unknown,Toronto Region,2024/25,needs_review,false,outside primary ED analysis scope,false,2,1,false,true,false,true,"[""intervention_13e8575f1dd6ced61577"",""intervention_d2d2c98a203a7c86e952""]"
cycle_61c0572141301f33b22b,Care Coordination & Communication,Care Coordination & Communication,1,Insufficient data,,org_c19caf85a78767bd,ind_b99dce8671684b6d,Unknown,Toronto Region,2025/26,needs_review,false,outside primary ED analysis scope,false,3,2,false,true,false,true,"[""intervention_4375b805909921df9a19""]"
cycle_61c0572141301f33b22b,"Data, Measurement & Dashboards","Data, Measurement & Dashboards",1,Insufficient data,,org_c19caf85a78767bd,ind_b99dce8671684b6d,Unknown,Toronto Region,2025/26,needs_review,false,outside primary ED analysis scope,false,3,2,false,true,false,true,"[""intervention_048e988cf3278a78d697""]"
cycle_61c0572141301f33b22b,Other,Other,3,Insufficient data,,org_c19caf85a78767bd,ind_b99dce8671684b6d,Unknown,Toronto Region,2025/26,needs_review,false,outside primary ED analysis scope,false,3,2,false,true,false,true,"[""intervention_4d13d6e0df866384e178"",""intervention_5e0c41a1c95e97ea49c5"",""intervention_ae272e1451c014259aa6""]"
cycle_4ffd1719bdf8cf30922b,Admission & Transfer Process,Admission & Transfer Process,1,Insufficient data,,org_c19caf85a78767bd,ind_c42f625e16d6b2c8,Unknown,Toronto Region,2024/25,needs_review,false,outside primary ED analysis scope,false,3,2,false,true,false,true,"[""intervention_d8915960129d0feeefae""]"
cycle_4ffd1719bdf8cf30922b,Discharge & Transition Planning,Discharge & Transition Planning,1,Insufficient data,,org_c19caf85a78767bd,ind_c42f625e16d6b2c8,Unknown,Toronto Region,2024/25,needs_review,false,outside primary ED analysis scope,false,3,2,false,true,false,true,"[""intervention_1b5dc34b3c9ecb0dab94""]"
cycle_4ffd1719bdf8cf30922b,Other,Other,1,Insufficient data,,org_c19caf85a78767bd,ind_c42f625e16d6b2c8,Unknown,Toronto Region,2024/25,needs_review,false,outside primary ED analysis scope,false,3,2,false,true,false,true,"[""intervention_37308c7442fdd8074739""]"
cycle_a966f6bb6db4a6bfaf92,Discharge & Transition Planning,Discharge & Transition Planning,2,Insufficient data,,org_c7abaecc1f31e5af,ind_0646035afd9bba7c,Large Community Hospital,West Region,2024/25,excluded,false,outside primary ED analysis scope,false,1,1,true,false,true,false,"[""intervention_8742639bd348f774ede3"",""intervention_a8483609bed974a40349""]"
cycle_4d94fc384bfb00dc4af6,Discharge & Transition Planning,Discharge & Transition Planning,1,Insufficient data,,org_c7abaecc1f31e5af,ind_0646035afd9bba7c,Large Community Hospital,West Region,2025/26,excluded,false,outside primary ED analysis scope,false,1,1,true,false,true,false,"[""intervention_218e8bd429c854b26da4""]"
cycle_6783733835e5b9d38bb8,Other,Other,1,Insufficient data,,org_c7abaecc1f31e5af,ind_37478f8fb5db2bb6,Large Community Hospital,West Region,2024/25,excluded,false,outside primary ED analysis scope,false,1,0,true,false,false,true,"[""intervention_3ae578efe1e593347ead""]"
cycle_1cdc432f68947bb46d64,Training & Education,Training & Education,1,Insufficient data,,org_c7abaecc1f31e5af,ind_37478f8fb5db2bb6,Large Community Hospital,West Region,2025/26,excluded,false,outside primary ED analysis scope,false,1,1,true,false,true,false,"[""intervention_10c3b78a315195d13a39""]"
cycle_de7ff309ebe14c33bdef,Other,Other,1,Insufficient data,,org_c7abaecc1f31e5af,ind_40a8804b95bfe32b,Large Community Hospital,West Region,2024/25,needs_review,false,outside primary ED analysis scope,false,1,0,true,false,false,true,"[""intervention_83b10bc1cd18bea7e395""]"
cycle_747e53b343e86ef90cb4,Other,Other,1,Insufficient data,,org_c7abaecc1f31e5af,ind_4b0948e5d321314b,Large Community Hospital,West Region,2024/25,needs_review,false,outside primary ED analysis scope,false,1,0,true,false,false,true,"[""intervention_23e526bb11324ffb9464""]"
cycle_cd27f4b983378922e563,Training & Education,Training & Education,1,Insufficient data,,org_c7abaecc1f31e5af,ind_5314e24f5f6e6912,Large Community Hospital,West Region,2024/25,excluded,false,outside primary ED analysis scope,false,1,1,true,false,true,false,"[""intervention_95deb2ce7d651c2e23b8""]"
cycle_337ef9b91a8374d56760,Training & Education,Training & Education,1,Insufficient data,,org_c7abaecc1f31e5af,ind_5314e24f5f6e6912,Large Community Hospital,West Region,2025/26,excluded,false,outside primary ED analysis scope,false,1,1,true,false,true,false,"[""intervention_7735fefabe6bc94c6c69""]"
cycle_158d55ff7c344e659dd8,Training & Education,Training & Education,1,Insufficient data,,org_c7abaecc1f31e5af,ind_53e6a06898dd8209,Large Community Hospital,West Region,2024/25,needs_review,false,outside primary ED analysis scope,false,1,1,true,false,true,false,"[""intervention_277b20a74082fce07d13""]"
cycle_a272910587f9c1c6ec3e,Discharge & Transition Planning,Discharge & Transition Planning,1,Insufficient data,,org_c7abaecc1f31e5af,ind_54fe3ae8167cd926,Large Community Hospital,West Region,2025/26,needs_review,false,outside primary ED analysis scope,false,1,1,true,false,true,false,"[""intervention_3d8d0ee29a1f1b01d904""]"
cycle_9d2c17f5be3a81621ad9,Discharge & Transition Planning,Discharge & Transition Planning,2,Insufficient data,,org_c7abaecc1f31e5af,ind_67ee717abbe20a1b,Large Community Hospital,West Region,2024/25,excluded,false,outside primary ED analysis scope,false,2,2,false,true,false,false,"[""intervention_869e9fd88bdc5585df68"",""intervention_eeb2c2a25ab192570390""]"
cycle_9d2c17f5be3a81621ad9,Staffing & Scheduling,Staffing & Scheduling,1,Insufficient data,,org_c7abaecc1f31e5af,ind_67ee717abbe20a1b,Large Community Hospital,West Region,2024/25,excluded,false,outside primary ED analysis scope,false,2,2,false,true,false,false,"[""intervention_147815661ef58c730be6""]"
cycle_c66a279e2d0b5eb101a4,Staffing & Scheduling,Staffing & Scheduling,1,Insufficient data,,org_c7abaecc1f31e5af,ind_67ee717abbe20a1b,Large Community Hospital,West Region,2025/26,excluded,false,outside primary ED analysis scope,false,1,1,true,false,true,false,"[""intervention_1e12b25ea1c2e27a1e5c""]"
cycle_e3f8740795ede767b82f,Staffing & Scheduling,Staffing & Scheduling,1,Insufficient data,,org_c7abaecc1f31e5af,ind_70b7e07e9bd351bb,Large Community Hospital,West Region,2025/26,needs_review,false,outside primary ED analysis scope,false,1,1,true,false,true,false,"[""intervention_e6b06fe69cd1387fa89c""]"
cycle_ab871457cb1a91d7b0d3,Other,Other,1,Insufficient data,,org_c7abaecc1f31e5af,ind_7aecbe52a48769f1,Large Community Hospital,West Region,2024/25,needs_review,false,outside primary ED analysis scope,false,1,0,true,false,false,true,"[""intervention_87e5711bd174b78a389b""]"
cycle_06b083b38b4d2142b1a1,Staffing & Scheduling,Staffing & Scheduling,1,Insufficient data,,org_c7abaecc1f31e5af,ind_8d5ba22f98e64b81,Large Community Hospital,West Region,2025/26,needs_review,false,outside primary ED analysis scope,false,1,1,true,false,true,false,"[""intervention_05789c3c840cd7f197d7""]"
cycle_a35d2568e9a6a1e202ee,Discharge & Transition Planning,Discharge & Transition Planning,1,Insufficient data,,org_c7abaecc1f31e5af,ind_94aed56016beccb0,Large Community Hospital,West Region,2025/26,needs_review,false,outside primary ED analysis scope,false,1,1,true,false,true,false,"[""intervention_ce0f04b72358bf75a3d9""]"
cycle_35a991c77342458e0d65,Discharge & Transition Planning,Discharge & Transition Planning,1,Insufficient data,,org_c7abaecc1f31e5af,ind_a8db40ea8051fec2,Large Community Hospital,West Region,2024/25,needs_review,false,outside primary ED analysis scope,false,3,2,false,true,false,true,"[""intervention_113ac3d1a816c3beebd5""]"
cycle_35a991c77342458e0d65,Other,Other,1,Insufficient data,,org_c7abaecc1f31e5af,ind_a8db40ea8051fec2,Large Community Hospital,West Region,2024/25,needs_review,false,outside primary ED analysis scope,false,3,2,false,true,false,true,"[""intervention_f214c37089b8d0e801e7""]"
cycle_35a991c77342458e0d65,Training & Education,Training & Education,1,Insufficient data,,org_c7abaecc1f31e5af,ind_a8db40ea8051fec2,Large Community Hospital,West Region,2024/25,needs_review,false,outside primary ED analysis scope,false,3,2,false,true,false,true,"[""intervention_61b28d53cfceff83a3f1""]"
cycle_16e15eec1fa66e144ee4,Discharge & Transition Planning,Discharge & Transition Planning,1,Insufficient data,,org_c7abaecc1f31e5af,ind_ba7c39fa21e01f15,Large Community Hospital,West Region,2024/25,needs_review,false,outside primary ED analysis scope,false,1,1,true,false,true,false,"[""intervention_3ae4874e9f040631641e""]"
cycle_dfc5d61fe039fc40c5ec,Other,Other,1,Insufficient data,,org_c7abaecc1f31e5af,ind_ede79eb233d87c68,Large Community Hospital,West Region,2024/25,needs_review,false,outside primary ED analysis scope,false,1,0,true,false,false,true,"[""intervention_f41951013ec19b20e666""]"
cycle_d769561c4ce1cf904baf,Staffing & Scheduling,Staffing & Scheduling,1,Insufficient data,,org_c7abaecc1f31e5af,ind_fd5f6e3c6fe3b64f,Large Community Hospital,West Region,2024/25,needs_review,false,outside primary ED analysis scope,false,1,1,true,false,true,false,"[""intervention_cb7795bacb9a6c4912c6""]"
cycle_4bf0072e4d7d55bb76e9,Other,Other,1,Insufficient data,,org_c87312fe8fe3ecfc,ind_0927066b9fe61c4d,Large Community Hospital,West Region,2024/25,needs_review,false,outside primary ED analysis scope,false,1,0,true,false,false,true,"[""intervention_8694b6d567d9b56955dc""]"
cycle_17c21f098d329321e554,Other,Other,1,Insufficient data,,org_c87312fe8fe3ecfc,ind_0ac9e57b86eeb47f,Large Community Hospital,West Region,2024/25,needs_review,false,outside primary ED analysis scope,false,1,0,true,false,false,true,"[""intervention_1b1b8129e5f09b38c981""]"
cycle_0d223eca02fb2d92b4a0,Care Coordination & Communication,Care Coordination & Communication,1,Insufficient data,,org_c87312fe8fe3ecfc,ind_2f4216f44ca3f7a8,Large Community Hospital,West Region,2025/26,needs_review,false,outside primary ED analysis scope,false,2,1,false,true,false,true,"[""intervention_da030194406074a2a848""]"
cycle_0d223eca02fb2d92b4a0,Other,Other,1,Insufficient data,,org_c87312fe8fe3ecfc,ind_2f4216f44ca3f7a8,Large Community Hospital,West Region,2025/26,needs_review,false,outside primary ED analysis scope,false,2,1,false,true,false,true,"[""intervention_fbdecb26502355cbdb7a""]"
cycle_f021aa160378b7130717,"Data, Measurement & Dashboards","Data, Measurement & Dashboards",1,Insufficient data,,org_c87312fe8fe3ecfc,ind_37de22e8f8c2670f,Large Community Hospital,West Region,2025/26,needs_review,false,outside primary ED analysis scope,false,1,1,true,false,true,false,"[""intervention_0f9b0d7c8892071a0c49""]"
cycle_533e42bff46a71175c5a,"Data, Measurement & Dashboards","Data, Measurement & Dashboards",1,Insufficient data,,org_c87312fe8fe3ecfc,ind_390050be6bef5aa6,Large Community Hospital,West Region,2024/25,needs_review,false,outside primary ED analysis scope,false,1,1,true,false,true,false,"[""intervention_f92895bcfe8ee17fb825""]"
cycle_fd17d1f99bb0379d9f24,Discharge & Transition Planning,Discharge & Transition Planning,1,Insufficient data,,org_c87312fe8fe3ecfc,ind_93be61da33d2be28,Large Community Hospital,West Region,2024/25,needs_review,false,outside primary ED analysis scope,false,2,2,false,true,false,false,"[""intervention_546109332bbd807b7913""]"
cycle_fd17d1f99bb0379d9f24,Technology & Digital Tools,Technology & Digital Tools,1,Insufficient data,,org_c87312fe8fe3ecfc,ind_93be61da33d2be28,Large Community Hospital,West Region,2024/25,needs_review,false,outside primary ED analysis scope,false,2,2,false,true,false,false,"[""intervention_8d0570c42d3d5ae111f7""]"
cycle_3a328b4edaac889fc3d7,Other,Other,1,Insufficient data,,org_c87312fe8fe3ecfc,ind_a8f6cca5fe8befdf,Large Community Hospital,West Region,2025/26,excluded,false,outside primary ED analysis scope,false,1,0,true,false,false,true,"[""intervention_d2400d68f802071606b2""]"
cycle_d4ac5e2faa267dcf460f,Other,Other,4,Insufficient data,,org_c87312fe8fe3ecfc,ind_bd4d3201caa19bd3,Large Community Hospital,West Region,2024/25,needs_review,false,outside primary ED analysis scope,false,1,0,true,false,false,true,"[""intervention_00e5473408994cf1cf2c"",""intervention_4ebd8d21202f52fa3a85"",""intervention_82aa0b761ac21f8f70b5"",""intervention_ed82f2c542c9fbf6f7ef""]"
cycle_8018fd9dbd0455b136cb,Training & Education,Training & Education,1,Insufficient data,,org_c87312fe8fe3ecfc,ind_c823e1c8ab52688f,Large Community Hospital,West Region,2024/25,needs_review,false,outside primary ED analysis scope,false,1,1,true,false,true,false,"[""intervention_108b38a78b115e0daf28""]"
cycle_f700130f8c3e365f7632,Other,Other,2,Insufficient data,,org_c87312fe8fe3ecfc,ind_cd57992e4ca687e8,Large Community Hospital,West Region,2024/25,needs_review,false,outside primary ED analysis scope,false,1,0,true,false,false,true,"[""intervention_2bfdae7c75c99fe642a5"",""intervention_fd86d5253db0106195c4""]"
cycle_9cde73a7e91c9c54e32f,Other,Other,2,Insufficient data,,org_c87312fe8fe3ecfc,ind_e7cd9b5804f1c518,Large Community Hospital,West Region,2025/26,included,false,unit_unverified; population_unverified; reporting_period_unverified; historical_match_unavailable_or_ambiguous,false,2,1,false,true,false,true,"[""intervention_208dbd4e6b86563ca659"",""intervention_a29a3bbff06a84ff3c56""]"
cycle_9cde73a7e91c9c54e32f,Surge Management,Surge Management,1,Insufficient data,,org_c87312fe8fe3ecfc,ind_e7cd9b5804f1c518,Large Community Hospital,West Region,2025/26,included,false,unit_unverified; population_unverified; reporting_period_unverified; historical_match_unavailable_or_ambiguous,false,2,1,false,true,false,true,"[""intervention_1d6bf0e61a9a208d858c""]"
cycle_36bcf15c35582ff061cd,Other,Other,1,Insufficient data,,org_c87312fe8fe3ecfc,ind_e9107772c778029f,Large Community Hospital,West Region,2024/25,needs_review,false,outside primary ED analysis scope,false,1,0,true,false,false,true,"[""intervention_0d3b2e7ff77d9fafcc8d""]"
cycle_393f78ec6ccc76ef30f9,Training & Education,Training & Education,1,Insufficient data,,org_c87312fe8fe3ecfc,ind_e976646f03c5d7e2,Large Community Hospital,West Region,2024/25,needs_review,false,outside primary ED analysis scope,false,1,1,true,false,true,false,"[""intervention_f313250d9db04d5ca6da""]"
cycle_0d4f17ffc9c310c90179,Discharge & Transition Planning,Discharge & Transition Planning,2,Insufficient data,,org_c969e1bf44bb3b09,ind_10fb3de415a64ecb,Specialty Mental Health Hospital,East Region,2025/26,needs_review,false,outside primary ED analysis scope,false,1,1,true,false,true,false,"[""intervention_55f9f793856e13b228a5"",""intervention_fa076e42e8911c2a25e9""]"
cycle_0d6853a2f525f4d704be,"Data, Measurement & Dashboards","Data, Measurement & Dashboards",1,Insufficient data,,org_c969e1bf44bb3b09,ind_190275b8e7fb1e99,Specialty Mental Health Hospital,East Region,2024/25,needs_review,false,outside primary ED analysis scope,false,2,2,false,true,false,false,"[""intervention_c1559fb332fa48bae2a0""]"
cycle_0d6853a2f525f4d704be,Staffing & Scheduling,Staffing & Scheduling,3,Insufficient data,,org_c969e1bf44bb3b09,ind_190275b8e7fb1e99,Specialty Mental Health Hospital,East Region,2024/25,needs_review,false,outside primary ED analysis scope,false,2,2,false,true,false,false,"[""intervention_84c659bc93fcfe88f29b"",""intervention_960a06ed685c7f3e2a0f"",""intervention_bee51f7bb35910d3b9e5""]"
cycle_d747e8ee916bd9e0693c,Care Coordination & Communication,Care Coordination & Communication,1,Insufficient data,,org_c969e1bf44bb3b09,ind_37478f8fb5db2bb6,Specialty Mental Health Hospital,East Region,2024/25,excluded,false,outside primary ED analysis scope,false,3,3,false,true,false,false,"[""intervention_cdb31afb4616ad49aaa3""]"
cycle_d747e8ee916bd9e0693c,Policy / Standardization,Policy / Standardization,1,Insufficient data,,org_c969e1bf44bb3b09,ind_37478f8fb5db2bb6,Specialty Mental Health Hospital,East Region,2024/25,excluded,false,outside primary ED analysis scope,false,3,3,false,true,false,false,"[""intervention_f79ad099aa93e68f612f""]"
cycle_d747e8ee916bd9e0693c,Training & Education,Training & Education,1,Insufficient data,,org_c969e1bf44bb3b09,ind_37478f8fb5db2bb6,Specialty Mental Health Hospital,East Region,2024/25,excluded,false,outside primary ED analysis scope,false,3,3,false,true,false,false,"[""intervention_51baa79bdd8219a19cee""]"
cycle_7b8e4803f03f609818c8,Other,Other,2,Insufficient data,,org_c969e1bf44bb3b09,ind_37478f8fb5db2bb6,Specialty Mental Health Hospital,East Region,2025/26,excluded,false,outside primary ED analysis scope,false,1,0,true,false,false,true,"[""intervention_364bd3ccca8777c8b4e4"",""intervention_e9df01309547646ec6fe""]"
cycle_ebf94f75f49cfd7f0971,Training & Education,Training & Education,1,Insufficient data,,org_c969e1bf44bb3b09,ind_685bf8d59d027255,Specialty Mental Health Hospital,East Region,2025/26,needs_review,false,outside primary ED analysis scope,false,1,1,true,false,true,false,"[""intervention_953c60e9757e402ea10c""]"
cycle_0711913bb9c4abb9bb81,Training & Education,Training & Education,3,Insufficient data,,org_c969e1bf44bb3b09,ind_71dd959aad873107,Specialty Mental Health Hospital,East Region,2024/25,needs_review,false,outside primary ED analysis scope,false,1,1,true,false,true,false,"[""intervention_3ec8360935e9ed4eab86"",""intervention_9dd700d6b1e76a39110e"",""intervention_c64ba2dee27c4096684c""]"
cycle_55cac3f357a232296c3e,Other,Other,1,Insufficient data,,org_c969e1bf44bb3b09,ind_72fa78c68dcd234d,Specialty Mental Health Hospital,East Region,2025/26,needs_review,false,outside primary ED analysis scope,false,1,0,true,false,false,true,"[""intervention_c9b6935ea2609fd4f348""]"
cycle_07134d2d6421f6c2eb3e,Care Coordination & Communication,Care Coordination & Communication,1,Insufficient data,,org_c969e1bf44bb3b09,ind_7c6b5210bc7997b6,Specialty Mental Health Hospital,East Region,2024/25,needs_review,false,outside primary ED analysis scope,false,3,2,false,true,false,true,"[""intervention_13fe34f6441b33f4810f""]"
cycle_07134d2d6421f6c2eb3e,Other,Other,2,Insufficient data,,org_c969e1bf44bb3b09,ind_7c6b5210bc7997b6,Specialty Mental Health Hospital,East Region,2024/25,needs_review,false,outside primary ED analysis scope,false,3,2,false,true,false,true,"[""intervention_7c5b801e901c832fd7e8"",""intervention_9e5177a7d03dfecdcdc3""]"
cycle_07134d2d6421f6c2eb3e,Policy / Standardization,Policy / Standardization,1,Insufficient data,,org_c969e1bf44bb3b09,ind_7c6b5210bc7997b6,Specialty Mental Health Hospital,East Region,2024/25,needs_review,false,outside primary ED analysis scope,false,3,2,false,true,false,true,"[""intervention_024a094924c277d877bd""]"
cycle_1e3b8bded49bc181a1f1,Discharge & Transition Planning,Discharge & Transition Planning,1,Insufficient data,,org_c969e1bf44bb3b09,ind_9c9538390f2f9ee7,Specialty Mental Health Hospital,East Region,2025/26,needs_review,false,outside primary ED analysis scope,false,2,1,false,true,false,true,"[""intervention_8dfc64ddd0bacbdd17bc""]"
cycle_1e3b8bded49bc181a1f1,Other,Other,2,Insufficient data,,org_c969e1bf44bb3b09,ind_9c9538390f2f9ee7,Specialty Mental Health Hospital,East Region,2025/26,needs_review,false,outside primary ED analysis scope,false,2,1,false,true,false,true,"[""intervention_00246120df629a7a0a18"",""intervention_755b4ecdba9165132d65""]"
cycle_ae9f916db9afda4edb26,Other,Other,3,Insufficient data,,org_c969e1bf44bb3b09,ind_af0b87390860f8af,Specialty Mental Health Hospital,East Region,2025/26,needs_review,false,outside primary ED analysis scope,false,1,0,true,false,false,true,"[""intervention_10d75ee66895ebe06638"",""intervention_3a10724e5f3fbf90e842"",""intervention_fcdb15cf5d0da7b4144d""]"
cycle_88b7baacf32d787371ae,"Data, Measurement & Dashboards","Data, Measurement & Dashboards",1,Insufficient data,,org_c969e1bf44bb3b09,ind_cc871288a2b93224,Specialty Mental Health Hospital,East Region,2024/25,needs_review,false,outside primary ED analysis scope,false,3,2,false,true,false,true,"[""intervention_ad4eaef44a24a64ac933""]"
cycle_88b7baacf32d787371ae,Other,Other,1,Insufficient data,,org_c969e1bf44bb3b09,ind_cc871288a2b93224,Specialty Mental Health Hospital,East Region,2024/25,needs_review,false,outside primary ED analysis scope,false,3,2,false,true,false,true,"[""intervention_14fe724a2cd43780b289""]"
cycle_88b7baacf32d787371ae,Training & Education,Training & Education,1,Insufficient data,,org_c969e1bf44bb3b09,ind_cc871288a2b93224,Specialty Mental Health Hospital,East Region,2024/25,needs_review,false,outside primary ED analysis scope,false,3,2,false,true,false,true,"[""intervention_4f26c4df04c4504c6925""]"
cycle_68182e88adc38c040819,Discharge & Transition Planning,Discharge & Transition Planning,2,Insufficient data,,org_c969e1bf44bb3b09,ind_cd57992e4ca687e8,Specialty Mental Health Hospital,East Region,2024/25,needs_review,false,outside primary ED analysis scope,false,2,1,false,true,false,true,"[""intervention_839f274c495545baab03"",""intervention_8f04c9f758866f0b09e1""]"
cycle_68182e88adc38c040819,Other,Other,2,Insufficient data,,org_c969e1bf44bb3b09,ind_cd57992e4ca687e8,Specialty Mental Health Hospital,East Region,2024/25,needs_review,false,outside primary ED analysis scope,false,2,1,false,true,false,true,"[""intervention_2e33ad19a344e9ae328c"",""intervention_a839fb06f6e1a40c5c77""]"
cycle_a43a7928c57484710bc1,Admission & Transfer Process,Admission & Transfer Process,1,Insufficient data,,org_c969e1bf44bb3b09,ind_f0feca09ae8284d0,Specialty Mental Health Hospital,East Region,2024/25,needs_review,false,outside primary ED analysis scope,false,3,2,false,true,false,true,"[""intervention_71bf0a1cff727a620159""]"
cycle_a43a7928c57484710bc1,Other,Other,1,Insufficient data,,org_c969e1bf44bb3b09,ind_f0feca09ae8284d0,Specialty Mental Health Hospital,East Region,2024/25,needs_review,false,outside primary ED analysis scope,false,3,2,false,true,false,true,"[""intervention_cd199e3bf3442a94d25b""]"
cycle_a43a7928c57484710bc1,Training & Education,Training & Education,1,Insufficient data,,org_c969e1bf44bb3b09,ind_f0feca09ae8284d0,Specialty Mental Health Hospital,East Region,2024/25,needs_review,false,outside primary ED analysis scope,false,3,2,false,true,false,true,"[""intervention_610b3d691c83a7684ad2""]"
cycle_af1c86a361e6c0c331ca,Training & Education,Training & Education,1,Insufficient data,,org_ca678c161dd84b8a,ind_0da1c28451692866,Small Hospital,West Region,2024/25,needs_review,false,outside primary ED analysis scope,false,1,1,true,false,true,false,"[""intervention_958d5dd960d549d5a91b""]"
cycle_cca4615ecd6a8dc66e0a,"Data, Measurement & Dashboards","Data, Measurement & Dashboards",1,Insufficient data,,org_ca678c161dd84b8a,ind_3b990deb5785fe47,Small Hospital,West Region,2025/26,needs_review,false,outside primary ED analysis scope,false,2,1,false,true,false,true,"[""intervention_f962dc010b8b8b4f2614""]"
cycle_cca4615ecd6a8dc66e0a,Other,Other,1,Insufficient data,,org_ca678c161dd84b8a,ind_3b990deb5785fe47,Small Hospital,West Region,2025/26,needs_review,false,outside primary ED analysis scope,false,2,1,false,true,false,true,"[""intervention_4a04f11e86aeef82c4de""]"
cycle_6ad9abcecd78742d1a08,Staffing & Scheduling,Staffing & Scheduling,1,Insufficient data,,org_ca678c161dd84b8a,ind_3fdbfa1beb8cd349,Small Hospital,West Region,2024/25,needs_review,false,outside primary ED analysis scope,false,1,1,true,false,true,false,"[""intervention_092bf6410b640a961f64""]"
cycle_1f720b9c4b1aed5cc3f8,Training & Education,Training & Education,1,Insufficient data,,org_ca678c161dd84b8a,ind_5314e24f5f6e6912,Small Hospital,West Region,2024/25,excluded,false,outside primary ED analysis scope,false,1,1,true,false,true,false,"[""intervention_836ee9925648afa8b26b""]"
cycle_a3374e066430dc9dbaab,Training & Education,Training & Education,1,Insufficient data,,org_ca678c161dd84b8a,ind_5314e24f5f6e6912,Small Hospital,West Region,2025/26,excluded,false,outside primary ED analysis scope,false,1,1,true,false,true,false,"[""intervention_a7dda16f2e6911b283b0""]"
cycle_7388a1136d604c6f2834,"Data, Measurement & Dashboards","Data, Measurement & Dashboards",2,Insufficient data,,org_ca678c161dd84b8a,ind_88596c038832c86f,Small Hospital,West Region,2025/26,needs_review,false,outside primary ED analysis scope,false,1,1,true,false,true,false,"[""intervention_44b254ba68304a310748"",""intervention_b99ce06f3f87e6fe86e5""]"
cycle_36707e207b5b916843f9,Discharge & Transition Planning,Discharge & Transition Planning,1,Insufficient data,,org_ca678c161dd84b8a,ind_b9ea76432394471a,Small Hospital,West Region,2025/26,needs_review,false,outside primary ED analysis scope,false,1,1,true,false,true,false,"[""intervention_8d96fe530beb48feb5d8""]"
cycle_6281709b30086f8e3c4c,Admission & Transfer Process,Admission & Transfer Process,1,Insufficient data,,org_ca678c161dd84b8a,ind_e0c7211f6fee1afd,Small Hospital,West Region,2025/26,needs_review,false,outside primary ED analysis scope,false,2,2,false,true,false,false,"[""intervention_0239c65ec845d8f50e2e""]"
cycle_6281709b30086f8e3c4c,"Data, Measurement & Dashboards","Data, Measurement & Dashboards",1,Insufficient data,,org_ca678c161dd84b8a,ind_e0c7211f6fee1afd,Small Hospital,West Region,2025/26,needs_review,false,outside primary ED analysis scope,false,2,2,false,true,false,false,"[""intervention_3f87fca6b285f2c7345c""]"
cycle_ec0f55f5f436e183d91f,Emergency Department Workflow,Emergency Department Workflow,1,Insufficient data,,org_ca678c161dd84b8a,ind_e7cd9b5804f1c518,Small Hospital,West Region,2025/26,included,false,reporting_period_unverified,false,1,1,true,false,true,false,"[""intervention_86eace4e72b344785793""]"
cycle_21dbb4d072dfea49d446,"Data, Measurement & Dashboards","Data, Measurement & Dashboards",1,Insufficient data,,org_ca678c161dd84b8a,ind_ee70b593aad3e4f6,Small Hospital,West Region,2025/26,included,false,reporting_period_unverified,false,1,1,true,false,true,false,"[""intervention_1044ff345ce4c2a3a68f""]"
cycle_1b11192264a58195455d,Training & Education,Training & Education,1,Insufficient data,,org_ca678c161dd84b8a,ind_f2af83b4d79810e3,Small Hospital,West Region,2024/25,needs_review,false,outside primary ED analysis scope,false,1,1,true,false,true,false,"[""intervention_49f43158347ea350f9ee""]"
cycle_846fe715a20b0dd1458c,"Data, Measurement & Dashboards","Data, Measurement & Dashboards",2,Insufficient data,,org_ca678c161dd84b8a,ind_fab86e82af39d230,Small Hospital,West Region,2024/25,needs_review,false,outside primary ED analysis scope,false,2,2,false,true,false,false,"[""intervention_052b58dac23692a8fc12"",""intervention_cf6c2fbdeda1fe07299c""]"
cycle_846fe715a20b0dd1458c,Policy / Standardization,Policy / Standardization,1,Insufficient data,,org_ca678c161dd84b8a,ind_fab86e82af39d230,Small Hospital,West Region,2024/25,needs_review,false,outside primary ED analysis scope,false,2,2,false,true,false,false,"[""intervention_28692069a29d9cf47143""]"
cycle_0fbd3b37084bd8825fb8,Other,Other,3,Insufficient data,,org_ca930a71519bf901,ind_069bd744b3ad2b14,Large Community Hospital,Central Region,2025/26,needs_review,false,outside primary ED analysis scope,false,2,1,false,true,false,true,"[""intervention_9f8efd0a59f978e61e06"",""intervention_cce2548b299f8af8ae80"",""intervention_de97b48b7d7f83b1abe5""]"
cycle_0fbd3b37084bd8825fb8,Training & Education,Training & Education,1,Insufficient data,,org_ca930a71519bf901,ind_069bd744b3ad2b14,Large Community Hospital,Central Region,2025/26,needs_review,false,outside primary ED analysis scope,false,2,1,false,true,false,true,"[""intervention_61a84abc3f6ff1fa1a0a""]"
cycle_305bcf43213ef37825c4,Other,Other,3,Insufficient data,,org_ca930a71519bf901,ind_164237e4c24ea503,Large Community Hospital,Central Region,2025/26,needs_review,false,outside primary ED analysis scope,false,1,0,true,false,false,true,"[""intervention_557666c9bd68681eff02"",""intervention_e0a1af18993d30665d2e"",""intervention_ffd058c5973ff57863c9""]"
cycle_7e5b4c4d227cc54edecb,Admission & Transfer Process,Admission & Transfer Process,1,Insufficient data,,org_ca930a71519bf901,ind_384b0e8c7913a77b,Large Community Hospital,Central Region,2025/26,needs_review,false,outside primary ED analysis scope,false,3,3,false,true,false,false,"[""intervention_e37516866383e95c0cb1""]"
cycle_7e5b4c4d227cc54edecb,Discharge & Transition Planning,Discharge & Transition Planning,1,Insufficient data,,org_ca930a71519bf901,ind_384b0e8c7913a77b,Large Community Hospital,Central Region,2025/26,needs_review,false,outside primary ED analysis scope,false,3,3,false,true,false,false,"[""intervention_402eea70647892945468""]"
cycle_7e5b4c4d227cc54edecb,Policy / Standardization,Policy / Standardization,1,Insufficient data,,org_ca930a71519bf901,ind_384b0e8c7913a77b,Large Community Hospital,Central Region,2025/26,needs_review,false,outside primary ED analysis scope,false,3,3,false,true,false,false,"[""intervention_576e86168f4fd7e299ad""]"
cycle_436f7dd61a490a77a18e,Other,Other,1,Insufficient data,,org_ca930a71519bf901,ind_5119487f7185f906,Large Community Hospital,Central Region,2024/25,needs_review,false,outside primary ED analysis scope,false,1,0,true,false,false,true,"[""intervention_88725e41321d47ab6cca""]"
cycle_9ae57fffb30482f2bd21,Other,Other,2,Insufficient data,,org_ca930a71519bf901,ind_8286733a92bc54fb,Large Community Hospital,Central Region,2024/25,needs_review,false,outside primary ED analysis scope,false,2,1,false,true,false,true,"[""intervention_183d8fb72d973383bf0a"",""intervention_e4c5cfedad72d5570ee1""]"
cycle_9ae57fffb30482f2bd21,Training & Education,Training & Education,1,Insufficient data,,org_ca930a71519bf901,ind_8286733a92bc54fb,Large Community Hospital,Central Region,2024/25,needs_review,false,outside primary ED analysis scope,false,2,1,false,true,false,true,"[""intervention_7e7ddca1d548f949a4a9""]"
cycle_0645cb1fd35b45196c3a,Ambulance / EMS Flow,Ambulance / EMS Flow,2,Insufficient data,,org_ca930a71519bf901,ind_ee70b593aad3e4f6,Large Community Hospital,Central Region,2025/26,included,false,reporting_period_unverified,false,1,1,true,false,true,false,"[""intervention_1631ec8f97844a552a34"",""intervention_6b2ddeaee399510d7ecf""]"
cycle_31a1fbf11421793e18af,Admission & Transfer Process,Admission & Transfer Process,1,Insufficient data,,org_ca930a71519bf901,ind_ef4a9573ead4ee92,Large Community Hospital,Central Region,2024/25,included,false,insufficient first-cycle ED longitudinal coverage,false,2,1,false,true,false,true,"[""intervention_995f0cfd15a984350b87""]"
cycle_31a1fbf11421793e18af,Other,Other,2,Insufficient data,,org_ca930a71519bf901,ind_ef4a9573ead4ee92,Large Community Hospital,Central Region,2024/25,included,false,insufficient first-cycle ED longitudinal coverage,false,2,1,false,true,false,true,"[""intervention_990c8e664a113de8cd9d"",""intervention_d3a543ea093775492053""]"
cycle_a3fae54cc5b0dcf7545c,Other,Other,3,Insufficient data,,org_ca930a71519bf901,ind_efbe6a2a32a15816,Large Community Hospital,Central Region,2024/25,needs_review,false,outside primary ED analysis scope,false,1,0,true,false,false,true,"[""intervention_1896fe6d497ae3e2bdd4"",""intervention_a07a76ce080baac3339f"",""intervention_f0cf688e837f8ac87602""]"
cycle_63d4944b13a3973bde60,Discharge & Transition Planning,Discharge & Transition Planning,2,Insufficient data,,org_ce816d6f53154afe,ind_0646035afd9bba7c,Teaching Hospital,North East Region,2024/25,excluded,false,outside primary ED analysis scope,false,1,1,true,false,true,false,"[""intervention_5601a43d69d677e0a14e"",""intervention_fa199d979d209a89a532""]"
cycle_b7480649e503dd039db2,Discharge & Transition Planning,Discharge & Transition Planning,1,Insufficient data,,org_ce816d6f53154afe,ind_67ee717abbe20a1b,Teaching Hospital,North East Region,2024/25,excluded,false,outside primary ED analysis scope,false,1,1,true,false,true,false,"[""intervention_26f88902c718083f549d""]"
cycle_279047f984df14137b2e,"Data, Measurement & Dashboards","Data, Measurement & Dashboards",1,Insufficient data,,org_ce816d6f53154afe,ind_67ee717abbe20a1b,Teaching Hospital,North East Region,2025/26,excluded,false,outside primary ED analysis scope,false,2,1,false,true,false,true,"[""intervention_9743e0e33f7ee18fc4f9""]"
cycle_279047f984df14137b2e,Other,Other,1,Insufficient data,,org_ce816d6f53154afe,ind_67ee717abbe20a1b,Teaching Hospital,North East Region,2025/26,excluded,false,outside primary ED analysis scope,false,2,1,false,true,false,true,"[""intervention_fb7ad938813ca72e8ed0""]"
cycle_a8fcaa6c0cf00402add1,Other,Other,3,Insufficient data,,org_ce816d6f53154afe,ind_8bccf04a05080c57,Teaching Hospital,North East Region,2024/25,needs_review,false,outside primary ED analysis scope,false,2,1,false,true,false,true,"[""intervention_63302840be038d30cc79"",""intervention_9745b5f45b602646dccf"",""intervention_dc82a5a6ea042a42e569""]"
cycle_a8fcaa6c0cf00402add1,Staffing & Scheduling,Staffing & Scheduling,2,Insufficient data,,org_ce816d6f53154afe,ind_8bccf04a05080c57,Teaching Hospital,North East Region,2024/25,needs_review,false,outside primary ED analysis scope,false,2,1,false,true,false,true,"[""intervention_12d396f3f9fdf67ba222"",""intervention_99a5bdb6f97ff12d450f""]"
cycle_8737e37b378cffbc5ab1,Other,Other,2,Insufficient data,,org_ce816d6f53154afe,ind_e7cd9b5804f1c518,Teaching Hospital,North East Region,2025/26,included,false,reporting_period_unverified,false,3,2,false,true,false,true,"[""intervention_0f24e8d3a19fdb58a1e2"",""intervention_a41785fb96d8d7c5869a""]"
cycle_8737e37b378cffbc5ab1,Patient Streaming / Triage,Patient Streaming / Triage,1,Insufficient data,,org_ce816d6f53154afe,ind_e7cd9b5804f1c518,Teaching Hospital,North East Region,2025/26,included,false,reporting_period_unverified,false,3,2,false,true,false,true,"[""intervention_632fc010cfcb05251edf""]"
cycle_8737e37b378cffbc5ab1,Technology & Digital Tools,Technology & Digital Tools,1,Insufficient data,,org_ce816d6f53154afe,ind_e7cd9b5804f1c518,Teaching Hospital,North East Region,2025/26,included,false,reporting_period_unverified,false,3,2,false,true,false,true,"[""intervention_9fa70af5bd73c981c56e""]"
cycle_871c7eebae7e08976d7a,Bed & Capacity Management,Bed & Capacity Management,1,Insufficient data,,org_ce816d6f53154afe,ind_ef4a9573ead4ee92,Teaching Hospital,North East Region,2024/25,included,false,insufficient first-cycle ED longitudinal coverage,false,2,2,false,true,false,false,"[""intervention_0a3fd2133d0fcd3c93d8""]"
cycle_871c7eebae7e08976d7a,Discharge & Transition Planning,Discharge & Transition Planning,1,Insufficient data,,org_ce816d6f53154afe,ind_ef4a9573ead4ee92,Teaching Hospital,North East Region,2024/25,included,false,insufficient first-cycle ED longitudinal coverage,false,2,2,false,true,false,false,"[""intervention_6a77ea498aefaefd27d4""]"
cycle_1f0a649d85419740583a,Discharge & Transition Planning,Discharge & Transition Planning,1,Insufficient data,,org_ce816d6f53154afe,ind_ef4a9573ead4ee92,Teaching Hospital,North East Region,2025/26,included,false,unit_unverified; population_unverified; reporting_period_unverified; historical_match_unavailable_or_ambiguous,false,2,1,false,true,false,true,"[""intervention_b40dfaee3e365f8d1495""]"
cycle_1f0a649d85419740583a,Other,Other,2,Insufficient data,,org_ce816d6f53154afe,ind_ef4a9573ead4ee92,Teaching Hospital,North East Region,2025/26,included,false,unit_unverified; population_unverified; reporting_period_unverified; historical_match_unavailable_or_ambiguous,false,2,1,false,true,false,true,"[""intervention_01be37408011a7c55d2a"",""intervention_4216b39628a6830a5138""]"
cycle_eaaede8959c254e250ac,Other,Other,4,Insufficient data,,org_cfbec29ce50fd551,ind_0e997b39ff0a2fd0,Small Hospital,North East Region,2025/26,needs_review,false,outside primary ED analysis scope,false,1,0,true,false,false,true,"[""intervention_1213c7490feb15648f6d"",""intervention_5b5106786c66c1923cc3"",""intervention_8826b906484bb28fac0b"",""intervention_bede25c037d21ee14bb0""]"
cycle_63c45bf5c6a4e040c059,Other,Other,3,Insufficient data,,org_cfbec29ce50fd551,ind_1de30eb2f316fbbe,Small Hospital,North East Region,2024/25,needs_review,false,outside primary ED analysis scope,false,1,0,true,false,false,true,"[""intervention_04ba83dd45afd51e671c"",""intervention_0f9261d4a06a7fa6f16a"",""intervention_b7403682e88e281bc5c8""]"
cycle_ce8c9bdff1c2e8f22c77,Other,Other,3,Insufficient data,,org_cfbec29ce50fd551,ind_2647c3cbd673c4ae,Small Hospital,North East Region,2024/25,needs_review,false,outside primary ED analysis scope,false,3,2,false,true,false,true,"[""intervention_291fe2d6a40969f2bfce"",""intervention_b41589c664fd0bfc080b"",""intervention_fef544c1b38d9403b063""]"
cycle_ce8c9bdff1c2e8f22c77,Technology & Digital Tools,Technology & Digital Tools,1,Insufficient data,,org_cfbec29ce50fd551,ind_2647c3cbd673c4ae,Small Hospital,North East Region,2024/25,needs_review,false,outside primary ED analysis scope,false,3,2,false,true,false,true,"[""intervention_490f0d121110a42dde4b""]"
cycle_ce8c9bdff1c2e8f22c77,Training & Education,Training & Education,1,Insufficient data,,org_cfbec29ce50fd551,ind_2647c3cbd673c4ae,Small Hospital,North East Region,2024/25,needs_review,false,outside primary ED analysis scope,false,3,2,false,true,false,true,"[""intervention_4872053af078197e4289""]"
cycle_52e2602ce7e148e31642,Discharge & Transition Planning,Discharge & Transition Planning,1,Insufficient data,,org_cfbec29ce50fd551,ind_3d9e334d18fb6cf5,Small Hospital,North East Region,2025/26,needs_review,false,outside primary ED analysis scope,false,2,1,false,true,false,true,"[""intervention_c9ea403ff06d285895da""]"
cycle_52e2602ce7e148e31642,Other,Other,1,Insufficient data,,org_cfbec29ce50fd551,ind_3d9e334d18fb6cf5,Small Hospital,North East Region,2025/26,needs_review,false,outside primary ED analysis scope,false,2,1,false,true,false,true,"[""intervention_ceecd7b49bd13d23d045""]"
cycle_d4dddbe22f223d14d57d,Other,Other,2,Insufficient data,,org_cfbec29ce50fd551,ind_74b5840fd203fdb3,Small Hospital,North East Region,2025/26,needs_review,false,outside primary ED analysis scope,false,1,0,true,false,false,true,"[""intervention_a62e04e5dc4093833d07"",""intervention_eff1fe5bd92da8a4d34f""]"
cycle_3541aa5ca4be9b2d4649,"Data, Measurement & Dashboards","Data, Measurement & Dashboards",2,Insufficient data,,org_cfbec29ce50fd551,ind_986a1de5f68fe9f9,Small Hospital,North East Region,2025/26,needs_review,false,outside primary ED analysis scope,false,1,1,true,false,true,false,"[""intervention_5af5f59dec6d11a41639"",""intervention_cc55af863a3456380fcb""]"
cycle_757a1530037e0f95db07,Other,Other,1,Insufficient data,,org_cfbec29ce50fd551,ind_992726f2bb66f28e,Small Hospital,North East Region,2025/26,needs_review,false,outside primary ED analysis scope,false,1,0,true,false,false,true,"[""intervention_e1d8b83c05ccd1c2492b""]"
cycle_94e79d4dc4c7cbc3355c,Staffing & Scheduling,Staffing & Scheduling,1,Insufficient data,,org_cfbec29ce50fd551,ind_aa119af6f4d25ccf,Small Hospital,North East Region,2025/26,needs_review,false,outside primary ED analysis scope,false,1,1,true,false,true,false,"[""intervention_6cf43c74babc270b4f6a""]"
cycle_97327925cbd4309fc197,Other,Other,3,Insufficient data,,org_cfbec29ce50fd551,ind_ab043aa50642e025,Small Hospital,North East Region,2025/26,needs_review,false,outside primary ED analysis scope,false,1,0,true,false,false,true,"[""intervention_29734ca5a371275c4441"",""intervention_774433fe9fbbc03e3528"",""intervention_e26bf76dc2840613794c""]"
cycle_d41a2736f74339ab78d0,Other,Other,1,Insufficient data,,org_cfbec29ce50fd551,ind_adc3d8deab11fe68,Small Hospital,North East Region,2025/26,needs_review,false,outside primary ED analysis scope,false,1,0,true,false,false,true,"[""intervention_0b64f8507c03db820c3e""]"
cycle_e747302cc2a69cbf5d9c,Other,Other,4,Insufficient data,,org_cfbec29ce50fd551,ind_c875a375f5cdb0e5,Small Hospital,North East Region,2025/26,needs_review,false,outside primary ED analysis scope,false,1,0,true,false,false,true,"[""intervention_08f2ffa0db6a3867f6a8"",""intervention_1e321cd9f504b934f7a3"",""intervention_c6cb2d880cbc768c31a5"",""intervention_c7e24ffff4c36dc29d0e""]"
cycle_a559697902da6a0fdbbe,Staffing & Scheduling,Staffing & Scheduling,2,Insufficient data,,org_cfbec29ce50fd551,ind_cd0a294f848fbf92,Small Hospital,North East Region,2024/25,needs_review,false,outside primary ED analysis scope,false,1,1,true,false,true,false,"[""intervention_359a914ab12134baf992"",""intervention_bab217a8086d5fe9ba0d""]"
cycle_e5d40b88b2f7444acb62,Other,Other,1,Insufficient data,,org_cfbec29ce50fd551,ind_ce77a2c6f3cb080a,Small Hospital,North East Region,2024/25,needs_review,false,outside primary ED analysis scope,false,1,0,true,false,false,true,"[""intervention_ae842c8bff7d4089e0e6""]"
cycle_896376251bef63568cea,Other,Other,3,Insufficient data,,org_cfbec29ce50fd551,ind_d1cb6e07b840ba9f,Small Hospital,North East Region,2025/26,needs_review,false,outside primary ED analysis scope,false,2,1,false,true,false,true,"[""intervention_1b8bb8b8302289988073"",""intervention_65b9f5c897c7846754ab"",""intervention_a0564fc05c75eec3a480""]"
cycle_896376251bef63568cea,Training & Education,Training & Education,2,Insufficient data,,org_cfbec29ce50fd551,ind_d1cb6e07b840ba9f,Small Hospital,North East Region,2025/26,needs_review,false,outside primary ED analysis scope,false,2,1,false,true,false,true,"[""intervention_20271ead9c37f7dfe0a4"",""intervention_e62879a415b06744b559""]"
cycle_49a60e3d3a8262ce8cbb,Other,Other,2,Insufficient data,,org_cfbec29ce50fd551,ind_e2749448feca2193,Small Hospital,North East Region,2024/25,needs_review,false,outside primary ED analysis scope,false,1,0,true,false,false,true,"[""intervention_74a3a20d18acb1cfb08d"",""intervention_8903ff6be6bf4dcd0dee""]"
cycle_eb34eb0e219c617568cb,Other,Other,1,Insufficient data,,org_cfbec29ce50fd551,ind_e8e2b78813a4ee0e,Small Hospital,North East Region,2024/25,needs_review,false,outside primary ED analysis scope,false,2,1,false,true,false,true,"[""intervention_20eb14c08af49ae9ddc3""]"
cycle_eb34eb0e219c617568cb,Staffing & Scheduling,Staffing & Scheduling,1,Insufficient data,,org_cfbec29ce50fd551,ind_e8e2b78813a4ee0e,Small Hospital,North East Region,2024/25,needs_review,false,outside primary ED analysis scope,false,2,1,false,true,false,true,"[""intervention_11c0d521d28405135cfd""]"
cycle_32add56e58390ae7055d,"Data, Measurement & Dashboards","Data, Measurement & Dashboards",1,Insufficient data,,org_cfbec29ce50fd551,ind_f2b32be079324e49,Small Hospital,North East Region,2024/25,needs_review,false,outside primary ED analysis scope,false,1,1,true,false,true,false,"[""intervention_28edb45693da96e9644b""]"
cycle_1258d3d33963f8427d21,Other,Other,2,Insufficient data,,org_d12131521737652f,ind_0646035afd9bba7c,Large Community Hospital,East Region,2024/25,excluded,false,outside primary ED analysis scope,false,2,1,false,true,false,true,"[""intervention_9012695772ae8da7583a"",""intervention_f9549bf3dfde0dfd74b0""]"
cycle_1258d3d33963f8427d21,Safety & Risk Prevention,Safety & Risk Prevention,1,Insufficient data,,org_d12131521737652f,ind_0646035afd9bba7c,Large Community Hospital,East Region,2024/25,excluded,false,outside primary ED analysis scope,false,2,1,false,true,false,true,"[""intervention_840a1d1868c1a6768e4e""]"
cycle_bf96781455542aa4e454,Safety & Risk Prevention,Safety & Risk Prevention,1,Insufficient data,,org_d12131521737652f,ind_37478f8fb5db2bb6,Large Community Hospital,East Region,2024/25,excluded,false,outside primary ED analysis scope,false,3,3,false,true,false,false,"[""intervention_52a70a90cd459e72e029""]"
cycle_bf96781455542aa4e454,Technology & Digital Tools,Technology & Digital Tools,1,Insufficient data,,org_d12131521737652f,ind_37478f8fb5db2bb6,Large Community Hospital,East Region,2024/25,excluded,false,outside primary ED analysis scope,false,3,3,false,true,false,false,"[""intervention_6ca7b53938517584991a""]"
cycle_bf96781455542aa4e454,Training & Education,Training & Education,2,Insufficient data,,org_d12131521737652f,ind_37478f8fb5db2bb6,Large Community Hospital,East Region,2024/25,excluded,false,outside primary ED analysis scope,false,3,3,false,true,false,false,"[""intervention_1ee12b85def67d88be7f"",""intervention_b6374fc3e0cec58709b1""]"
cycle_cba41d5b7dfe8d69f687,Technology & Digital Tools,Technology & Digital Tools,1,Insufficient data,,org_d12131521737652f,ind_37478f8fb5db2bb6,Large Community Hospital,East Region,2025/26,excluded,false,outside primary ED analysis scope,false,2,2,false,true,false,false,"[""intervention_ff5ea23937b6a8095599""]"
cycle_cba41d5b7dfe8d69f687,Training & Education,Training & Education,2,Insufficient data,,org_d12131521737652f,ind_37478f8fb5db2bb6,Large Community Hospital,East Region,2025/26,excluded,false,outside primary ED analysis scope,false,2,2,false,true,false,false,"[""intervention_29530ecf31fed86c75de"",""intervention_dc0df3678faea2e2173a""]"
cycle_571f8bcbea74a33840f6,Other,Other,1,Insufficient data,,org_d12131521737652f,ind_5314e24f5f6e6912,Large Community Hospital,East Region,2024/25,excluded,false,outside primary ED analysis scope,false,1,0,true,false,false,true,"[""intervention_1cbe3d16edbd872f6a98""]"
cycle_c930c812fa0476e784e3,"Data, Measurement & Dashboards","Data, Measurement & Dashboards",1,Insufficient data,,org_d12131521737652f,ind_5314e24f5f6e6912,Large Community Hospital,East Region,2025/26,excluded,false,outside primary ED analysis scope,false,2,2,false,true,false,false,"[""intervention_3c905eb450ecfae26980""]"
cycle_c930c812fa0476e784e3,Training & Education,Training & Education,2,Insufficient data,,org_d12131521737652f,ind_5314e24f5f6e6912,Large Community Hospital,East Region,2025/26,excluded,false,outside primary ED analysis scope,false,2,2,false,true,false,false,"[""intervention_2211045e41a3d009a253"",""intervention_7c3d549a9f02c32ecbe0""]"
cycle_6b3c2fc5aad014313b16,Discharge & Transition Planning,Discharge & Transition Planning,2,Insufficient data,,org_d12131521737652f,ind_67ee717abbe20a1b,Large Community Hospital,East Region,2024/25,excluded,false,outside primary ED analysis scope,false,1,1,true,false,true,false,"[""intervention_339ca43d1fd2a4381ff3"",""intervention_371e65d7e82089f135e5""]"
cycle_ab27f935e0139e4df862,Emergency Department Workflow,Emergency Department Workflow,1,Insufficient data,,org_d12131521737652f,ind_e7cd9b5804f1c518,Large Community Hospital,East Region,2025/26,included,false,reporting_period_unverified,false,2,2,false,true,false,false,"[""intervention_d52f4a63779d2cfa1632""]"
cycle_ab27f935e0139e4df862,Staffing & Scheduling,Staffing & Scheduling,1,Insufficient data,,org_d12131521737652f,ind_e7cd9b5804f1c518,Large Community Hospital,East Region,2025/26,included,false,reporting_period_unverified,false,2,2,false,true,false,false,"[""intervention_82bd7a178a4fc1d613f0""]"
cycle_f4fe51f82ae7ba053817,Training & Education,Training & Education,1,Insufficient data,,org_d12131521737652f,ind_ee70b593aad3e4f6,Large Community Hospital,East Region,2025/26,included,false,reporting_period_unverified,false,1,1,true,false,true,false,"[""intervention_3176e2638b502c62c9f7""]"
cycle_18efd8e3de6a09c8ee49,Admission & Transfer Process,Admission & Transfer Process,2,Insufficient data,,org_d12131521737652f,ind_ef4a9573ead4ee92,Large Community Hospital,East Region,2024/25,included,false,insufficient first-cycle ED longitudinal coverage,false,1,1,true,false,true,false,"[""intervention_16ad3866c31c37404fb3"",""intervention_e8e064cba7d2ea323c31""]"
cycle_bae2c6378ecfaa871d7a,Admission & Transfer Process,Admission & Transfer Process,1,Insufficient data,,org_d12131521737652f,ind_ef4a9573ead4ee92,Large Community Hospital,East Region,2025/26,included,false,unit_unverified; population_unverified; reporting_period_unverified; historical_match_unavailable_or_ambiguous,false,3,2,false,true,false,true,"[""intervention_03ed27d595f15b6a02f3""]"
cycle_bae2c6378ecfaa871d7a,Discharge & Transition Planning,Discharge & Transition Planning,2,Insufficient data,,org_d12131521737652f,ind_ef4a9573ead4ee92,Large Community Hospital,East Region,2025/26,included,false,unit_unverified; population_unverified; reporting_period_unverified; historical_match_unavailable_or_ambiguous,false,3,2,false,true,false,true,"[""intervention_8b4952821f4f21a4e57e"",""intervention_c42404f8c6794621fa77""]"
cycle_bae2c6378ecfaa871d7a,Other,Other,1,Insufficient data,,org_d12131521737652f,ind_ef4a9573ead4ee92,Large Community Hospital,East Region,2025/26,included,false,unit_unverified; population_unverified; reporting_period_unverified; historical_match_unavailable_or_ambiguous,false,3,2,false,true,false,true,"[""intervention_0be6ca03b65189b50d69""]"
cycle_9bed8db266769f20cbd9,Admission & Transfer Process,Admission & Transfer Process,1,Insufficient data,,org_d18cf9eb0363a76a,ind_1473113db2109179,Teaching Hospital,North West Region,2024/25,needs_review,false,outside primary ED analysis scope,false,1,1,true,false,true,false,"[""intervention_9965c58e092ec8f50736""]"
cycle_1d6e351ac4f8924fc926,Admission & Transfer Process,Admission & Transfer Process,2,Insufficient data,,org_d18cf9eb0363a76a,ind_15fc2820d344206c,Teaching Hospital,North West Region,2025/26,needs_review,false,outside primary ED analysis scope,false,4,3,false,true,false,true,"[""intervention_1f1afb9efcf718736b35"",""intervention_7f37245499a5a6af6f62""]"
cycle_1d6e351ac4f8924fc926,"Data, Measurement & Dashboards","Data, Measurement & Dashboards",1,Insufficient data,,org_d18cf9eb0363a76a,ind_15fc2820d344206c,Teaching Hospital,North West Region,2025/26,needs_review,false,outside primary ED analysis scope,false,4,3,false,true,false,true,"[""intervention_a61c8a0771f3106b5814""]"
cycle_1d6e351ac4f8924fc926,Other,Other,1,Insufficient data,,org_d18cf9eb0363a76a,ind_15fc2820d344206c,Teaching Hospital,North West Region,2025/26,needs_review,false,outside primary ED analysis scope,false,4,3,false,true,false,true,"[""intervention_5d56b3b342187d584da7""]"
cycle_1d6e351ac4f8924fc926,Training & Education,Training & Education,1,Insufficient data,,org_d18cf9eb0363a76a,ind_15fc2820d344206c,Teaching Hospital,North West Region,2025/26,needs_review,false,outside primary ED analysis scope,false,4,3,false,true,false,true,"[""intervention_80827ac23eebe38ec312""]"
cycle_14885a2a19da90fa5284,Training & Education,Training & Education,1,Insufficient data,,org_d18cf9eb0363a76a,ind_5314e24f5f6e6912,Teaching Hospital,North West Region,2024/25,excluded,false,outside primary ED analysis scope,false,1,1,true,false,true,false,"[""intervention_f60e0a07449901fefc5c""]"
cycle_cfab55b7585fe203412e,Training & Education,Training & Education,1,Insufficient data,,org_d18cf9eb0363a76a,ind_5314e24f5f6e6912,Teaching Hospital,North West Region,2025/26,excluded,false,outside primary ED analysis scope,false,1,1,true,false,true,false,"[""intervention_ec005619a182b86a154c""]"
cycle_e8947601116c49464356,Discharge & Transition Planning,Discharge & Transition Planning,1,Insufficient data,,org_d18cf9eb0363a76a,ind_67ee717abbe20a1b,Teaching Hospital,North West Region,2024/25,excluded,false,outside primary ED analysis scope,false,1,1,true,false,true,false,"[""intervention_344293b87d2f1532a602""]"
cycle_e555c21ef799dae5e785,Discharge & Transition Planning,Discharge & Transition Planning,1,Insufficient data,,org_d18cf9eb0363a76a,ind_67ee717abbe20a1b,Teaching Hospital,North West Region,2025/26,excluded,false,outside primary ED analysis scope,false,1,1,true,false,true,false,"[""intervention_709c04d0c558b989b33b""]"
cycle_974a422a49e746400a1b,Admission & Transfer Process,Admission & Transfer Process,1,Insufficient data,,org_d18cf9eb0363a76a,ind_ef4a9573ead4ee92,Teaching Hospital,North West Region,2024/25,included,false,insufficient first-cycle ED longitudinal coverage,false,1,1,true,false,true,false,"[""intervention_65fddbf32d53ba5cf8ff""]"
cycle_a4baf906d64e9add7b61,Admission & Transfer Process,Admission & Transfer Process,1,Insufficient data,,org_d18cf9eb0363a76a,ind_ef4a9573ead4ee92,Teaching Hospital,North West Region,2025/26,included,false,unit_unverified; population_unverified; reporting_period_unverified; historical_match_unavailable_or_ambiguous,false,1,1,true,false,true,false,"[""intervention_94b935fb4983e98de457""]"
cycle_1b22913a838d074e6950,Other,Other,1,Insufficient data,,org_d2bd570a3d6ca469,ind_048830ec5f2ce1db,Teaching Hospital,East Region,2025/26,needs_review,false,outside primary ED analysis scope,false,1,0,true,false,false,true,"[""intervention_d26c1724d4e2de272d44""]"
cycle_b639b4e97e5bab352477,Patient Streaming / Triage,Patient Streaming / Triage,1,Insufficient data,,org_d2bd570a3d6ca469,ind_06590f50f65eac7e,Teaching Hospital,East Region,2024/25,included,false,insufficient first-cycle ED longitudinal coverage,false,1,1,true,false,true,false,"[""intervention_46d4878dccd2597026c7""]"
cycle_9cfa84aedca38ff1e953,Other,Other,3,Insufficient data,,org_d2bd570a3d6ca469,ind_2f8249e729c91368,Teaching Hospital,East Region,2024/25,needs_review,false,outside primary ED analysis scope,false,1,0,true,false,false,true,"[""intervention_29c84512305cd7179f24"",""intervention_84cbcfa1757e4a75b97d"",""intervention_da5fd84fdfefc38d14bd""]"
cycle_7b7e97241ab3e97f8057,Training & Education,Training & Education,1,Insufficient data,,org_d2bd570a3d6ca469,ind_30ff1ddb12cf025a,Teaching Hospital,East Region,2025/26,needs_review,false,outside primary ED analysis scope,false,1,1,true,false,true,false,"[""intervention_a12e55514a6d9a68f077""]"
cycle_2bb63e44cbbbe66f10f3,Other,Other,1,Insufficient data,,org_d2bd570a3d6ca469,ind_3359c3fc4d5a07fc,Teaching Hospital,East Region,2024/25,needs_review,false,outside primary ED analysis scope,false,1,0,true,false,false,true,"[""intervention_5b2b6890062bcda9bd5c""]"
cycle_fcf6d7eb6f259e9168f7,Discharge & Transition Planning,Discharge & Transition Planning,2,Insufficient data,,org_d2bd570a3d6ca469,ind_67ee717abbe20a1b,Teaching Hospital,East Region,2025/26,excluded,false,outside primary ED analysis scope,false,1,1,true,false,true,false,"[""intervention_98e633bb263a322297fd"",""intervention_eb112c61483bf5651c7c""]"
cycle_80df55aa0ca870a14f9a,Other,Other,2,Insufficient data,,org_d2bd570a3d6ca469,ind_7a180c2de68cfd9c,Teaching Hospital,East Region,2025/26,needs_review,false,outside primary ED analysis scope,false,2,1,false,true,false,true,"[""intervention_19dd5d4e2451e7e359c2"",""intervention_454c56b2cabfc21eec3d""]"
cycle_80df55aa0ca870a14f9a,Training & Education,Training & Education,1,Insufficient data,,org_d2bd570a3d6ca469,ind_7a180c2de68cfd9c,Teaching Hospital,East Region,2025/26,needs_review,false,outside primary ED analysis scope,false,2,1,false,true,false,true,"[""intervention_f57898a3308ac8995190""]"
cycle_a93f1a9ce16a2cb425af,Other,Other,1,Insufficient data,,org_d2bd570a3d6ca469,ind_7cec6e2a5d9001b3,Teaching Hospital,East Region,2024/25,needs_review,false,outside primary ED analysis scope,false,3,2,false,true,false,true,"[""intervention_a1cd245631a1a1ff8222""]"
cycle_a93f1a9ce16a2cb425af,Safety & Risk Prevention,Safety & Risk Prevention,1,Insufficient data,,org_d2bd570a3d6ca469,ind_7cec6e2a5d9001b3,Teaching Hospital,East Region,2024/25,needs_review,false,outside primary ED analysis scope,false,3,2,false,true,false,true,"[""intervention_8b279faf8b7c61ab4c28""]"
cycle_a93f1a9ce16a2cb425af,Training & Education,Training & Education,1,Insufficient data,,org_d2bd570a3d6ca469,ind_7cec6e2a5d9001b3,Teaching Hospital,East Region,2024/25,needs_review,false,outside primary ED analysis scope,false,3,2,false,true,false,true,"[""intervention_4ce6526b11812252f8d9""]"
cycle_11197bc9d9978976acb6,Technology & Digital Tools,Technology & Digital Tools,1,Insufficient data,,org_d2bd570a3d6ca469,ind_a60122ef0f7957f3,Teaching Hospital,East Region,2025/26,needs_review,false,outside primary ED analysis scope,false,1,1,true,false,true,false,"[""intervention_7b9ca91e46a4c2ed04f5""]"
cycle_b9f2ac6e21278be0762b,Other,Other,1,Insufficient data,,org_d2bd570a3d6ca469,ind_b6616275d86951ea,Teaching Hospital,East Region,2024/25,needs_review,false,outside primary ED analysis scope,false,1,0,true,false,false,true,"[""intervention_940277730d45e7f2c72f""]"
cycle_662c18fccff47a1439e7,Other,Other,1,Insufficient data,,org_d2bd570a3d6ca469,ind_c0be750e873b5c43,Teaching Hospital,East Region,2024/25,needs_review,false,outside primary ED analysis scope,false,1,0,true,false,false,true,"[""intervention_bb234b1105760b3081f4""]"
cycle_7cf2210fbb4807714a00,Other,Other,2,Insufficient data,,org_d2bd570a3d6ca469,ind_c0d55e54aada8100,Teaching Hospital,East Region,2024/25,needs_review,false,outside primary ED analysis scope,false,1,0,true,false,false,true,"[""intervention_d153a874fe4693679ea8"",""intervention_fee01c902e3aa9bce537""]"
cycle_cd48bd61bbb3c8b95929,Other,Other,2,Insufficient data,,org_d2bd570a3d6ca469,ind_cd57992e4ca687e8,Teaching Hospital,East Region,2024/25,needs_review,false,outside primary ED analysis scope,false,2,1,false,true,false,true,"[""intervention_6ff0a79b152da01b924d"",""intervention_f6ca9c0317c4376afb72""]"
cycle_cd48bd61bbb3c8b95929,Policy / Standardization,Policy / Standardization,1,Insufficient data,,org_d2bd570a3d6ca469,ind_cd57992e4ca687e8,Teaching Hospital,East Region,2024/25,needs_review,false,outside primary ED analysis scope,false,2,1,false,true,false,true,"[""intervention_eb34a04e8bfece28aef0""]"
cycle_66b0fb49ff582f370d36,Discharge & Transition Planning,Discharge & Transition Planning,1,Insufficient data,,org_d2bd570a3d6ca469,ind_cf476acd9c65ce35,Teaching Hospital,East Region,2025/26,needs_review,false,outside primary ED analysis scope,false,3,2,false,true,false,true,"[""intervention_a87b2f3da7f429c6c3a5""]"
cycle_66b0fb49ff582f370d36,Other,Other,2,Insufficient data,,org_d2bd570a3d6ca469,ind_cf476acd9c65ce35,Teaching Hospital,East Region,2025/26,needs_review,false,outside primary ED analysis scope,false,3,2,false,true,false,true,"[""intervention_a6b53e18a5c5c147a55b"",""intervention_eebf5069a646a7141650""]"
cycle_66b0fb49ff582f370d36,Surge Management,Surge Management,1,Insufficient data,,org_d2bd570a3d6ca469,ind_cf476acd9c65ce35,Teaching Hospital,East Region,2025/26,needs_review,false,outside primary ED analysis scope,false,3,2,false,true,false,true,"[""intervention_1c9f65ad13fcd386a959""]"
cycle_b5bf3a792b3a8470565c,Other,Other,1,Insufficient data,,org_d2bd570a3d6ca469,ind_e7cd9b5804f1c518,Teaching Hospital,East Region,2025/26,included,false,reporting_period_unverified,false,1,0,true,false,false,true,"[""intervention_0bfeb01ee89e1590ee7e""]"
cycle_beadffeb5c7c855fc956,Care Coordination & Communication,Care Coordination & Communication,1,Insufficient data,,org_d3073a9c030e8208,ind_3232d0d99901df9a,Chronic/Rehab Hospital,North West Region,2024/25,needs_review,false,outside primary ED analysis scope,false,1,1,true,false,true,false,"[""intervention_b6bd158276fa1bc21928""]"
cycle_6536311ac5552ab35f50,Training & Education,Training & Education,1,Insufficient data,,org_d3073a9c030e8208,ind_33025e70228c6176,Chronic/Rehab Hospital,North West Region,2025/26,needs_review,false,outside primary ED analysis scope,false,1,1,true,false,true,false,"[""intervention_ad5687ab208459546b7a""]"
cycle_df69c08125df95249dd7,Training & Education,Training & Education,1,Insufficient data,,org_d3073a9c030e8208,ind_532a39e3ccdd6fd0,Chronic/Rehab Hospital,North West Region,2024/25,needs_review,false,outside primary ED analysis scope,false,1,1,true,false,true,false,"[""intervention_758976b0e1e3c7b27ace""]"
cycle_752009d47b96a7fd68fe,Discharge & Transition Planning,Discharge & Transition Planning,4,Insufficient data,,org_d3073a9c030e8208,ind_570dcd5baf5a4df0,Chronic/Rehab Hospital,North West Region,2025/26,needs_review,false,outside primary ED analysis scope,false,3,2,false,true,false,true,"[""intervention_07df86c4888313be53a6"",""intervention_92925f712eb89a84de90"",""intervention_bbd18d876092838a75f1"",""intervention_ff2057cd744c536d514b""]"
cycle_752009d47b96a7fd68fe,Other,Other,1,Insufficient data,,org_d3073a9c030e8208,ind_570dcd5baf5a4df0,Chronic/Rehab Hospital,North West Region,2025/26,needs_review,false,outside primary ED analysis scope,false,3,2,false,true,false,true,"[""intervention_5e369d966c060e5f299f""]"
cycle_752009d47b96a7fd68fe,Training & Education,Training & Education,1,Insufficient data,,org_d3073a9c030e8208,ind_570dcd5baf5a4df0,Chronic/Rehab Hospital,North West Region,2025/26,needs_review,false,outside primary ED analysis scope,false,3,2,false,true,false,true,"[""intervention_bbca87c012b2cd2c44d0""]"
cycle_82a2dfe27c5f4f370c09,Admission & Transfer Process,Admission & Transfer Process,1,Insufficient data,,org_d3073a9c030e8208,ind_60257f316aa0832b,Chronic/Rehab Hospital,North West Region,2025/26,needs_review,false,outside primary ED analysis scope,false,1,1,true,false,true,false,"[""intervention_8509401baafe722b07b4""]"
cycle_9d15790d3f70700a226a,Admission & Transfer Process,Admission & Transfer Process,1,Insufficient data,,org_d3073a9c030e8208,ind_64124c1c52a26d14,Chronic/Rehab Hospital,North West Region,2024/25,needs_review,false,outside primary ED analysis scope,false,2,2,false,true,false,false,"[""intervention_dee863192510c51e0782""]"
cycle_9d15790d3f70700a226a,Policy / Standardization,Policy / Standardization,1,Insufficient data,,org_d3073a9c030e8208,ind_64124c1c52a26d14,Chronic/Rehab Hospital,North West Region,2024/25,needs_review,false,outside primary ED analysis scope,false,2,2,false,true,false,false,"[""intervention_9aa8873ca345424766c9""]"
cycle_3070ad6954d58a53d077,Training & Education,Training & Education,1,Insufficient data,,org_d3073a9c030e8208,ind_7aee4c5086d40e8d,Chronic/Rehab Hospital,North West Region,2025/26,needs_review,false,outside primary ED analysis scope,false,1,1,true,false,true,false,"[""intervention_d82a33839601515d825d""]"
cycle_f837bc2313d96c4a769b,Discharge & Transition Planning,Discharge & Transition Planning,1,Insufficient data,,org_d3073a9c030e8208,ind_8868923bcfa26d91,Chronic/Rehab Hospital,North West Region,2025/26,needs_review,false,outside primary ED analysis scope,false,1,1,true,false,true,false,"[""intervention_bde4a323aa53d03c6b11""]"
cycle_5691ccd3b450909b1746,Policy / Standardization,Policy / Standardization,1,Insufficient data,,org_d3073a9c030e8208,ind_93cd7d4a2f10d17c,Chronic/Rehab Hospital,North West Region,2024/25,needs_review,false,outside primary ED analysis scope,false,1,1,true,false,true,false,"[""intervention_1c1ac58514b97ec64fcc""]"
cycle_bef11d1e4d64eda816d1,Training & Education,Training & Education,1,Insufficient data,,org_d3073a9c030e8208,ind_a2e3499d8fbd9367,Chronic/Rehab Hospital,North West Region,2024/25,needs_review,false,outside primary ED analysis scope,false,1,1,true,false,true,false,"[""intervention_a1d8348b52fe8be2b1ca""]"
cycle_810dd8827284d13d7ae7,Care Coordination & Communication,Care Coordination & Communication,1,Insufficient data,,org_d3073a9c030e8208,ind_a47a0457419a8c9f,Chronic/Rehab Hospital,North West Region,2024/25,needs_review,false,outside primary ED analysis scope,false,1,1,true,false,true,false,"[""intervention_634e1928a5e4153460e6""]"
cycle_4054fd477916c2562a29,Admission & Transfer Process,Admission & Transfer Process,1,Insufficient data,,org_d3073a9c030e8208,ind_aa8caea5d073fa1a,Chronic/Rehab Hospital,North West Region,2025/26,needs_review,false,outside primary ED analysis scope,false,1,1,true,false,true,false,"[""intervention_42429007b9c8d42651e3""]"
cycle_9ccfe59781426c31e34b,Discharge & Transition Planning,Discharge & Transition Planning,2,Insufficient data,,org_d3073a9c030e8208,ind_b470b55efbc3a11d,Chronic/Rehab Hospital,North West Region,2025/26,needs_review,false,outside primary ED analysis scope,false,2,1,false,true,false,true,"[""intervention_537c9712f52b632dc5f0"",""intervention_ae09020c2827cf19611c""]"
cycle_9ccfe59781426c31e34b,Other,Other,1,Insufficient data,,org_d3073a9c030e8208,ind_b470b55efbc3a11d,Chronic/Rehab Hospital,North West Region,2025/26,needs_review,false,outside primary ED analysis scope,false,2,1,false,true,false,true,"[""intervention_791a5db793dc1acc6d7d""]"
cycle_d261c4ee7c2cc03bfce3,Discharge & Transition Planning,Discharge & Transition Planning,1,Insufficient data,,org_d3073a9c030e8208,ind_c6220b132f4fe867,Chronic/Rehab Hospital,North West Region,2024/25,needs_review,false,outside primary ED analysis scope,false,1,1,true,false,true,false,"[""intervention_6e45506528bf734a0354""]"
cycle_7e55b6ad5a87a28cb552,Discharge & Transition Planning,Discharge & Transition Planning,1,Insufficient data,,org_d3073a9c030e8208,ind_d686c151f23c6029,Chronic/Rehab Hospital,North West Region,2025/26,needs_review,false,outside primary ED analysis scope,false,1,1,true,false,true,false,"[""intervention_ff8643b66f1bfa3df039""]"
cycle_ac7e3de078a680e99f1b,Admission & Transfer Process,Admission & Transfer Process,1,Insufficient data,,org_d3073a9c030e8208,ind_d80bbef2b3221098,Chronic/Rehab Hospital,North West Region,2025/26,needs_review,false,outside primary ED analysis scope,false,3,2,false,true,false,true,"[""intervention_8bc2ff4ca3e11e787d3a""]"
cycle_ac7e3de078a680e99f1b,Discharge & Transition Planning,Discharge & Transition Planning,1,Insufficient data,,org_d3073a9c030e8208,ind_d80bbef2b3221098,Chronic/Rehab Hospital,North West Region,2025/26,needs_review,false,outside primary ED analysis scope,false,3,2,false,true,false,true,"[""intervention_257d6157f1063bd75587""]"
cycle_ac7e3de078a680e99f1b,Other,Other,2,Insufficient data,,org_d3073a9c030e8208,ind_d80bbef2b3221098,Chronic/Rehab Hospital,North West Region,2025/26,needs_review,false,outside primary ED analysis scope,false,3,2,false,true,false,true,"[""intervention_19540426ac185a75f4ff"",""intervention_43755f9e032f2125496a""]"
cycle_1cf6b9c668deb02a1da6,Care Coordination & Communication,Care Coordination & Communication,2,Insufficient data,,org_d3073a9c030e8208,ind_e192cc102187bd02,Chronic/Rehab Hospital,North West Region,2024/25,needs_review,false,outside primary ED analysis scope,false,1,1,true,false,true,false,"[""intervention_5c8cd70f02913c96e394"",""intervention_66ae6d58d422b9c2b7a7""]"
cycle_891991b509bf1a7332f7,Discharge & Transition Planning,Discharge & Transition Planning,2,Insufficient data,,org_d3073a9c030e8208,ind_eaf99c3144515eb3,Chronic/Rehab Hospital,North West Region,2024/25,needs_review,false,outside primary ED analysis scope,false,1,1,true,false,true,false,"[""intervention_8b5140c595de1caba5c2"",""intervention_ad9d9fc241345c31d72c""]"
cycle_5b1d9f91d9f34aa27826,"Data, Measurement & Dashboards","Data, Measurement & Dashboards",1,Insufficient data,,org_d33ca5af70454463,ind_3fdbfa1beb8cd349,Small Hospital,West Region,2024/25,needs_review,false,outside primary ED analysis scope,false,5,4,false,true,false,true,"[""intervention_3f877d6e1574a69480cb""]"
cycle_5b1d9f91d9f34aa27826,Other,Other,1,Insufficient data,,org_d33ca5af70454463,ind_3fdbfa1beb8cd349,Small Hospital,West Region,2024/25,needs_review,false,outside primary ED analysis scope,false,5,4,false,true,false,true,"[""intervention_f9342f3f791baeabb589""]"
cycle_5b1d9f91d9f34aa27826,Patient Streaming / Triage,Patient Streaming / Triage,1,Insufficient data,,org_d33ca5af70454463,ind_3fdbfa1beb8cd349,Small Hospital,West Region,2024/25,needs_review,false,outside primary ED analysis scope,false,5,4,false,true,false,true,"[""intervention_e72cacecdb104cccfaea""]"
cycle_5b1d9f91d9f34aa27826,Surge Management,Surge Management,1,Insufficient data,,org_d33ca5af70454463,ind_3fdbfa1beb8cd349,Small Hospital,West Region,2024/25,needs_review,false,outside primary ED analysis scope,false,5,4,false,true,false,true,"[""intervention_414609912426e9a7fd29""]"
cycle_5b1d9f91d9f34aa27826,Training & Education,Training & Education,1,Insufficient data,,org_d33ca5af70454463,ind_3fdbfa1beb8cd349,Small Hospital,West Region,2024/25,needs_review,false,outside primary ED analysis scope,false,5,4,false,true,false,true,"[""intervention_981b70b65a4d38d6923a""]"
cycle_34a6531ab4a1de1d81c8,Other,Other,1,Insufficient data,,org_d33ca5af70454463,ind_5314e24f5f6e6912,Small Hospital,West Region,2024/25,excluded,false,outside primary ED analysis scope,false,2,1,false,true,false,true,"[""intervention_32e365e61c728379903c""]"
cycle_34a6531ab4a1de1d81c8,Training & Education,Training & Education,3,Insufficient data,,org_d33ca5af70454463,ind_5314e24f5f6e6912,Small Hospital,West Region,2024/25,excluded,false,outside primary ED analysis scope,false,2,1,false,true,false,true,"[""intervention_5858cd51257165c46ed6"",""intervention_5f2aa39bd3412884cedd"",""intervention_bc8bf44fe712d88dc965""]"
cycle_f3c33eb20b1101668469,"Data, Measurement & Dashboards","Data, Measurement & Dashboards",1,Insufficient data,,org_d33ca5af70454463,ind_5314e24f5f6e6912,Small Hospital,West Region,2025/26,excluded,false,outside primary ED analysis scope,false,3,3,false,true,false,false,"[""intervention_4157b0d04fcd09c3376b""]"
cycle_f3c33eb20b1101668469,Policy / Standardization,Policy / Standardization,1,Insufficient data,,org_d33ca5af70454463,ind_5314e24f5f6e6912,Small Hospital,West Region,2025/26,excluded,false,outside primary ED analysis scope,false,3,3,false,true,false,false,"[""intervention_bdd7a67289bc000ef8aa""]"
cycle_f3c33eb20b1101668469,Training & Education,Training & Education,2,Insufficient data,,org_d33ca5af70454463,ind_5314e24f5f6e6912,Small Hospital,West Region,2025/26,excluded,false,outside primary ED analysis scope,false,3,3,false,true,false,false,"[""intervention_25a27f545b44b3586e52"",""intervention_734aa33f02b754a0069f""]"
cycle_3be8068985788ea5da43,"Data, Measurement & Dashboards","Data, Measurement & Dashboards",1,Insufficient data,,org_d33ca5af70454463,ind_67ee717abbe20a1b,Small Hospital,West Region,2024/25,excluded,false,outside primary ED analysis scope,false,3,2,false,true,false,true,"[""intervention_b7e03a8d72fd0d32315d""]"
cycle_3be8068985788ea5da43,Discharge & Transition Planning,Discharge & Transition Planning,1,Insufficient data,,org_d33ca5af70454463,ind_67ee717abbe20a1b,Small Hospital,West Region,2024/25,excluded,false,outside primary ED analysis scope,false,3,2,false,true,false,true,"[""intervention_b672ca9069396470110b""]"
cycle_3be8068985788ea5da43,Other,Other,1,Insufficient data,,org_d33ca5af70454463,ind_67ee717abbe20a1b,Small Hospital,West Region,2024/25,excluded,false,outside primary ED analysis scope,false,3,2,false,true,false,true,"[""intervention_76e195f199eee5bfe254""]"
cycle_f95864910720e3390bd0,"Data, Measurement & Dashboards","Data, Measurement & Dashboards",1,Insufficient data,,org_d33ca5af70454463,ind_67ee717abbe20a1b,Small Hospital,West Region,2025/26,excluded,false,outside primary ED analysis scope,false,3,2,false,true,false,true,"[""intervention_37a81dd4612190da83b0""]"
cycle_f95864910720e3390bd0,Other,Other,1,Insufficient data,,org_d33ca5af70454463,ind_67ee717abbe20a1b,Small Hospital,West Region,2025/26,excluded,false,outside primary ED analysis scope,false,3,2,false,true,false,true,"[""intervention_58f7e71da36614b2994b""]"
cycle_f95864910720e3390bd0,Training & Education,Training & Education,1,Insufficient data,,org_d33ca5af70454463,ind_67ee717abbe20a1b,Small Hospital,West Region,2025/26,excluded,false,outside primary ED analysis scope,false,3,2,false,true,false,true,"[""intervention_db73df45f65015610a78""]"
cycle_a4e2181c78472c40c8d6,"Data, Measurement & Dashboards","Data, Measurement & Dashboards",2,Insufficient data,,org_d33ca5af70454463,ind_a8f6cca5fe8befdf,Small Hospital,West Region,2025/26,excluded,false,outside primary ED analysis scope,false,3,2,false,true,false,true,"[""intervention_3398b391b9ec375d51f4"",""intervention_c2e894a7197ed9c3bbe1""]"
cycle_a4e2181c78472c40c8d6,Other,Other,1,Insufficient data,,org_d33ca5af70454463,ind_a8f6cca5fe8befdf,Small Hospital,West Region,2025/26,excluded,false,outside primary ED analysis scope,false,3,2,false,true,false,true,"[""intervention_18461d041ea8a43acc7c""]"
cycle_a4e2181c78472c40c8d6,Training & Education,Training & Education,1,Insufficient data,,org_d33ca5af70454463,ind_a8f6cca5fe8befdf,Small Hospital,West Region,2025/26,excluded,false,outside primary ED analysis scope,false,3,2,false,true,false,true,"[""intervention_8a1651ce7d29b28e0d7d""]"
cycle_d8e1f142e38fcd2949e8,"Data, Measurement & Dashboards","Data, Measurement & Dashboards",2,Insufficient data,,org_d33ca5af70454463,ind_e2314d132101eaa8,Small Hospital,West Region,2024/25,needs_review,false,outside primary ED analysis scope,false,3,2,false,true,false,true,"[""intervention_462e6afac28625e2cd4c"",""intervention_51bf95d560b360e348af""]"
cycle_d8e1f142e38fcd2949e8,Other,Other,1,Insufficient data,,org_d33ca5af70454463,ind_e2314d132101eaa8,Small Hospital,West Region,2024/25,needs_review,false,outside primary ED analysis scope,false,3,2,false,true,false,true,"[""intervention_f30c64e4f2703f9efdb6""]"
cycle_d8e1f142e38fcd2949e8,Policy / Standardization,Policy / Standardization,1,Insufficient data,,org_d33ca5af70454463,ind_e2314d132101eaa8,Small Hospital,West Region,2024/25,needs_review,false,outside primary ED analysis scope,false,3,2,false,true,false,true,"[""intervention_9c9878fca0fd2197bad7""]"
cycle_a607919bd682e37fe966,Emergency Department Workflow,Emergency Department Workflow,2,Insufficient data,,org_d33ca5af70454463,ind_e7cd9b5804f1c518,Small Hospital,West Region,2025/26,included,false,reporting_period_unverified,false,3,3,false,true,false,false,"[""intervention_285d0e802c85d279b24e"",""intervention_a6b201277313e275222e""]"
cycle_a607919bd682e37fe966,Technology & Digital Tools,Technology & Digital Tools,1,Insufficient data,,org_d33ca5af70454463,ind_e7cd9b5804f1c518,Small Hospital,West Region,2025/26,included,false,reporting_period_unverified,false,3,3,false,true,false,false,"[""intervention_cac01fc91a83fa3f9d33""]"
cycle_a607919bd682e37fe966,Training & Education,Training & Education,1,Insufficient data,,org_d33ca5af70454463,ind_e7cd9b5804f1c518,Small Hospital,West Region,2025/26,included,false,reporting_period_unverified,false,3,3,false,true,false,false,"[""intervention_d4febe607be739693bb4""]"
cycle_c7b8b62b844f95a58a0a,"Data, Measurement & Dashboards","Data, Measurement & Dashboards",1,Insufficient data,,org_d4f8b551b6ae70ef,ind_37478f8fb5db2bb6,Large Community Hospital,Central Region,2025/26,excluded,false,outside primary ED analysis scope,false,2,2,false,true,false,false,"[""intervention_d523e39a4713ee9f949d""]"
cycle_c7b8b62b844f95a58a0a,Training & Education,Training & Education,2,Insufficient data,,org_d4f8b551b6ae70ef,ind_37478f8fb5db2bb6,Large Community Hospital,Central Region,2025/26,excluded,false,outside primary ED analysis scope,false,2,2,false,true,false,false,"[""intervention_a4d2ed7d05af4d52766f"",""intervention_b62985ac4a751836dcfd""]"
cycle_5d93c338c0109936820b,Care Coordination & Communication,Care Coordination & Communication,1,Insufficient data,,org_d4f8b551b6ae70ef,ind_3bce33376ccdc6e3,Large Community Hospital,Central Region,2024/25,needs_review,false,outside primary ED analysis scope,false,2,2,false,true,false,false,"[""intervention_3d42f55b9766fa262593""]"
cycle_5d93c338c0109936820b,Discharge & Transition Planning,Discharge & Transition Planning,4,Insufficient data,,org_d4f8b551b6ae70ef,ind_3bce33376ccdc6e3,Large Community Hospital,Central Region,2024/25,needs_review,false,outside primary ED analysis scope,false,2,2,false,true,false,false,"[""intervention_2066a634d209ec550bda"",""intervention_2a8dc7dc1e849c587124"",""intervention_2cab65a97652a7b72381"",""intervention_706a70969b6f7416bcdf""]"
cycle_670d69e5a9f9e74ba7b7,Training & Education,Training & Education,2,Insufficient data,,org_d4f8b551b6ae70ef,ind_5314e24f5f6e6912,Large Community Hospital,Central Region,2025/26,excluded,false,outside primary ED analysis scope,false,1,1,true,false,true,false,"[""intervention_7c2fbb1df22e98bdf801"",""intervention_e8fc8e816c2e225e7a1f""]"
cycle_32ab8def1f0b9f03f4cc,"Data, Measurement & Dashboards","Data, Measurement & Dashboards",1,Insufficient data,,org_d4f8b551b6ae70ef,ind_5674d5816948251b,Large Community Hospital,Central Region,2025/26,needs_review,false,outside primary ED analysis scope,false,2,2,false,true,false,false,"[""intervention_129d7fbc992b39836721""]"
cycle_32ab8def1f0b9f03f4cc,Policy / Standardization,Policy / Standardization,1,Insufficient data,,org_d4f8b551b6ae70ef,ind_5674d5816948251b,Large Community Hospital,Central Region,2025/26,needs_review,false,outside primary ED analysis scope,false,2,2,false,true,false,false,"[""intervention_39d5ca6764600c0b23f2""]"
cycle_5d49077762d54c0f5805,Other,Other,1,Insufficient data,,org_d4f8b551b6ae70ef,ind_66ab921f18da10ed,Large Community Hospital,Central Region,2024/25,needs_review,false,outside primary ED analysis scope,false,2,1,false,true,false,true,"[""intervention_e9beb2ecb494433e22f7""]"
cycle_5d49077762d54c0f5805,Training & Education,Training & Education,1,Insufficient data,,org_d4f8b551b6ae70ef,ind_66ab921f18da10ed,Large Community Hospital,Central Region,2024/25,needs_review,false,outside primary ED analysis scope,false,2,1,false,true,false,true,"[""intervention_5c8eaf02e0de43a0a274""]"
cycle_eded25cf889114bbd80f,Other,Other,3,Insufficient data,,org_d4f8b551b6ae70ef,ind_9ef04319deca0376,Large Community Hospital,Central Region,2024/25,needs_review,false,outside primary ED analysis scope,false,2,1,false,true,false,true,"[""intervention_3fc5d5ba9a3519944250"",""intervention_976113df40f7e3d8f1cd"",""intervention_e194e52613ce7ad46f82""]"
cycle_eded25cf889114bbd80f,Training & Education,Training & Education,2,Insufficient data,,org_d4f8b551b6ae70ef,ind_9ef04319deca0376,Large Community Hospital,Central Region,2024/25,needs_review,false,outside primary ED analysis scope,false,2,1,false,true,false,true,"[""intervention_7617f2cc5a5940b0ad4b"",""intervention_b9612ef05ab0e9e36cce""]"
cycle_7755ece9970149b3dfad,Other,Other,1,Insufficient data,,org_d4f8b551b6ae70ef,ind_a8f6cca5fe8befdf,Large Community Hospital,Central Region,2025/26,excluded,false,outside primary ED analysis scope,false,2,1,false,true,false,true,"[""intervention_49a11435ec21902eca6d""]"
cycle_7755ece9970149b3dfad,Training & Education,Training & Education,1,Insufficient data,,org_d4f8b551b6ae70ef,ind_a8f6cca5fe8befdf,Large Community Hospital,Central Region,2025/26,excluded,false,outside primary ED analysis scope,false,2,1,false,true,false,true,"[""intervention_4e873bfcf3529a0eedaf""]"
cycle_844d396543adc5ad1c5c,Admission & Transfer Process,Admission & Transfer Process,1,Insufficient data,,org_d4f8b551b6ae70ef,ind_e2138ecc85596dfa,Large Community Hospital,Central Region,2025/26,needs_review,false,outside primary ED analysis scope,false,2,2,false,true,false,false,"[""intervention_fe0d5d693ddeba0d6617""]"
cycle_844d396543adc5ad1c5c,Training & Education,Training & Education,1,Insufficient data,,org_d4f8b551b6ae70ef,ind_e2138ecc85596dfa,Large Community Hospital,Central Region,2025/26,needs_review,false,outside primary ED analysis scope,false,2,2,false,true,false,false,"[""intervention_c6cf4a8eee3e145e6a5a""]"
cycle_627389d8e4b7ab816133,"Data, Measurement & Dashboards","Data, Measurement & Dashboards",1,Insufficient data,,org_d4f8b551b6ae70ef,ind_ef4a9573ead4ee92,Large Community Hospital,Central Region,2024/25,included,false,insufficient first-cycle ED longitudinal coverage,false,2,1,false,true,false,true,"[""intervention_c56b7c3c6f1379029002""]"
cycle_627389d8e4b7ab816133,Other,Other,1,Insufficient data,,org_d4f8b551b6ae70ef,ind_ef4a9573ead4ee92,Large Community Hospital,Central Region,2024/25,included,false,insufficient first-cycle ED longitudinal coverage,false,2,1,false,true,false,true,"[""intervention_8079a213e72c503dfb89""]"
cycle_50c3c455dc93bb63b7a1,Bed & Capacity Management,Bed & Capacity Management,1,Insufficient data,,org_d4f8b551b6ae70ef,ind_ef4a9573ead4ee92,Large Community Hospital,Central Region,2025/26,included,false,unit_unverified; population_unverified; reporting_period_unverified; historical_match_unavailable_or_ambiguous,false,2,1,false,true,false,true,"[""intervention_0f32ef432659cfea0458""]"
cycle_50c3c455dc93bb63b7a1,Other,Other,1,Insufficient data,,org_d4f8b551b6ae70ef,ind_ef4a9573ead4ee92,Large Community Hospital,Central Region,2025/26,included,false,unit_unverified; population_unverified; reporting_period_unverified; historical_match_unavailable_or_ambiguous,false,2,1,false,true,false,true,"[""intervention_7a52ba3fe62d013249c2""]"
cycle_61b322732a220a13bb04,Other,Other,1,Insufficient data,,org_d4f8b551b6ae70ef,ind_fac3125152b9f509,Large Community Hospital,Central Region,2024/25,needs_review,false,outside primary ED analysis scope,false,2,1,false,true,false,true,"[""intervention_61033613961be4e5c9c7""]"
cycle_61b322732a220a13bb04,Training & Education,Training & Education,2,Insufficient data,,org_d4f8b551b6ae70ef,ind_fac3125152b9f509,Large Community Hospital,Central Region,2024/25,needs_review,false,outside primary ED analysis scope,false,2,1,false,true,false,true,"[""intervention_44f7e5b83ca43cdba32d"",""intervention_f3593a4863e63dc85167""]"
cycle_f3ff14a22306ce945729,Care Coordination & Communication,Care Coordination & Communication,1,Insufficient data,,org_d571ce5754e958e6,ind_0646035afd9bba7c,Large Community Hospital,West Region,2024/25,excluded,false,outside primary ED analysis scope,false,3,2,false,true,false,true,"[""intervention_7caa65baf60cab1e1abf""]"
cycle_f3ff14a22306ce945729,"Data, Measurement & Dashboards","Data, Measurement & Dashboards",1,Insufficient data,,org_d571ce5754e958e6,ind_0646035afd9bba7c,Large Community Hospital,West Region,2024/25,excluded,false,outside primary ED analysis scope,false,3,2,false,true,false,true,"[""intervention_23b360d385c06927273a""]"
cycle_f3ff14a22306ce945729,Other,Other,1,Insufficient data,,org_d571ce5754e958e6,ind_0646035afd9bba7c,Large Community Hospital,West Region,2024/25,excluded,false,outside primary ED analysis scope,false,3,2,false,true,false,true,"[""intervention_be7e4a71f0f0a461b327""]"
cycle_91687fce2a8876488ba6,Policy / Standardization,Policy / Standardization,1,Insufficient data,,org_d571ce5754e958e6,ind_50d5738b48c86253,Large Community Hospital,West Region,2025/26,needs_review,false,outside primary ED analysis scope,false,1,1,true,false,true,false,"[""intervention_4d769367e15dc1f917d4""]"
cycle_17347687470b81f3db55,Training & Education,Training & Education,3,Insufficient data,,org_d571ce5754e958e6,ind_5314e24f5f6e6912,Large Community Hospital,West Region,2024/25,excluded,false,outside primary ED analysis scope,false,1,1,true,false,true,false,"[""intervention_2a3a5fbf86bbee07fac2"",""intervention_f8cb148e13fed0c59a91"",""intervention_ff188f5ddffd9443a89e""]"
cycle_58b6e6c2d93adc4be437,"Data, Measurement & Dashboards","Data, Measurement & Dashboards",1,Insufficient data,,org_d571ce5754e958e6,ind_5314e24f5f6e6912,Large Community Hospital,West Region,2025/26,excluded,false,outside primary ED analysis scope,false,1,1,true,false,true,false,"[""intervention_ee37ece5f6f3702d3adc""]"
cycle_0d919b6b7f5610ca7cff,"Data, Measurement & Dashboards","Data, Measurement & Dashboards",1,Insufficient data,,org_d571ce5754e958e6,ind_67ee717abbe20a1b,Large Community Hospital,West Region,2024/25,excluded,false,outside primary ED analysis scope,false,2,2,false,true,false,false,"[""intervention_a27468459aebedc7e834""]"
cycle_0d919b6b7f5610ca7cff,Discharge & Transition Planning,Discharge & Transition Planning,1,Insufficient data,,org_d571ce5754e958e6,ind_67ee717abbe20a1b,Large Community Hospital,West Region,2024/25,excluded,false,outside primary ED analysis scope,false,2,2,false,true,false,false,"[""intervention_f6df0fdbe021b41f0a2e""]"
cycle_c8cdd72c6cd6da1a695a,Discharge & Transition Planning,Discharge & Transition Planning,2,Insufficient data,,org_d571ce5754e958e6,ind_67ee717abbe20a1b,Large Community Hospital,West Region,2025/26,excluded,false,outside primary ED analysis scope,false,1,1,true,false,true,false,"[""intervention_3fab8b34aaef2a98553f"",""intervention_7850800c139948aae594""]"
cycle_8d2b25589dd299b33103,Other,Other,2,Insufficient data,,org_d571ce5754e958e6,ind_e50c0ec7d37691fc,Large Community Hospital,West Region,2025/26,needs_review,false,outside primary ED analysis scope,false,1,0,true,false,false,true,"[""intervention_31455b310662b2a074ef"",""intervention_3468a078137bdc17c736""]"
cycle_1daca5f421a9073ab2e4,Ambulance / EMS Flow,Ambulance / EMS Flow,3,Insufficient data,,org_d571ce5754e958e6,ind_ee70b593aad3e4f6,Large Community Hospital,West Region,2024/25,included,false,insufficient first-cycle ED longitudinal coverage,false,2,1,false,true,false,true,"[""intervention_008beca4a73f4d2265d7"",""intervention_1f411013aaff9607a5b4"",""intervention_7308abc595e45d51fa8b""]"
cycle_1daca5f421a9073ab2e4,Other,Other,1,Insufficient data,,org_d571ce5754e958e6,ind_ee70b593aad3e4f6,Large Community Hospital,West Region,2024/25,included,false,insufficient first-cycle ED longitudinal coverage,false,2,1,false,true,false,true,"[""intervention_6b51baa38173d74a909e""]"
cycle_256f15cd2943800f64ef,Ambulance / EMS Flow,Ambulance / EMS Flow,1,Insufficient data,,org_d571ce5754e958e6,ind_ee70b593aad3e4f6,Large Community Hospital,West Region,2025/26,included,false,reporting_period_unverified,false,3,2,false,true,false,true,"[""intervention_d9f0bb7d8831d44978d6""]"
cycle_256f15cd2943800f64ef,Other,Other,1,Insufficient data,,org_d571ce5754e958e6,ind_ee70b593aad3e4f6,Large Community Hospital,West Region,2025/26,included,false,reporting_period_unverified,false,3,2,false,true,false,true,"[""intervention_c03c31e7041186f02595""]"
cycle_256f15cd2943800f64ef,Training & Education,Training & Education,1,Insufficient data,,org_d571ce5754e958e6,ind_ee70b593aad3e4f6,Large Community Hospital,West Region,2025/26,included,false,reporting_period_unverified,false,3,2,false,true,false,true,"[""intervention_e856a0fb18c1ecbbc50e""]"
cycle_d2d98ea2d6e805795411,Other,Other,1,Insufficient data,,org_d6e840718693dadf,ind_2e8b392332121e6a,Chronic/Rehab Hospital,Toronto Region,2025/26,needs_review,false,outside primary ED analysis scope,false,1,0,true,false,false,true,"[""intervention_1a548e921210ea64e050""]"
cycle_47332611571c153e6833,Other,Other,1,Insufficient data,,org_d6e840718693dadf,ind_3a75c3d1636d6e41,Chronic/Rehab Hospital,Toronto Region,2025/26,needs_review,false,outside primary ED analysis scope,false,2,1,false,true,false,true,"[""intervention_80b399d57a28f558a9af""]"
cycle_47332611571c153e6833,Training & Education,Training & Education,1,Insufficient data,,org_d6e840718693dadf,ind_3a75c3d1636d6e41,Chronic/Rehab Hospital,Toronto Region,2025/26,needs_review,false,outside primary ED analysis scope,false,2,1,false,true,false,true,"[""intervention_17bbd84b4d0baabe3871""]"
cycle_f7a4bfff7515086d9f07,Other,Other,1,Insufficient data,,org_d6e840718693dadf,ind_4f788745172a1b9e,Chronic/Rehab Hospital,Toronto Region,2025/26,needs_review,false,outside primary ED analysis scope,false,1,0,true,false,false,true,"[""intervention_90e98cee3dfac872ce89""]"
cycle_bc5df09065abb1fc48ee,Other,Other,1,Insufficient data,,org_d6e840718693dadf,ind_5314e24f5f6e6912,Chronic/Rehab Hospital,Toronto Region,2024/25,excluded,false,outside primary ED analysis scope,false,1,0,true,false,false,true,"[""intervention_a397931f74e7946a3581""]"
cycle_eaea2773db1dadff01b1,Training & Education,Training & Education,1,Insufficient data,,org_d6e840718693dadf,ind_870c646b8ee7beeb,Chronic/Rehab Hospital,Toronto Region,2024/25,needs_review,false,outside primary ED analysis scope,false,1,1,true,false,true,false,"[""intervention_0a5bdd6dfa016a24b6ad""]"
cycle_932aa7a359b22e2e1e66,Other,Other,3,Insufficient data,,org_d6e840718693dadf,ind_a8f6cca5fe8befdf,Chronic/Rehab Hospital,Toronto Region,2025/26,excluded,false,outside primary ED analysis scope,false,1,0,true,false,false,true,"[""intervention_09c5b1c1306a1d265a6b"",""intervention_2dc0444eaefb6baab430"",""intervention_e0afec377728455676a2""]"
cycle_68af5e54776cdf7dd15b,Discharge & Transition Planning,Discharge & Transition Planning,1,Insufficient data,,org_d6e840718693dadf,ind_cd57992e4ca687e8,Chronic/Rehab Hospital,Toronto Region,2024/25,needs_review,false,outside primary ED analysis scope,false,1,1,true,false,true,false,"[""intervention_cd4c5efa4a08158023c4""]"
cycle_784676cfe950b81a0fd2,Admission & Transfer Process,Admission & Transfer Process,1,Insufficient data,,org_d6e840718693dadf,ind_d80d38b5e9e475c3,Chronic/Rehab Hospital,Toronto Region,2025/26,needs_review,false,outside primary ED analysis scope,false,3,3,false,true,false,false,"[""intervention_fd37f0be55af3db0eebd""]"
cycle_784676cfe950b81a0fd2,"Data, Measurement & Dashboards","Data, Measurement & Dashboards",1,Insufficient data,,org_d6e840718693dadf,ind_d80d38b5e9e475c3,Chronic/Rehab Hospital,Toronto Region,2025/26,needs_review,false,outside primary ED analysis scope,false,3,3,false,true,false,false,"[""intervention_b2b6acf6a17f9ee9e1bf""]"
cycle_784676cfe950b81a0fd2,Discharge & Transition Planning,Discharge & Transition Planning,2,Insufficient data,,org_d6e840718693dadf,ind_d80d38b5e9e475c3,Chronic/Rehab Hospital,Toronto Region,2025/26,needs_review,false,outside primary ED analysis scope,false,3,3,false,true,false,false,"[""intervention_25f9d4286eeec30c8fa9"",""intervention_71880a1ac1de2254fd3b""]"
cycle_2fe9edb668caa231898e,Training & Education,Training & Education,2,Insufficient data,,org_d6e840718693dadf,ind_f68e5fc2450970ea,Chronic/Rehab Hospital,Toronto Region,2024/25,needs_review,false,outside primary ED analysis scope,false,1,1,true,false,true,false,"[""intervention_909c4c7599080648b1d9"",""intervention_975980bab4ba788f7f59""]"
cycle_b533c3102942ed046797,Training & Education,Training & Education,1,Insufficient data,,org_d891658d330cfc19,ind_06a384c27c2dc5ed,Large Community Hospital,East Region,2025/26,needs_review,false,outside primary ED analysis scope,false,1,1,true,false,true,false,"[""intervention_08098ba30600e92d5572""]"
cycle_e4cb6b008f4f5bfb0684,Technology & Digital Tools,Technology & Digital Tools,1,Insufficient data,,org_d891658d330cfc19,ind_3d2b4228a2500924,Large Community Hospital,East Region,2024/25,needs_review,false,outside primary ED analysis scope,false,1,1,true,false,true,false,"[""intervention_c07c88dcfa6b17a4a33a""]"
cycle_e8e87e7a6774936b2882,Training & Education,Training & Education,1,Insufficient data,,org_d891658d330cfc19,ind_52b9eeb5b0ff00d6,Large Community Hospital,East Region,2024/25,needs_review,false,outside primary ED analysis scope,false,1,1,true,false,true,false,"[""intervention_dfe138165ebd34d9261f""]"
cycle_c1e6b482319053fe196f,Discharge & Transition Planning,Discharge & Transition Planning,1,Insufficient data,,org_d891658d330cfc19,ind_67ee717abbe20a1b,Large Community Hospital,East Region,2024/25,excluded,false,outside primary ED analysis scope,false,1,1,true,false,true,false,"[""intervention_c720b018e23bffd01d7c""]"
cycle_bc956c872762cd2759a1,Other,Other,2,Insufficient data,,org_d891658d330cfc19,ind_6b3fa25aa176aa2f,Large Community Hospital,East Region,2025/26,needs_review,false,outside primary ED analysis scope,false,1,0,true,false,false,true,"[""intervention_a86a479f8da3842f448b"",""intervention_f186f128aa5fe143904e""]"
cycle_ee8607fcff85aeb624bc,Staffing & Scheduling,Staffing & Scheduling,2,Insufficient data,,org_d891658d330cfc19,ind_c89bc7d1d085143f,Large Community Hospital,East Region,2024/25,needs_review,false,outside primary ED analysis scope,false,1,1,true,false,true,false,"[""intervention_cc10585d45114973e63d"",""intervention_cf68a575f083907d251f""]"
cycle_3cfeb74dffbad3e9e972,Care Coordination & Communication,Care Coordination & Communication,1,Insufficient data,,org_d891658d330cfc19,ind_d605575126b665e4,Large Community Hospital,East Region,2025/26,needs_review,false,outside primary ED analysis scope,false,1,1,true,false,true,false,"[""intervention_e487805b982a396fbdbb""]"
cycle_28105269709ce0859379,Care Coordination & Communication,Care Coordination & Communication,1,Insufficient data,,org_d891658d330cfc19,ind_ee70b593aad3e4f6,Large Community Hospital,East Region,2025/26,included,false,reporting_period_unverified,false,1,1,true,false,true,false,"[""intervention_3d6ee488e9188b0e8867""]"
cycle_cb960df96d89afe8b121,Discharge & Transition Planning,Discharge & Transition Planning,1,Insufficient data,,org_d891658d330cfc19,ind_fb955f828e245405,Large Community Hospital,East Region,2025/26,needs_review,false,outside primary ED analysis scope,false,1,1,true,false,true,false,"[""intervention_6ae326b52c7775322561""]"
cycle_76a5977da597bae75959,"Data, Measurement & Dashboards","Data, Measurement & Dashboards",1,Insufficient data,,org_d8e51990ad1a5b38,ind_091b614b6fad795b,Small Hospital,West Region,2024/25,needs_review,false,outside primary ED analysis scope,false,1,1,true,false,true,false,"[""intervention_8e671707137b23fa3e4c""]"
cycle_7887a26ced240c31c4c0,Other,Other,1,Insufficient data,,org_d8e51990ad1a5b38,ind_11608d60e7da47aa,Small Hospital,West Region,2024/25,needs_review,false,outside primary ED analysis scope,false,1,0,true,false,false,true,"[""intervention_7ee78dd6365332e8bc47""]"
cycle_05b6fbf5e0c7e42c030f,Training & Education,Training & Education,1,Insufficient data,,org_d8e51990ad1a5b38,ind_5314e24f5f6e6912,Small Hospital,West Region,2024/25,excluded,false,outside primary ED analysis scope,false,1,1,true,false,true,false,"[""intervention_f73d8de06699b233a7d0""]"
cycle_bca0e49b11bc9286cb7e,Training & Education,Training & Education,1,Insufficient data,,org_d8e51990ad1a5b38,ind_57ea622a9ff26559,Small Hospital,West Region,2025/26,needs_review,false,outside primary ED analysis scope,false,1,1,true,false,true,false,"[""intervention_578baf6bd81f05dd0317""]"
cycle_365ab59263411d5eb13b,"Data, Measurement & Dashboards","Data, Measurement & Dashboards",1,Insufficient data,,org_d8e51990ad1a5b38,ind_6b054d81cf49a5f4,Small Hospital,West Region,2025/26,needs_review,false,outside primary ED analysis scope,false,1,1,true,false,true,false,"[""intervention_f9989edf502c6d52df16""]"
cycle_558ee34f5c37c657c522,Other,Other,1,Insufficient data,,org_d8e51990ad1a5b38,ind_a8c4e0116c532e12,Small Hospital,West Region,2024/25,needs_review,false,outside primary ED analysis scope,false,2,1,false,true,false,true,"[""intervention_96c5868dd1ac297d3b03""]"
cycle_558ee34f5c37c657c522,Surge Management,Surge Management,1,Insufficient data,,org_d8e51990ad1a5b38,ind_a8c4e0116c532e12,Small Hospital,West Region,2024/25,needs_review,false,outside primary ED analysis scope,false,2,1,false,true,false,true,"[""intervention_47d17d1e5ddfdbf0abd8""]"
cycle_a36dfdb9e0d109a525a1,Other,Other,1,Insufficient data,,org_d8e51990ad1a5b38,ind_b2b82adddb6fa9a5,Small Hospital,West Region,2024/25,needs_review,false,outside primary ED analysis scope,false,1,0,true,false,false,true,"[""intervention_a7a64fda99a9cd38a775""]"
cycle_dd894caad65c9c75d4c2,Admission & Transfer Process,Admission & Transfer Process,1,Insufficient data,,org_d8e51990ad1a5b38,ind_cd57992e4ca687e8,Small Hospital,West Region,2024/25,needs_review,false,outside primary ED analysis scope,false,2,1,false,true,false,true,"[""intervention_2e3eeafe08fc34222c68""]"
cycle_dd894caad65c9c75d4c2,Other,Other,2,Insufficient data,,org_d8e51990ad1a5b38,ind_cd57992e4ca687e8,Small Hospital,West Region,2024/25,needs_review,false,outside primary ED analysis scope,false,2,1,false,true,false,true,"[""intervention_12709ceef2e95e0ee05a"",""intervention_3650f01a9aab93803e4f""]"
cycle_2bae5f4bde6b0cf285a8,Safety & Risk Prevention,Safety & Risk Prevention,1,Insufficient data,,org_d8e51990ad1a5b38,ind_d7477ddd5422ded1,Small Hospital,West Region,2025/26,needs_review,false,outside primary ED analysis scope,false,1,1,true,false,true,false,"[""intervention_d6b755685388e8e30426""]"
cycle_9547bfb6e8b4416897aa,Other,Other,1,Insufficient data,,org_d8e51990ad1a5b38,ind_dc4912b91256fce5,Small Hospital,West Region,2025/26,needs_review,false,outside primary ED analysis scope,false,1,0,true,false,false,true,"[""intervention_8490eee89d40e7608790""]"
cycle_9032b2efcf42a7165f90,Admission & Transfer Process,Admission & Transfer Process,1,Insufficient data,,org_d8e51990ad1a5b38,ind_f197a93604c302d2,Small Hospital,West Region,2025/26,included,false,unit_unverified; population_unverified; reporting_period_unverified; historical_match_unavailable_or_ambiguous,false,1,1,true,false,true,false,"[""intervention_6284c6ff11df8b71196b""]"
cycle_0ca37c323136f7e34ccf,"Data, Measurement & Dashboards","Data, Measurement & Dashboards",2,Insufficient data,,org_d8e51990ad1a5b38,ind_fc02336a25c82c22,Small Hospital,West Region,2024/25,needs_review,false,outside primary ED analysis scope,false,1,1,true,false,true,false,"[""intervention_8978ff047c5fdfcac8c7"",""intervention_a4a7a38d1df4a402fbef""]"
cycle_958f675278dd53aff5f1,Training & Education,Training & Education,1,Insufficient data,,org_d959f59caa11b7d8,ind_12363f414148fc0f,Small Hospital,North West Region,2024/25,needs_review,false,outside primary ED analysis scope,false,1,1,true,false,true,false,"[""intervention_8996e9021ee012ed2320""]"
cycle_b57df47d2d95c9a87b2d,Training & Education,Training & Education,1,Insufficient data,,org_d959f59caa11b7d8,ind_5314e24f5f6e6912,Small Hospital,North West Region,2024/25,excluded,false,outside primary ED analysis scope,false,1,1,true,false,true,false,"[""intervention_c1215f24d22b112c3320""]"
cycle_dadbfb53c6cd7ae8af69,Training & Education,Training & Education,1,Insufficient data,,org_d959f59caa11b7d8,ind_5314e24f5f6e6912,Small Hospital,North West Region,2025/26,excluded,false,outside primary ED analysis scope,false,1,1,true,false,true,false,"[""intervention_22541ebcd5bc9e1415bf""]"
cycle_0687fd66ae95fe4d5172,Discharge & Transition Planning,Discharge & Transition Planning,1,Insufficient data,,org_d959f59caa11b7d8,ind_67ee717abbe20a1b,Small Hospital,North West Region,2024/25,excluded,false,outside primary ED analysis scope,false,1,1,true,false,true,false,"[""intervention_e575f7daf64816ff1631""]"
cycle_b066e9a13575efad5cbd,Discharge & Transition Planning,Discharge & Transition Planning,1,Insufficient data,,org_d959f59caa11b7d8,ind_67ee717abbe20a1b,Small Hospital,North West Region,2025/26,excluded,false,outside primary ED analysis scope,false,1,1,true,false,true,false,"[""intervention_1b707cdcebf397b8de14""]"
cycle_66f13805cb9cfa0669ce,Other,Other,1,Insufficient data,,org_d959f59caa11b7d8,ind_bceb77579472eafb,Small Hospital,North West Region,2024/25,needs_review,false,outside primary ED analysis scope,false,1,0,true,false,false,true,"[""intervention_c5469a896cfadbeb1533""]"
cycle_8af65105c73d529c1c81,Training & Education,Training & Education,1,Insufficient data,,org_d959f59caa11b7d8,ind_d6aded97a1c96c0f,Small Hospital,North West Region,2024/25,needs_review,false,outside primary ED analysis scope,false,1,1,true,false,true,false,"[""intervention_2dce599fcdd321bb9505""]"
cycle_256389365786f4a3014b,Other,Other,1,Insufficient data,,org_d994dbf05a4b56ae,ind_0c75fa4e7dee81f7,Specialty Mental Health Hospital,Toronto Region,2024/25,needs_review,false,outside primary ED analysis scope,false,1,0,true,false,false,true,"[""intervention_5198c68703bfe2eeedad""]"
cycle_c710d0d575d6441c20ad,Other,Other,1,Insufficient data,,org_d994dbf05a4b56ae,ind_15ec18d11111a6d4,Specialty Mental Health Hospital,Toronto Region,2025/26,needs_review,false,outside primary ED analysis scope,false,1,0,true,false,false,true,"[""intervention_6cf3230154188011dfdd""]"
cycle_cb8bda9b85fce263c486,"Data, Measurement & Dashboards","Data, Measurement & Dashboards",1,Insufficient data,,org_d994dbf05a4b56ae,ind_22bb59dca0552599,Specialty Mental Health Hospital,Toronto Region,2024/25,needs_review,false,outside primary ED analysis scope,false,2,1,false,true,false,true,"[""intervention_2931441f578c10a9dcf0""]"
cycle_cb8bda9b85fce263c486,Other,Other,2,Insufficient data,,org_d994dbf05a4b56ae,ind_22bb59dca0552599,Specialty Mental Health Hospital,Toronto Region,2024/25,needs_review,false,outside primary ED analysis scope,false,2,1,false,true,false,true,"[""intervention_085808199b3002604f01"",""intervention_855370619fb064cc32a8""]"
cycle_dc3db14db65259187d39,"Data, Measurement & Dashboards","Data, Measurement & Dashboards",1,Insufficient data,,org_d994dbf05a4b56ae,ind_33e741c435735390,Specialty Mental Health Hospital,Toronto Region,2025/26,needs_review,false,outside primary ED analysis scope,false,2,1,false,true,false,true,"[""intervention_6f30bde35c619ec45841""]"
cycle_dc3db14db65259187d39,Other,Other,2,Insufficient data,,org_d994dbf05a4b56ae,ind_33e741c435735390,Specialty Mental Health Hospital,Toronto Region,2025/26,needs_review,false,outside primary ED analysis scope,false,2,1,false,true,false,true,"[""intervention_1f40d7852d5b8ed63297"",""intervention_7d6df967bc47ec33159c""]"
cycle_c461af5e38b47cee9a3a,Care Coordination & Communication,Care Coordination & Communication,1,Insufficient data,,org_d994dbf05a4b56ae,ind_686a7304e0a1d67c,Specialty Mental Health Hospital,Toronto Region,2024/25,needs_review,false,outside primary ED analysis scope,false,3,3,false,true,false,false,"[""intervention_8e75d6c1dc4d1003b722""]"
cycle_c461af5e38b47cee9a3a,Safety & Risk Prevention,Safety & Risk Prevention,1,Insufficient data,,org_d994dbf05a4b56ae,ind_686a7304e0a1d67c,Specialty Mental Health Hospital,Toronto Region,2024/25,needs_review,false,outside primary ED analysis scope,false,3,3,false,true,false,false,"[""intervention_914821dc32f8fde1b987""]"
cycle_c461af5e38b47cee9a3a,Training & Education,Training & Education,1,Insufficient data,,org_d994dbf05a4b56ae,ind_686a7304e0a1d67c,Specialty Mental Health Hospital,Toronto Region,2024/25,needs_review,false,outside primary ED analysis scope,false,3,3,false,true,false,false,"[""intervention_242d78ec58e68de9f959""]"
cycle_0774161149d4691cb6b7,Policy / Standardization,Policy / Standardization,1,Insufficient data,,org_d994dbf05a4b56ae,ind_686a7304e0a1d67c,Specialty Mental Health Hospital,Toronto Region,2025/26,needs_review,false,outside primary ED analysis scope,false,2,2,false,true,false,false,"[""intervention_ca159e07387238ba2ea8""]"
cycle_0774161149d4691cb6b7,Training & Education,Training & Education,2,Insufficient data,,org_d994dbf05a4b56ae,ind_686a7304e0a1d67c,Specialty Mental Health Hospital,Toronto Region,2025/26,needs_review,false,outside primary ED analysis scope,false,2,2,false,true,false,false,"[""intervention_9f6203e57d2490d72db9"",""intervention_a92f2105f6c014669de9""]"
cycle_fa889825cc758a6b40ff,Other,Other,1,Insufficient data,,org_d994dbf05a4b56ae,ind_86c5d93ce5bc682c,Specialty Mental Health Hospital,Toronto Region,2024/25,needs_review,false,outside primary ED analysis scope,false,2,1,false,true,false,true,"[""intervention_7488dade88a5f11009e2""]"
cycle_fa889825cc758a6b40ff,Staffing & Scheduling,Staffing & Scheduling,2,Insufficient data,,org_d994dbf05a4b56ae,ind_86c5d93ce5bc682c,Specialty Mental Health Hospital,Toronto Region,2024/25,needs_review,false,outside primary ED analysis scope,false,2,1,false,true,false,true,"[""intervention_0dc0e24d6246b862bb78"",""intervention_5b51d674b505c589f747""]"
cycle_6dff1e9c5cae41eb494d,Other,Other,1,Insufficient data,,org_d994dbf05a4b56ae,ind_9546bc9835ca447f,Specialty Mental Health Hospital,Toronto Region,2025/26,needs_review,false,outside primary ED analysis scope,false,1,0,true,false,false,true,"[""intervention_cef68bd2fc21f7e41f31""]"
cycle_83772fe2f7528e96056a,Safety & Risk Prevention,Safety & Risk Prevention,1,Insufficient data,,org_d994dbf05a4b56ae,ind_c2890f0709f8d076,Specialty Mental Health Hospital,Toronto Region,2025/26,needs_review,false,outside primary ED analysis scope,false,1,1,true,false,true,false,"[""intervention_2a3c68c0c20947fe2728""]"
cycle_b1ca0b6b4ed1d425f675,Care Coordination & Communication,Care Coordination & Communication,1,Insufficient data,,org_d994dbf05a4b56ae,ind_cfb0bf8dc3e49a9e,Specialty Mental Health Hospital,Toronto Region,2025/26,needs_review,false,outside primary ED analysis scope,false,3,3,false,true,false,false,"[""intervention_ba9f9624cc63418d3c67""]"
cycle_b1ca0b6b4ed1d425f675,Policy / Standardization,Policy / Standardization,3,Insufficient data,,org_d994dbf05a4b56ae,ind_cfb0bf8dc3e49a9e,Specialty Mental Health Hospital,Toronto Region,2025/26,needs_review,false,outside primary ED analysis scope,false,3,3,false,true,false,false,"[""intervention_2ad3159da052483099f6"",""intervention_78d070de01f45ff1adc1"",""intervention_b6a5f4cd8900048491fa""]"
cycle_b1ca0b6b4ed1d425f675,Training & Education,Training & Education,1,Insufficient data,,org_d994dbf05a4b56ae,ind_cfb0bf8dc3e49a9e,Specialty Mental Health Hospital,Toronto Region,2025/26,needs_review,false,outside primary ED analysis scope,false,3,3,false,true,false,false,"[""intervention_81c36a1b944b5b8b00c3""]"
cycle_75fa1ab2f74ae3839cde,"Data, Measurement & Dashboards","Data, Measurement & Dashboards",1,Insufficient data,,org_d994dbf05a4b56ae,ind_e5c01cad37a7ec68,Specialty Mental Health Hospital,Toronto Region,2024/25,needs_review,false,outside primary ED analysis scope,false,4,3,false,true,false,true,"[""intervention_91ce880e40593c9a6189""]"
cycle_75fa1ab2f74ae3839cde,Other,Other,1,Insufficient data,,org_d994dbf05a4b56ae,ind_e5c01cad37a7ec68,Specialty Mental Health Hospital,Toronto Region,2024/25,needs_review,false,outside primary ED analysis scope,false,4,3,false,true,false,true,"[""intervention_8c791c8458024af6f168""]"
cycle_75fa1ab2f74ae3839cde,Policy / Standardization,Policy / Standardization,2,Insufficient data,,org_d994dbf05a4b56ae,ind_e5c01cad37a7ec68,Specialty Mental Health Hospital,Toronto Region,2024/25,needs_review,false,outside primary ED analysis scope,false,4,3,false,true,false,true,"[""intervention_13b9820d2dcaf5a42cfc"",""intervention_b2e73478fd52db0a3f72""]"
cycle_75fa1ab2f74ae3839cde,Training & Education,Training & Education,1,Insufficient data,,org_d994dbf05a4b56ae,ind_e5c01cad37a7ec68,Specialty Mental Health Hospital,Toronto Region,2024/25,needs_review,false,outside primary ED analysis scope,false,4,3,false,true,false,true,"[""intervention_3cc5eb7b8c126ea4e21f""]"
cycle_76689e16370674bb73f0,Other,Other,1,Insufficient data,,org_d994dbf05a4b56ae,ind_f2b6203c500e447f,Specialty Mental Health Hospital,Toronto Region,2024/25,needs_review,false,outside primary ED analysis scope,false,2,1,false,true,false,true,"[""intervention_32edfb9f4c90924f96b9""]"
cycle_76689e16370674bb73f0,Staffing & Scheduling,Staffing & Scheduling,2,Insufficient data,,org_d994dbf05a4b56ae,ind_f2b6203c500e447f,Specialty Mental Health Hospital,Toronto Region,2024/25,needs_review,false,outside primary ED analysis scope,false,2,1,false,true,false,true,"[""intervention_64db925cec3e0833d649"",""intervention_dc5d62b3074bdd74cb24""]"
cycle_653e572da7e109947847,Other,Other,1,Insufficient data,,org_dc48df72ed816670,ind_0646035afd9bba7c,Large Community Hospital,West Region,2024/25,excluded,false,outside primary ED analysis scope,false,1,0,true,false,false,true,"[""intervention_2d926477a4263e6c315b""]"
cycle_797b2aabf1f2fd661bb3,Training & Education,Training & Education,1,Insufficient data,,org_dc48df72ed816670,ind_5314e24f5f6e6912,Large Community Hospital,West Region,2024/25,excluded,false,outside primary ED analysis scope,false,1,1,true,false,true,false,"[""intervention_0f901eab4f5e2168de9e""]"
cycle_53dc8ca863280417bc86,Policy / Standardization,Policy / Standardization,1,Insufficient data,,org_dc48df72ed816670,ind_5b70270b69684913,Large Community Hospital,West Region,2025/26,needs_review,false,outside primary ED analysis scope,false,1,1,true,false,true,false,"[""intervention_df18c0eb1288b3f59b41""]"
cycle_8760d4c155c57eefc40d,Training & Education,Training & Education,1,Insufficient data,,org_dc48df72ed816670,ind_63f124019251d9d8,Large Community Hospital,West Region,2024/25,needs_review,false,outside primary ED analysis scope,false,1,1,true,false,true,false,"[""intervention_cd1f7afa4c40802b623d""]"
cycle_78e0e7f4063421010237,Other,Other,1,Insufficient data,,org_dc48df72ed816670,ind_655dd322796d7952,Large Community Hospital,West Region,2024/25,needs_review,false,outside primary ED analysis scope,false,1,0,true,false,false,true,"[""intervention_9885f1dc70017726508a""]"
cycle_68d58058c4345d18542f,"Data, Measurement & Dashboards","Data, Measurement & Dashboards",1,Insufficient data,,org_dc48df72ed816670,ind_67ee717abbe20a1b,Large Community Hospital,West Region,2024/25,excluded,false,outside primary ED analysis scope,false,1,1,true,false,true,false,"[""intervention_d87d0a3776a650bd9d09""]"
cycle_3875d083f2a516c6e4e9,Care Coordination & Communication,Care Coordination & Communication,1,Insufficient data,,org_dc48df72ed816670,ind_a8f6cca5fe8befdf,Large Community Hospital,West Region,2025/26,excluded,false,outside primary ED analysis scope,false,5,4,false,true,false,true,"[""intervention_8be54cfa52b12235ddd1""]"
cycle_3875d083f2a516c6e4e9,Other,Other,2,Insufficient data,,org_dc48df72ed816670,ind_a8f6cca5fe8befdf,Large Community Hospital,West Region,2025/26,excluded,false,outside primary ED analysis scope,false,5,4,false,true,false,true,"[""intervention_04419f5f670db8f23a87"",""intervention_707e9c25e43c9261b9d8""]"
cycle_3875d083f2a516c6e4e9,Policy / Standardization,Policy / Standardization,2,Insufficient data,,org_dc48df72ed816670,ind_a8f6cca5fe8befdf,Large Community Hospital,West Region,2025/26,excluded,false,outside primary ED analysis scope,false,5,4,false,true,false,true,"[""intervention_2ef33e48009e3a0a70e4"",""intervention_782ebc93951ec05e7d05""]"
cycle_3875d083f2a516c6e4e9,Technology & Digital Tools,Technology & Digital Tools,1,Insufficient data,,org_dc48df72ed816670,ind_a8f6cca5fe8befdf,Large Community Hospital,West Region,2025/26,excluded,false,outside primary ED analysis scope,false,5,4,false,true,false,true,"[""intervention_c55000bb293223c7ee60""]"
cycle_3875d083f2a516c6e4e9,Training & Education,Training & Education,1,Insufficient data,,org_dc48df72ed816670,ind_a8f6cca5fe8befdf,Large Community Hospital,West Region,2025/26,excluded,false,outside primary ED analysis scope,false,5,4,false,true,false,true,"[""intervention_a8a1d83fa8e66c46e29b""]"
cycle_0081b77acebd0351d46b,Other,Other,1,Insufficient data,,org_dc48df72ed816670,ind_cd57992e4ca687e8,Large Community Hospital,West Region,2024/25,needs_review,false,outside primary ED analysis scope,false,1,0,true,false,false,true,"[""intervention_51701079b98ba4ca2e39""]"
cycle_eed1dc91dc860fcfa70f,Other,Other,1,Insufficient data,,org_dc48df72ed816670,ind_d55a3389a0a1fde9,Large Community Hospital,West Region,2024/25,needs_review,false,outside primary ED analysis scope,false,1,0,true,false,false,true,"[""intervention_c1bf7b1b5473137ee2b5""]"
cycle_ddcb69d01f5cb4b20b5c,Ambulance / EMS Flow,Ambulance / EMS Flow,1,Insufficient data,,org_dc48df72ed816670,ind_e7cd9b5804f1c518,Large Community Hospital,West Region,2025/26,included,false,reporting_period_unverified,false,3,2,false,true,false,true,"[""intervention_5582679f95cf5e751012""]"
cycle_ddcb69d01f5cb4b20b5c,Other,Other,1,Insufficient data,,org_dc48df72ed816670,ind_e7cd9b5804f1c518,Large Community Hospital,West Region,2025/26,included,false,reporting_period_unverified,false,3,2,false,true,false,true,"[""intervention_c16844bb46a96ca978b5""]"
cycle_ddcb69d01f5cb4b20b5c,Staffing & Scheduling,Staffing & Scheduling,1,Insufficient data,,org_dc48df72ed816670,ind_e7cd9b5804f1c518,Large Community Hospital,West Region,2025/26,included,false,reporting_period_unverified,false,3,2,false,true,false,true,"[""intervention_16d637e9341c79e8dbbc""]"
cycle_ba2235655672df836384,"Data, Measurement & Dashboards","Data, Measurement & Dashboards",1,Insufficient data,,org_dc48df72ed816670,ind_f85d92b165e4b800,Large Community Hospital,West Region,2025/26,needs_review,false,outside primary ED analysis scope,false,2,1,false,true,false,true,"[""intervention_c9f57ba3b3cd1eab6c1a""]"
cycle_ba2235655672df836384,Other,Other,2,Insufficient data,,org_dc48df72ed816670,ind_f85d92b165e4b800,Large Community Hospital,West Region,2025/26,needs_review,false,outside primary ED analysis scope,false,2,1,false,true,false,true,"[""intervention_7b821218b84f92da5e61"",""intervention_992815abb3aafd713ab2""]"
cycle_72f4563d63fab55a2d84,Other,Other,3,Insufficient data,,org_de01d46fcf5bb1ba,ind_15b2c931bd56cf67,Chronic/Rehab Hospital,West Region,2025/26,needs_review,false,outside primary ED analysis scope,false,1,0,true,false,false,true,"[""intervention_55b6d088cea3ef4f7b25"",""intervention_b46d6d3a7674677fb5e2"",""intervention_e866c8c759a7d52b663a""]"
cycle_d68796edaf09e6b68d25,"Data, Measurement & Dashboards","Data, Measurement & Dashboards",1,Insufficient data,,org_de01d46fcf5bb1ba,ind_403091ee5ad3275a,Chronic/Rehab Hospital,West Region,2025/26,needs_review,false,outside primary ED analysis scope,false,2,1,false,true,false,true,"[""intervention_6dd32a693c3f7f3aff7b""]"
cycle_d68796edaf09e6b68d25,Other,Other,1,Insufficient data,,org_de01d46fcf5bb1ba,ind_403091ee5ad3275a,Chronic/Rehab Hospital,West Region,2025/26,needs_review,false,outside primary ED analysis scope,false,2,1,false,true,false,true,"[""intervention_0b3c8aaa3565a69df600""]"
cycle_3045e0809ebf8c22c93c,Other,Other,7,Insufficient data,,org_de01d46fcf5bb1ba,ind_62b6fb06203b41e8,Chronic/Rehab Hospital,West Region,2024/25,needs_review,false,outside primary ED analysis scope,false,1,0,true,false,false,true,"[""intervention_3e406e69ed4cac9266c4"",""intervention_58adfebfde7a6d90c4f9"",""intervention_77a4725bd9dc0964d258"",""intervention_89014d78b1e7f0033fed"",""intervention_a4865c6e9b558c0a9e6e"",""intervention_aa3b9bc9b5c071fbd972"",""intervention_fc8f21b2d950f062e737""]"
cycle_0fcf8f53b7b4aa79399d,Other,Other,1,Insufficient data,,org_de01d46fcf5bb1ba,ind_b78e840d4a8bd0d4,Chronic/Rehab Hospital,West Region,2025/26,needs_review,false,outside primary ED analysis scope,false,2,1,false,true,false,true,"[""intervention_b5abeaa31b60551c9752""]"
cycle_0fcf8f53b7b4aa79399d,Training & Education,Training & Education,1,Insufficient data,,org_de01d46fcf5bb1ba,ind_b78e840d4a8bd0d4,Chronic/Rehab Hospital,West Region,2025/26,needs_review,false,outside primary ED analysis scope,false,2,1,false,true,false,true,"[""intervention_c3e617723151e946d1a3""]"
cycle_be2b624058fb06027f70,Discharge & Transition Planning,Discharge & Transition Planning,2,Insufficient data,,org_df2d768da586dfa6,ind_42e17dbd520fdf08,Chronic/Rehab Hospital,East Region,2025/26,needs_review,false,outside primary ED analysis scope,false,1,1,true,false,true,false,"[""intervention_86ae6e5e8fccf64f70ef"",""intervention_dbc8aef133483997e37c""]"
cycle_d1cf2915e8091c39c1b6,Discharge & Transition Planning,Discharge & Transition Planning,1,Insufficient data,,org_df2d768da586dfa6,ind_644553cce3208d96,Chronic/Rehab Hospital,East Region,2024/25,needs_review,false,outside primary ED analysis scope,false,1,1,true,false,true,false,"[""intervention_c63164da3fb4e5cd93d1""]"
cycle_b0973fce500aff45d5bb,Discharge & Transition Planning,Discharge & Transition Planning,2,Insufficient data,,org_df2d768da586dfa6,ind_83ce9704e600b8c9,Chronic/Rehab Hospital,East Region,2024/25,needs_review,false,outside primary ED analysis scope,false,1,1,true,false,true,false,"[""intervention_01fa3549e43d6c4fde6d"",""intervention_246c4eea2cdcc20c3e8c""]"
cycle_9208fe4718e08644ea83,"Data, Measurement & Dashboards","Data, Measurement & Dashboards",1,Insufficient data,,org_df2d768da586dfa6,ind_e0c54b8eea291111,Chronic/Rehab Hospital,East Region,2025/26,needs_review,false,outside primary ED analysis scope,false,3,3,false,true,false,false,"[""intervention_45bbe9f087b23968ca0f""]"
cycle_9208fe4718e08644ea83,Safety & Risk Prevention,Safety & Risk Prevention,1,Insufficient data,,org_df2d768da586dfa6,ind_e0c54b8eea291111,Chronic/Rehab Hospital,East Region,2025/26,needs_review,false,outside primary ED analysis scope,false,3,3,false,true,false,false,"[""intervention_be96daf2b2d977edeef9""]"
cycle_9208fe4718e08644ea83,Training & Education,Training & Education,2,Insufficient data,,org_df2d768da586dfa6,ind_e0c54b8eea291111,Chronic/Rehab Hospital,East Region,2025/26,needs_review,false,outside primary ED analysis scope,false,3,3,false,true,false,false,"[""intervention_13094630f915909f4f30"",""intervention_593ff5483438aa2c5989""]"
cycle_0d24c3c8d9918e0f3947,Admission & Transfer Process,Admission & Transfer Process,2,Insufficient data,,org_df2d768da586dfa6,ind_ee0a52870829be9c,Chronic/Rehab Hospital,East Region,2024/25,needs_review,false,outside primary ED analysis scope,false,2,2,false,true,false,false,"[""intervention_42e2aff1e000cccbc374"",""intervention_45d5e7f0bb2fa9378762""]"
cycle_0d24c3c8d9918e0f3947,Safety & Risk Prevention,Safety & Risk Prevention,1,Insufficient data,,org_df2d768da586dfa6,ind_ee0a52870829be9c,Chronic/Rehab Hospital,East Region,2024/25,needs_review,false,outside primary ED analysis scope,false,2,2,false,true,false,false,"[""intervention_6bfc6fbc7e34ec2c2e00""]"
cycle_7a2293c6a30121f23313,Admission & Transfer Process,Admission & Transfer Process,1,Insufficient data,,org_df2d768da586dfa6,ind_ee0a52870829be9c,Chronic/Rehab Hospital,East Region,2025/26,needs_review,false,outside primary ED analysis scope,false,2,2,false,true,false,false,"[""intervention_60771d992827794ee36b""]"
cycle_7a2293c6a30121f23313,Policy / Standardization,Policy / Standardization,2,Insufficient data,,org_df2d768da586dfa6,ind_ee0a52870829be9c,Chronic/Rehab Hospital,East Region,2025/26,needs_review,false,outside primary ED analysis scope,false,2,2,false,true,false,false,"[""intervention_2ab69bc7a41c7cae9320"",""intervention_4936216ac5410252c092""]"
cycle_0d4d979868cfd93b467c,Discharge & Transition Planning,Discharge & Transition Planning,1,Insufficient data,,org_df3f866172290061,ind_0646035afd9bba7c,Small Hospital,East Region,2024/25,excluded,false,outside primary ED analysis scope,false,1,1,true,false,true,false,"[""intervention_6535695317ebe05806a3""]"
cycle_d088bb73df838bfab793,Safety & Risk Prevention,Safety & Risk Prevention,1,Insufficient data,,org_df3f866172290061,ind_0646035afd9bba7c,Small Hospital,East Region,2025/26,excluded,false,outside primary ED analysis scope,false,1,1,true,false,true,false,"[""intervention_3d31038eda9bdb1ba90b""]"
cycle_ce86018a68a59e2e0709,Other,Other,1,Insufficient data,,org_df3f866172290061,ind_06590f50f65eac7e,Small Hospital,East Region,2024/25,included,false,insufficient first-cycle ED longitudinal coverage,false,1,0,true,false,false,true,"[""intervention_f248a54b0c9d0a4c2e5a""]"
cycle_152d163d39fd0f918c25,Staffing & Scheduling,Staffing & Scheduling,1,Insufficient data,,org_df3f866172290061,ind_06590f50f65eac7e,Small Hospital,East Region,2025/26,included,false,unit_unverified; population_unverified; reporting_period_unverified; historical_match_unavailable_or_ambiguous,false,1,1,true,false,true,false,"[""intervention_8689c0b53847a0883666""]"
cycle_5048accdbdb02b899127,Training & Education,Training & Education,1,Insufficient data,,org_df3f866172290061,ind_37478f8fb5db2bb6,Small Hospital,East Region,2024/25,excluded,false,outside primary ED analysis scope,false,1,1,true,false,true,false,"[""intervention_17ce9dfbace3950e16ca""]"
cycle_ece0f0b569b88c1730b4,Training & Education,Training & Education,1,Insufficient data,,org_df3f866172290061,ind_37478f8fb5db2bb6,Small Hospital,East Region,2025/26,excluded,false,outside primary ED analysis scope,false,1,1,true,false,true,false,"[""intervention_1f8370e141f733d5888f""]"
cycle_86391961bc87e000f7fb,Other,Other,1,Insufficient data,,org_df3f866172290061,ind_4e800d2a532c03f3,Small Hospital,East Region,2024/25,needs_review,false,outside primary ED analysis scope,false,1,0,true,false,false,true,"[""intervention_cd52e073e7ea4bde6d32""]"
cycle_a4a0e069d12c3ba4aea5,Other,Other,1,Insufficient data,,org_df3f866172290061,ind_5314e24f5f6e6912,Small Hospital,East Region,2024/25,excluded,false,outside primary ED analysis scope,false,1,0,true,false,false,true,"[""intervention_048dfb632c8e92df512b""]"
cycle_cbd72f61b74b3339c95c,Training & Education,Training & Education,1,Insufficient data,,org_df3f866172290061,ind_5314e24f5f6e6912,Small Hospital,East Region,2025/26,excluded,false,outside primary ED analysis scope,false,1,1,true,false,true,false,"[""intervention_7288974072cafd14836d""]"
cycle_964ad920a2cc82c18cf3,Discharge & Transition Planning,Discharge & Transition Planning,1,Insufficient data,,org_df3f866172290061,ind_5b2e1352e31909e8,Small Hospital,East Region,2025/26,included,false,reporting_period_unverified,false,1,1,true,false,true,false,"[""intervention_e0322bcbb954d0821a57""]"
cycle_98ab32f5a7d7a6c9e715,Training & Education,Training & Education,1,Insufficient data,,org_df3f866172290061,ind_67ee717abbe20a1b,Small Hospital,East Region,2024/25,excluded,false,outside primary ED analysis scope,false,1,1,true,false,true,false,"[""intervention_b32114d1fc53c02bb7ef""]"
cycle_52f47707cf8f38ccbccb,Discharge & Transition Planning,Discharge & Transition Planning,1,Insufficient data,,org_df3f866172290061,ind_67ee717abbe20a1b,Small Hospital,East Region,2025/26,excluded,false,outside primary ED analysis scope,false,1,1,true,false,true,false,"[""intervention_3ac038afd2671a85705e""]"
cycle_75b27f16ea700b58ba41,Other,Other,1,Insufficient data,,org_df3f866172290061,ind_a8f6cca5fe8befdf,Small Hospital,East Region,2025/26,excluded,false,outside primary ED analysis scope,false,1,0,true,false,false,true,"[""intervention_fafce69d708ccb9219db""]"
cycle_7b83a4d06617e3185282,Discharge & Transition Planning,Discharge & Transition Planning,1,Insufficient data,,org_df3f866172290061,ind_cd57992e4ca687e8,Small Hospital,East Region,2024/25,needs_review,false,outside primary ED analysis scope,false,1,1,true,false,true,false,"[""intervention_01323ef81614e732b38a""]"
cycle_b4c0964dd25f0f65d889,Emergency Department Workflow,Emergency Department Workflow,1,Insufficient data,,org_df3f866172290061,ind_e7cd9b5804f1c518,Small Hospital,East Region,2025/26,included,false,reporting_period_unverified,false,1,1,true,false,true,false,"[""intervention_58f2d33bc98484c544a1""]"
cycle_935162881377b24cfb37,"Data, Measurement & Dashboards","Data, Measurement & Dashboards",1,Insufficient data,,org_df3f866172290061,ind_ee70b593aad3e4f6,Small Hospital,East Region,2024/25,included,false,insufficient first-cycle ED longitudinal coverage,false,1,1,true,false,true,false,"[""intervention_e839da0aaac46fd1934d""]"
cycle_f9d3d8b12b6e797b2e27,Other,Other,1,Insufficient data,,org_e319a00348b4ae56,ind_15be6b67ccf86839,Large Community Hospital,Central Region,2024/25,needs_review,false,outside primary ED analysis scope,false,1,0,true,false,false,true,"[""intervention_a4a3e5fa439ac68295a3""]"
cycle_4222049de0fca35c4533,Bed & Capacity Management,Bed & Capacity Management,1,Insufficient data,,org_e319a00348b4ae56,ind_15be6b67ccf86839,Large Community Hospital,Central Region,2025/26,needs_review,false,outside primary ED analysis scope,false,1,1,true,false,true,false,"[""intervention_d62ce4ed87f93deba94a""]"
cycle_53fd2a722238291227d7,Other,Other,1,Insufficient data,,org_e319a00348b4ae56,ind_474c28e2c409343a,Large Community Hospital,Central Region,2024/25,needs_review,false,outside primary ED analysis scope,false,1,0,true,false,false,true,"[""intervention_6cf6619e4d3bbd0067ac""]"
cycle_e3f8ca8fc944c617fd22,Other,Other,1,Insufficient data,,org_e319a00348b4ae56,ind_474c28e2c409343a,Large Community Hospital,Central Region,2025/26,needs_review,false,outside primary ED analysis scope,false,1,0,true,false,false,true,"[""intervention_c93375c75964cc41039a""]"
cycle_64174aca00cafa48a744,Discharge & Transition Planning,Discharge & Transition Planning,1,Insufficient data,,org_e319a00348b4ae56,ind_48a60292ec779469,Large Community Hospital,Central Region,2024/25,needs_review,false,outside primary ED analysis scope,false,3,2,false,true,false,true,"[""intervention_bdb6406f96168fa6b1a2""]"
cycle_64174aca00cafa48a744,Other,Other,1,Insufficient data,,org_e319a00348b4ae56,ind_48a60292ec779469,Large Community Hospital,Central Region,2024/25,needs_review,false,outside primary ED analysis scope,false,3,2,false,true,false,true,"[""intervention_f2d4ecc626b36a10a23e""]"
cycle_64174aca00cafa48a744,Training & Education,Training & Education,1,Insufficient data,,org_e319a00348b4ae56,ind_48a60292ec779469,Large Community Hospital,Central Region,2024/25,needs_review,false,outside primary ED analysis scope,false,3,2,false,true,false,true,"[""intervention_2c0f07794a5170944980""]"
cycle_4a8899dd3f8373d9099c,Other,Other,1,Insufficient data,,org_e319a00348b4ae56,ind_48a60292ec779469,Large Community Hospital,Central Region,2025/26,needs_review,false,outside primary ED analysis scope,false,2,1,false,true,false,true,"[""intervention_7fafefa60c5e9379120e""]"
cycle_4a8899dd3f8373d9099c,Training & Education,Training & Education,1,Insufficient data,,org_e319a00348b4ae56,ind_48a60292ec779469,Large Community Hospital,Central Region,2025/26,needs_review,false,outside primary ED analysis scope,false,2,1,false,true,false,true,"[""intervention_3fe5cfca1f90b1eb5e01""]"
cycle_472d8b15da1f81e41bb3,Other,Other,1,Insufficient data,,org_e319a00348b4ae56,ind_b11ddfc1cd4389b8,Large Community Hospital,Central Region,2025/26,needs_review,false,outside primary ED analysis scope,false,1,0,true,false,false,true,"[""intervention_805939012bf7ce2dcf9a""]"
cycle_8bd042e1779a534a7b78,"Data, Measurement & Dashboards","Data, Measurement & Dashboards",1,Insufficient data,,org_e319a00348b4ae56,ind_c81588461cddeaff,Large Community Hospital,Central Region,2024/25,needs_review,false,outside primary ED analysis scope,false,1,1,true,false,true,false,"[""intervention_b0ffe0a276f77b9546a6""]"
cycle_7fe6fff1b80203bf1946,"Data, Measurement & Dashboards","Data, Measurement & Dashboards",1,Insufficient data,,org_e319a00348b4ae56,ind_c81588461cddeaff,Large Community Hospital,Central Region,2025/26,needs_review,false,outside primary ED analysis scope,false,2,1,false,true,false,true,"[""intervention_f770d9ba3d53c0c116d9""]"
cycle_7fe6fff1b80203bf1946,Other,Other,1,Insufficient data,,org_e319a00348b4ae56,ind_c81588461cddeaff,Large Community Hospital,Central Region,2025/26,needs_review,false,outside primary ED analysis scope,false,2,1,false,true,false,true,"[""intervention_ef1d3da386d80280347f""]"
cycle_a9bceef68cc2a5513b79,"Data, Measurement & Dashboards","Data, Measurement & Dashboards",1,Insufficient data,,org_e319a00348b4ae56,ind_ca260e2f3781466b,Large Community Hospital,Central Region,2024/25,needs_review,false,outside primary ED analysis scope,false,1,1,true,false,true,false,"[""intervention_ded535f94b0e04ce9bf8""]"
cycle_128d1b8005a8e5569822,"Data, Measurement & Dashboards","Data, Measurement & Dashboards",1,Insufficient data,,org_e319a00348b4ae56,ind_ca260e2f3781466b,Large Community Hospital,Central Region,2025/26,needs_review,false,outside primary ED analysis scope,false,1,1,true,false,true,false,"[""intervention_fa1628916df9bed8161e""]"
cycle_eec5038b2a6a0282fd0c,Other,Other,3,Insufficient data,,org_e319a00348b4ae56,ind_ccd2b5abc8191936,Large Community Hospital,Central Region,2024/25,needs_review,false,outside primary ED analysis scope,false,2,1,false,true,false,true,"[""intervention_4b3199a6f2cf990c6159"",""intervention_6ccd528c15e4e2670f98"",""intervention_d8435653870987e5d9aa""]"
cycle_eec5038b2a6a0282fd0c,Training & Education,Training & Education,1,Insufficient data,,org_e319a00348b4ae56,ind_ccd2b5abc8191936,Large Community Hospital,Central Region,2024/25,needs_review,false,outside primary ED analysis scope,false,2,1,false,true,false,true,"[""intervention_beb3088d42c14585107a""]"
cycle_021b226a29f02a50df0c,Other,Other,3,Insufficient data,,org_ea2f8e44d526fffc,ind_06627c973f92bcee,Specialty Mental Health Hospital,Central Region,2024/25,needs_review,false,outside primary ED analysis scope,false,2,1,false,true,false,true,"[""intervention_236a84facf13070d624f"",""intervention_822ff58707ed8d8b1ac1"",""intervention_dad77a05245bce2d1636""]"
cycle_021b226a29f02a50df0c,Training & Education,Training & Education,1,Insufficient data,,org_ea2f8e44d526fffc,ind_06627c973f92bcee,Specialty Mental Health Hospital,Central Region,2024/25,needs_review,false,outside primary ED analysis scope,false,2,1,false,true,false,true,"[""intervention_32fffe94926ba36d9d67""]"
cycle_babd2ffee985e29484f6,Care Coordination & Communication,Care Coordination & Communication,1,Insufficient data,,org_ea2f8e44d526fffc,ind_07cbc8154ccb0a37,Specialty Mental Health Hospital,Central Region,2024/25,needs_review,false,outside primary ED analysis scope,false,3,2,false,true,false,true,"[""intervention_a2b88d071c07273c1c33""]"
cycle_babd2ffee985e29484f6,Other,Other,2,Insufficient data,,org_ea2f8e44d526fffc,ind_07cbc8154ccb0a37,Specialty Mental Health Hospital,Central Region,2024/25,needs_review,false,outside primary ED analysis scope,false,3,2,false,true,false,true,"[""intervention_01f674cede85e0ce031e"",""intervention_3d81ff14296450fc3868""]"
cycle_babd2ffee985e29484f6,Training & Education,Training & Education,1,Insufficient data,,org_ea2f8e44d526fffc,ind_07cbc8154ccb0a37,Specialty Mental Health Hospital,Central Region,2024/25,needs_review,false,outside primary ED analysis scope,false,3,2,false,true,false,true,"[""intervention_fcc3386bef659063a3b3""]"
cycle_57a6ac62787f70790753,Care Coordination & Communication,Care Coordination & Communication,1,Insufficient data,,org_ea2f8e44d526fffc,ind_0e51d74379ca749f,Specialty Mental Health Hospital,Central Region,2025/26,needs_review,false,outside primary ED analysis scope,false,3,2,false,true,false,true,"[""intervention_7090de81b6835c60c4e6""]"
cycle_57a6ac62787f70790753,Other,Other,2,Insufficient data,,org_ea2f8e44d526fffc,ind_0e51d74379ca749f,Specialty Mental Health Hospital,Central Region,2025/26,needs_review,false,outside primary ED analysis scope,false,3,2,false,true,false,true,"[""intervention_435814e8cf91db4dba55"",""intervention_99abdfbb154732b2dd31""]"
cycle_57a6ac62787f70790753,Policy / Standardization,Policy / Standardization,1,Insufficient data,,org_ea2f8e44d526fffc,ind_0e51d74379ca749f,Specialty Mental Health Hospital,Central Region,2025/26,needs_review,false,outside primary ED analysis scope,false,3,2,false,true,false,true,"[""intervention_0bad54fe39c45d54541a""]"
cycle_17c113ccda6acadcdf88,Other,Other,3,Insufficient data,,org_ea2f8e44d526fffc,ind_1ed3dfcb8668a82f,Specialty Mental Health Hospital,Central Region,2024/25,needs_review,false,outside primary ED analysis scope,false,2,1,false,true,false,true,"[""intervention_4902149ae049deee382c"",""intervention_5b14ebfc753ac08cccd1"",""intervention_63e040094c45cf49a841""]"
cycle_17c113ccda6acadcdf88,Training & Education,Training & Education,1,Insufficient data,,org_ea2f8e44d526fffc,ind_1ed3dfcb8668a82f,Specialty Mental Health Hospital,Central Region,2024/25,needs_review,false,outside primary ED analysis scope,false,2,1,false,true,false,true,"[""intervention_5a66efc725267da054d3""]"
cycle_94f2db53bbe4cf89736b,Other,Other,1,Insufficient data,,org_ea2f8e44d526fffc,ind_36926c9f06cd93f7,Specialty Mental Health Hospital,Central Region,2024/25,needs_review,false,outside primary ED analysis scope,false,2,1,false,true,false,true,"[""intervention_c3d12b576d3e87f87b74""]"
cycle_94f2db53bbe4cf89736b,Policy / Standardization,Policy / Standardization,1,Insufficient data,,org_ea2f8e44d526fffc,ind_36926c9f06cd93f7,Specialty Mental Health Hospital,Central Region,2024/25,needs_review,false,outside primary ED analysis scope,false,2,1,false,true,false,true,"[""intervention_e28d9ffa00c04e05f32b""]"
cycle_debdd98b6e0e2590015b,"Data, Measurement & Dashboards","Data, Measurement & Dashboards",1,Insufficient data,,org_ea2f8e44d526fffc,ind_5c00ebb9a77a1e82,Specialty Mental Health Hospital,Central Region,2025/26,needs_review,false,outside primary ED analysis scope,false,2,1,false,true,false,true,"[""intervention_b837a76541f5f675cb72""]"
cycle_debdd98b6e0e2590015b,Other,Other,3,Insufficient data,,org_ea2f8e44d526fffc,ind_5c00ebb9a77a1e82,Specialty Mental Health Hospital,Central Region,2025/26,needs_review,false,outside primary ED analysis scope,false,2,1,false,true,false,true,"[""intervention_38f139383520e342e251"",""intervention_92d4fcf3bd7cbe4824dd"",""intervention_f4659a76a1ffd0711c3e""]"
cycle_7b1bb0710b3a12b0a014,Other,Other,3,Insufficient data,,org_ea2f8e44d526fffc,ind_66653825134a6f34,Specialty Mental Health Hospital,Central Region,2025/26,needs_review,false,outside primary ED analysis scope,false,2,1,false,true,false,true,"[""intervention_8ddbea8edf55164d7e75"",""intervention_c7e23eff0ae93325b9f8"",""intervention_e2a640c85eee39acd607""]"
cycle_7b1bb0710b3a12b0a014,Technology & Digital Tools,Technology & Digital Tools,2,Insufficient data,,org_ea2f8e44d526fffc,ind_66653825134a6f34,Specialty Mental Health Hospital,Central Region,2025/26,needs_review,false,outside primary ED analysis scope,false,2,1,false,true,false,true,"[""intervention_05d1d877e24fd0ebb2c6"",""intervention_4dd59ff0a3a5c0bb8ae1""]"
cycle_f0c3104aa9459082d606,Other,Other,3,Insufficient data,,org_ea2f8e44d526fffc,ind_7b10cfd3e6a34786,Specialty Mental Health Hospital,Central Region,2025/26,needs_review,false,outside primary ED analysis scope,false,1,0,true,false,false,true,"[""intervention_0cb07be1de146a32100a"",""intervention_1e6c263ccd6f13d5042b"",""intervention_4c65737fc338dd157e67""]"
cycle_df069abaf18ebfd2b227,Other,Other,3,Insufficient data,,org_ea2f8e44d526fffc,ind_bf1720e7ff66b35a,Specialty Mental Health Hospital,Central Region,2025/26,needs_review,false,outside primary ED analysis scope,false,1,0,true,false,false,true,"[""intervention_8aaea5db3ada418250a2"",""intervention_ad9a6124814934373fc6"",""intervention_b97879fc73de8a0971cc""]"
cycle_7e006dc4901b26d21ed6,Other,Other,4,Insufficient data,,org_ea2f8e44d526fffc,ind_c8d2a65f043f909e,Specialty Mental Health Hospital,Central Region,2025/26,needs_review,false,outside primary ED analysis scope,false,1,0,true,false,false,true,"[""intervention_0c039dc5cb8baa178a6c"",""intervention_2b6669894868dd18457b"",""intervention_e099648a2ec11d8e3a4f"",""intervention_e639cdec701e627a6aab""]"
cycle_c4dce5c1f8d0fd3ee5fe,"Data, Measurement & Dashboards","Data, Measurement & Dashboards",1,Insufficient data,,org_ea2f8e44d526fffc,ind_cd57992e4ca687e8,Specialty Mental Health Hospital,Central Region,2024/25,needs_review,false,outside primary ED analysis scope,false,3,2,false,true,false,true,"[""intervention_d6712596b5464c25f07e""]"
cycle_c4dce5c1f8d0fd3ee5fe,Discharge & Transition Planning,Discharge & Transition Planning,1,Insufficient data,,org_ea2f8e44d526fffc,ind_cd57992e4ca687e8,Specialty Mental Health Hospital,Central Region,2024/25,needs_review,false,outside primary ED analysis scope,false,3,2,false,true,false,true,"[""intervention_e976146e729141903708""]"
cycle_c4dce5c1f8d0fd3ee5fe,Other,Other,1,Insufficient data,,org_ea2f8e44d526fffc,ind_cd57992e4ca687e8,Specialty Mental Health Hospital,Central Region,2024/25,needs_review,false,outside primary ED analysis scope,false,3,2,false,true,false,true,"[""intervention_fd68e33c3ca644d01acf""]"
cycle_cd8f44c33dc2b6c9da7a,Other,Other,2,Insufficient data,,org_ea2f8e44d526fffc,ind_e45692325eaada8d,Specialty Mental Health Hospital,Central Region,2024/25,needs_review,false,outside primary ED analysis scope,false,2,1,false,true,false,true,"[""intervention_3bad00a903d34d5961c8"",""intervention_5646828917af434e9a42""]"
cycle_cd8f44c33dc2b6c9da7a,Policy / Standardization,Policy / Standardization,1,Insufficient data,,org_ea2f8e44d526fffc,ind_e45692325eaada8d,Specialty Mental Health Hospital,Central Region,2024/25,needs_review,false,outside primary ED analysis scope,false,2,1,false,true,false,true,"[""intervention_8fdbe147bdecab4c96e6""]"
cycle_4f57d39ef69300f3f1b0,"Data, Measurement & Dashboards","Data, Measurement & Dashboards",1,Insufficient data,,org_ef7fa0230fe84ddb,ind_0646035afd9bba7c,Small Hospital,North East Region,2024/25,excluded,false,outside primary ED analysis scope,false,2,2,false,true,false,false,"[""intervention_7cc9a96ce12daf3eeda9""]"
cycle_4f57d39ef69300f3f1b0,Technology & Digital Tools,Technology & Digital Tools,1,Insufficient data,,org_ef7fa0230fe84ddb,ind_0646035afd9bba7c,Small Hospital,North East Region,2024/25,excluded,false,outside primary ED analysis scope,false,2,2,false,true,false,false,"[""intervention_f540846f9e9c38fcb58c""]"
cycle_f6ccd211830614e4af36,Care Coordination & Communication,Care Coordination & Communication,1,Insufficient data,,org_ef7fa0230fe84ddb,ind_06590f50f65eac7e,Small Hospital,North East Region,2025/26,included,false,unit_unverified; population_unverified; reporting_period_unverified; historical_match_unavailable_or_ambiguous,false,3,3,false,true,false,false,"[""intervention_709d042ba27d5b5a00b0""]"
cycle_f6ccd211830614e4af36,Staffing & Scheduling,Staffing & Scheduling,1,Insufficient data,,org_ef7fa0230fe84ddb,ind_06590f50f65eac7e,Small Hospital,North East Region,2025/26,included,false,unit_unverified; population_unverified; reporting_period_unverified; historical_match_unavailable_or_ambiguous,false,3,3,false,true,false,false,"[""intervention_39e50b58a175cb346713""]"
cycle_f6ccd211830614e4af36,Technology & Digital Tools,Technology & Digital Tools,1,Insufficient data,,org_ef7fa0230fe84ddb,ind_06590f50f65eac7e,Small Hospital,North East Region,2025/26,included,false,unit_unverified; population_unverified; reporting_period_unverified; historical_match_unavailable_or_ambiguous,false,3,3,false,true,false,false,"[""intervention_8acfaa9a99a1826a5bb6""]"
cycle_dddfc6d2121e21b27747,"Data, Measurement & Dashboards","Data, Measurement & Dashboards",1,Insufficient data,,org_ef7fa0230fe84ddb,ind_295a44ad6376a1f3,Small Hospital,North East Region,2025/26,needs_review,false,outside primary ED analysis scope,false,2,2,false,true,false,false,"[""intervention_4569a5e66fd0e78f5321""]"
cycle_dddfc6d2121e21b27747,Training & Education,Training & Education,1,Insufficient data,,org_ef7fa0230fe84ddb,ind_295a44ad6376a1f3,Small Hospital,North East Region,2025/26,needs_review,false,outside primary ED analysis scope,false,2,2,false,true,false,false,"[""intervention_25ee98d277f4c481d4d5""]"
cycle_b1dfd06b61f633a33698,Care Coordination & Communication,Care Coordination & Communication,1,Insufficient data,,org_ef7fa0230fe84ddb,ind_37478f8fb5db2bb6,Small Hospital,North East Region,2024/25,excluded,false,outside primary ED analysis scope,false,2,1,false,true,false,true,"[""intervention_c8e2749e17d840b1d4be""]"
cycle_b1dfd06b61f633a33698,Other,Other,3,Insufficient data,,org_ef7fa0230fe84ddb,ind_37478f8fb5db2bb6,Small Hospital,North East Region,2024/25,excluded,false,outside primary ED analysis scope,false,2,1,false,true,false,true,"[""intervention_142b14fd2a2999280de4"",""intervention_1c9a7205c22d6b1bb563"",""intervention_a170651385380ac0dd58""]"
cycle_774a6f146871d061ed93,Policy / Standardization,Policy / Standardization,1,Insufficient data,,org_ef7fa0230fe84ddb,ind_37478f8fb5db2bb6,Small Hospital,North East Region,2025/26,excluded,false,outside primary ED analysis scope,false,2,2,false,true,false,false,"[""intervention_b856476de1cdd32d0cae""]"
cycle_774a6f146871d061ed93,Safety & Risk Prevention,Safety & Risk Prevention,2,Insufficient data,,org_ef7fa0230fe84ddb,ind_37478f8fb5db2bb6,Small Hospital,North East Region,2025/26,excluded,false,outside primary ED analysis scope,false,2,2,false,true,false,false,"[""intervention_259c6169764eb19e9dd3"",""intervention_41745396e3f115df72f7""]"
cycle_5919e0e2a4b945960490,Training & Education,Training & Education,1,Insufficient data,,org_ef7fa0230fe84ddb,ind_5314e24f5f6e6912,Small Hospital,North East Region,2024/25,excluded,false,outside primary ED analysis scope,false,1,1,true,false,true,false,"[""intervention_2057dbc0164f4eeb5a3b""]"
cycle_7a8da0f1b34cc75f16ff,Discharge & Transition Planning,Discharge & Transition Planning,2,Insufficient data,,org_ef7fa0230fe84ddb,ind_5736bd14be7dc977,Small Hospital,North East Region,2024/25,needs_review,false,outside primary ED analysis scope,false,1,1,true,false,true,false,"[""intervention_4d4c29d1b824012a41a3"",""intervention_aa1e74f0beffb64dc6d5""]"
cycle_4638c2ebee9027d61bc9,Admission & Transfer Process,Admission & Transfer Process,1,Insufficient data,,org_ef7fa0230fe84ddb,ind_cd57992e4ca687e8,Small Hospital,North East Region,2024/25,needs_review,false,outside primary ED analysis scope,false,2,1,false,true,false,true,"[""intervention_01c6b76cae68b12ac8f9""]"
cycle_4638c2ebee9027d61bc9,Other,Other,2,Insufficient data,,org_ef7fa0230fe84ddb,ind_cd57992e4ca687e8,Small Hospital,North East Region,2024/25,needs_review,false,outside primary ED analysis scope,false,2,1,false,true,false,true,"[""intervention_8d1d378be3585f998184"",""intervention_b1328b674a43ac9a4081""]"
cycle_efe6c78612d7c0f8b344,Training & Education,Training & Education,1,Insufficient data,,org_ef7fa0230fe84ddb,ind_e0f9caf8d032d988,Small Hospital,North East Region,2025/26,needs_review,false,outside primary ED analysis scope,false,1,1,true,false,true,false,"[""intervention_1f1fe4c2c3dcb4a3a5a1""]"
cycle_e36ea946f0708da814f4,"Data, Measurement & Dashboards","Data, Measurement & Dashboards",2,Insufficient data,,org_ef7fa0230fe84ddb,ind_fed8017d772e6d23,Small Hospital,North East Region,2025/26,needs_review,false,outside primary ED analysis scope,false,1,1,true,false,true,false,"[""intervention_112cf1053f422b2efa09"",""intervention_1ef4b6713d035b6686c4""]"
cycle_4ded57d402cb8ed2ffad,Other,Other,2,Insufficient data,,org_f05da09420b0d727,ind_06590f50f65eac7e,Small Hospital,East Region,2024/25,included,false,insufficient first-cycle ED longitudinal coverage,false,1,0,true,false,false,true,"[""intervention_6e6678523b073cc97ef6"",""intervention_7fd891c56761c8edf4c9""]"
cycle_d7cae5cb3f70b2380a74,Patient Streaming / Triage,Patient Streaming / Triage,1,Insufficient data,,org_f05da09420b0d727,ind_06590f50f65eac7e,Small Hospital,East Region,2025/26,included,false,reporting_period_unverified,false,1,1,true,false,true,false,"[""intervention_06c0222ea459af4d810f""]"
cycle_60529d2ec4ac27c3ebde,Training & Education,Training & Education,1,Insufficient data,,org_f05da09420b0d727,ind_32ca8e204def9c98,Small Hospital,East Region,2025/26,needs_review,false,outside primary ED analysis scope,false,1,1,true,false,true,false,"[""intervention_ebb0b5953ccc4f13dfa9""]"
cycle_619018fe9b0d8310ed6c,"Data, Measurement & Dashboards","Data, Measurement & Dashboards",1,Insufficient data,,org_f05da09420b0d727,ind_37478f8fb5db2bb6,Small Hospital,East Region,2024/25,excluded,false,outside primary ED analysis scope,false,2,1,false,true,false,true,"[""intervention_68071143ca106fc7f4f1""]"
cycle_619018fe9b0d8310ed6c,Other,Other,1,Insufficient data,,org_f05da09420b0d727,ind_37478f8fb5db2bb6,Small Hospital,East Region,2024/25,excluded,false,outside primary ED analysis scope,false,2,1,false,true,false,true,"[""intervention_b01259e5e15b77c82528""]"
cycle_305b4bb62205e74f2ae8,Training & Education,Training & Education,1,Insufficient data,,org_f05da09420b0d727,ind_37478f8fb5db2bb6,Small Hospital,East Region,2025/26,excluded,false,outside primary ED analysis scope,false,1,1,true,false,true,false,"[""intervention_6865df76fcce9c95d300""]"
cycle_93b8162a6e1b5a849a5a,Other,Other,1,Insufficient data,,org_f05da09420b0d727,ind_407e2da7118a2dcd,Small Hospital,East Region,2025/26,needs_review,false,outside primary ED analysis scope,false,1,0,true,false,false,true,"[""intervention_bac088db05d51bb97622""]"
cycle_331616bb0f85105bd608,Other,Other,1,Insufficient data,,org_f05da09420b0d727,ind_5314e24f5f6e6912,Small Hospital,East Region,2024/25,excluded,false,outside primary ED analysis scope,false,2,1,false,true,false,true,"[""intervention_d3aa9b9ec756000e63b5""]"
cycle_331616bb0f85105bd608,Training & Education,Training & Education,1,Insufficient data,,org_f05da09420b0d727,ind_5314e24f5f6e6912,Small Hospital,East Region,2024/25,excluded,false,outside primary ED analysis scope,false,2,1,false,true,false,true,"[""intervention_831ec5ffb27544904a48""]"
cycle_0c3a1274fcb838df2bdb,Care Coordination & Communication,Care Coordination & Communication,1,Insufficient data,,org_f05da09420b0d727,ind_67ee717abbe20a1b,Small Hospital,East Region,2024/25,excluded,false,outside primary ED analysis scope,false,2,1,false,true,false,true,"[""intervention_e678871d994f06b1cb16""]"
cycle_0c3a1274fcb838df2bdb,Other,Other,1,Insufficient data,,org_f05da09420b0d727,ind_67ee717abbe20a1b,Small Hospital,East Region,2024/25,excluded,false,outside primary ED analysis scope,false,2,1,false,true,false,true,"[""intervention_07b3320ced3915d0261f""]"
cycle_99aeea85918d4d46c429,Other,Other,1,Insufficient data,,org_f05da09420b0d727,ind_cee8520afbd1c6a0,Small Hospital,East Region,2024/25,needs_review,false,outside primary ED analysis scope,false,2,1,false,true,false,true,"[""intervention_af73bd6d21727294a889""]"
cycle_99aeea85918d4d46c429,Training & Education,Training & Education,1,Insufficient data,,org_f05da09420b0d727,ind_cee8520afbd1c6a0,Small Hospital,East Region,2024/25,needs_review,false,outside primary ED analysis scope,false,2,1,false,true,false,true,"[""intervention_22107e157f42176b72dd""]"
cycle_266d4f2e95d3cd89b0ca,"Data, Measurement & Dashboards","Data, Measurement & Dashboards",1,Insufficient data,,org_f05da09420b0d727,ind_d479c6367e6d4732,Small Hospital,East Region,2025/26,needs_review,false,outside primary ED analysis scope,false,1,1,true,false,true,false,"[""intervention_a437dbf393eb9cf6f8ca""]"
cycle_ad18d619bd9f89cf6a9e,Patient Streaming / Triage,Patient Streaming / Triage,1,Insufficient data,,org_f05da09420b0d727,ind_e7cd9b5804f1c518,Small Hospital,East Region,2025/26,included,false,reporting_period_unverified,false,1,1,true,false,true,false,"[""intervention_07be1ea1aebd7e609a46""]"
cycle_6effca482038bb1fc85f,Admission & Transfer Process,Admission & Transfer Process,1,Insufficient data,,org_f05da09420b0d727,ind_ef4a9573ead4ee92,Small Hospital,East Region,2024/25,included,false,insufficient first-cycle ED longitudinal coverage,false,2,2,false,true,false,false,"[""intervention_34b6d4ab4f3d71ecdf40""]"
cycle_6effca482038bb1fc85f,Discharge & Transition Planning,Discharge & Transition Planning,1,Insufficient data,,org_f05da09420b0d727,ind_ef4a9573ead4ee92,Small Hospital,East Region,2024/25,included,false,insufficient first-cycle ED longitudinal coverage,false,2,2,false,true,false,false,"[""intervention_717753350ecab1cb65cd""]"
cycle_29c380321daab25207e2,Other,Other,1,Insufficient data,,org_f0b636d778c0ae76,ind_07b9083119b4b275,Specialty Mental Health Hospital,East Region,2024/25,needs_review,false,outside primary ED analysis scope,false,2,1,false,true,false,true,"[""intervention_a6d097262317b518ec25""]"
cycle_29c380321daab25207e2,Training & Education,Training & Education,1,Insufficient data,,org_f0b636d778c0ae76,ind_07b9083119b4b275,Specialty Mental Health Hospital,East Region,2024/25,needs_review,false,outside primary ED analysis scope,false,2,1,false,true,false,true,"[""intervention_d9261a69753866ccd772""]"
cycle_5db78efbf6ed55ffcb51,Other,Other,1,Insufficient data,,org_f0b636d778c0ae76,ind_24a978f5735b1942,Specialty Mental Health Hospital,East Region,2024/25,needs_review,false,outside primary ED analysis scope,false,2,1,false,true,false,true,"[""intervention_2833383c740ad71c7f02""]"
cycle_5db78efbf6ed55ffcb51,Policy / Standardization,Policy / Standardization,1,Insufficient data,,org_f0b636d778c0ae76,ind_24a978f5735b1942,Specialty Mental Health Hospital,East Region,2024/25,needs_review,false,outside primary ED analysis scope,false,2,1,false,true,false,true,"[""intervention_870de47e6274f64af7e2""]"
cycle_05740eb8e032d333b1f0,Other,Other,2,Insufficient data,,org_f0b636d778c0ae76,ind_3188c1c1803b3549,Specialty Mental Health Hospital,East Region,2025/26,needs_review,false,outside primary ED analysis scope,false,1,0,true,false,false,true,"[""intervention_30edb7c6ac4014f7b3e4"",""intervention_afe51f567e3739025e06""]"
cycle_38bc0ece51d61b17f1b9,Other,Other,2,Insufficient data,,org_f0b636d778c0ae76,ind_49aaa7e267379d23,Specialty Mental Health Hospital,East Region,2024/25,needs_review,false,outside primary ED analysis scope,false,3,2,false,true,false,true,"[""intervention_b745c6989001a483d8ac"",""intervention_e5c1f1b3a5f94d5277d7""]"
cycle_38bc0ece51d61b17f1b9,Policy / Standardization,Policy / Standardization,1,Insufficient data,,org_f0b636d778c0ae76,ind_49aaa7e267379d23,Specialty Mental Health Hospital,East Region,2024/25,needs_review,false,outside primary ED analysis scope,false,3,2,false,true,false,true,"[""intervention_da1a964c0b0836319480""]"
cycle_38bc0ece51d61b17f1b9,Training & Education,Training & Education,1,Insufficient data,,org_f0b636d778c0ae76,ind_49aaa7e267379d23,Specialty Mental Health Hospital,East Region,2024/25,needs_review,false,outside primary ED analysis scope,false,3,2,false,true,false,true,"[""intervention_846494430400296a0c10""]"
cycle_211d302262dbe7dcbe6f,Other,Other,1,Insufficient data,,org_f0b636d778c0ae76,ind_65ebc53cc63bdfd8,Specialty Mental Health Hospital,East Region,2025/26,needs_review,false,outside primary ED analysis scope,false,2,1,false,true,false,true,"[""intervention_ebf04a91aed91ad1bb03""]"
cycle_211d302262dbe7dcbe6f,Policy / Standardization,Policy / Standardization,1,Insufficient data,,org_f0b636d778c0ae76,ind_65ebc53cc63bdfd8,Specialty Mental Health Hospital,East Region,2025/26,needs_review,false,outside primary ED analysis scope,false,2,1,false,true,false,true,"[""intervention_6ec509acfed7899af702""]"
cycle_ce5851c98416e16b5591,Discharge & Transition Planning,Discharge & Transition Planning,1,Insufficient data,,org_f0b636d778c0ae76,ind_7679d0d1bdec8364,Specialty Mental Health Hospital,East Region,2025/26,needs_review,false,outside primary ED analysis scope,false,3,2,false,true,false,true,"[""intervention_d1af07cc1b8820590735""]"
cycle_ce5851c98416e16b5591,Other,Other,1,Insufficient data,,org_f0b636d778c0ae76,ind_7679d0d1bdec8364,Specialty Mental Health Hospital,East Region,2025/26,needs_review,false,outside primary ED analysis scope,false,3,2,false,true,false,true,"[""intervention_7fd8a8bf94e42aeea47e""]"
cycle_ce5851c98416e16b5591,Policy / Standardization,Policy / Standardization,1,Insufficient data,,org_f0b636d778c0ae76,ind_7679d0d1bdec8364,Specialty Mental Health Hospital,East Region,2025/26,needs_review,false,outside primary ED analysis scope,false,3,2,false,true,false,true,"[""intervention_504cc3778672e45eed1a""]"
cycle_f2ebfe9edf5fe0098750,"Data, Measurement & Dashboards","Data, Measurement & Dashboards",1,Insufficient data,,org_f0b636d778c0ae76,ind_7ca7f2062bf65701,Specialty Mental Health Hospital,East Region,2025/26,needs_review,false,outside primary ED analysis scope,false,3,3,false,true,false,false,"[""intervention_bff5ae516f690ed1de00""]"
cycle_f2ebfe9edf5fe0098750,Policy / Standardization,Policy / Standardization,1,Insufficient data,,org_f0b636d778c0ae76,ind_7ca7f2062bf65701,Specialty Mental Health Hospital,East Region,2025/26,needs_review,false,outside primary ED analysis scope,false,3,3,false,true,false,false,"[""intervention_d81f5961cf56dd56acfa""]"
cycle_f2ebfe9edf5fe0098750,Training & Education,Training & Education,1,Insufficient data,,org_f0b636d778c0ae76,ind_7ca7f2062bf65701,Specialty Mental Health Hospital,East Region,2025/26,needs_review,false,outside primary ED analysis scope,false,3,3,false,true,false,false,"[""intervention_8e6415aca2e9b3c5fb2e""]"
cycle_833ec195e4a77d760438,Care Coordination & Communication,Care Coordination & Communication,1,Insufficient data,,org_f0b636d778c0ae76,ind_d07919bd9be29668,Specialty Mental Health Hospital,East Region,2025/26,needs_review,false,outside primary ED analysis scope,false,3,2,false,true,false,true,"[""intervention_986199dfae1ce503fd01""]"
cycle_833ec195e4a77d760438,Discharge & Transition Planning,Discharge & Transition Planning,1,Insufficient data,,org_f0b636d778c0ae76,ind_d07919bd9be29668,Specialty Mental Health Hospital,East Region,2025/26,needs_review,false,outside primary ED analysis scope,false,3,2,false,true,false,true,"[""intervention_d48e989f676a55bf419a""]"
cycle_833ec195e4a77d760438,Other,Other,1,Insufficient data,,org_f0b636d778c0ae76,ind_d07919bd9be29668,Specialty Mental Health Hospital,East Region,2025/26,needs_review,false,outside primary ED analysis scope,false,3,2,false,true,false,true,"[""intervention_07c68c7dc0c194ad6a64""]"
cycle_589e5a50da9a90afb333,Discharge & Transition Planning,Discharge & Transition Planning,1,Insufficient data,,org_f0b636d778c0ae76,ind_ee69bc8f2064d952,Specialty Mental Health Hospital,East Region,2024/25,needs_review,false,outside primary ED analysis scope,false,2,1,false,true,false,true,"[""intervention_b33b0631913a8a271a91""]"
cycle_589e5a50da9a90afb333,Other,Other,1,Insufficient data,,org_f0b636d778c0ae76,ind_ee69bc8f2064d952,Specialty Mental Health Hospital,East Region,2024/25,needs_review,false,outside primary ED analysis scope,false,2,1,false,true,false,true,"[""intervention_b05626bc6881dac13d02""]"
cycle_9739182b41fe337eedf6,Discharge & Transition Planning,Discharge & Transition Planning,1,Insufficient data,,org_f0b636d778c0ae76,ind_f2e8830c15796831,Specialty Mental Health Hospital,East Region,2024/25,needs_review,false,outside primary ED analysis scope,false,1,1,true,false,true,false,"[""intervention_c25623497db6ac27445e""]"
cycle_f396683f33c565f346ee,Training & Education,Training & Education,2,Insufficient data,,org_f2ecb8bbfe8e4cbb,ind_04f1ac96c3e26dae,Large Community Hospital,Central Region,2025/26,needs_review,false,outside primary ED analysis scope,false,1,1,true,false,true,false,"[""intervention_41c85933ff222fc735a0"",""intervention_f2474dae0923265248ca""]"
cycle_972e41bea35a83c65f3d,Care Coordination & Communication,Care Coordination & Communication,1,Insufficient data,,org_f2ecb8bbfe8e4cbb,ind_48cd5c5dfeb47fd7,Large Community Hospital,Central Region,2024/25,needs_review,false,outside primary ED analysis scope,false,3,2,false,true,false,true,"[""intervention_4d8c417c2e07aaf2e292""]"
cycle_972e41bea35a83c65f3d,"Data, Measurement & Dashboards","Data, Measurement & Dashboards",1,Insufficient data,,org_f2ecb8bbfe8e4cbb,ind_48cd5c5dfeb47fd7,Large Community Hospital,Central Region,2024/25,needs_review,false,outside primary ED analysis scope,false,3,2,false,true,false,true,"[""intervention_04ced6f6c1a6d9dcb943""]"
cycle_972e41bea35a83c65f3d,Other,Other,1,Insufficient data,,org_f2ecb8bbfe8e4cbb,ind_48cd5c5dfeb47fd7,Large Community Hospital,Central Region,2024/25,needs_review,false,outside primary ED analysis scope,false,3,2,false,true,false,true,"[""intervention_045e6a17dda63e129a63""]"
cycle_d8cb02a3eda46610aa09,Admission & Transfer Process,Admission & Transfer Process,1,Insufficient data,,org_f2ecb8bbfe8e4cbb,ind_5b2e1352e31909e8,Large Community Hospital,Central Region,2025/26,included,false,reporting_period_unverified,false,4,3,false,true,false,true,"[""intervention_1caff6ebaec2ed87c63d""]"
cycle_d8cb02a3eda46610aa09,Discharge & Transition Planning,Discharge & Transition Planning,1,Insufficient data,,org_f2ecb8bbfe8e4cbb,ind_5b2e1352e31909e8,Large Community Hospital,Central Region,2025/26,included,false,reporting_period_unverified,false,4,3,false,true,false,true,"[""intervention_4a6204948c76f930950a""]"
cycle_d8cb02a3eda46610aa09,Other,Other,1,Insufficient data,,org_f2ecb8bbfe8e4cbb,ind_5b2e1352e31909e8,Large Community Hospital,Central Region,2025/26,included,false,reporting_period_unverified,false,4,3,false,true,false,true,"[""intervention_7985e6b6c3608f00033c""]"
cycle_d8cb02a3eda46610aa09,Surge Management,Surge Management,1,Insufficient data,,org_f2ecb8bbfe8e4cbb,ind_5b2e1352e31909e8,Large Community Hospital,Central Region,2025/26,included,false,reporting_period_unverified,false,4,3,false,true,false,true,"[""intervention_6b0f563378e21083bf81""]"
cycle_bfb50d977a8b3d44d6ba,Discharge & Transition Planning,Discharge & Transition Planning,2,Insufficient data,,org_f2ecb8bbfe8e4cbb,ind_67ee717abbe20a1b,Large Community Hospital,Central Region,2024/25,excluded,false,outside primary ED analysis scope,false,1,1,true,false,true,false,"[""intervention_25832480616b4453c702"",""intervention_801eebd41aae4ff6528a""]"
cycle_ac038aa21ebc60628350,Discharge & Transition Planning,Discharge & Transition Planning,2,Insufficient data,,org_f2ecb8bbfe8e4cbb,ind_67ee717abbe20a1b,Large Community Hospital,Central Region,2025/26,excluded,false,outside primary ED analysis scope,false,1,1,true,false,true,false,"[""intervention_27e9f15dac557777329a"",""intervention_39ae9c168fa953f932d4""]"
cycle_6c015a960e5d23df1770,Training & Education,Training & Education,2,Insufficient data,,org_f2ecb8bbfe8e4cbb,ind_7086fe477aa51a2a,Large Community Hospital,Central Region,2024/25,needs_review,false,outside primary ED analysis scope,false,1,1,true,false,true,false,"[""intervention_1b220d6fd4bc11290a25"",""intervention_cd33dc599e9f7ac8e56b""]"
cycle_6a69700fd58ff6337a84,Ambulance / EMS Flow,Ambulance / EMS Flow,1,Insufficient data,,org_f2ecb8bbfe8e4cbb,ind_825d2604f2093328,Large Community Hospital,Central Region,2024/25,needs_review,false,outside primary ED analysis scope,false,2,1,false,true,false,true,"[""intervention_a752a4a15fd3ac8b767d""]"
cycle_6a69700fd58ff6337a84,Other,Other,2,Insufficient data,,org_f2ecb8bbfe8e4cbb,ind_825d2604f2093328,Large Community Hospital,Central Region,2024/25,needs_review,false,outside primary ED analysis scope,false,2,1,false,true,false,true,"[""intervention_70238da8ae85b9cd7e13"",""intervention_7326a05a10507c0fe640""]"
cycle_2a06e4955c390d288f26,Other,Other,2,Insufficient data,,org_f2ecb8bbfe8e4cbb,ind_d1c4bf31233b7566,Large Community Hospital,Central Region,2025/26,needs_review,false,outside primary ED analysis scope,false,2,1,false,true,false,true,"[""intervention_9ac7eaaed7690e191a1e"",""intervention_b220c19192f55a4b9799""]"
cycle_2a06e4955c390d288f26,Policy / Standardization,Policy / Standardization,1,Insufficient data,,org_f2ecb8bbfe8e4cbb,ind_d1c4bf31233b7566,Large Community Hospital,Central Region,2025/26,needs_review,false,outside primary ED analysis scope,false,2,1,false,true,false,true,"[""intervention_9972c557759ee01ce001""]"
cycle_54cab5df373913eec6b9,Policy / Standardization,Policy / Standardization,1,Insufficient data,,org_f8eac9c57136e46f,ind_0b526aa996e4e990,Large Community Hospital,Central Region,2025/26,needs_review,false,outside primary ED analysis scope,false,1,1,true,false,true,false,"[""intervention_00e0471c4d2cf233286e""]"
cycle_43e50f84752851759987,Policy / Standardization,Policy / Standardization,1,Insufficient data,,org_f8eac9c57136e46f,ind_314218ae875aa85c,Large Community Hospital,Central Region,2024/25,needs_review,false,outside primary ED analysis scope,false,1,1,true,false,true,false,"[""intervention_50e3934f3a839c444255""]"
cycle_1f90eab42d7d9ad7c36b,Other,Other,2,Insufficient data,,org_f8eac9c57136e46f,ind_37478f8fb5db2bb6,Large Community Hospital,Central Region,2024/25,excluded,false,outside primary ED analysis scope,false,2,1,false,true,false,true,"[""intervention_c17da109514521657e1c"",""intervention_e5461006382350fb54a3""]"
cycle_1f90eab42d7d9ad7c36b,Technology & Digital Tools,Technology & Digital Tools,1,Insufficient data,,org_f8eac9c57136e46f,ind_37478f8fb5db2bb6,Large Community Hospital,Central Region,2024/25,excluded,false,outside primary ED analysis scope,false,2,1,false,true,false,true,"[""intervention_9d26e48a7056ded78e53""]"
cycle_c4dcb05fa7523974335d,Other,Other,2,Insufficient data,,org_f8eac9c57136e46f,ind_382f7d17731df261,Large Community Hospital,Central Region,2024/25,needs_review,false,outside primary ED analysis scope,false,1,0,true,false,false,true,"[""intervention_313c9ceba82ae299ccea"",""intervention_340816c4fedac180c6e3""]"
cycle_90d656e382a8de0d902c,Other,Other,3,Insufficient data,,org_f8eac9c57136e46f,ind_416f7868050f5ff9,Large Community Hospital,Central Region,2024/25,needs_review,false,outside primary ED analysis scope,false,1,0,true,false,false,true,"[""intervention_3e22e27d38a398704d32"",""intervention_484030c4e4f30d384c9b"",""intervention_d758d0d8d970f7b8da5b""]"
cycle_3ac686b3aa7ecae0474f,Other,Other,2,Insufficient data,,org_f8eac9c57136e46f,ind_416f7868050f5ff9,Large Community Hospital,Central Region,2025/26,needs_review,false,outside primary ED analysis scope,false,1,0,true,false,false,true,"[""intervention_5a19e4f17edf906087b6"",""intervention_fac81fdb0ccf8b64be01""]"
cycle_98c6084c8011bacb4115,Other,Other,1,Insufficient data,,org_f8eac9c57136e46f,ind_4627f671e76cc391,Large Community Hospital,Central Region,2025/26,needs_review,false,outside primary ED analysis scope,false,1,0,true,false,false,true,"[""intervention_f435f3e40611106d6369""]"
cycle_0f0dcafcf7e4f7944ee0,Other,Other,2,Insufficient data,,org_f8eac9c57136e46f,ind_5c72eed32e009c27,Large Community Hospital,Central Region,2025/26,needs_review,false,outside primary ED analysis scope,false,1,0,true,false,false,true,"[""intervention_08b3855699db786ac6fd"",""intervention_b42f61762e26d7a801a7""]"
cycle_230cf108788f69244f41,Other,Other,1,Insufficient data,,org_f8eac9c57136e46f,ind_62398136819a1e11,Large Community Hospital,Central Region,2024/25,needs_review,false,outside primary ED analysis scope,false,1,0,true,false,false,true,"[""intervention_36c600c9de5f4648aae7""]"
cycle_cc38965004e24a6f8f92,Other,Other,1,Insufficient data,,org_f8eac9c57136e46f,ind_62398136819a1e11,Large Community Hospital,Central Region,2025/26,needs_review,false,outside primary ED analysis scope,false,1,0,true,false,false,true,"[""intervention_66b5c69560ba3da1aaca""]"
cycle_815324224a0aab9f1182,Safety & Risk Prevention,Safety & Risk Prevention,1,Insufficient data,,org_f8eac9c57136e46f,ind_888c8aeab592fa84,Large Community Hospital,Central Region,2025/26,needs_review,false,outside primary ED analysis scope,false,2,2,false,true,false,false,"[""intervention_b13d3aad00c482b77bfd""]"
cycle_815324224a0aab9f1182,Training & Education,Training & Education,1,Insufficient data,,org_f8eac9c57136e46f,ind_888c8aeab592fa84,Large Community Hospital,Central Region,2025/26,needs_review,false,outside primary ED analysis scope,false,2,2,false,true,false,false,"[""intervention_5e5468d5030da31870b1""]"
cycle_778f061940f750b08172,"Data, Measurement & Dashboards","Data, Measurement & Dashboards",1,Insufficient data,,org_f8eac9c57136e46f,ind_912915d9b83414c9,Large Community Hospital,Central Region,2025/26,needs_review,false,outside primary ED analysis scope,false,2,2,false,true,false,false,"[""intervention_d508ecf69007633b10c5""]"
cycle_778f061940f750b08172,Discharge & Transition Planning,Discharge & Transition Planning,1,Insufficient data,,org_f8eac9c57136e46f,ind_912915d9b83414c9,Large Community Hospital,Central Region,2025/26,needs_review,false,outside primary ED analysis scope,false,2,2,false,true,false,false,"[""intervention_859e73319937c30e90f0""]"
cycle_0f04e5587359153a3744,Admission & Transfer Process,Admission & Transfer Process,1,Insufficient data,,org_f8eac9c57136e46f,ind_a0e544555526255d,Large Community Hospital,Central Region,2024/25,needs_review,false,outside primary ED analysis scope,false,2,2,false,true,false,false,"[""intervention_4448fb9fa3ebb42d1206""]"
cycle_0f04e5587359153a3744,Safety & Risk Prevention,Safety & Risk Prevention,1,Insufficient data,,org_f8eac9c57136e46f,ind_a0e544555526255d,Large Community Hospital,Central Region,2024/25,needs_review,false,outside primary ED analysis scope,false,2,2,false,true,false,false,"[""intervention_55d2ec9ae4186a6cbd03""]"
cycle_05c58e6a0b1a99b7ebc5,Admission & Transfer Process,Admission & Transfer Process,1,Insufficient data,,org_f8eac9c57136e46f,ind_a0e544555526255d,Large Community Hospital,Central Region,2025/26,needs_review,false,outside primary ED analysis scope,false,2,2,false,true,false,false,"[""intervention_b91a5d9054fa8c1dbc11""]"
cycle_05c58e6a0b1a99b7ebc5,Safety & Risk Prevention,Safety & Risk Prevention,1,Insufficient data,,org_f8eac9c57136e46f,ind_a0e544555526255d,Large Community Hospital,Central Region,2025/26,needs_review,false,outside primary ED analysis scope,false,2,2,false,true,false,false,"[""intervention_5fbc720800ce2638eb2f""]"
cycle_c2e93bc1b8fe22210287,"Data, Measurement & Dashboards","Data, Measurement & Dashboards",1,Insufficient data,,org_f8eac9c57136e46f,ind_c3dbf2816856991d,Large Community Hospital,Central Region,2024/25,needs_review,false,outside primary ED analysis scope,false,1,1,true,false,true,false,"[""intervention_9ccc20be494df0fb28fe""]"
cycle_c4e89bd5b3102523fe23,Other,Other,1,Insufficient data,,org_f8eac9c57136e46f,ind_ef4a9573ead4ee92,Large Community Hospital,Central Region,2024/25,included,false,insufficient first-cycle ED longitudinal coverage,false,1,0,true,false,false,true,"[""intervention_9150bd871ffd4adfe7ac""]"
cycle_ee58f23b474981be5534,Admission & Transfer Process,Admission & Transfer Process,1,Insufficient data,,org_f8eac9c57136e46f,ind_ef4a9573ead4ee92,Large Community Hospital,Central Region,2025/26,included,false,unit_unverified; population_unverified; reporting_period_unverified; historical_match_unavailable_or_ambiguous,false,2,1,false,true,false,true,"[""intervention_9619bc6a69363d9a8fa6""]"
cycle_ee58f23b474981be5534,Other,Other,1,Insufficient data,,org_f8eac9c57136e46f,ind_ef4a9573ead4ee92,Large Community Hospital,Central Region,2025/26,included,false,unit_unverified; population_unverified; reporting_period_unverified; historical_match_unavailable_or_ambiguous,false,2,1,false,true,false,true,"[""intervention_f57f4a86bea7369dd9ca""]"
cycle_daf39a72436641328395,Safety & Risk Prevention,Safety & Risk Prevention,1,Insufficient data,,org_f8eac9c57136e46f,ind_f6375d4fcc232407,Large Community Hospital,Central Region,2024/25,needs_review,false,outside primary ED analysis scope,false,2,2,false,true,false,false,"[""intervention_90f1adff7ee6fc32fda4""]"
cycle_daf39a72436641328395,Training & Education,Training & Education,1,Insufficient data,,org_f8eac9c57136e46f,ind_f6375d4fcc232407,Large Community Hospital,Central Region,2024/25,needs_review,false,outside primary ED analysis scope,false,2,2,false,true,false,false,"[""intervention_a8e646b2ddd1119832de""]"
cycle_3bda4bb29aba61c7f758,Discharge & Transition Planning,Discharge & Transition Planning,1,Insufficient data,,org_fb3ac5f6ed2b1a0d,ind_0646035afd9bba7c,Small Hospital,East Region,2024/25,excluded,false,outside primary ED analysis scope,false,1,1,true,false,true,false,"[""intervention_532670738c4b96efbba8""]"
cycle_9acc904bc00669a6d15c,"Data, Measurement & Dashboards","Data, Measurement & Dashboards",1,Insufficient data,,org_fb3ac5f6ed2b1a0d,ind_0646035afd9bba7c,Small Hospital,East Region,2025/26,excluded,false,outside primary ED analysis scope,false,2,2,false,true,false,false,"[""intervention_bafedc13e4c40fccc5db""]"
cycle_9acc904bc00669a6d15c,Technology & Digital Tools,Technology & Digital Tools,1,Insufficient data,,org_fb3ac5f6ed2b1a0d,ind_0646035afd9bba7c,Small Hospital,East Region,2025/26,excluded,false,outside primary ED analysis scope,false,2,2,false,true,false,false,"[""intervention_f69b13d3e612e82254a2""]"
cycle_c403928326b83c76add4,Other,Other,1,Insufficient data,,org_fb3ac5f6ed2b1a0d,ind_06590f50f65eac7e,Small Hospital,East Region,2024/25,included,false,insufficient first-cycle ED longitudinal coverage,false,1,0,true,false,false,true,"[""intervention_fb3b08e73928ea58eb38""]"
cycle_aee5e7d8d8d4261fa3fb,Training & Education,Training & Education,1,Insufficient data,,org_fb3ac5f6ed2b1a0d,ind_2d6adf3960f280c8,Small Hospital,East Region,2024/25,needs_review,false,outside primary ED analysis scope,false,1,1,true,false,true,false,"[""intervention_5fceaa5f440fd84fa34f""]"
cycle_3b30a46da1349fd23c77,"Data, Measurement & Dashboards","Data, Measurement & Dashboards",1,Insufficient data,,org_fb3ac5f6ed2b1a0d,ind_37478f8fb5db2bb6,Small Hospital,East Region,2024/25,excluded,false,outside primary ED analysis scope,false,1,1,true,false,true,false,"[""intervention_9dfa8f3cef3d6681453f""]"
cycle_2ed4dcb650510405c8a5,"Data, Measurement & Dashboards","Data, Measurement & Dashboards",1,Insufficient data,,org_fb3ac5f6ed2b1a0d,ind_37478f8fb5db2bb6,Small Hospital,East Region,2025/26,excluded,false,outside primary ED analysis scope,false,2,1,false,true,false,true,"[""intervention_9633d2741a759fd875ec""]"
cycle_2ed4dcb650510405c8a5,Other,Other,2,Insufficient data,,org_fb3ac5f6ed2b1a0d,ind_37478f8fb5db2bb6,Small Hospital,East Region,2025/26,excluded,false,outside primary ED analysis scope,false,2,1,false,true,false,true,"[""intervention_6d455084b3425ed9adca"",""intervention_91396e204986b449ef47""]"
cycle_b091be26cb0ce00352f8,"Data, Measurement & Dashboards","Data, Measurement & Dashboards",1,Insufficient data,,org_fb3ac5f6ed2b1a0d,ind_3fc7a2799d7f4896,Small Hospital,East Region,2024/25,needs_review,false,outside primary ED analysis scope,false,1,1,true,false,true,false,"[""intervention_91ade5e916f89bf8db0d""]"
cycle_b63eb7b52fb184955e2a,Policy / Standardization,Policy / Standardization,1,Insufficient data,,org_fb3ac5f6ed2b1a0d,ind_43d7dc525af276f5,Small Hospital,East Region,2024/25,needs_review,false,outside primary ED analysis scope,false,1,1,true,false,true,false,"[""intervention_1e29fb241e2a3d49aac5""]"
cycle_51e1e542ef1ac3bf092a,Training & Education,Training & Education,1,Insufficient data,,org_fb3ac5f6ed2b1a0d,ind_5314e24f5f6e6912,Small Hospital,East Region,2025/26,excluded,false,outside primary ED analysis scope,false,1,1,true,false,true,false,"[""intervention_6b887aac8c58e3e4c938""]"
cycle_8c9132d41963f09dd4d5,Training & Education,Training & Education,1,Insufficient data,,org_fb3ac5f6ed2b1a0d,ind_67ee717abbe20a1b,Small Hospital,East Region,2024/25,excluded,false,outside primary ED analysis scope,false,1,1,true,false,true,false,"[""intervention_906adacd42712bd09059""]"
cycle_938f54f539e4146b0fdc,Care Coordination & Communication,Care Coordination & Communication,1,Insufficient data,,org_fb3ac5f6ed2b1a0d,ind_67ee717abbe20a1b,Small Hospital,East Region,2025/26,excluded,false,outside primary ED analysis scope,false,3,2,false,true,false,true,"[""intervention_88b8de3632a0b9c410c2""]"
cycle_938f54f539e4146b0fdc,Discharge & Transition Planning,Discharge & Transition Planning,1,Insufficient data,,org_fb3ac5f6ed2b1a0d,ind_67ee717abbe20a1b,Small Hospital,East Region,2025/26,excluded,false,outside primary ED analysis scope,false,3,2,false,true,false,true,"[""intervention_c593a79909ce6393504a""]"
cycle_938f54f539e4146b0fdc,Other,Other,1,Insufficient data,,org_fb3ac5f6ed2b1a0d,ind_67ee717abbe20a1b,Small Hospital,East Region,2025/26,excluded,false,outside primary ED analysis scope,false,3,2,false,true,false,true,"[""intervention_8fe087931f513a09b4d8""]"
cycle_461ee9568befc0751bd2,Other,Other,1,Insufficient data,,org_fb3ac5f6ed2b1a0d,ind_8670ca4457f540c6,Small Hospital,East Region,2024/25,needs_review,false,outside primary ED analysis scope,false,1,0,true,false,false,true,"[""intervention_32112c764ee5afc9cc6b""]"
cycle_22fb1569c03e4fc394b9,Other,Other,1,Insufficient data,,org_fb3ac5f6ed2b1a0d,ind_cd57992e4ca687e8,Small Hospital,East Region,2024/25,needs_review,false,outside primary ED analysis scope,false,1,0,true,false,false,true,"[""intervention_b7b9a0b6e60fb5749ec1""]"
cycle_369c8e12b3debc7da7e6,Other,Other,2,Insufficient data,,org_fb3ac5f6ed2b1a0d,ind_daf4dde1d1cced17,Small Hospital,East Region,2025/26,needs_review,false,outside primary ED analysis scope,false,1,0,true,false,false,true,"[""intervention_0ef3c7d167ddf7d20107"",""intervention_e1a0794752d2cbb583f1""]"
cycle_23d62769d78ea4d0d328,Other,Other,2,Insufficient data,,org_fb3ac5f6ed2b1a0d,ind_e7cd9b5804f1c518,Small Hospital,East Region,2025/26,included,false,reporting_period_unverified,false,1,0,true,false,false,true,"[""intervention_053295ed380ece5af836"",""intervention_1fced1684df51e2ddffa""]"
cycle_6fc998066969441eeea6,Ambulance / EMS Flow,Ambulance / EMS Flow,1,Insufficient data,,org_fb3ac5f6ed2b1a0d,ind_ee70b593aad3e4f6,Small Hospital,East Region,2024/25,included,false,insufficient first-cycle ED longitudinal coverage,false,1,1,true,false,true,false,"[""intervention_321135a3cdaf12b0a0c8""]"
cycle_1048b6c9e12462f08524,Ambulance / EMS Flow,Ambulance / EMS Flow,1,Insufficient data,,org_fb3ac5f6ed2b1a0d,ind_ee70b593aad3e4f6,Small Hospital,East Region,2025/26,included,false,reporting_period_unverified,false,2,1,false,true,false,true,"[""intervention_0ddebcadc8c4e94df4ae""]"
cycle_1048b6c9e12462f08524,Other,Other,1,Insufficient data,,org_fb3ac5f6ed2b1a0d,ind_ee70b593aad3e4f6,Small Hospital,East Region,2025/26,included,false,reporting_period_unverified,false,2,1,false,true,false,true,"[""intervention_ceea647acab2bd8212c0""]"
cycle_636d96f4e57de7cef78d,Other,Other,2,Insufficient data,,org_fb3ac5f6ed2b1a0d,ind_f08543877babc751,Small Hospital,East Region,2025/26,needs_review,false,outside primary ED analysis scope,false,1,0,true,false,false,true,"[""intervention_2d63ad5aa0e7a8a6840d"",""intervention_4be3498d525f5fbe6e3c""]"
cycle_af5ef4d712f910b9f72a,Discharge & Transition Planning,Discharge & Transition Planning,1,Insufficient data,,org_fccdb5d56b6f960a,ind_1d18e95083b0ff94,Small Hospital,West Region,2025/26,needs_review,false,outside primary ED analysis scope,false,1,1,true,false,true,false,"[""intervention_ca9e4d41859c770883ee""]"
cycle_31fcb3d3381e4fb7a1d9,Other,Other,2,Insufficient data,,org_fccdb5d56b6f960a,ind_4f1474ca1cbf8530,Small Hospital,West Region,2024/25,needs_review,false,outside primary ED analysis scope,false,2,1,false,true,false,true,"[""intervention_00e21bbb56257b4446c2"",""intervention_a8c6706f0f44ca0e5d99""]"
cycle_31fcb3d3381e4fb7a1d9,Technology & Digital Tools,Technology & Digital Tools,1,Insufficient data,,org_fccdb5d56b6f960a,ind_4f1474ca1cbf8530,Small Hospital,West Region,2024/25,needs_review,false,outside primary ED analysis scope,false,2,1,false,true,false,true,"[""intervention_869331b825d73e422e1b""]"
cycle_cb53117a29af0080b586,Training & Education,Training & Education,5,Insufficient data,,org_fccdb5d56b6f960a,ind_5314e24f5f6e6912,Small Hospital,West Region,2024/25,excluded,false,outside primary ED analysis scope,false,1,1,true,false,true,false,"[""intervention_05ab52f5e4b16d123f07"",""intervention_5d3ce42cce84ef5726d5"",""intervention_6fb0b5b59c827e261e56"",""intervention_85f45d139075278e4f54"",""intervention_9115610a2dd3d0f66966""]"
cycle_5067d08e6ce4ba455ebd,Other,Other,1,Insufficient data,,org_fccdb5d56b6f960a,ind_5314e24f5f6e6912,Small Hospital,West Region,2025/26,excluded,false,outside primary ED analysis scope,false,1,0,true,false,false,true,"[""intervention_02ca8b6e665aaa879e16""]"
cycle_9507cd95cc5f3da11029,Care Coordination & Communication,Care Coordination & Communication,1,Insufficient data,,org_fccdb5d56b6f960a,ind_67ee717abbe20a1b,Small Hospital,West Region,2025/26,excluded,false,outside primary ED analysis scope,false,1,1,true,false,true,false,"[""intervention_bf47fe72154fe8fed2f9""]"
cycle_10be8b98902453b4faf3,"Data, Measurement & Dashboards","Data, Measurement & Dashboards",1,Insufficient data,,org_fccdb5d56b6f960a,ind_b4724245915b1060,Small Hospital,West Region,2025/26,needs_review,false,outside primary ED analysis scope,false,1,1,true,false,true,false,"[""intervention_1abbcec1049741f4dfb4""]"
cycle_c18ed8952ec0252bf33e,Bed & Capacity Management,Bed & Capacity Management,1,Insufficient data,,org_fccdb5d56b6f960a,ind_be2b4ca3e24e8a18,Small Hospital,West Region,2024/25,needs_review,false,outside primary ED analysis scope,false,3,3,false,true,false,false,"[""intervention_1ccd55cf7e8c99a602b6""]"
cycle_c18ed8952ec0252bf33e,Discharge & Transition Planning,Discharge & Transition Planning,1,Insufficient data,,org_fccdb5d56b6f960a,ind_be2b4ca3e24e8a18,Small Hospital,West Region,2024/25,needs_review,false,outside primary ED analysis scope,false,3,3,false,true,false,false,"[""intervention_ce9eeb09a9ffeda729aa""]"
cycle_c18ed8952ec0252bf33e,Emergency Department Workflow,Emergency Department Workflow,1,Insufficient data,,org_fccdb5d56b6f960a,ind_be2b4ca3e24e8a18,Small Hospital,West Region,2024/25,needs_review,false,outside primary ED analysis scope,false,3,3,false,true,false,false,"[""intervention_836227aace116e30c107""]"
cycle_bb69b8e24cdf23d287f9,Discharge & Transition Planning,Discharge & Transition Planning,1,Insufficient data,,org_fccdb5d56b6f960a,ind_cd57992e4ca687e8,Small Hospital,West Region,2024/25,needs_review,false,outside primary ED analysis scope,false,1,1,true,false,true,false,"[""intervention_24d6dfdf34e472cd4ac8""]"
cycle_44cd8a01b837dda5710c,Discharge & Transition Planning,Discharge & Transition Planning,1,Insufficient data,,org_fccdb5d56b6f960a,ind_e7cd9b5804f1c518,Small Hospital,West Region,2025/26,included,false,reporting_period_unverified,false,2,2,false,true,false,false,"[""intervention_b131ce75aa93abbc74ed""]"
cycle_44cd8a01b837dda5710c,Staffing & Scheduling,Staffing & Scheduling,1,Insufficient data,,org_fccdb5d56b6f960a,ind_e7cd9b5804f1c518,Small Hospital,West Region,2025/26,included,false,reporting_period_unverified,false,2,2,false,true,false,false,"[""intervention_e8e4d5490aeafb1e5641""]"
cycle_5d7cdeb2f380d9360600,Other,Other,1,Insufficient data,,org_fccdb5d56b6f960a,ind_ea666c77067b2090,Small Hospital,West Region,2024/25,needs_review,false,outside primary ED analysis scope,false,1,0,true,false,false,true,"[""intervention_5d085fdbf210d06f1b2b""]"
cycle_7c57e8126bb2fd0936e0,Care Coordination & Communication,Care Coordination & Communication,1,Insufficient data,,org_fccdb5d56b6f960a,ind_ee70b593aad3e4f6,Small Hospital,West Region,2025/26,included,false,reporting_period_unverified,false,1,1,true,false,true,false,"[""intervention_610dc22f834b9db20c16""]"
cycle_1f7da6f255a07f997c95,Other,Other,1,Insufficient data,,org_fdb6fadf44c4d84a,ind_5314e24f5f6e6912,Small Hospital,North East Region,2024/25,excluded,false,outside primary ED analysis scope,false,2,1,false,true,false,true,"[""intervention_5272d9627418bdf1c6a8""]"
cycle_1f7da6f255a07f997c95,Training & Education,Training & Education,1,Insufficient data,,org_fdb6fadf44c4d84a,ind_5314e24f5f6e6912,Small Hospital,North East Region,2024/25,excluded,false,outside primary ED analysis scope,false,2,1,false,true,false,true,"[""intervention_5b0037fdbb16173a9020""]"
cycle_aca5d53c10a6b735165d,Training & Education,Training & Education,1,Insufficient data,,org_fdb6fadf44c4d84a,ind_5314e24f5f6e6912,Small Hospital,North East Region,2025/26,excluded,false,outside primary ED analysis scope,false,1,1,true,false,true,false,"[""intervention_abfb914a978fe1ef9333""]"
cycle_1a0ac9016aac8ee87e9b,Other,Other,1,Insufficient data,,org_fe48b4397a2c4a68,ind_0646035afd9bba7c,Large Community Hospital,North West Region,2024/25,excluded,false,outside primary ED analysis scope,false,1,0,true,false,false,true,"[""intervention_75faff84b50b9decc224""]"
cycle_2250dbeb4d07864689ff,Other,Other,1,Insufficient data,,org_fe48b4397a2c4a68,ind_0646035afd9bba7c,Large Community Hospital,North West Region,2025/26,excluded,false,outside primary ED analysis scope,false,3,2,false,true,false,true,"[""intervention_8ced316d961278afe551""]"
cycle_2250dbeb4d07864689ff,Safety & Risk Prevention,Safety & Risk Prevention,1,Insufficient data,,org_fe48b4397a2c4a68,ind_0646035afd9bba7c,Large Community Hospital,North West Region,2025/26,excluded,false,outside primary ED analysis scope,false,3,2,false,true,false,true,"[""intervention_e040d2bc9ae4bce5dd26""]"
cycle_2250dbeb4d07864689ff,Training & Education,Training & Education,1,Insufficient data,,org_fe48b4397a2c4a68,ind_0646035afd9bba7c,Large Community Hospital,North West Region,2025/26,excluded,false,outside primary ED analysis scope,false,3,2,false,true,false,true,"[""intervention_a15807cd51bd12a185f6""]"
cycle_ab1e53726973b08cac38,Other,Other,2,Insufficient data,,org_fe48b4397a2c4a68,ind_06590f50f65eac7e,Large Community Hospital,North West Region,2025/26,included,false,unit_unverified; population_unverified; reporting_period_unverified; historical_match_unavailable_or_ambiguous,false,2,1,false,true,false,true,"[""intervention_080b3851206ba8a714a2"",""intervention_509d19bc55e5fd1762bb""]"
cycle_ab1e53726973b08cac38,Staffing & Scheduling,Staffing & Scheduling,2,Insufficient data,,org_fe48b4397a2c4a68,ind_06590f50f65eac7e,Large Community Hospital,North West Region,2025/26,included,false,unit_unverified; population_unverified; reporting_period_unverified; historical_match_unavailable_or_ambiguous,false,2,1,false,true,false,true,"[""intervention_c1e5097bfd4aa26f8dc9"",""intervention_d0256f4861f934f5e43e""]"
cycle_24cf81b66aec13423d31,Other,Other,2,Insufficient data,,org_fe48b4397a2c4a68,ind_097db599a9b16504,Large Community Hospital,North West Region,2025/26,needs_review,false,outside primary ED analysis scope,false,2,1,false,true,false,true,"[""intervention_47be5ddcb2b9ae73bd0f"",""intervention_f186c31d3f86ccea5ede""]"
cycle_24cf81b66aec13423d31,Policy / Standardization,Policy / Standardization,1,Insufficient data,,org_fe48b4397a2c4a68,ind_097db599a9b16504,Large Community Hospital,North West Region,2025/26,needs_review,false,outside primary ED analysis scope,false,2,1,false,true,false,true,"[""intervention_e6e8ea5da787e1aa540c""]"
cycle_2ad7b2670af5d26ccea8,Discharge & Transition Planning,Discharge & Transition Planning,1,Insufficient data,,org_fe48b4397a2c4a68,ind_14aa70bccf8c0852,Large Community Hospital,North West Region,2024/25,needs_review,false,outside primary ED analysis scope,false,3,2,false,true,false,true,"[""intervention_6089269ace5189143509""]"
cycle_2ad7b2670af5d26ccea8,Other,Other,2,Insufficient data,,org_fe48b4397a2c4a68,ind_14aa70bccf8c0852,Large Community Hospital,North West Region,2024/25,needs_review,false,outside primary ED analysis scope,false,3,2,false,true,false,true,"[""intervention_0246c5866d0e8407783c"",""intervention_8951d002005f65bc65e2""]"
cycle_2ad7b2670af5d26ccea8,Staffing & Scheduling,Staffing & Scheduling,1,Insufficient data,,org_fe48b4397a2c4a68,ind_14aa70bccf8c0852,Large Community Hospital,North West Region,2024/25,needs_review,false,outside primary ED analysis scope,false,3,2,false,true,false,true,"[""intervention_54011fb70f7ea5385815""]"
cycle_85a4d264a45d03bf2b82,"Data, Measurement & Dashboards","Data, Measurement & Dashboards",1,Insufficient data,,org_fe48b4397a2c4a68,ind_1d1c733739a4e08f,Large Community Hospital,North West Region,2024/25,needs_review,false,outside primary ED analysis scope,false,3,2,false,true,false,true,"[""intervention_b6ba0bd15c429f71486d""]"
cycle_85a4d264a45d03bf2b82,Other,Other,1,Insufficient data,,org_fe48b4397a2c4a68,ind_1d1c733739a4e08f,Large Community Hospital,North West Region,2024/25,needs_review,false,outside primary ED analysis scope,false,3,2,false,true,false,true,"[""intervention_f48e612a132108170c03""]"
cycle_85a4d264a45d03bf2b82,Training & Education,Training & Education,1,Insufficient data,,org_fe48b4397a2c4a68,ind_1d1c733739a4e08f,Large Community Hospital,North West Region,2024/25,needs_review,false,outside primary ED analysis scope,false,3,2,false,true,false,true,"[""intervention_42fe2bbf1540f60842a4""]"
cycle_6365d8fc5c2328b62312,Care Coordination & Communication,Care Coordination & Communication,2,Insufficient data,,org_fe48b4397a2c4a68,ind_546d626142a12468,Large Community Hospital,North West Region,2025/26,needs_review,false,outside primary ED analysis scope,false,3,2,false,true,false,true,"[""intervention_50a700f078fa34f1e567"",""intervention_9dd60cc86a020c594703""]"
cycle_6365d8fc5c2328b62312,Other,Other,2,Insufficient data,,org_fe48b4397a2c4a68,ind_546d626142a12468,Large Community Hospital,North West Region,2025/26,needs_review,false,outside primary ED analysis scope,false,3,2,false,true,false,true,"[""intervention_211227af522db571525d"",""intervention_429797bb3734cfd239e3""]"
cycle_6365d8fc5c2328b62312,Training & Education,Training & Education,1,Insufficient data,,org_fe48b4397a2c4a68,ind_546d626142a12468,Large Community Hospital,North West Region,2025/26,needs_review,false,outside primary ED analysis scope,false,3,2,false,true,false,true,"[""intervention_2942dc130f8d3cab79d3""]"
cycle_8c1228a1fde018de9615,Discharge & Transition Planning,Discharge & Transition Planning,1,Insufficient data,,org_fe48b4397a2c4a68,ind_54ae3f3f82056735,Large Community Hospital,North West Region,2024/25,needs_review,false,outside primary ED analysis scope,false,1,1,true,false,true,false,"[""intervention_7680a4d40ed9ee4e31f4""]"
cycle_f600c91256ceed605631,Other,Other,1,Insufficient data,,org_fe48b4397a2c4a68,ind_63f124019251d9d8,Large Community Hospital,North West Region,2024/25,needs_review,false,outside primary ED analysis scope,false,3,2,false,true,false,true,"[""intervention_ac773eed77a47ac63137""]"
cycle_f600c91256ceed605631,Safety & Risk Prevention,Safety & Risk Prevention,1,Insufficient data,,org_fe48b4397a2c4a68,ind_63f124019251d9d8,Large Community Hospital,North West Region,2024/25,needs_review,false,outside primary ED analysis scope,false,3,2,false,true,false,true,"[""intervention_e8fad731916b5c977fc2""]"
cycle_f600c91256ceed605631,Training & Education,Training & Education,1,Insufficient data,,org_fe48b4397a2c4a68,ind_63f124019251d9d8,Large Community Hospital,North West Region,2024/25,needs_review,false,outside primary ED analysis scope,false,3,2,false,true,false,true,"[""intervention_308c1fdbbc98db63ca9d""]"
cycle_907908a8de87bdbfa00d,Other,Other,3,Insufficient data,,org_fe48b4397a2c4a68,ind_63f124019251d9d8,Large Community Hospital,North West Region,2025/26,needs_review,false,outside primary ED analysis scope,false,3,2,false,true,false,true,"[""intervention_3dd62287c797755c7b56"",""intervention_54ce1bfd3dbab803ac5e"",""intervention_62241847f6fe61c08b97""]"
cycle_907908a8de87bdbfa00d,Safety & Risk Prevention,Safety & Risk Prevention,1,Insufficient data,,org_fe48b4397a2c4a68,ind_63f124019251d9d8,Large Community Hospital,North West Region,2025/26,needs_review,false,outside primary ED analysis scope,false,3,2,false,true,false,true,"[""intervention_119b4c6dce27b3f5859b""]"
cycle_907908a8de87bdbfa00d,Training & Education,Training & Education,1,Insufficient data,,org_fe48b4397a2c4a68,ind_63f124019251d9d8,Large Community Hospital,North West Region,2025/26,needs_review,false,outside primary ED analysis scope,false,3,2,false,true,false,true,"[""intervention_aad4e68a0a2533b21d08""]"
cycle_588f1664b891d201c9ab,"Data, Measurement & Dashboards","Data, Measurement & Dashboards",1,Insufficient data,,org_fe48b4397a2c4a68,ind_67ee717abbe20a1b,Large Community Hospital,North West Region,2024/25,excluded,false,outside primary ED analysis scope,false,2,2,false,true,false,false,"[""intervention_b9a3abc5a502d5f66dab""]"
cycle_588f1664b891d201c9ab,Discharge & Transition Planning,Discharge & Transition Planning,2,Insufficient data,,org_fe48b4397a2c4a68,ind_67ee717abbe20a1b,Large Community Hospital,North West Region,2024/25,excluded,false,outside primary ED analysis scope,false,2,2,false,true,false,false,"[""intervention_188ce1e07585b2cb0b1f"",""intervention_d0f934937312cf5ddee6""]"
cycle_1f5a022270ba42fc8289,"Data, Measurement & Dashboards","Data, Measurement & Dashboards",1,Insufficient data,,org_fe48b4397a2c4a68,ind_67ee717abbe20a1b,Large Community Hospital,North West Region,2025/26,excluded,false,outside primary ED analysis scope,false,2,2,false,true,false,false,"[""intervention_d09ccfb238162ba08e23""]"
cycle_1f5a022270ba42fc8289,Discharge & Transition Planning,Discharge & Transition Planning,2,Insufficient data,,org_fe48b4397a2c4a68,ind_67ee717abbe20a1b,Large Community Hospital,North West Region,2025/26,excluded,false,outside primary ED analysis scope,false,2,2,false,true,false,false,"[""intervention_e74a81371c78ec1dd64b"",""intervention_f3d161857b4d13822d49""]"
cycle_221ddcdb8435c4499569,"Data, Measurement & Dashboards","Data, Measurement & Dashboards",1,Insufficient data,,org_fe48b4397a2c4a68,ind_8db9f6d8f0c4c1ea,Large Community Hospital,North West Region,2024/25,excluded,false,outside primary ED analysis scope,false,2,2,false,true,false,false,"[""intervention_d48e02a717a6a83bd6a2""]"
cycle_221ddcdb8435c4499569,Discharge & Transition Planning,Discharge & Transition Planning,1,Insufficient data,,org_fe48b4397a2c4a68,ind_8db9f6d8f0c4c1ea,Large Community Hospital,North West Region,2024/25,excluded,false,outside primary ED analysis scope,false,2,2,false,true,false,false,"[""intervention_deeb897a8448fcfea68c""]"
cycle_0a7b70b65840fca3ea6d,Care Coordination & Communication,Care Coordination & Communication,1,Insufficient data,,org_fe48b4397a2c4a68,ind_bfc966dab692a4dd,Large Community Hospital,North West Region,2024/25,needs_review,false,outside primary ED analysis scope,false,3,2,false,true,false,true,"[""intervention_40167c69d0f8f93e67aa""]"
cycle_0a7b70b65840fca3ea6d,Discharge & Transition Planning,Discharge & Transition Planning,2,Insufficient data,,org_fe48b4397a2c4a68,ind_bfc966dab692a4dd,Large Community Hospital,North West Region,2024/25,needs_review,false,outside primary ED analysis scope,false,3,2,false,true,false,true,"[""intervention_0b86beb5a61451892630"",""intervention_a981651a37599a7fd647""]"
cycle_0a7b70b65840fca3ea6d,Other,Other,2,Insufficient data,,org_fe48b4397a2c4a68,ind_bfc966dab692a4dd,Large Community Hospital,North West Region,2024/25,needs_review,false,outside primary ED analysis scope,false,3,2,false,true,false,true,"[""intervention_0c7c6e2f66f8c119d228"",""intervention_8318b91b5b166cd58157""]"
cycle_b25b4c74989c71ac8f39,Care Coordination & Communication,Care Coordination & Communication,1,Insufficient data,,org_fe48b4397a2c4a68,ind_d24fdc4350dfff9f,Large Community Hospital,North West Region,2024/25,needs_review,false,outside primary ED analysis scope,false,3,2,false,true,false,true,"[""intervention_b0d7a525935fae3895d8""]"
cycle_b25b4c74989c71ac8f39,Other,Other,1,Insufficient data,,org_fe48b4397a2c4a68,ind_d24fdc4350dfff9f,Large Community Hospital,North West Region,2024/25,needs_review,false,outside primary ED analysis scope,false,3,2,false,true,false,true,"[""intervention_856643c06184d070185f""]"
cycle_b25b4c74989c71ac8f39,Training & Education,Training & Education,1,Insufficient data,,org_fe48b4397a2c4a68,ind_d24fdc4350dfff9f,Large Community Hospital,North West Region,2024/25,needs_review,false,outside primary ED analysis scope,false,3,2,false,true,false,true,"[""intervention_ae800a612f6e1209eed3""]"
cycle_c3efc8c11777bcf8e97c,Other,Other,3,Insufficient data,,org_fe48b4397a2c4a68,ind_d72b3827399848cf,Large Community Hospital,North West Region,2025/26,needs_review,false,outside primary ED analysis scope,false,2,1,false,true,false,true,"[""intervention_46d5d75bbac76e2577c6"",""intervention_5ed292ba009608b8151c"",""intervention_7737c9a45e4619a263c6""]"
cycle_c3efc8c11777bcf8e97c,Training & Education,Training & Education,1,Insufficient data,,org_fe48b4397a2c4a68,ind_d72b3827399848cf,Large Community Hospital,North West Region,2025/26,needs_review,false,outside primary ED analysis scope,false,2,1,false,true,false,true,"[""intervention_75ce2ae8a228b98af8d4""]"
cycle_382339b34c3a23ff972b,Care Coordination & Communication,Care Coordination & Communication,1,Insufficient data,,org_fe48b4397a2c4a68,ind_dd448f8343c59fa1,Large Community Hospital,North West Region,2024/25,excluded,false,outside primary ED analysis scope,false,3,2,false,true,false,true,"[""intervention_29c6c023a0dda4662328""]"
cycle_382339b34c3a23ff972b,Discharge & Transition Planning,Discharge & Transition Planning,1,Insufficient data,,org_fe48b4397a2c4a68,ind_dd448f8343c59fa1,Large Community Hospital,North West Region,2024/25,excluded,false,outside primary ED analysis scope,false,3,2,false,true,false,true,"[""intervention_4b7d9addbcc08b24b338""]"
cycle_382339b34c3a23ff972b,Other,Other,1,Insufficient data,,org_fe48b4397a2c4a68,ind_dd448f8343c59fa1,Large Community Hospital,North West Region,2024/25,excluded,false,outside primary ED analysis scope,false,3,2,false,true,false,true,"[""intervention_a495ac4b70ad88980f59""]"
cycle_36cba8142c5ac347fdee,Other,Other,2,Insufficient data,,org_fe48b4397a2c4a68,ind_dd448f8343c59fa1,Large Community Hospital,North West Region,2025/26,excluded,false,outside primary ED analysis scope,false,2,1,false,true,false,true,"[""intervention_d1d92046735697d45738"",""intervention_ea84764a3de8881444f4""]"
cycle_36cba8142c5ac347fdee,Patient Streaming / Triage,Patient Streaming / Triage,1,Insufficient data,,org_fe48b4397a2c4a68,ind_dd448f8343c59fa1,Large Community Hospital,North West Region,2025/26,excluded,false,outside primary ED analysis scope,false,2,1,false,true,false,true,"[""intervention_ffd86ee19d445d541f2b""]"
cycle_0ffb22e35fa4fe8daa87,Bed & Capacity Management,Bed & Capacity Management,1,Insufficient data,,org_fe48b4397a2c4a68,ind_e7cd9b5804f1c518,Large Community Hospital,North West Region,2025/26,included,false,reporting_period_unverified,false,4,3,false,true,false,true,"[""intervention_1a450e4259370c43dea1""]"
cycle_0ffb22e35fa4fe8daa87,Care Coordination & Communication,Care Coordination & Communication,1,Insufficient data,,org_fe48b4397a2c4a68,ind_e7cd9b5804f1c518,Large Community Hospital,North West Region,2025/26,included,false,reporting_period_unverified,false,4,3,false,true,false,true,"[""intervention_7fcca87ea2b3b355dfd2""]"
cycle_0ffb22e35fa4fe8daa87,Other,Other,1,Insufficient data,,org_fe48b4397a2c4a68,ind_e7cd9b5804f1c518,Large Community Hospital,North West Region,2025/26,included,false,reporting_period_unverified,false,4,3,false,true,false,true,"[""intervention_79cae503377fbf6d393a""]"
cycle_0ffb22e35fa4fe8daa87,Staffing & Scheduling,Staffing & Scheduling,1,Insufficient data,,org_fe48b4397a2c4a68,ind_e7cd9b5804f1c518,Large Community Hospital,North West Region,2025/26,included,false,reporting_period_unverified,false,4,3,false,true,false,true,"[""intervention_affe196fe72668c9c0c6""]"
cycle_2272cdb5358f555cfde0,Other,Other,5,Insufficient data,,org_fe48b4397a2c4a68,ind_ea34c08bc4892bfe,Large Community Hospital,North West Region,2025/26,needs_review,false,outside primary ED analysis scope,false,1,0,true,false,false,true,"[""intervention_4e58b8c0f84b26bb7039"",""intervention_943ce4fea4eaaad21de4"",""intervention_d2d7c3f3dcf32b985a4c"",""intervention_d9bdf862b10048522d63"",""intervention_dbd864c73a655f56cfaa""]"
cycle_988757c29c5d48806895,Bed & Capacity Management,Bed & Capacity Management,1,Insufficient data,,org_fe48b4397a2c4a68,ind_ef4a9573ead4ee92,Large Community Hospital,North West Region,2025/26,included,false,unit_unverified; population_unverified; reporting_period_unverified; historical_match_unavailable_or_ambiguous,false,3,3,false,true,false,false,"[""intervention_51aed5025003f2f0a00d""]"
cycle_988757c29c5d48806895,Care Coordination & Communication,Care Coordination & Communication,1,Insufficient data,,org_fe48b4397a2c4a68,ind_ef4a9573ead4ee92,Large Community Hospital,North West Region,2025/26,included,false,unit_unverified; population_unverified; reporting_period_unverified; historical_match_unavailable_or_ambiguous,false,3,3,false,true,false,false,"[""intervention_7c7bc9b1220080ad85d3""]"
cycle_988757c29c5d48806895,Staffing & Scheduling,Staffing & Scheduling,1,Insufficient data,,org_fe48b4397a2c4a68,ind_ef4a9573ead4ee92,Large Community Hospital,North West Region,2025/26,included,false,unit_unverified; population_unverified; reporting_period_unverified; historical_match_unavailable_or_ambiguous,false,3,3,false,true,false,false,"[""intervention_f46db9650bead73c911e""]"
cycle_f2c06c9d4218ac7cb417,Other,Other,3,Insufficient data,,org_ff8b16243f662b9b,ind_226ac7b2f643c314,Small Hospital,East Region,2025/26,needs_review,false,outside primary ED analysis scope,false,2,1,false,true,false,true,"[""intervention_01a4155e8b850eb4b4e5"",""intervention_3febf05cf729c15f3073"",""intervention_8be11a84c5139516d97b""]"
cycle_f2c06c9d4218ac7cb417,Training & Education,Training & Education,1,Insufficient data,,org_ff8b16243f662b9b,ind_226ac7b2f643c314,Small Hospital,East Region,2025/26,needs_review,false,outside primary ED analysis scope,false,2,1,false,true,false,true,"[""intervention_837314c83a8c8d819b1e""]"
cycle_fbf72ec2925b9ca3f57e,Care Coordination & Communication,Care Coordination & Communication,1,Insufficient data,,org_ff8b16243f662b9b,ind_3362918e174d8b3b,Small Hospital,East Region,2024/25,needs_review,false,outside primary ED analysis scope,false,3,3,false,true,false,false,"[""intervention_24f45a4db7388b0f3d72""]"
cycle_fbf72ec2925b9ca3f57e,"Data, Measurement & Dashboards","Data, Measurement & Dashboards",1,Insufficient data,,org_ff8b16243f662b9b,ind_3362918e174d8b3b,Small Hospital,East Region,2024/25,needs_review,false,outside primary ED analysis scope,false,3,3,false,true,false,false,"[""intervention_081e9f739a362d251774""]"
cycle_fbf72ec2925b9ca3f57e,Safety & Risk Prevention,Safety & Risk Prevention,3,Insufficient data,,org_ff8b16243f662b9b,ind_3362918e174d8b3b,Small Hospital,East Region,2024/25,needs_review,false,outside primary ED analysis scope,false,3,3,false,true,false,false,"[""intervention_8d1df576c8c4c8de4401"",""intervention_d5b69a0e092ceb02f787"",""intervention_fcb4e1626a88557fee2a""]"
cycle_a9aa46de7d854a4a5ffa,Safety & Risk Prevention,Safety & Risk Prevention,3,Insufficient data,,org_ff8b16243f662b9b,ind_3362918e174d8b3b,Small Hospital,East Region,2025/26,needs_review,false,outside primary ED analysis scope,false,1,1,true,false,true,false,"[""intervention_afef93212bf241465ab3"",""intervention_b1bdb43cefdd9a1ade78"",""intervention_d765ebb3dbc1f79aec76""]"
cycle_b81e523d4c98e1ae2b1d,Staffing & Scheduling,Staffing & Scheduling,1,Insufficient data,,org_ff8b16243f662b9b,ind_620f74b1ad808f11,Small Hospital,East Region,2024/25,needs_review,false,outside primary ED analysis scope,false,2,2,false,true,false,false,"[""intervention_71bcbaaa63c2621f5727""]"
cycle_b81e523d4c98e1ae2b1d,Training & Education,Training & Education,3,Insufficient data,,org_ff8b16243f662b9b,ind_620f74b1ad808f11,Small Hospital,East Region,2024/25,needs_review,false,outside primary ED analysis scope,false,2,2,false,true,false,false,"[""intervention_149a6c2692ec4ef6908f"",""intervention_976ae48aace2e341278e"",""intervention_e30735ac7b080a55e1d4""]"
cycle_503688b1857d84a96334,Discharge & Transition Planning,Discharge & Transition Planning,1,Insufficient data,,org_ff8b16243f662b9b,ind_cd57992e4ca687e8,Small Hospital,East Region,2024/25,needs_review,false,outside primary ED analysis scope,false,1,1,true,false,true,false,"[""intervention_dd4b47ad182d3070afed""]"
cycle_69e33d030a69c88d650c,Care Coordination & Communication,Care Coordination & Communication,1,Insufficient data,,org_ff8b16243f662b9b,ind_f44aafbb28265c2d,Small Hospital,East Region,2025/26,needs_review,false,outside primary ED analysis scope,false,2,1,false,true,false,true,"[""intervention_68f7c457024681791075""]"
cycle_69e33d030a69c88d650c,Other,Other,3,Insufficient data,,org_ff8b16243f662b9b,ind_f44aafbb28265c2d,Small Hospital,East Region,2025/26,needs_review,false,outside primary ED analysis scope,false,2,1,false,true,false,true,"[""intervention_0c8d450877b1da2ea0fe"",""intervention_c3f82f95f0f9bcf3c0cf"",""intervention_fbd71cbf97df0cbf5b4e""]"
cycle_ee67fd5e3066ce2234d2,Other,Other,1,Insufficient data,,org_ffe1250ca721fe98,ind_5314e24f5f6e6912,Large Community Hospital,West Region,2024/25,excluded,false,outside primary ED analysis scope,false,1,0,true,false,false,true,"[""intervention_399ec47955cfa07be0c5""]"
cycle_0e9f6c49768d9be4e2a7,Other,Other,1,Insufficient data,,org_ffe1250ca721fe98,ind_5b2e1352e31909e8,Large Community Hospital,West Region,2025/26,included,false,reporting_period_unverified,false,1,0,true,false,false,true,"[""intervention_86d5cc4c245d2cdc7af5""]"
cycle_497ebc894c74d0de0e21,Staffing & Scheduling,Staffing & Scheduling,1,Insufficient data,,org_ffe1250ca721fe98,ind_e7cd9b5804f1c518,Large Community Hospital,West Region,2025/26,included,false,reporting_period_unverified,false,1,1,true,false,true,false,"[""intervention_03465e3b7c74b251032d""]"
cycle_fbeca31db24595b2ac25,Ambulance / EMS Flow,Ambulance / EMS Flow,1,Insufficient data,,org_ffe1250ca721fe98,ind_ee70b593aad3e4f6,Large Community Hospital,West Region,2024/25,included,false,insufficient first-cycle ED longitudinal coverage,false,2,1,false,true,false,true,"[""intervention_c93e79e25c9f8ade69b1""]"
cycle_fbeca31db24595b2ac25,Other,Other,1,Insufficient data,,org_ffe1250ca721fe98,ind_ee70b593aad3e4f6,Large Community Hospital,West Region,2024/25,included,false,insufficient first-cycle ED longitudinal coverage,false,2,1,false,true,false,true,"[""intervention_6e2cc94c89d82f6aca9a""]"
cycle_8a31afb23123d1bcc956,Ambulance / EMS Flow,Ambulance / EMS Flow,1,Insufficient data,,org_ffe1250ca721fe98,ind_ee70b593aad3e4f6,Large Community Hospital,West Region,2025/26,included,false,reporting_period_unverified,false,1,1,true,false,true,false,"[""intervention_9037239c01f67d93db62""]"
cycle_498565e3c02be441f514,Discharge & Transition Planning,Discharge & Transition Planning,1,Insufficient data,,org_ffe1250ca721fe98,ind_f197a93604c302d2,Large Community Hospital,West Region,2024/25,included,false,insufficient first-cycle ED longitudinal coverage,false,2,1,false,true,false,true,"[""intervention_ef3c720c7a9d61138203""]"
cycle_498565e3c02be441f514,Other,Other,1,Insufficient data,,org_ffe1250ca721fe98,ind_f197a93604c302d2,Large Community Hospital,West Region,2024/25,included,false,insufficient first-cycle ED longitudinal coverage,false,2,1,false,true,false,true,"[""intervention_d219591abe9ed78ae41a""]"
cycle_44766c3ee38e1f8dd185,Technology & Digital Tools,Technology & Digital Tools,1,Insufficient data,,org_ffe1250ca721fe98,ind_f8839429fcf611d5,Large Community Hospital,West Region,2025/26,needs_review,false,outside primary ED analysis scope,false,1,1,true,false,true,false,"[""intervention_1271a07b43539f6acffa""]"
cycle_c650651498896c8be233,Other,Other,1,Insufficient data,,org_ffea216599e5e6b1,ind_1acfaa148e254543,Large Community Hospital,West Region,2024/25,needs_review,false,outside primary ED analysis scope,false,2,1,false,true,false,true,"[""intervention_001127a25c88a038698a""]"
cycle_c650651498896c8be233,Training & Education,Training & Education,1,Insufficient data,,org_ffea216599e5e6b1,ind_1acfaa148e254543,Large Community Hospital,West Region,2024/25,needs_review,false,outside primary ED analysis scope,false,2,1,false,true,false,true,"[""intervention_b02afb3bea845c0239a5""]"
cycle_36148c61ed6cec51a43f,Ambulance / EMS Flow,Ambulance / EMS Flow,3,Insufficient data,,org_ffea216599e5e6b1,ind_29ce0ea7a9811739,Large Community Hospital,West Region,2025/26,needs_review,false,outside primary ED analysis scope,false,1,1,true,false,true,false,"[""intervention_95c12dc569dc1f901343"",""intervention_bf802558364829c25d54"",""intervention_dd3e319de88891b305c2""]"
cycle_ecd06e0d2eb285260a31,Other,Other,4,Insufficient data,,org_ffea216599e5e6b1,ind_37478f8fb5db2bb6,Large Community Hospital,West Region,2025/26,excluded,false,outside primary ED analysis scope,false,2,1,false,true,false,true,"[""intervention_2f5f8e9a2946b38090c5"",""intervention_35a2e7a432e5d4c32f79"",""intervention_66f6b269c3d6df1c69db"",""intervention_df8c9029fb08747e666a""]"
cycle_ecd06e0d2eb285260a31,Training & Education,Training & Education,2,Insufficient data,,org_ffea216599e5e6b1,ind_37478f8fb5db2bb6,Large Community Hospital,West Region,2025/26,excluded,false,outside primary ED analysis scope,false,2,1,false,true,false,true,"[""intervention_b8eb83b91dc22e53478c"",""intervention_cdd90d25946de02a03ac""]"
cycle_1f83da2cbe472afbca0e,"Data, Measurement & Dashboards","Data, Measurement & Dashboards",1,Insufficient data,,org_ffea216599e5e6b1,ind_73a55998c13c17ef,Large Community Hospital,West Region,2024/25,needs_review,false,outside primary ED analysis scope,false,4,3,false,true,false,true,"[""intervention_52bd52f273b16464f4bd""]"
cycle_1f83da2cbe472afbca0e,Other,Other,1,Insufficient data,,org_ffea216599e5e6b1,ind_73a55998c13c17ef,Large Community Hospital,West Region,2024/25,needs_review,false,outside primary ED analysis scope,false,4,3,false,true,false,true,"[""intervention_a71165fa55a0cdc41a1b""]"
cycle_1f83da2cbe472afbca0e,Technology & Digital Tools,Technology & Digital Tools,1,Insufficient data,,org_ffea216599e5e6b1,ind_73a55998c13c17ef,Large Community Hospital,West Region,2024/25,needs_review,false,outside primary ED analysis scope,false,4,3,false,true,false,true,"[""intervention_ef252265ec9d51460c67""]"
cycle_1f83da2cbe472afbca0e,Training & Education,Training & Education,1,Insufficient data,,org_ffea216599e5e6b1,ind_73a55998c13c17ef,Large Community Hospital,West Region,2024/25,needs_review,false,outside primary ED analysis scope,false,4,3,false,true,false,true,"[""intervention_20efec52f19cbeb4d1e5""]"
cycle_d648a40ff78022838803,"Data, Measurement & Dashboards","Data, Measurement & Dashboards",1,Insufficient data,,org_ffea216599e5e6b1,ind_7b80ea72e24f0e8b,Large Community Hospital,West Region,2025/26,needs_review,false,outside primary ED analysis scope,false,4,3,false,true,false,true,"[""intervention_6a9a4b1c3e0bf9a67f1e""]"
cycle_d648a40ff78022838803,Other,Other,1,Insufficient data,,org_ffea216599e5e6b1,ind_7b80ea72e24f0e8b,Large Community Hospital,West Region,2025/26,needs_review,false,outside primary ED analysis scope,false,4,3,false,true,false,true,"[""intervention_dcf94d0e8539c7e64ba7""]"
cycle_d648a40ff78022838803,Staffing & Scheduling,Staffing & Scheduling,1,Insufficient data,,org_ffea216599e5e6b1,ind_7b80ea72e24f0e8b,Large Community Hospital,West Region,2025/26,needs_review,false,outside primary ED analysis scope,false,4,3,false,true,false,true,"[""intervention_ba33f317762c54b063ef""]"
cycle_d648a40ff78022838803,Technology & Digital Tools,Technology & Digital Tools,1,Insufficient data,,org_ffea216599e5e6b1,ind_7b80ea72e24f0e8b,Large Community Hospital,West Region,2025/26,needs_review,false,outside primary ED analysis scope,false,4,3,false,true,false,true,"[""intervention_b8a12e68e0a871f6dbb7""]"
cycle_6208c09776eee31174a6,Admission & Transfer Process,Admission & Transfer Process,1,Insufficient data,,org_ffea216599e5e6b1,ind_7b9e0bed3af527ae,Large Community Hospital,West Region,2025/26,needs_review,false,outside primary ED analysis scope,false,5,4,false,true,false,true,"[""intervention_6188cc2a78ee189befff""]"
cycle_6208c09776eee31174a6,"Data, Measurement & Dashboards","Data, Measurement & Dashboards",1,Insufficient data,,org_ffea216599e5e6b1,ind_7b9e0bed3af527ae,Large Community Hospital,West Region,2025/26,needs_review,false,outside primary ED analysis scope,false,5,4,false,true,false,true,"[""intervention_a6a7a398cd35eeb04839""]"
cycle_6208c09776eee31174a6,Other,Other,1,Insufficient data,,org_ffea216599e5e6b1,ind_7b9e0bed3af527ae,Large Community Hospital,West Region,2025/26,needs_review,false,outside primary ED analysis scope,false,5,4,false,true,false,true,"[""intervention_d6b4db7af32cd7b4eb38""]"
cycle_6208c09776eee31174a6,Staffing & Scheduling,Staffing & Scheduling,1,Insufficient data,,org_ffea216599e5e6b1,ind_7b9e0bed3af527ae,Large Community Hospital,West Region,2025/26,needs_review,false,outside primary ED analysis scope,false,5,4,false,true,false,true,"[""intervention_bfbb94712cf1d2f09ba5""]"
cycle_6208c09776eee31174a6,Technology & Digital Tools,Technology & Digital Tools,1,Insufficient data,,org_ffea216599e5e6b1,ind_7b9e0bed3af527ae,Large Community Hospital,West Region,2025/26,needs_review,false,outside primary ED analysis scope,false,5,4,false,true,false,true,"[""intervention_a75303d504d52fa2e668""]"
cycle_b35bfbe091e826bf0b9c,"Data, Measurement & Dashboards","Data, Measurement & Dashboards",1,Insufficient data,,org_ffea216599e5e6b1,ind_926ced202f661c84,Large Community Hospital,West Region,2024/25,needs_review,false,outside primary ED analysis scope,false,4,3,false,true,false,true,"[""intervention_fd706b2168a1bf144490""]"
cycle_b35bfbe091e826bf0b9c,Other,Other,1,Insufficient data,,org_ffea216599e5e6b1,ind_926ced202f661c84,Large Community Hospital,West Region,2024/25,needs_review,false,outside primary ED analysis scope,false,4,3,false,true,false,true,"[""intervention_6475626dde3ad8ba23f2""]"
cycle_b35bfbe091e826bf0b9c,Technology & Digital Tools,Technology & Digital Tools,1,Insufficient data,,org_ffea216599e5e6b1,ind_926ced202f661c84,Large Community Hospital,West Region,2024/25,needs_review,false,outside primary ED analysis scope,false,4,3,false,true,false,true,"[""intervention_9c86c6f15b75708b5b7f""]"
cycle_b35bfbe091e826bf0b9c,Training & Education,Training & Education,1,Insufficient data,,org_ffea216599e5e6b1,ind_926ced202f661c84,Large Community Hospital,West Region,2024/25,needs_review,false,outside primary ED analysis scope,false,4,3,false,true,false,true,"[""intervention_a701609828348a07bcf7""]"
cycle_4452cbb1d18d23ae0fad,"Data, Measurement & Dashboards","Data, Measurement & Dashboards",1,Insufficient data,,org_ffea216599e5e6b1,ind_a3edee20683bde84,Large Community Hospital,West Region,2025/26,needs_review,false,outside primary ED analysis scope,false,4,3,false,true,false,true,"[""intervention_77603cfd41daaee29672""]"
cycle_4452cbb1d18d23ae0fad,Other,Other,4,Insufficient data,,org_ffea216599e5e6b1,ind_a3edee20683bde84,Large Community Hospital,West Region,2025/26,needs_review,false,outside primary ED analysis scope,false,4,3,false,true,false,true,"[""intervention_1006c941fc671d8e6af5"",""intervention_2d80fdb3a9401e1c5ae4"",""intervention_769817431a24c9a7db6f"",""intervention_a930f9e276a060f6b64f""]"
cycle_4452cbb1d18d23ae0fad,Policy / Standardization,Policy / Standardization,1,Insufficient data,,org_ffea216599e5e6b1,ind_a3edee20683bde84,Large Community Hospital,West Region,2025/26,needs_review,false,outside primary ED analysis scope,false,4,3,false,true,false,true,"[""intervention_8c2b862e5fef144ff144""]"
cycle_4452cbb1d18d23ae0fad,Training & Education,Training & Education,1,Insufficient data,,org_ffea216599e5e6b1,ind_a3edee20683bde84,Large Community Hospital,West Region,2025/26,needs_review,false,outside primary ED analysis scope,false,4,3,false,true,false,true,"[""intervention_e3fb655e4a7cb1f2c2c4""]"
cycle_afafae353d9c9045018c,Admission & Transfer Process,Admission & Transfer Process,1,Insufficient data,,org_ffea216599e5e6b1,ind_b4864347e5adcd73,Large Community Hospital,West Region,2025/26,needs_review,false,outside primary ED analysis scope,false,2,1,false,true,false,true,"[""intervention_b9e36fdba50ea61bc957""]"
cycle_afafae353d9c9045018c,Other,Other,1,Insufficient data,,org_ffea216599e5e6b1,ind_b4864347e5adcd73,Large Community Hospital,West Region,2025/26,needs_review,false,outside primary ED analysis scope,false,2,1,false,true,false,true,"[""intervention_359110907c02953d39bf""]"
cycle_b81296dfdb8a031d2b85,Other,Other,2,Insufficient data,,org_ffea216599e5e6b1,ind_d509ee9c32d12b43,Large Community Hospital,West Region,2025/26,needs_review,false,outside primary ED analysis scope,false,1,0,true,false,false,true,"[""intervention_7414bcc2b8f495712e86"",""intervention_cbfdd3cde52441689e7c""]"
cycle_a94cef9e3f6bf50e433c,Admission & Transfer Process,Admission & Transfer Process,1,Insufficient data,,org_ffea216599e5e6b1,ind_ef4a9573ead4ee92,Large Community Hospital,West Region,2024/25,included,false,insufficient first-cycle ED longitudinal coverage,false,3,2,false,true,false,true,"[""intervention_eb0e8b6b228c944bc6a3""]"
cycle_a94cef9e3f6bf50e433c,Discharge & Transition Planning,Discharge & Transition Planning,1,Insufficient data,,org_ffea216599e5e6b1,ind_ef4a9573ead4ee92,Large Community Hospital,West Region,2024/25,included,false,insufficient first-cycle ED longitudinal coverage,false,3,2,false,true,false,true,"[""intervention_a3a3109529470c4202b0""]"
cycle_a94cef9e3f6bf50e433c,Other,Other,1,Insufficient data,,org_ffea216599e5e6b1,ind_ef4a9573ead4ee92,Large Community Hospital,West Region,2024/25,included,false,insufficient first-cycle ED longitudinal coverage,false,3,2,false,true,false,true,"[""intervention_8aebdf68ad54dfb1a813""]"
cycle_0b732d51ba252aa14793,Other,Other,3,Insufficient data,,org_ffea216599e5e6b1,ind_f5c17b946fb196ba,Large Community Hospital,West Region,2024/25,needs_review,false,outside primary ED analysis scope,false,3,2,false,true,false,true,"[""intervention_4d3f0b5bd17e8f134542"",""intervention_50def4ecc1156de90bcb"",""intervention_eaf85682523bcaefcbf2""]"
cycle_0b732d51ba252aa14793,Policy / Standardization,Policy / Standardization,1,Insufficient data,,org_ffea216599e5e6b1,ind_f5c17b946fb196ba,Large Community Hospital,West Region,2024/25,needs_review,false,outside primary ED analysis scope,false,3,2,false,true,false,true,"[""intervention_8e09642e61bcf87342c2""]"
cycle_0b732d51ba252aa14793,Training & Education,Training & Education,1,Insufficient data,,org_ffea216599e5e6b1,ind_f5c17b946fb196ba,Large Community Hospital,West Region,2024/25,needs_review,false,outside primary ED analysis scope,false,3,2,false,true,false,true,"[""intervention_1dc4ee546d021f69a8b6""]"
