source_record_id,unit_raw,population_raw,normalized_unit,normalized_population,context_compatible,review_reasons,datasource_period_raw
file_9772e4124db9000923df7ee0723b6c5954285930dee8a3dad72efbcf089e68be:record_2,%,Discharged patients ,percent,discharged patients,true,[],Local data collection / Other
file_9772e4124db9000923df7ee0723b6c5954285930dee8a3dad72efbcf089e68be:record_3,Ratio (No unit),ALC patients,ratio,alc patients,true,[],WTIS / Quarter
file_9772e4124db9000923df7ee0723b6c5954285930dee8a3dad72efbcf089e68be:record_4,%,Staff,percent,staff,false,"[""incompatible_indicator_unit""]",Local data collection / Other
file_9772e4124db9000923df7ee0723b6c5954285930dee8a3dad72efbcf089e68be:record_5,%,Staff,percent,staff,true,[],Local data collection / Other
file_9772e4124db9000923df7ee0723b6c5954285930dee8a3dad72efbcf089e68be:record_6,%,All patients,percent,all patients,true,[],In house data collection  / April 1 2023 to December 31 2023
file_9772e4124db9000923df7ee0723b6c5954285930dee8a3dad72efbcf089e68be:record_7,%,Discharged patients ,percent,discharged patients,true,[],Local data collection / Other
file_9772e4124db9000923df7ee0723b6c5954285930dee8a3dad72efbcf089e68be:record_8,%,Discharged patients ,percent,discharged patients,true,[],Local data collection / Other
file_9772e4124db9000923df7ee0723b6c5954285930dee8a3dad72efbcf089e68be:record_9,%,Survey respondents,percent,survey respondents,true,[],Local data collection / Other
file_9772e4124db9000923df7ee0723b6c5954285930dee8a3dad72efbcf089e68be:record_10,Hours,ED patients,hours,ed patients,true,[],CIHI NACRS / Other
file_9772e4124db9000923df7ee0723b6c5954285930dee8a3dad72efbcf089e68be:record_11,Hours,ED patients,hours,ed patients,true,[],CIHI NACRS / Other
file_9772e4124db9000923df7ee0723b6c5954285930dee8a3dad72efbcf089e68be:record_12,Hours,ED patients,hours,ed patients,true,[],CIHI NACRS / Other
file_9772e4124db9000923df7ee0723b6c5954285930dee8a3dad72efbcf089e68be:record_13,Hours,ED patients,hours,ed patients,true,[],CIHI NACRS / Other
file_9772e4124db9000923df7ee0723b6c5954285930dee8a3dad72efbcf089e68be:record_14,%,Staff,percent,staff,false,"[""incompatible_indicator_unit""]",Local data collection / Other
file_9772e4124db9000923df7ee0723b6c5954285930dee8a3dad72efbcf089e68be:record_15,%,Staff,percent,staff,true,[],Local data collection / Other
file_9772e4124db9000923df7ee0723b6c5954285930dee8a3dad72efbcf089e68be:record_16,Minutes,Patients,minutes,patients,true,[],CIHI NACRS / Other
file_9772e4124db9000923df7ee0723b6c5954285930dee8a3dad72efbcf089e68be:record_17,Hours,ED patients,hours,ed patients,true,[],CIHI NACRS / Other
file_9772e4124db9000923df7ee0723b6c5954285930dee8a3dad72efbcf089e68be:record_18,%,Staff,percent,staff,false,"[""incompatible_indicator_unit""]",Local data collection / Other
file_9772e4124db9000923df7ee0723b6c5954285930dee8a3dad72efbcf089e68be:record_19,%,Staff,percent,staff,true,[],Local data collection / Other
file_9772e4124db9000923df7ee0723b6c5954285930dee8a3dad72efbcf089e68be:record_20,Minutes,Patients,minutes,patients,true,[],CIHI NACRS / Other
file_9772e4124db9000923df7ee0723b6c5954285930dee8a3dad72efbcf089e68be:record_21,Ratio (No unit),ALC patients,ratio,alc patients,true,[],WTIS / Quarter
file_9772e4124db9000923df7ee0723b6c5954285930dee8a3dad72efbcf089e68be:record_22,Ratio (No unit),ALC patients,ratio,alc patients,true,[],WTIS / Quarter
file_9772e4124db9000923df7ee0723b6c5954285930dee8a3dad72efbcf089e68be:record_23,Ratio (No unit),ALC patients,ratio,alc patients,true,[],WTIS / Quarter
file_9772e4124db9000923df7ee0723b6c5954285930dee8a3dad72efbcf089e68be:record_24,Ratio (No unit),ALC patients,ratio,alc patients,true,[],WTIS / Quarter
file_9772e4124db9000923df7ee0723b6c5954285930dee8a3dad72efbcf089e68be:record_25,Number,Worker,count,worker,true,[],In house data collection  / F2024/25
file_9772e4124db9000923df7ee0723b6c5954285930dee8a3dad72efbcf089e68be:record_26,Number,Worker,count,worker,true,[],In house data collection  / F2024/25
file_9772e4124db9000923df7ee0723b6c5954285930dee8a3dad72efbcf089e68be:record_27,90th percentile,ED patients,unknown,ed patients,false,"[""unknown_unit_or_population""]","CIHI NACRS / For ERNI hospitals: December 1, 2022, to November 30, 2023, in alignment with the P4R program"
file_9772e4124db9000923df7ee0723b6c5954285930dee8a3dad72efbcf089e68be:record_28,Hours,ED patients,hours,ed patients,true,[],CIHI NACRS / Q3 2023
file_9772e4124db9000923df7ee0723b6c5954285930dee8a3dad72efbcf089e68be:record_29,Number,ED patients,count,ed patients,true,[],CIHI NACRS / Q3 2023
file_9772e4124db9000923df7ee0723b6c5954285930dee8a3dad72efbcf089e68be:record_30,%,Other,percent,unknown,false,"[""unknown_unit_or_population""]",In house data collection  / Q3 2023
file_9772e4124db9000923df7ee0723b6c5954285930dee8a3dad72efbcf089e68be:record_31,%,Other,percent,unknown,false,"[""unknown_unit_or_population""]",In house data collection  / Q3 2023
file_9772e4124db9000923df7ee0723b6c5954285930dee8a3dad72efbcf089e68be:record_32,%,All surgical procedures,percent,all surgical procedures,true,[],In house data collection  / Q3 2023
file_9772e4124db9000923df7ee0723b6c5954285930dee8a3dad72efbcf089e68be:record_33,%,All surgical procedures,percent,all surgical procedures,true,[],In house data collection  / Q3 2023
file_9772e4124db9000923df7ee0723b6c5954285930dee8a3dad72efbcf089e68be:record_34,Other,Other,unknown,unknown,false,"[""unknown_unit_or_population""]",In house data collection  / Q3
file_9772e4124db9000923df7ee0723b6c5954285930dee8a3dad72efbcf089e68be:record_35,Other,Other,unknown,unknown,false,"[""unknown_unit_or_population""]",In house data collection  / Q3
file_9772e4124db9000923df7ee0723b6c5954285930dee8a3dad72efbcf089e68be:record_36,Number,ALC patients,count,alc patients,true,[],In house data collection  / Q3 2023
file_9772e4124db9000923df7ee0723b6c5954285930dee8a3dad72efbcf089e68be:record_37,Number,ALC patients,count,alc patients,true,[],In house data collection  / Q3 2023
file_9772e4124db9000923df7ee0723b6c5954285930dee8a3dad72efbcf089e68be:record_38,Number,ALC patients,count,alc patients,true,[],In house data collection  / Q3 2023
file_9772e4124db9000923df7ee0723b6c5954285930dee8a3dad72efbcf089e68be:record_39,Other,All patients,unknown,all patients,false,"[""unknown_unit_or_population""]",In house data collection  / Q3 2023
file_9772e4124db9000923df7ee0723b6c5954285930dee8a3dad72efbcf089e68be:record_40,Other,All patients,unknown,all patients,false,"[""unknown_unit_or_population""]",In house data collection  / Q3 2023
file_9772e4124db9000923df7ee0723b6c5954285930dee8a3dad72efbcf089e68be:record_41,Other,All patients,unknown,all patients,false,"[""unknown_unit_or_population""]",In house data collection  / Q3 2023
file_9772e4124db9000923df7ee0723b6c5954285930dee8a3dad72efbcf089e68be:record_42,Other,All patients,unknown,all patients,false,"[""unknown_unit_or_population""]",In house data collection  / Q3 2023
file_9772e4124db9000923df7ee0723b6c5954285930dee8a3dad72efbcf089e68be:record_43,Other,All patients,unknown,all patients,false,"[""unknown_unit_or_population""]",In house data collection  / Q3 2023
file_9772e4124db9000923df7ee0723b6c5954285930dee8a3dad72efbcf089e68be:record_44,%,Staff,percent,staff,true,[],Local data collection / Other
file_9772e4124db9000923df7ee0723b6c5954285930dee8a3dad72efbcf089e68be:record_45,%,Staff,percent,staff,true,[],Local data collection / Other
file_9772e4124db9000923df7ee0723b6c5954285930dee8a3dad72efbcf089e68be:record_46,%,Survey respondents,percent,survey respondents,true,[],Local data collection / Other
file_9772e4124db9000923df7ee0723b6c5954285930dee8a3dad72efbcf089e68be:record_47,Ratio (No unit),ALC patients,ratio,alc patients,true,[],WTIS / Quarter
file_9772e4124db9000923df7ee0723b6c5954285930dee8a3dad72efbcf089e68be:record_48,%,Staff,percent,staff,true,[],Local data collection / Other
file_9772e4124db9000923df7ee0723b6c5954285930dee8a3dad72efbcf089e68be:record_49,Rate,All patients,unknown,all patients,false,"[""unknown_unit_or_population""]",In house data collection  / January to December
file_9772e4124db9000923df7ee0723b6c5954285930dee8a3dad72efbcf089e68be:record_50,Other,Other,unknown,unknown,false,"[""unknown_unit_or_population""]",In house data collection  / January to December
file_9772e4124db9000923df7ee0723b6c5954285930dee8a3dad72efbcf089e68be:record_51,%,Survey respondents,percent,survey respondents,true,[],In-house survey / January to December
file_9772e4124db9000923df7ee0723b6c5954285930dee8a3dad72efbcf089e68be:record_52,%,Survey respondents,percent,survey respondents,true,[],In-house survey / January to December
file_9772e4124db9000923df7ee0723b6c5954285930dee8a3dad72efbcf089e68be:record_53,Hours,ED patients,hours,ed patients,true,[],CIHI NACRS / Other
file_9772e4124db9000923df7ee0723b6c5954285930dee8a3dad72efbcf089e68be:record_54,Hours,ED patients,hours,ed patients,true,[],CIHI NACRS / Other
file_9772e4124db9000923df7ee0723b6c5954285930dee8a3dad72efbcf089e68be:record_55,Hours,ED patients,hours,ed patients,true,[],CIHI NACRS / Other
file_9772e4124db9000923df7ee0723b6c5954285930dee8a3dad72efbcf089e68be:record_56,Ratio (No unit),ALC patients,ratio,alc patients,true,[],WTIS / Quarter
file_9772e4124db9000923df7ee0723b6c5954285930dee8a3dad72efbcf089e68be:record_57,Ratio (No unit),ALC patients,ratio,alc patients,true,[],WTIS / Quarter
file_9772e4124db9000923df7ee0723b6c5954285930dee8a3dad72efbcf089e68be:record_58,Ratio (No unit),ALC patients,ratio,alc patients,true,[],WTIS / Quarter
file_9772e4124db9000923df7ee0723b6c5954285930dee8a3dad72efbcf089e68be:record_59,%,Staff,percent,staff,true,[],Local data collection / Other
file_9772e4124db9000923df7ee0723b6c5954285930dee8a3dad72efbcf089e68be:record_60,%,Staff,percent,staff,true,[],Local data collection / Other
file_9772e4124db9000923df7ee0723b6c5954285930dee8a3dad72efbcf089e68be:record_61,Count,Other,count,unknown,false,"[""unknown_unit_or_population""]",In house data collection  / Total fiscal year
file_9772e4124db9000923df7ee0723b6c5954285930dee8a3dad72efbcf089e68be:record_62,Count,Other,count,unknown,false,"[""unknown_unit_or_population""]",In house data collection  / Total fiscal year
file_9772e4124db9000923df7ee0723b6c5954285930dee8a3dad72efbcf089e68be:record_63,%,All patients,percent,all patients,true,[],Hospital collected data / 2024/2025
file_9772e4124db9000923df7ee0723b6c5954285930dee8a3dad72efbcf089e68be:record_64,%,All patients,percent,all patients,true,[],Hospital collected data / 2024/2025
file_9772e4124db9000923df7ee0723b6c5954285930dee8a3dad72efbcf089e68be:record_65,%,All patients,percent,all patients,true,[],Hospital collected data / 2024/2025
file_9772e4124db9000923df7ee0723b6c5954285930dee8a3dad72efbcf089e68be:record_66,%,Discharged patients ,percent,discharged patients,true,[],Local data collection / Other
file_9772e4124db9000923df7ee0723b6c5954285930dee8a3dad72efbcf089e68be:record_67,%,Discharged patients ,percent,discharged patients,true,[],Local data collection / Other
file_9772e4124db9000923df7ee0723b6c5954285930dee8a3dad72efbcf089e68be:record_68,%,Discharged patients ,percent,discharged patients,true,[],Local data collection / Other
file_9772e4124db9000923df7ee0723b6c5954285930dee8a3dad72efbcf089e68be:record_69,%,Survey respondents,percent,survey respondents,true,[],Local data collection / Other
file_9772e4124db9000923df7ee0723b6c5954285930dee8a3dad72efbcf089e68be:record_70,Hours,ED patients,hours,ed patients,true,[],CIHI NACRS / Other
file_9772e4124db9000923df7ee0723b6c5954285930dee8a3dad72efbcf089e68be:record_71,Hours,ED patients,hours,ed patients,true,[],CIHI NACRS / Other
file_9772e4124db9000923df7ee0723b6c5954285930dee8a3dad72efbcf089e68be:record_72,%,Staff,percent,staff,true,[],"In house data collection  / YTD Dec 31, 2023"
file_9772e4124db9000923df7ee0723b6c5954285930dee8a3dad72efbcf089e68be:record_73,%,Staff,percent,staff,true,[],"In house data collection  / YTD Dec 31, 2023"
file_9772e4124db9000923df7ee0723b6c5954285930dee8a3dad72efbcf089e68be:record_74,%,Staff,percent,staff,true,[],"In house data collection  / YTD Dec 31, 2023"
file_9772e4124db9000923df7ee0723b6c5954285930dee8a3dad72efbcf089e68be:record_75,%,Staff,percent,staff,true,[],"In house data collection  / YTD Dec 31, 2023"
file_9772e4124db9000923df7ee0723b6c5954285930dee8a3dad72efbcf089e68be:record_76,%,Staff,percent,staff,true,[],"In house data collection  / YTD Dec 31, 2023"
file_9772e4124db9000923df7ee0723b6c5954285930dee8a3dad72efbcf089e68be:record_77,%,Staff,percent,staff,true,[],"In house data collection  / YTD Dec 31, 2023"
file_9772e4124db9000923df7ee0723b6c5954285930dee8a3dad72efbcf089e68be:record_78,%,Staff,percent,staff,true,[],"In house data collection  / YTD Dec 31, 2023"
file_9772e4124db9000923df7ee0723b6c5954285930dee8a3dad72efbcf089e68be:record_79,%,Staff,percent,staff,true,[],"In house data collection  / YTD Dec 31, 2023"
file_9772e4124db9000923df7ee0723b6c5954285930dee8a3dad72efbcf089e68be:record_80,%,Staff,percent,staff,true,[],"In house data collection  / YTD Dec 31, 2023"
file_9772e4124db9000923df7ee0723b6c5954285930dee8a3dad72efbcf089e68be:record_81,%,Staff,percent,staff,true,[],"In house data collection  / YTD Dec 31, 2023"
file_9772e4124db9000923df7ee0723b6c5954285930dee8a3dad72efbcf089e68be:record_82,%,Staff,percent,staff,true,[],"In house data collection  / YTD Dec 31, 2023"
file_9772e4124db9000923df7ee0723b6c5954285930dee8a3dad72efbcf089e68be:record_83,%,Staff,percent,staff,true,[],"In house data collection  / YTD Dec 31, 2023"
file_9772e4124db9000923df7ee0723b6c5954285930dee8a3dad72efbcf089e68be:record_84,%,Staff,percent,staff,true,[],"In house data collection  / YTD Dec 31, 2023"
file_9772e4124db9000923df7ee0723b6c5954285930dee8a3dad72efbcf089e68be:record_85,%,Staff,percent,staff,true,[],"In house data collection  / YTD Dec 31, 2023"
file_9772e4124db9000923df7ee0723b6c5954285930dee8a3dad72efbcf089e68be:record_86,Count,ALC patients,count,alc patients,true,[],WTIS / monthly
file_9772e4124db9000923df7ee0723b6c5954285930dee8a3dad72efbcf089e68be:record_87,Count,ALC patients,count,alc patients,true,[],WTIS / monthly
file_9772e4124db9000923df7ee0723b6c5954285930dee8a3dad72efbcf089e68be:record_88,%,ED patients,percent,ed patients,true,[],CIHI NACRS / Monthly
file_9772e4124db9000923df7ee0723b6c5954285930dee8a3dad72efbcf089e68be:record_89,%,Staff,percent,staff,true,[],Local data collection / Monthly
file_9772e4124db9000923df7ee0723b6c5954285930dee8a3dad72efbcf089e68be:record_90,Proportion,Patients,proportion,patients,true,[],Local data collection / Monthly
file_9772e4124db9000923df7ee0723b6c5954285930dee8a3dad72efbcf089e68be:record_91,Proportion,Maternity Patients,proportion,maternity patients,true,[],Other / Monthly
file_9772e4124db9000923df7ee0723b6c5954285930dee8a3dad72efbcf089e68be:record_92,%,All inpatients,percent,all inpatients,true,[],Local data collection / Monthly
file_9772e4124db9000923df7ee0723b6c5954285930dee8a3dad72efbcf089e68be:record_93,Count,Staff,count,staff,true,[],Local data collection / Monthly
file_9772e4124db9000923df7ee0723b6c5954285930dee8a3dad72efbcf089e68be:record_94,%,Discharged patients ,percent,discharged patients,true,[],Local data collection / Other
file_9772e4124db9000923df7ee0723b6c5954285930dee8a3dad72efbcf089e68be:record_95,%,Discharged patients ,percent,discharged patients,true,[],Local data collection / Other
file_9772e4124db9000923df7ee0723b6c5954285930dee8a3dad72efbcf089e68be:record_96,Ratio (No unit),ALC patients,ratio,alc patients,true,[],WTIS / Quarter
file_9772e4124db9000923df7ee0723b6c5954285930dee8a3dad72efbcf089e68be:record_97,Ratio (No unit),ALC patients,ratio,alc patients,true,[],WTIS / Quarter
file_9772e4124db9000923df7ee0723b6c5954285930dee8a3dad72efbcf089e68be:record_98,Ratio (No unit),ALC patients,ratio,alc patients,true,[],WTIS / Quarter
file_9772e4124db9000923df7ee0723b6c5954285930dee8a3dad72efbcf089e68be:record_99,%,Staff,percent,staff,false,"[""incompatible_indicator_unit""]",Local data collection / Other
file_9772e4124db9000923df7ee0723b6c5954285930dee8a3dad72efbcf089e68be:record_100,%,Staff,percent,staff,false,"[""incompatible_indicator_unit""]",Local data collection / Other
file_9772e4124db9000923df7ee0723b6c5954285930dee8a3dad72efbcf089e68be:record_101,%,Staff,percent,staff,false,"[""incompatible_indicator_unit""]",Local data collection / Other
file_9772e4124db9000923df7ee0723b6c5954285930dee8a3dad72efbcf089e68be:record_102,%,Staff,percent,staff,false,"[""incompatible_indicator_unit""]",Local data collection / Other
file_9772e4124db9000923df7ee0723b6c5954285930dee8a3dad72efbcf089e68be:record_103,%,Staff,percent,staff,true,[],Local data collection / Other
file_9772e4124db9000923df7ee0723b6c5954285930dee8a3dad72efbcf089e68be:record_104,%,All inpatients,percent,all inpatients,true,[],Local data collection / Jan-Dec
file_9772e4124db9000923df7ee0723b6c5954285930dee8a3dad72efbcf089e68be:record_105,%,All inpatients,percent,all inpatients,true,[],Local data collection / Jan-Dec
file_9772e4124db9000923df7ee0723b6c5954285930dee8a3dad72efbcf089e68be:record_106,Hours,ED patients,hours,ed patients,true,[],CIHI NACRS / Other
file_9772e4124db9000923df7ee0723b6c5954285930dee8a3dad72efbcf089e68be:record_107,Hours,ED patients,hours,ed patients,true,[],CIHI NACRS / Other
file_9772e4124db9000923df7ee0723b6c5954285930dee8a3dad72efbcf089e68be:record_108,Hours,ED patients,hours,ed patients,true,[],CIHI NACRS / Other
file_9772e4124db9000923df7ee0723b6c5954285930dee8a3dad72efbcf089e68be:record_109,Hours,ED patients,hours,ed patients,true,[],CIHI NACRS / Other
file_9772e4124db9000923df7ee0723b6c5954285930dee8a3dad72efbcf089e68be:record_110,Hours,ED patients,hours,ed patients,true,[],CIHI NACRS / Other
file_9772e4124db9000923df7ee0723b6c5954285930dee8a3dad72efbcf089e68be:record_111,Hours,ED patients,hours,ed patients,true,[],CIHI NACRS / Other
file_9772e4124db9000923df7ee0723b6c5954285930dee8a3dad72efbcf089e68be:record_112,Hours,ED patients,hours,ed patients,true,[],CIHI NACRS / Other
file_9772e4124db9000923df7ee0723b6c5954285930dee8a3dad72efbcf089e68be:record_113,%,Staff,percent,staff,true,[],Local data collection / Other
file_9772e4124db9000923df7ee0723b6c5954285930dee8a3dad72efbcf089e68be:record_114,%,Discharged patients ,percent,discharged patients,true,[],Local data collection / Other
file_9772e4124db9000923df7ee0723b6c5954285930dee8a3dad72efbcf089e68be:record_115,%,Discharged patients ,percent,discharged patients,true,[],Local data collection / Other
file_9772e4124db9000923df7ee0723b6c5954285930dee8a3dad72efbcf089e68be:record_116,%,Discharged patients ,percent,discharged patients,true,[],Local data collection / Other
file_9772e4124db9000923df7ee0723b6c5954285930dee8a3dad72efbcf089e68be:record_117,%,Discharged patients ,percent,discharged patients,true,[],Local data collection / Other
file_9772e4124db9000923df7ee0723b6c5954285930dee8a3dad72efbcf089e68be:record_118,%,Discharged patients ,percent,discharged patients,true,[],Local data collection / Other
file_9772e4124db9000923df7ee0723b6c5954285930dee8a3dad72efbcf089e68be:record_119,%,Discharged patients ,percent,discharged patients,true,[],Local data collection / Other
file_9772e4124db9000923df7ee0723b6c5954285930dee8a3dad72efbcf089e68be:record_120,Ratio (No unit),ALC patients,ratio,alc patients,true,[],WTIS / Quarter
file_9772e4124db9000923df7ee0723b6c5954285930dee8a3dad72efbcf089e68be:record_121,Ratio (No unit),ALC patients,ratio,alc patients,true,[],WTIS / Quarter
file_9772e4124db9000923df7ee0723b6c5954285930dee8a3dad72efbcf089e68be:record_122,Ratio (No unit),ALC patients,ratio,alc patients,true,[],WTIS / Quarter
file_9772e4124db9000923df7ee0723b6c5954285930dee8a3dad72efbcf089e68be:record_123,%,Staff,percent,staff,true,[],Local data collection / Other
file_9772e4124db9000923df7ee0723b6c5954285930dee8a3dad72efbcf089e68be:record_124,%,Staff,percent,staff,true,[],Local data collection / Other
file_9772e4124db9000923df7ee0723b6c5954285930dee8a3dad72efbcf089e68be:record_125,%,Staff,percent,staff,true,[],Local data collection / Other
file_9772e4124db9000923df7ee0723b6c5954285930dee8a3dad72efbcf089e68be:record_126,Number,Staff,count,staff,true,[],In house data collection  / 2024
file_9772e4124db9000923df7ee0723b6c5954285930dee8a3dad72efbcf089e68be:record_127,Number,Staff,count,staff,true,[],In house data collection  / 2024
file_9772e4124db9000923df7ee0723b6c5954285930dee8a3dad72efbcf089e68be:record_128,Number,Staff,count,staff,true,[],In house data collection  / 2024
file_9772e4124db9000923df7ee0723b6c5954285930dee8a3dad72efbcf089e68be:record_129,Number,Staff,count,staff,true,[],In house data collection  / 2024
file_9772e4124db9000923df7ee0723b6c5954285930dee8a3dad72efbcf089e68be:record_130,Number,Staff,count,staff,true,[],In house data collection  / 2024
file_9772e4124db9000923df7ee0723b6c5954285930dee8a3dad72efbcf089e68be:record_131,Number,All patients,count,all patients,true,[],Hospital collected data / 2024-2025
file_9772e4124db9000923df7ee0723b6c5954285930dee8a3dad72efbcf089e68be:record_132,Number,All patients,count,all patients,true,[],Hospital collected data / 2024-2025
file_9772e4124db9000923df7ee0723b6c5954285930dee8a3dad72efbcf089e68be:record_133,%,Staff,percent,staff,true,[],In house data collection  / 12 month period.
file_9772e4124db9000923df7ee0723b6c5954285930dee8a3dad72efbcf089e68be:record_134,%,Staff,percent,staff,true,[],In house data collection  / 12 month period.
file_9772e4124db9000923df7ee0723b6c5954285930dee8a3dad72efbcf089e68be:record_135,Ratio (No unit),Staff,ratio,staff,true,[],Hospital collected data / 2024/25
file_9772e4124db9000923df7ee0723b6c5954285930dee8a3dad72efbcf089e68be:record_136,Ratio (No unit),Staff,ratio,staff,true,[],Hospital collected data / 2024/25
file_9772e4124db9000923df7ee0723b6c5954285930dee8a3dad72efbcf089e68be:record_137,Ratio (No unit),Staff,ratio,staff,true,[],Hospital collected data / 2024/25
file_9772e4124db9000923df7ee0723b6c5954285930dee8a3dad72efbcf089e68be:record_138,Ratio (No unit),Staff,ratio,staff,true,[],Hospital collected data / 2024/25
file_9772e4124db9000923df7ee0723b6c5954285930dee8a3dad72efbcf089e68be:record_139,Number,All patients,count,all patients,true,[],Hospital collected data / 2024/25
file_9772e4124db9000923df7ee0723b6c5954285930dee8a3dad72efbcf089e68be:record_140,Number,All patients,count,all patients,true,[],Hospital collected data / 2024/25
file_9772e4124db9000923df7ee0723b6c5954285930dee8a3dad72efbcf089e68be:record_141,Number,All patients,count,all patients,true,[],Hospital collected data / 2024/25
file_9772e4124db9000923df7ee0723b6c5954285930dee8a3dad72efbcf089e68be:record_142,Number,All patients,count,all patients,true,[],Hospital collected data / 2024/25
file_9772e4124db9000923df7ee0723b6c5954285930dee8a3dad72efbcf089e68be:record_143,"Rate per 1,000",All inpatients,rate_per_1000,all inpatients,true,[],Hospital collected data / 2024/25
file_9772e4124db9000923df7ee0723b6c5954285930dee8a3dad72efbcf089e68be:record_144,"Rate per 1,000",All inpatients,rate_per_1000,all inpatients,true,[],Hospital collected data / 2024/25
file_9772e4124db9000923df7ee0723b6c5954285930dee8a3dad72efbcf089e68be:record_145,"Rate per 1,000",All inpatients,rate_per_1000,all inpatients,true,[],Hospital collected data / 2024/25
file_9772e4124db9000923df7ee0723b6c5954285930dee8a3dad72efbcf089e68be:record_146,Number,All inpatients,count,all inpatients,true,[],Hospital collected data / 2024/25
file_9772e4124db9000923df7ee0723b6c5954285930dee8a3dad72efbcf089e68be:record_147,Number,All inpatients,count,all inpatients,true,[],Hospital collected data / 2024/25
file_9772e4124db9000923df7ee0723b6c5954285930dee8a3dad72efbcf089e68be:record_148,Number,All patients,count,all patients,true,[],Hospital collected data / 2024/25
file_9772e4124db9000923df7ee0723b6c5954285930dee8a3dad72efbcf089e68be:record_149,%,All patients,percent,all patients,true,[],Hospital collected data / 2024/25
file_9772e4124db9000923df7ee0723b6c5954285930dee8a3dad72efbcf089e68be:record_150,%,All patients,percent,all patients,true,[],Hospital collected data / 2024/25
file_9772e4124db9000923df7ee0723b6c5954285930dee8a3dad72efbcf089e68be:record_151,%,All patients,percent,all patients,true,[],Hospital collected data / 2024/25
file_9772e4124db9000923df7ee0723b6c5954285930dee8a3dad72efbcf089e68be:record_152,%,All patients,percent,all patients,true,[],Hospital collected data / 2024/25
file_9772e4124db9000923df7ee0723b6c5954285930dee8a3dad72efbcf089e68be:record_153,%,All patients,percent,all patients,true,[],Hospital collected data / 2024/25
file_9772e4124db9000923df7ee0723b6c5954285930dee8a3dad72efbcf089e68be:record_154,%,All patients,percent,all patients,true,[],Hospital collected data / 2024/25
file_9772e4124db9000923df7ee0723b6c5954285930dee8a3dad72efbcf089e68be:record_155,%,All patients,percent,all patients,true,[],Hospital collected data / 2024/25
file_9772e4124db9000923df7ee0723b6c5954285930dee8a3dad72efbcf089e68be:record_156,Number,All patients,count,all patients,true,[],Hospital collected data / 2024/25
file_9772e4124db9000923df7ee0723b6c5954285930dee8a3dad72efbcf089e68be:record_157,Number,All patients,count,all patients,true,[],Hospital collected data / 2024/25
file_9772e4124db9000923df7ee0723b6c5954285930dee8a3dad72efbcf089e68be:record_158,Number,All patients,count,all patients,true,[],Hospital collected data / 2024/25
file_9772e4124db9000923df7ee0723b6c5954285930dee8a3dad72efbcf089e68be:record_159,Number,All patients,count,all patients,true,[],Hospital collected data / 2024/25
file_9772e4124db9000923df7ee0723b6c5954285930dee8a3dad72efbcf089e68be:record_160,Number,All patients,count,all patients,true,[],Hospital collected data / 2024/25
file_9772e4124db9000923df7ee0723b6c5954285930dee8a3dad72efbcf089e68be:record_161,Number,All patients,count,all patients,true,[],Hospital collected data / 2024/25
file_9772e4124db9000923df7ee0723b6c5954285930dee8a3dad72efbcf089e68be:record_162,Number,Staff,count,staff,true,[],Hospital collected data / 2024/25
file_9772e4124db9000923df7ee0723b6c5954285930dee8a3dad72efbcf089e68be:record_163,Number,Staff,count,staff,true,[],Hospital collected data / 2024/25
file_9772e4124db9000923df7ee0723b6c5954285930dee8a3dad72efbcf089e68be:record_164,Number,Staff,count,staff,true,[],Hospital collected data / 2024/25
file_9772e4124db9000923df7ee0723b6c5954285930dee8a3dad72efbcf089e68be:record_165,Number,Staff,count,staff,true,[],Hospital collected data / 2024/25
file_9772e4124db9000923df7ee0723b6c5954285930dee8a3dad72efbcf089e68be:record_166,Number,Staff,count,staff,true,[],Hospital collected data / 2024/25
file_9772e4124db9000923df7ee0723b6c5954285930dee8a3dad72efbcf089e68be:record_167,Number,Staff,count,staff,true,[],Hospital collected data / 2024/25
file_9772e4124db9000923df7ee0723b6c5954285930dee8a3dad72efbcf089e68be:record_168,Hours,ED patients,hours,ed patients,true,[],CIHI NACRS / Other
file_9772e4124db9000923df7ee0723b6c5954285930dee8a3dad72efbcf089e68be:record_169,Hours,ED patients,hours,ed patients,true,[],CIHI NACRS / Other
file_9772e4124db9000923df7ee0723b6c5954285930dee8a3dad72efbcf089e68be:record_170,%,Survey respondents,percent,survey respondents,true,[],Local data collection / Other
file_9772e4124db9000923df7ee0723b6c5954285930dee8a3dad72efbcf089e68be:record_171,%,Survey respondents,percent,survey respondents,true,[],Local data collection / Other
file_9772e4124db9000923df7ee0723b6c5954285930dee8a3dad72efbcf089e68be:record_172,Hours,ED patients,hours,ed patients,true,[],CIHI NACRS / Other
file_9772e4124db9000923df7ee0723b6c5954285930dee8a3dad72efbcf089e68be:record_173,Ratio (No unit),ALC patients,ratio,alc patients,true,[],WTIS / Quarter
file_9772e4124db9000923df7ee0723b6c5954285930dee8a3dad72efbcf089e68be:record_174,Ratio (No unit),ALC patients,ratio,alc patients,true,[],WTIS / Quarter
file_9772e4124db9000923df7ee0723b6c5954285930dee8a3dad72efbcf089e68be:record_175,%,Staff,percent,staff,false,"[""incompatible_indicator_unit""]",Local data collection / Other
file_9772e4124db9000923df7ee0723b6c5954285930dee8a3dad72efbcf089e68be:record_176,%,Staff,percent,staff,false,"[""incompatible_indicator_unit""]",Local data collection / Other
file_9772e4124db9000923df7ee0723b6c5954285930dee8a3dad72efbcf089e68be:record_177,%,Staff,percent,staff,true,[],Local data collection / Other
file_9772e4124db9000923df7ee0723b6c5954285930dee8a3dad72efbcf089e68be:record_178,%,Discharged patients ,percent,discharged patients,true,[],In house data collection  / local data / most recent consecutive 12-month period
file_9772e4124db9000923df7ee0723b6c5954285930dee8a3dad72efbcf089e68be:record_179,%,Staff,percent,staff,true,[],In house data collection  / Local Data / 12-month consecutive data
file_9772e4124db9000923df7ee0723b6c5954285930dee8a3dad72efbcf089e68be:record_180,Hours,ED patients,hours,ed patients,true,[],CIHI NACRS / Other
file_9772e4124db9000923df7ee0723b6c5954285930dee8a3dad72efbcf089e68be:record_181,Hours,ED patients,hours,ed patients,true,[],CIHI NACRS / Other
file_9772e4124db9000923df7ee0723b6c5954285930dee8a3dad72efbcf089e68be:record_182,Hours,ED patients,hours,ed patients,true,[],CIHI NACRS / Other
file_9772e4124db9000923df7ee0723b6c5954285930dee8a3dad72efbcf089e68be:record_183,%,Staff,percent,staff,true,[],In house data collection  / Local data collection / Most recent consecutive 12-month period
file_9772e4124db9000923df7ee0723b6c5954285930dee8a3dad72efbcf089e68be:record_184,%,All inpatients,percent,all inpatients,true,[],In house data collection  / Local data collection / Most recent consecutive 12-month period
file_9772e4124db9000923df7ee0723b6c5954285930dee8a3dad72efbcf089e68be:record_185,%,All inpatients,percent,all inpatients,true,[],In house data collection  / Local data collection / Most recent consecutive 12-month period
file_9772e4124db9000923df7ee0723b6c5954285930dee8a3dad72efbcf089e68be:record_186,%,All inpatients,percent,all inpatients,true,[],In house data collection  / Local data collection / Most recent consecutive 12-month period
file_9772e4124db9000923df7ee0723b6c5954285930dee8a3dad72efbcf089e68be:record_187,%,Staff,percent,staff,true,[],In house data collection  / Local data collection / Most recent consecutive 12-month period
file_9772e4124db9000923df7ee0723b6c5954285930dee8a3dad72efbcf089e68be:record_188,%,Staff,percent,staff,true,[],In house data collection  / Local data collection / Most recent consecutive 12-month period
file_9772e4124db9000923df7ee0723b6c5954285930dee8a3dad72efbcf089e68be:record_189,%,Staff,percent,staff,true,[],In house data collection  / Local data collection / Most recent consecutive 12-month period
file_9772e4124db9000923df7ee0723b6c5954285930dee8a3dad72efbcf089e68be:record_190,%,Survey respondents,percent,survey respondents,true,[],Local data collection / Other
file_9772e4124db9000923df7ee0723b6c5954285930dee8a3dad72efbcf089e68be:record_191,%,Survey respondents,percent,survey respondents,true,[],Local data collection / Other
file_9772e4124db9000923df7ee0723b6c5954285930dee8a3dad72efbcf089e68be:record_192,%,Other,percent,unknown,false,"[""unknown_unit_or_population""]",Local data collection / April -October 2023
file_9772e4124db9000923df7ee0723b6c5954285930dee8a3dad72efbcf089e68be:record_193,%,Other,percent,unknown,false,"[""unknown_unit_or_population""]",Local data collection / April -October 2023
file_9772e4124db9000923df7ee0723b6c5954285930dee8a3dad72efbcf089e68be:record_194,%,Other,percent,unknown,false,"[""unknown_unit_or_population""]",Other / Not previously reported
file_9772e4124db9000923df7ee0723b6c5954285930dee8a3dad72efbcf089e68be:record_195,%,Other,percent,unknown,false,"[""unknown_unit_or_population""]",Other / Not previously reported
file_9772e4124db9000923df7ee0723b6c5954285930dee8a3dad72efbcf089e68be:record_196,Count,Staff,count,staff,true,[],Local data collection / Jul 2022-Jun 2023
file_9772e4124db9000923df7ee0723b6c5954285930dee8a3dad72efbcf089e68be:record_197,Count,Staff,count,staff,true,[],Local data collection / Jul 2022-Jun 2023
file_9772e4124db9000923df7ee0723b6c5954285930dee8a3dad72efbcf089e68be:record_198,Count,Staff,count,staff,true,[],Local data collection / Jul 2022-Jun 2023
file_9772e4124db9000923df7ee0723b6c5954285930dee8a3dad72efbcf089e68be:record_199,%,Other,percent,unknown,false,"[""unknown_unit_or_population""]",Hospital collected data / Q3 23/24 = 65%
file_9772e4124db9000923df7ee0723b6c5954285930dee8a3dad72efbcf089e68be:record_200,%,Other,percent,unknown,false,"[""unknown_unit_or_population""]",Hospital collected data / Q3 23/24 = 65%
file_9772e4124db9000923df7ee0723b6c5954285930dee8a3dad72efbcf089e68be:record_201,%,Other,percent,unknown,false,"[""unknown_unit_or_population""]",Hospital collected data / Q3 23/24 = 65%
file_9772e4124db9000923df7ee0723b6c5954285930dee8a3dad72efbcf089e68be:record_202,Number,All patients,count,all patients,true,[],"Hospital collected data / 822 represents the 12 months ended Sep 30,23"
file_9772e4124db9000923df7ee0723b6c5954285930dee8a3dad72efbcf089e68be:record_203,Number,All patients,count,all patients,true,[],"Hospital collected data / 822 represents the 12 months ended Sep 30,23"
file_9772e4124db9000923df7ee0723b6c5954285930dee8a3dad72efbcf089e68be:record_204,Number,All patients,count,all patients,true,[],"Hospital collected data / 822 represents the 12 months ended Sep 30,23"
file_9772e4124db9000923df7ee0723b6c5954285930dee8a3dad72efbcf089e68be:record_205,Rate,Staff,unknown,staff,false,"[""unknown_unit_or_population""]",Hospital collected data / 3.9 represents Q3 YTD 23-24
file_9772e4124db9000923df7ee0723b6c5954285930dee8a3dad72efbcf089e68be:record_206,Rate,Staff,unknown,staff,false,"[""unknown_unit_or_population""]",Hospital collected data / 3.9 represents Q3 YTD 23-24
file_9772e4124db9000923df7ee0723b6c5954285930dee8a3dad72efbcf089e68be:record_207,Rate,Staff,unknown,staff,false,"[""unknown_unit_or_population""]",Hospital collected data / 3.9 represents Q3 YTD 23-24
file_9772e4124db9000923df7ee0723b6c5954285930dee8a3dad72efbcf089e68be:record_208,Rate,Staff,unknown,staff,false,"[""unknown_unit_or_population""]",Hospital collected data / 59.2 represents Q3 YTD 23-24
file_9772e4124db9000923df7ee0723b6c5954285930dee8a3dad72efbcf089e68be:record_209,Rate,Staff,unknown,staff,false,"[""unknown_unit_or_population""]",Hospital collected data / 59.2 represents Q3 YTD 23-24
file_9772e4124db9000923df7ee0723b6c5954285930dee8a3dad72efbcf089e68be:record_210,Rate,Staff,unknown,staff,false,"[""unknown_unit_or_population""]",Hospital collected data / 59.2 represents Q3 YTD 23-24
file_9772e4124db9000923df7ee0723b6c5954285930dee8a3dad72efbcf089e68be:record_211,Ratio (No unit),ALC patients,ratio,alc patients,true,[],WTIS / Quarter
file_9772e4124db9000923df7ee0723b6c5954285930dee8a3dad72efbcf089e68be:record_212,Ratio (No unit),ALC patients,ratio,alc patients,true,[],WTIS / Quarter
file_9772e4124db9000923df7ee0723b6c5954285930dee8a3dad72efbcf089e68be:record_213,Ratio (No unit),ALC patients,ratio,alc patients,true,[],WTIS / Quarter
file_9772e4124db9000923df7ee0723b6c5954285930dee8a3dad72efbcf089e68be:record_214,%,All inpatients,percent,all inpatients,true,[],Hospital collected data / Annual Survey
file_9772e4124db9000923df7ee0723b6c5954285930dee8a3dad72efbcf089e68be:record_215,%,All inpatients,percent,all inpatients,true,[],Hospital collected data / Annual Survey
file_9772e4124db9000923df7ee0723b6c5954285930dee8a3dad72efbcf089e68be:record_216,%,All inpatients,percent,all inpatients,true,[],Hospital collected data / Annual Survey
file_9772e4124db9000923df7ee0723b6c5954285930dee8a3dad72efbcf089e68be:record_217,%,All inpatients,percent,all inpatients,true,[],Hospital collected data / Annual Survey
file_9772e4124db9000923df7ee0723b6c5954285930dee8a3dad72efbcf089e68be:record_218,Hours,ED patients,hours,ed patients,true,[],CIHI NACRS / Other
file_9772e4124db9000923df7ee0723b6c5954285930dee8a3dad72efbcf089e68be:record_219,%,Discharged patients ,percent,discharged patients,true,[],Local data collection / Other
file_9772e4124db9000923df7ee0723b6c5954285930dee8a3dad72efbcf089e68be:record_220,Hours,ED patients,hours,ed patients,true,[],CIHI NACRS / Other
file_9772e4124db9000923df7ee0723b6c5954285930dee8a3dad72efbcf089e68be:record_221,Ratio (No unit),ALC patients,ratio,alc patients,true,[],WTIS / Quarter
file_9772e4124db9000923df7ee0723b6c5954285930dee8a3dad72efbcf089e68be:record_222,%,ED patients,percent,ed patients,true,[],CIHI NACRS / Fiscal Year
file_9772e4124db9000923df7ee0723b6c5954285930dee8a3dad72efbcf089e68be:record_223,%,Staff,percent,staff,false,"[""incompatible_indicator_unit""]",Local data collection / Other
file_9772e4124db9000923df7ee0723b6c5954285930dee8a3dad72efbcf089e68be:record_224,%,Staff,percent,staff,true,[],Local data collection / Other
file_9772e4124db9000923df7ee0723b6c5954285930dee8a3dad72efbcf089e68be:record_225,%,Staff,percent,staff,true,[],Local data collection / Most recent consecutive 12-month period
file_9772e4124db9000923df7ee0723b6c5954285930dee8a3dad72efbcf089e68be:record_226,%,Survey respondents,percent,survey respondents,true,[],Local data collection / Most recent consecutive 12-month period
file_9772e4124db9000923df7ee0723b6c5954285930dee8a3dad72efbcf089e68be:record_227,Count,Staff,count,staff,true,[],Local data collection / Most recent consecutive 12-month period
file_9772e4124db9000923df7ee0723b6c5954285930dee8a3dad72efbcf089e68be:record_228,Hours,ED patients,hours,ed patients,true,[],CIHI NACRS / Other
file_9772e4124db9000923df7ee0723b6c5954285930dee8a3dad72efbcf089e68be:record_229,Hours,ED patients,hours,ed patients,true,[],CIHI NACRS / Other
file_9772e4124db9000923df7ee0723b6c5954285930dee8a3dad72efbcf089e68be:record_230,%,Survey respondents,percent,survey respondents,true,[],Other / April 1 2024 to March 31 2025
file_9772e4124db9000923df7ee0723b6c5954285930dee8a3dad72efbcf089e68be:record_231,%,Survey respondents,percent,survey respondents,true,[],Other / April 1 2024 to March 31 2025
file_9772e4124db9000923df7ee0723b6c5954285930dee8a3dad72efbcf089e68be:record_232,%,Survey respondents,percent,survey respondents,true,[],Other / April 1 2024 to March 31 2025
file_9772e4124db9000923df7ee0723b6c5954285930dee8a3dad72efbcf089e68be:record_233,Number,Staff,count,staff,true,[],Hospital collected data / April 1 2024 to March 31 2025
file_9772e4124db9000923df7ee0723b6c5954285930dee8a3dad72efbcf089e68be:record_234,Number,Staff,count,staff,true,[],Hospital collected data / April 1 2024 to March 31 2025
file_9772e4124db9000923df7ee0723b6c5954285930dee8a3dad72efbcf089e68be:record_235,Number,People,count,people,true,[],HSSO CHRIS / April 1 2024 to March 31 2025
file_9772e4124db9000923df7ee0723b6c5954285930dee8a3dad72efbcf089e68be:record_236,Number,People,count,people,true,[],HSSO CHRIS / April 1 2024 to March 31 2025
file_9772e4124db9000923df7ee0723b6c5954285930dee8a3dad72efbcf089e68be:record_237,%,Staff,percent,staff,true,[],Hospital collected data / April 1 2024 to March 31 2025
file_9772e4124db9000923df7ee0723b6c5954285930dee8a3dad72efbcf089e68be:record_238,%,Staff,percent,staff,true,[],Hospital collected data / April 1 2024 to March 31 2025
file_9772e4124db9000923df7ee0723b6c5954285930dee8a3dad72efbcf089e68be:record_239,%,Survey respondents,percent,survey respondents,true,[],Local data collection / Other
file_9772e4124db9000923df7ee0723b6c5954285930dee8a3dad72efbcf089e68be:record_240,Ratio (No unit),ALC patients,ratio,alc patients,true,[],WTIS / Quarter
file_9772e4124db9000923df7ee0723b6c5954285930dee8a3dad72efbcf089e68be:record_241,Ratio (No unit),ALC patients,ratio,alc patients,true,[],WTIS / Quarter
file_9772e4124db9000923df7ee0723b6c5954285930dee8a3dad72efbcf089e68be:record_242,Ratio (No unit),ALC patients,ratio,alc patients,true,[],WTIS / Quarter
file_9772e4124db9000923df7ee0723b6c5954285930dee8a3dad72efbcf089e68be:record_243,Other,Other,unknown,unknown,false,"[""unknown_unit_or_population""]","Local data collection / April 1, 2022 - March 31, 2023"
file_9772e4124db9000923df7ee0723b6c5954285930dee8a3dad72efbcf089e68be:record_244,Other,Other,unknown,unknown,false,"[""unknown_unit_or_population""]","Local data collection / April 1, 2022 - March 31, 2023"
file_9772e4124db9000923df7ee0723b6c5954285930dee8a3dad72efbcf089e68be:record_245,Other,Other,unknown,unknown,false,"[""unknown_unit_or_population""]","Local data collection / April 1, 2022 - March 31, 2023"
file_9772e4124db9000923df7ee0723b6c5954285930dee8a3dad72efbcf089e68be:record_246,Other,Other,unknown,unknown,false,"[""unknown_unit_or_population""]","Local data collection / April 1, 2023 - Oct 31, 2023"
file_9772e4124db9000923df7ee0723b6c5954285930dee8a3dad72efbcf089e68be:record_247,Other,Other,unknown,unknown,false,"[""unknown_unit_or_population""]","Local data collection / April 1, 2023 - Oct 31, 2023"
file_9772e4124db9000923df7ee0723b6c5954285930dee8a3dad72efbcf089e68be:record_248,Other,Other,unknown,unknown,false,"[""unknown_unit_or_population""]",Local data collection / Q2 July - Sept 2024
file_9772e4124db9000923df7ee0723b6c5954285930dee8a3dad72efbcf089e68be:record_249,Other,Other,unknown,unknown,false,"[""unknown_unit_or_population""]",Local data collection / Q2 July - Sept 2024
file_9772e4124db9000923df7ee0723b6c5954285930dee8a3dad72efbcf089e68be:record_250,Other,Other,unknown,unknown,false,"[""unknown_unit_or_population""]",Local data collection / Q2 July - Sept 2024
file_9772e4124db9000923df7ee0723b6c5954285930dee8a3dad72efbcf089e68be:record_251,%,Staff,percent,staff,true,[],Local data collection / Other
file_9772e4124db9000923df7ee0723b6c5954285930dee8a3dad72efbcf089e68be:record_252,Other,Other,unknown,unknown,false,"[""unknown_unit_or_population""]","Local data collection / Q1 April-June 2024, rolling 4 quarter average"
file_9772e4124db9000923df7ee0723b6c5954285930dee8a3dad72efbcf089e68be:record_253,Other,Other,unknown,unknown,false,"[""unknown_unit_or_population""]","Local data collection / Q1 April-June 2024, rolling 4 quarter average"
file_9772e4124db9000923df7ee0723b6c5954285930dee8a3dad72efbcf089e68be:record_254,Other,Other,unknown,unknown,false,"[""unknown_unit_or_population""]",Local data collection / Most Recent Quarter
file_9772e4124db9000923df7ee0723b6c5954285930dee8a3dad72efbcf089e68be:record_255,Other,Other,unknown,unknown,false,"[""unknown_unit_or_population""]",Local data collection / Most Recent Quarter
file_9772e4124db9000923df7ee0723b6c5954285930dee8a3dad72efbcf089e68be:record_256,Other,Other,unknown,unknown,false,"[""unknown_unit_or_population""]",Local data collection / Most recent consecutive 12-month period reviewed quarterly
file_9772e4124db9000923df7ee0723b6c5954285930dee8a3dad72efbcf089e68be:record_257,Other,Staff,unknown,staff,false,"[""unknown_unit_or_population""]",Local data collection / most recent 12 month consecutive period
file_9772e4124db9000923df7ee0723b6c5954285930dee8a3dad72efbcf089e68be:record_258,%,Survey respondents,percent,survey respondents,true,[],Local data collection / Other
file_9772e4124db9000923df7ee0723b6c5954285930dee8a3dad72efbcf089e68be:record_259,%,Survey respondents,percent,survey respondents,true,[],Local data collection / Other
file_9772e4124db9000923df7ee0723b6c5954285930dee8a3dad72efbcf089e68be:record_260,%,Survey respondents,percent,survey respondents,true,[],Local data collection / Other
file_9772e4124db9000923df7ee0723b6c5954285930dee8a3dad72efbcf089e68be:record_261,%,Discharged patients ,percent,discharged patients,true,[],Local data collection / Other
file_9772e4124db9000923df7ee0723b6c5954285930dee8a3dad72efbcf089e68be:record_262,%,Survey respondents,percent,survey respondents,true,[],Local data collection / Other
file_9772e4124db9000923df7ee0723b6c5954285930dee8a3dad72efbcf089e68be:record_263,Hours,ED patients,hours,ed patients,true,[],CIHI NACRS / Other
file_9772e4124db9000923df7ee0723b6c5954285930dee8a3dad72efbcf089e68be:record_264,%,Staff,percent,staff,false,"[""incompatible_indicator_unit""]",Local data collection / Other
file_9772e4124db9000923df7ee0723b6c5954285930dee8a3dad72efbcf089e68be:record_265,%,Staff,percent,staff,true,[],Local data collection / Other
file_9772e4124db9000923df7ee0723b6c5954285930dee8a3dad72efbcf089e68be:record_266,%,Discharged patients ,percent,discharged patients,true,[],EMR/Chart Review / Q2-3
file_9772e4124db9000923df7ee0723b6c5954285930dee8a3dad72efbcf089e68be:record_267,%,Other,percent,unknown,false,"[""unknown_unit_or_population""]",Hospital collected data / Monthly
file_9772e4124db9000923df7ee0723b6c5954285930dee8a3dad72efbcf089e68be:record_268,%,Other,percent,unknown,false,"[""unknown_unit_or_population""]",Hospital collected data / Monthly
file_9772e4124db9000923df7ee0723b6c5954285930dee8a3dad72efbcf089e68be:record_269,%,Other,percent,unknown,false,"[""unknown_unit_or_population""]",Hospital collected data / Monthly
file_9772e4124db9000923df7ee0723b6c5954285930dee8a3dad72efbcf089e68be:record_270,%,Other,percent,unknown,false,"[""unknown_unit_or_population""]",Hospital collected data / Monthly
file_9772e4124db9000923df7ee0723b6c5954285930dee8a3dad72efbcf089e68be:record_271,%,All patients,percent,all patients,true,[],Hospital collected data / Monthly
file_9772e4124db9000923df7ee0723b6c5954285930dee8a3dad72efbcf089e68be:record_272,%,All patients,percent,all patients,true,[],Hospital collected data / Monthly
file_9772e4124db9000923df7ee0723b6c5954285930dee8a3dad72efbcf089e68be:record_273,"Rate per 1,000 patient days",All inpatients,rate_per_1000_patient_days,all inpatients,true,[],"Publicly Reported, MOH / Monthly"
file_9772e4124db9000923df7ee0723b6c5954285930dee8a3dad72efbcf089e68be:record_274,Hours,Patients with complex conditions,hours,patients with complex conditions,true,[],CIHI NACRS / Monthly
file_9772e4124db9000923df7ee0723b6c5954285930dee8a3dad72efbcf089e68be:record_275,Hours,Patients with complex conditions,hours,patients with complex conditions,true,[],CIHI NACRS / Monthly
file_9772e4124db9000923df7ee0723b6c5954285930dee8a3dad72efbcf089e68be:record_276,Minutes,Other,minutes,unknown,false,"[""unknown_unit_or_population""]",CIHI NACRS / Monthly
file_9772e4124db9000923df7ee0723b6c5954285930dee8a3dad72efbcf089e68be:record_277,Minutes,Other,minutes,unknown,false,"[""unknown_unit_or_population""]",CIHI NACRS / Monthly
file_9772e4124db9000923df7ee0723b6c5954285930dee8a3dad72efbcf089e68be:record_278,Minutes,Other,minutes,unknown,false,"[""unknown_unit_or_population""]",CIHI NACRS / Monthly
file_9772e4124db9000923df7ee0723b6c5954285930dee8a3dad72efbcf089e68be:record_279,Days,Other,days,unknown,false,"[""unknown_unit_or_population""]",Hospital collected data / Monthly
file_9772e4124db9000923df7ee0723b6c5954285930dee8a3dad72efbcf089e68be:record_280,%,Discharged patients ,percent,discharged patients,true,[],Local data collection / Other
file_9772e4124db9000923df7ee0723b6c5954285930dee8a3dad72efbcf089e68be:record_281,%,Survey respondents,percent,survey respondents,true,[],Local data collection / Other
file_9772e4124db9000923df7ee0723b6c5954285930dee8a3dad72efbcf089e68be:record_282,%,Survey respondents,percent,survey respondents,true,[],Local data collection / Other
file_9772e4124db9000923df7ee0723b6c5954285930dee8a3dad72efbcf089e68be:record_283,%,Survey respondents,percent,survey respondents,true,[],Local data collection / Other
file_9772e4124db9000923df7ee0723b6c5954285930dee8a3dad72efbcf089e68be:record_284,%,Mental health patients,percent,mental health patients,true,[],"CIHI DAD,CIHI OHMRS,MOHTLC RPDB / 2024-2025"
file_9772e4124db9000923df7ee0723b6c5954285930dee8a3dad72efbcf089e68be:record_285,%,Mental health patients,percent,mental health patients,true,[],"CIHI DAD,CIHI OHMRS,MOHTLC RPDB / 2024-2025"
file_9772e4124db9000923df7ee0723b6c5954285930dee8a3dad72efbcf089e68be:record_286,%,Mental health patients,percent,mental health patients,true,[],"CIHI DAD,CIHI OHMRS,MOHTLC RPDB / 2024-2025"
file_9772e4124db9000923df7ee0723b6c5954285930dee8a3dad72efbcf089e68be:record_287,Number,Worker,count,worker,true,[],Local data collection / 2024-2025
file_9772e4124db9000923df7ee0723b6c5954285930dee8a3dad72efbcf089e68be:record_288,Number,Worker,count,worker,true,[],Local data collection / 2024-2025
file_9772e4124db9000923df7ee0723b6c5954285930dee8a3dad72efbcf089e68be:record_289,Number,Worker,count,worker,true,[],Local data collection / 2024-2025
file_9772e4124db9000923df7ee0723b6c5954285930dee8a3dad72efbcf089e68be:record_290,%,N/a,percent,unknown,false,"[""unknown_unit_or_population""]",Hospital collected data / 2024-2025
file_9772e4124db9000923df7ee0723b6c5954285930dee8a3dad72efbcf089e68be:record_291,%,N/a,percent,unknown,false,"[""unknown_unit_or_population""]",Hospital collected data / 2024-2025
file_9772e4124db9000923df7ee0723b6c5954285930dee8a3dad72efbcf089e68be:record_292,%,N/a,percent,unknown,false,"[""unknown_unit_or_population""]",Hospital collected data / 2024-2025
file_9772e4124db9000923df7ee0723b6c5954285930dee8a3dad72efbcf089e68be:record_293,%,ED patients,percent,ed patients,true,[],CIHI NACRS / 2024-2025
file_9772e4124db9000923df7ee0723b6c5954285930dee8a3dad72efbcf089e68be:record_294,%,ED patients,percent,ed patients,true,[],CIHI NACRS / 2024-2025
file_9772e4124db9000923df7ee0723b6c5954285930dee8a3dad72efbcf089e68be:record_295,%,ED patients,percent,ed patients,true,[],CIHI NACRS / 2024-2025
file_9772e4124db9000923df7ee0723b6c5954285930dee8a3dad72efbcf089e68be:record_296,%,ED patients,percent,ed patients,true,[],CIHI NACRS / 2024-2025
file_9772e4124db9000923df7ee0723b6c5954285930dee8a3dad72efbcf089e68be:record_297,%,ED patients,percent,ed patients,true,[],CIHI NACRS / 2024-2025
file_9772e4124db9000923df7ee0723b6c5954285930dee8a3dad72efbcf089e68be:record_298,%,N/a,percent,unknown,false,"[""unknown_unit_or_population""]",Hospital collected data / 2024-2025
file_9772e4124db9000923df7ee0723b6c5954285930dee8a3dad72efbcf089e68be:record_299,%,N/a,percent,unknown,false,"[""unknown_unit_or_population""]",Hospital collected data / 2024-2025
file_9772e4124db9000923df7ee0723b6c5954285930dee8a3dad72efbcf089e68be:record_300,%,N/a,percent,unknown,false,"[""unknown_unit_or_population""]",Hospital collected data / 2024-2025
file_9772e4124db9000923df7ee0723b6c5954285930dee8a3dad72efbcf089e68be:record_301,Minutes,ED patients,minutes,ed patients,true,[],CIHI NACRS / 2024-2025
file_9772e4124db9000923df7ee0723b6c5954285930dee8a3dad72efbcf089e68be:record_302,Minutes,ED patients,minutes,ed patients,true,[],CIHI NACRS / 2024-2025
file_9772e4124db9000923df7ee0723b6c5954285930dee8a3dad72efbcf089e68be:record_303,Minutes,ED patients,minutes,ed patients,true,[],CIHI NACRS / 2024-2025
file_9772e4124db9000923df7ee0723b6c5954285930dee8a3dad72efbcf089e68be:record_304,Minutes,ED patients,minutes,ed patients,true,[],CIHI NACRS / 2024-2025
file_9772e4124db9000923df7ee0723b6c5954285930dee8a3dad72efbcf089e68be:record_305,Hours,ED patients,hours,ed patients,true,[],CIHI NACRS / 2024-2025
file_9772e4124db9000923df7ee0723b6c5954285930dee8a3dad72efbcf089e68be:record_306,%,All inpatients,percent,all inpatients,true,[],Local data collection / 2024-2025
file_9772e4124db9000923df7ee0723b6c5954285930dee8a3dad72efbcf089e68be:record_307,%,All inpatients,percent,all inpatients,true,[],Local data collection / 2024-2025
file_9772e4124db9000923df7ee0723b6c5954285930dee8a3dad72efbcf089e68be:record_308,%,Survey respondents,percent,survey respondents,true,[],Local data collection / Other
file_9772e4124db9000923df7ee0723b6c5954285930dee8a3dad72efbcf089e68be:record_309,%,Staff,percent,staff,true,[],Local data collection / Other
file_9772e4124db9000923df7ee0723b6c5954285930dee8a3dad72efbcf089e68be:record_310,Rate per 100,Other,rate_per_100,unknown,false,"[""unknown_unit_or_population""]","CIHI CCRS, CIHI NACRS / January 1, 2024 - December 31, 2024"
file_9772e4124db9000923df7ee0723b6c5954285930dee8a3dad72efbcf089e68be:record_311,%,All patients,percent,all patients,true,[],"In-house survey / January 1, 2024 - December 31, 2024"
file_9772e4124db9000923df7ee0723b6c5954285930dee8a3dad72efbcf089e68be:record_312,%,Staff,percent,staff,true,[],"Hospital collected data / January 1, 2024 - December 31, 2024"
file_9772e4124db9000923df7ee0723b6c5954285930dee8a3dad72efbcf089e68be:record_313,%,Survey respondents,percent,survey respondents,true,[],Local data collection / Other
file_9772e4124db9000923df7ee0723b6c5954285930dee8a3dad72efbcf089e68be:record_314,%,Survey respondents,percent,survey respondents,true,[],Local data collection / Other
file_9772e4124db9000923df7ee0723b6c5954285930dee8a3dad72efbcf089e68be:record_315,Hours,ED patients,hours,ed patients,true,[],CIHI NACRS / Other
file_9772e4124db9000923df7ee0723b6c5954285930dee8a3dad72efbcf089e68be:record_316,%,Survey respondents,percent,survey respondents,true,[],Local data collection / Other
file_9772e4124db9000923df7ee0723b6c5954285930dee8a3dad72efbcf089e68be:record_317,%,Staff,percent,staff,false,"[""incompatible_indicator_unit""]",Local data collection / Other
file_9772e4124db9000923df7ee0723b6c5954285930dee8a3dad72efbcf089e68be:record_318,%,Staff,percent,staff,false,"[""incompatible_indicator_unit""]",Local data collection / Other
file_9772e4124db9000923df7ee0723b6c5954285930dee8a3dad72efbcf089e68be:record_319,%,Staff,percent,staff,false,"[""incompatible_indicator_unit""]",Local data collection / Other
file_9772e4124db9000923df7ee0723b6c5954285930dee8a3dad72efbcf089e68be:record_320,Other,ED patients,unknown,ed patients,false,"[""unknown_unit_or_population""]",In house data collection  / Q4
file_9772e4124db9000923df7ee0723b6c5954285930dee8a3dad72efbcf089e68be:record_321,Number,Other,count,unknown,false,"[""unknown_unit_or_population""]",In house data collection  / End of Q4
file_9772e4124db9000923df7ee0723b6c5954285930dee8a3dad72efbcf089e68be:record_322,%,Worker,percent,worker,true,[],Staff survey / Q4
file_9772e4124db9000923df7ee0723b6c5954285930dee8a3dad72efbcf089e68be:record_323,%,Worker,percent,worker,true,[],Hospital collected data / Q4
file_9772e4124db9000923df7ee0723b6c5954285930dee8a3dad72efbcf089e68be:record_324,Rate,Other,unknown,unknown,false,"[""unknown_unit_or_population""]",In house data collection  / Q4
file_9772e4124db9000923df7ee0723b6c5954285930dee8a3dad72efbcf089e68be:record_325,Number,Other,count,unknown,false,"[""unknown_unit_or_population""]",In-home audit / End of Q3
file_9772e4124db9000923df7ee0723b6c5954285930dee8a3dad72efbcf089e68be:record_326,%,Staff,percent,staff,true,[],Local data collection / Other
file_9772e4124db9000923df7ee0723b6c5954285930dee8a3dad72efbcf089e68be:record_327,Count,Patients,count,patients,true,[],Hospital collected data / April-March
file_9772e4124db9000923df7ee0723b6c5954285930dee8a3dad72efbcf089e68be:record_328,Other,ED patients,unknown,ed patients,false,"[""unknown_unit_or_population""]",Hospital collected data / April - March
file_9772e4124db9000923df7ee0723b6c5954285930dee8a3dad72efbcf089e68be:record_329,%,Staff,percent,staff,true,[],Hospital collected data / April - March
file_9772e4124db9000923df7ee0723b6c5954285930dee8a3dad72efbcf089e68be:record_330,%,Staff,percent,staff,true,[],Hospital collected data / April - March
file_9772e4124db9000923df7ee0723b6c5954285930dee8a3dad72efbcf089e68be:record_331,%,Staff,percent,staff,true,[],Hospital collected data / April - March
file_9772e4124db9000923df7ee0723b6c5954285930dee8a3dad72efbcf089e68be:record_332,Other,People,unknown,people,false,"[""unknown_unit_or_population""]",In house data collection  / April - March
file_9772e4124db9000923df7ee0723b6c5954285930dee8a3dad72efbcf089e68be:record_333,%,Staff,percent,staff,true,[],In house data collection  / April - March
file_9772e4124db9000923df7ee0723b6c5954285930dee8a3dad72efbcf089e68be:record_334,%,Staff,percent,staff,true,[],In house data collection  / April - March
file_9772e4124db9000923df7ee0723b6c5954285930dee8a3dad72efbcf089e68be:record_335,%,N/a,percent,unknown,false,"[""unknown_unit_or_population""]",In-home audit / April - March
file_9772e4124db9000923df7ee0723b6c5954285930dee8a3dad72efbcf089e68be:record_336,Count,Staff,count,staff,true,[],Local data collection / April - March
file_9772e4124db9000923df7ee0723b6c5954285930dee8a3dad72efbcf089e68be:record_337,Count,LTC home residents,count,ltc home residents,true,[],Local data collection / April - March
file_9772e4124db9000923df7ee0723b6c5954285930dee8a3dad72efbcf089e68be:record_338,%,LTC home residents,percent,ltc home residents,true,[],CIHI portal / April - March
file_9772e4124db9000923df7ee0723b6c5954285930dee8a3dad72efbcf089e68be:record_339,Hours,ED patients,hours,ed patients,true,[],CIHI NACRS / Other
file_9772e4124db9000923df7ee0723b6c5954285930dee8a3dad72efbcf089e68be:record_340,%,Discharged patients ,percent,discharged patients,true,[],Local data collection / Other
file_9772e4124db9000923df7ee0723b6c5954285930dee8a3dad72efbcf089e68be:record_341,%,Discharged patients ,percent,discharged patients,true,[],Local data collection / Other
file_9772e4124db9000923df7ee0723b6c5954285930dee8a3dad72efbcf089e68be:record_342,%,Survey respondents,percent,survey respondents,true,[],Local data collection / Other
file_9772e4124db9000923df7ee0723b6c5954285930dee8a3dad72efbcf089e68be:record_343,%,Survey respondents,percent,survey respondents,true,[],Local data collection / Other
file_9772e4124db9000923df7ee0723b6c5954285930dee8a3dad72efbcf089e68be:record_344,Hours,ED patients,hours,ed patients,true,[],CIHI NACRS / Other
file_9772e4124db9000923df7ee0723b6c5954285930dee8a3dad72efbcf089e68be:record_345,Ratio (No unit),ALC patients,ratio,alc patients,true,[],WTIS / Quarter
file_9772e4124db9000923df7ee0723b6c5954285930dee8a3dad72efbcf089e68be:record_346,%,ED patients,percent,ed patients,true,[],CIHI NACRS / Fiscal Year
file_9772e4124db9000923df7ee0723b6c5954285930dee8a3dad72efbcf089e68be:record_347,%,All inpatients,percent,all inpatients,true,[],In-house survey / 2023 - 2024
file_9772e4124db9000923df7ee0723b6c5954285930dee8a3dad72efbcf089e68be:record_348,%,All inpatients,percent,all inpatients,true,[],In-house survey / 2023 - 2024
file_9772e4124db9000923df7ee0723b6c5954285930dee8a3dad72efbcf089e68be:record_349,%,ED patients,percent,ed patients,true,[],Local data collection / 2023 2024
file_9772e4124db9000923df7ee0723b6c5954285930dee8a3dad72efbcf089e68be:record_350,%,ED patients,percent,ed patients,true,[],Local data collection / 2023 2024
file_9772e4124db9000923df7ee0723b6c5954285930dee8a3dad72efbcf089e68be:record_351,%,Staff,percent,staff,false,"[""incompatible_indicator_unit""]",Local data collection / Other
file_9772e4124db9000923df7ee0723b6c5954285930dee8a3dad72efbcf089e68be:record_352,%,Staff,percent,staff,true,[],Local data collection / Other
file_9772e4124db9000923df7ee0723b6c5954285930dee8a3dad72efbcf089e68be:record_353,%,Staff,percent,staff,true,[],Local data collection / Other
file_9772e4124db9000923df7ee0723b6c5954285930dee8a3dad72efbcf089e68be:record_354,Rate per 100 inpatient days,All inpatients,rate_per_100_inpatient_days,all inpatients,true,[],Local data collection / 2023 CY
file_9772e4124db9000923df7ee0723b6c5954285930dee8a3dad72efbcf089e68be:record_355,%,LTC home residents,percent,ltc home residents,true,[],Local data collection / 2023 CY
file_9772e4124db9000923df7ee0723b6c5954285930dee8a3dad72efbcf089e68be:record_356,%,LTC home residents,percent,ltc home residents,true,[],Local data collection / 2023 CY
file_9772e4124db9000923df7ee0723b6c5954285930dee8a3dad72efbcf089e68be:record_357,%,Staff,percent,staff,true,[],Local data collection / 2023 CY
file_9772e4124db9000923df7ee0723b6c5954285930dee8a3dad72efbcf089e68be:record_358,%,Staff,percent,staff,true,[],Local data collection / 2023 CY
file_9772e4124db9000923df7ee0723b6c5954285930dee8a3dad72efbcf089e68be:record_359,%,All inpatients,percent,all inpatients,true,[],In-house survey / 2023 CY
file_9772e4124db9000923df7ee0723b6c5954285930dee8a3dad72efbcf089e68be:record_360,90th percentile,Other,unknown,unknown,false,"[""unknown_unit_or_population""]",Local data collection / April to December 2023
file_9772e4124db9000923df7ee0723b6c5954285930dee8a3dad72efbcf089e68be:record_361,Number,All patients,count,all patients,true,[],Local data collection / April to December 2023
file_9772e4124db9000923df7ee0723b6c5954285930dee8a3dad72efbcf089e68be:record_362,%,Other,percent,unknown,false,"[""unknown_unit_or_population""]",In-house survey / April-Dec 2023
file_9772e4124db9000923df7ee0723b6c5954285930dee8a3dad72efbcf089e68be:record_363,%,Mental health patients,percent,mental health patients,true,[],In-house survey / 2023
file_9772e4124db9000923df7ee0723b6c5954285930dee8a3dad72efbcf089e68be:record_364,%,Other,percent,unknown,false,"[""unknown_unit_or_population""]",In-house survey / 2023
file_9772e4124db9000923df7ee0723b6c5954285930dee8a3dad72efbcf089e68be:record_365,%,Other,percent,unknown,false,"[""unknown_unit_or_population""]",In-house survey / 2023
file_9772e4124db9000923df7ee0723b6c5954285930dee8a3dad72efbcf089e68be:record_366,%,Rehab,percent,rehab,true,[],In-house survey / 2023
file_9772e4124db9000923df7ee0723b6c5954285930dee8a3dad72efbcf089e68be:record_367,%,Rehab,percent,rehab,true,[],In-house survey / 2023
file_9772e4124db9000923df7ee0723b6c5954285930dee8a3dad72efbcf089e68be:record_368,%,Staff,percent,staff,true,[],Local data collection / 2023
file_9772e4124db9000923df7ee0723b6c5954285930dee8a3dad72efbcf089e68be:record_369,%,Other,percent,unknown,false,"[""unknown_unit_or_population""]",In house data collection  / 2024
file_9772e4124db9000923df7ee0723b6c5954285930dee8a3dad72efbcf089e68be:record_370,Number,Staff,count,staff,true,[],In house data collection  / Jan-Dec 2023
file_9772e4124db9000923df7ee0723b6c5954285930dee8a3dad72efbcf089e68be:record_371,%,Other,percent,unknown,false,"[""unknown_unit_or_population""]",In-house survey / 2023
file_9772e4124db9000923df7ee0723b6c5954285930dee8a3dad72efbcf089e68be:record_372,%,Other,percent,unknown,false,"[""unknown_unit_or_population""]",In-house survey / 2023
file_9772e4124db9000923df7ee0723b6c5954285930dee8a3dad72efbcf089e68be:record_373,%,Other,percent,unknown,false,"[""unknown_unit_or_population""]",In-house survey / 2023
file_9772e4124db9000923df7ee0723b6c5954285930dee8a3dad72efbcf089e68be:record_374,%,Staff,percent,staff,true,[],Local data collection / Other
file_9772e4124db9000923df7ee0723b6c5954285930dee8a3dad72efbcf089e68be:record_375,Hours,ED patients,hours,ed patients,true,[],"CIHI NACRS / April 1, 2024-December 31, 2023"
file_9772e4124db9000923df7ee0723b6c5954285930dee8a3dad72efbcf089e68be:record_376,%,Other,percent,unknown,false,"[""unknown_unit_or_population""]",Local data collection / Most recent consecutive 12-month period
file_9772e4124db9000923df7ee0723b6c5954285930dee8a3dad72efbcf089e68be:record_377,%,Survey respondents,percent,survey respondents,true,[],Local data collection / Other
file_9772e4124db9000923df7ee0723b6c5954285930dee8a3dad72efbcf089e68be:record_378,Ratio (No unit),ALC patients,ratio,alc patients,true,[],WTIS / Quarter
file_9772e4124db9000923df7ee0723b6c5954285930dee8a3dad72efbcf089e68be:record_379,Ratio (No unit),ALC patients,ratio,alc patients,true,[],WTIS / Quarter
file_9772e4124db9000923df7ee0723b6c5954285930dee8a3dad72efbcf089e68be:record_380,%,All inpatients,percent,all inpatients,true,[],In house data collection  / 2024-2025
file_9772e4124db9000923df7ee0723b6c5954285930dee8a3dad72efbcf089e68be:record_381,%,Discharged patients ,percent,discharged patients,true,[],In house data collection  / 2024-2025
file_9772e4124db9000923df7ee0723b6c5954285930dee8a3dad72efbcf089e68be:record_382,%,Discharged patients ,percent,discharged patients,true,[],In house data collection  / 2024-2025
file_9772e4124db9000923df7ee0723b6c5954285930dee8a3dad72efbcf089e68be:record_383,%,All inpatients,percent,all inpatients,true,[],In house data collection  / 2024-2025
file_9772e4124db9000923df7ee0723b6c5954285930dee8a3dad72efbcf089e68be:record_384,%,All inpatients,percent,all inpatients,true,[],In house data collection  / 2024-2025
file_9772e4124db9000923df7ee0723b6c5954285930dee8a3dad72efbcf089e68be:record_385,%,All inpatients,percent,all inpatients,true,[],In house data collection  / 2024-2025
file_9772e4124db9000923df7ee0723b6c5954285930dee8a3dad72efbcf089e68be:record_386,%,All inpatients,percent,all inpatients,true,[],In house data collection  / 2024-2025
file_9772e4124db9000923df7ee0723b6c5954285930dee8a3dad72efbcf089e68be:record_387,%,All inpatients,percent,all inpatients,true,[],In house data collection  / 2024-2025
file_9772e4124db9000923df7ee0723b6c5954285930dee8a3dad72efbcf089e68be:record_388,%,Survey respondents,percent,survey respondents,true,[],Local data collection / Other
file_9772e4124db9000923df7ee0723b6c5954285930dee8a3dad72efbcf089e68be:record_389,%,Survey respondents,percent,survey respondents,true,[],Local data collection / Other
file_9772e4124db9000923df7ee0723b6c5954285930dee8a3dad72efbcf089e68be:record_390,Hours,ED patients,hours,ed patients,true,[],CIHI NACRS / Other
file_9772e4124db9000923df7ee0723b6c5954285930dee8a3dad72efbcf089e68be:record_391,Hours,ED patients,hours,ed patients,true,[],CIHI NACRS / Other
file_9772e4124db9000923df7ee0723b6c5954285930dee8a3dad72efbcf089e68be:record_392,%,ED patients,percent,ed patients,true,[],CIHI NACRS / Fiscal Year
file_9772e4124db9000923df7ee0723b6c5954285930dee8a3dad72efbcf089e68be:record_393,%,ED patients,percent,ed patients,true,[],CIHI NACRS / Fiscal Year
file_9772e4124db9000923df7ee0723b6c5954285930dee8a3dad72efbcf089e68be:record_394,%,Staff,percent,staff,false,"[""incompatible_indicator_unit""]",Local data collection / Other
file_9772e4124db9000923df7ee0723b6c5954285930dee8a3dad72efbcf089e68be:record_395,%,Staff,percent,staff,false,"[""incompatible_indicator_unit""]",Local data collection / Other
file_9772e4124db9000923df7ee0723b6c5954285930dee8a3dad72efbcf089e68be:record_396,%,Staff,percent,staff,true,[],Local data collection / Other
file_9772e4124db9000923df7ee0723b6c5954285930dee8a3dad72efbcf089e68be:record_397,%,Staff,percent,staff,true,[],Local data collection / Other
file_9772e4124db9000923df7ee0723b6c5954285930dee8a3dad72efbcf089e68be:record_398,Number,All patients,count,all patients,true,[],"Hospital collected data / 2023-24 Q1, Q2, Q3"
file_9772e4124db9000923df7ee0723b6c5954285930dee8a3dad72efbcf089e68be:record_399,Number,All patients,count,all patients,true,[],"Hospital collected data / 2023-24 Q1, Q2, Q3"
file_9772e4124db9000923df7ee0723b6c5954285930dee8a3dad72efbcf089e68be:record_400,%,Patients,percent,patients,true,[],In house data collection  / over 3 quarters
file_9772e4124db9000923df7ee0723b6c5954285930dee8a3dad72efbcf089e68be:record_401,%,Patients,percent,patients,true,[],In house data collection  / over 3 quarters
file_9772e4124db9000923df7ee0723b6c5954285930dee8a3dad72efbcf089e68be:record_402,%,Patients,percent,patients,true,[],In house data collection  / over 3 quarters
file_9772e4124db9000923df7ee0723b6c5954285930dee8a3dad72efbcf089e68be:record_403,%,Discharged patients ,percent,discharged patients,true,[],In house data collection  / Jan 2024- Jan 2025
file_9772e4124db9000923df7ee0723b6c5954285930dee8a3dad72efbcf089e68be:record_404,%,Discharged patients ,percent,discharged patients,true,[],In house data collection  / Jan 2024- Jan 2025
file_9772e4124db9000923df7ee0723b6c5954285930dee8a3dad72efbcf089e68be:record_405,%,Discharged patients ,percent,discharged patients,true,[],In house data collection  / Obtained over 3 quarters
file_9772e4124db9000923df7ee0723b6c5954285930dee8a3dad72efbcf089e68be:record_406,%,Survey respondents,percent,survey respondents,true,[],Local data collection / Other
file_9772e4124db9000923df7ee0723b6c5954285930dee8a3dad72efbcf089e68be:record_407,%,Staff,percent,staff,true,[],Hospital collected data / 2024-2025
file_9772e4124db9000923df7ee0723b6c5954285930dee8a3dad72efbcf089e68be:record_408,Days,Other,days,unknown,false,"[""unknown_unit_or_population""]",Hospital collected data / 2024-2025
file_9772e4124db9000923df7ee0723b6c5954285930dee8a3dad72efbcf089e68be:record_409,%,Other,percent,unknown,false,"[""unknown_unit_or_population""]",Hospital collected data / 2024-2025
file_9772e4124db9000923df7ee0723b6c5954285930dee8a3dad72efbcf089e68be:record_410,%,Discharged patients ,percent,discharged patients,true,[],Local data collection / Other
file_9772e4124db9000923df7ee0723b6c5954285930dee8a3dad72efbcf089e68be:record_411,%,Survey respondents,percent,survey respondents,true,[],Local data collection / Other
file_9772e4124db9000923df7ee0723b6c5954285930dee8a3dad72efbcf089e68be:record_412,%,Survey respondents,percent,survey respondents,true,[],Local data collection / Other
file_9772e4124db9000923df7ee0723b6c5954285930dee8a3dad72efbcf089e68be:record_413,Ratio (No unit),ALC patients,ratio,alc patients,true,[],WTIS / Quarter
file_9772e4124db9000923df7ee0723b6c5954285930dee8a3dad72efbcf089e68be:record_414,%,Hospital admitted patients,percent,hospital admitted patients,true,[],CIHI DAD / Quarter
file_9772e4124db9000923df7ee0723b6c5954285930dee8a3dad72efbcf089e68be:record_415,%,Staff,percent,staff,false,"[""incompatible_indicator_unit""]",Local data collection / Other
file_9772e4124db9000923df7ee0723b6c5954285930dee8a3dad72efbcf089e68be:record_416,%,Staff,percent,staff,false,"[""incompatible_indicator_unit""]",Local data collection / Other
file_9772e4124db9000923df7ee0723b6c5954285930dee8a3dad72efbcf089e68be:record_417,%,Staff,percent,staff,false,"[""incompatible_indicator_unit""]",Local data collection / Other
file_9772e4124db9000923df7ee0723b6c5954285930dee8a3dad72efbcf089e68be:record_418,%,Staff,percent,staff,true,[],Local data collection / Other
file_9772e4124db9000923df7ee0723b6c5954285930dee8a3dad72efbcf089e68be:record_419,Number,Other,count,unknown,false,"[""unknown_unit_or_population""]",Other / 2024-2025
file_9772e4124db9000923df7ee0723b6c5954285930dee8a3dad72efbcf089e68be:record_420,Number,Other,count,unknown,false,"[""unknown_unit_or_population""]",Other / 2024-2025
file_9772e4124db9000923df7ee0723b6c5954285930dee8a3dad72efbcf089e68be:record_421,Number,Other,count,unknown,false,"[""unknown_unit_or_population""]",Other / 2024-2025
file_9772e4124db9000923df7ee0723b6c5954285930dee8a3dad72efbcf089e68be:record_422,Number,Staff,count,staff,true,[],Other / 2024-2025
file_9772e4124db9000923df7ee0723b6c5954285930dee8a3dad72efbcf089e68be:record_423,Number,Other,count,unknown,false,"[""unknown_unit_or_population""]",In house data collection  / 2024-2025
file_9772e4124db9000923df7ee0723b6c5954285930dee8a3dad72efbcf089e68be:record_424,Number,Other,count,unknown,false,"[""unknown_unit_or_population""]",In house data collection  / 2024-2025
file_9772e4124db9000923df7ee0723b6c5954285930dee8a3dad72efbcf089e68be:record_425,Number,Other,count,unknown,false,"[""unknown_unit_or_population""]",In house data collection  / 2024-2025
file_9772e4124db9000923df7ee0723b6c5954285930dee8a3dad72efbcf089e68be:record_426,Number,Other,count,unknown,false,"[""unknown_unit_or_population""]",In house data collection  / 2024-2025
file_9772e4124db9000923df7ee0723b6c5954285930dee8a3dad72efbcf089e68be:record_427,Number,Other,count,unknown,false,"[""unknown_unit_or_population""]",In house data collection  / 2024-2025
file_9772e4124db9000923df7ee0723b6c5954285930dee8a3dad72efbcf089e68be:record_428,Number,Staff,count,staff,true,[],Other / 2024-2025
file_9772e4124db9000923df7ee0723b6c5954285930dee8a3dad72efbcf089e68be:record_429,Number,Staff,count,staff,true,[],Other / 2024-2025
file_9772e4124db9000923df7ee0723b6c5954285930dee8a3dad72efbcf089e68be:record_430,Number,Staff,count,staff,true,[],Other / 2024-2025
file_9772e4124db9000923df7ee0723b6c5954285930dee8a3dad72efbcf089e68be:record_431,Number,Staff,count,staff,true,[],Other / 2024-2025
file_9772e4124db9000923df7ee0723b6c5954285930dee8a3dad72efbcf089e68be:record_432,Number,Patients,count,patients,true,[],EMR/Chart Review / 2024-2025
file_9772e4124db9000923df7ee0723b6c5954285930dee8a3dad72efbcf089e68be:record_433,Number,Patients,count,patients,true,[],EMR/Chart Review / 2024-2025
file_9772e4124db9000923df7ee0723b6c5954285930dee8a3dad72efbcf089e68be:record_434,Number,Patients,count,patients,true,[],EMR/Chart Review / 2024-2025
file_9772e4124db9000923df7ee0723b6c5954285930dee8a3dad72efbcf089e68be:record_435,Number,Other,count,unknown,false,"[""unknown_unit_or_population""]",Other / 2024-2025
file_9772e4124db9000923df7ee0723b6c5954285930dee8a3dad72efbcf089e68be:record_436,Number,Other,count,unknown,false,"[""unknown_unit_or_population""]",Other / 2024-2025
file_9772e4124db9000923df7ee0723b6c5954285930dee8a3dad72efbcf089e68be:record_437,Number,Other,count,unknown,false,"[""unknown_unit_or_population""]",Other / 2024-2025
file_9772e4124db9000923df7ee0723b6c5954285930dee8a3dad72efbcf089e68be:record_438,%,Patients,percent,patients,true,[],EMR/Chart Review / 2024-2025
file_9772e4124db9000923df7ee0723b6c5954285930dee8a3dad72efbcf089e68be:record_439,Number,Other,count,unknown,false,"[""unknown_unit_or_population""]",Other / 2024-2025
file_9772e4124db9000923df7ee0723b6c5954285930dee8a3dad72efbcf089e68be:record_440,%,Patients,percent,patients,true,[],"EMR/Chart Review / April 1, 2024 to March 31, 2025"
file_9772e4124db9000923df7ee0723b6c5954285930dee8a3dad72efbcf089e68be:record_441,%,Patients,percent,patients,true,[],"EMR/Chart Review / April 1, 2024 to March 31, 2025"
file_9772e4124db9000923df7ee0723b6c5954285930dee8a3dad72efbcf089e68be:record_442,%,Patients,percent,patients,true,[],"EMR/Chart Review / April 1, 2024 to March 31, 2025"
file_9772e4124db9000923df7ee0723b6c5954285930dee8a3dad72efbcf089e68be:record_443,Number,ED patients,count,ed patients,true,[],EMR/Chart Review / 2024-2025
file_9772e4124db9000923df7ee0723b6c5954285930dee8a3dad72efbcf089e68be:record_444,Number,Other,count,unknown,false,"[""unknown_unit_or_population""]",In house data collection  / 2024-2025
file_9772e4124db9000923df7ee0723b6c5954285930dee8a3dad72efbcf089e68be:record_445,Number,Patients,count,patients,true,[],EMR/Chart Review / 2024-2025
file_9772e4124db9000923df7ee0723b6c5954285930dee8a3dad72efbcf089e68be:record_446,%,Staff,percent,staff,true,[],In house data collection  / 2024-2025
file_9772e4124db9000923df7ee0723b6c5954285930dee8a3dad72efbcf089e68be:record_447,Number,Patients,count,patients,true,[],Other / 2024-2025
file_9772e4124db9000923df7ee0723b6c5954285930dee8a3dad72efbcf089e68be:record_448,Hours,ED patients,hours,ed patients,true,[],CIHI NACRS / Other
file_9772e4124db9000923df7ee0723b6c5954285930dee8a3dad72efbcf089e68be:record_449,%,Staff,percent,staff,false,"[""incompatible_indicator_unit""]",Local data collection / Other
file_9772e4124db9000923df7ee0723b6c5954285930dee8a3dad72efbcf089e68be:record_450,%,Staff,percent,staff,false,"[""incompatible_indicator_unit""]",Local data collection / Other
file_9772e4124db9000923df7ee0723b6c5954285930dee8a3dad72efbcf089e68be:record_451,%,Staff,percent,staff,false,"[""incompatible_indicator_unit""]",Local data collection / Other
file_9772e4124db9000923df7ee0723b6c5954285930dee8a3dad72efbcf089e68be:record_452,%,All inpatients,percent,all inpatients,true,[],Other / Apr 23 - Dec 23
file_9772e4124db9000923df7ee0723b6c5954285930dee8a3dad72efbcf089e68be:record_453,%,All inpatients,percent,all inpatients,true,[],Other / Apr 23 - Dec 23
file_9772e4124db9000923df7ee0723b6c5954285930dee8a3dad72efbcf089e68be:record_454,%,All inpatients,percent,all inpatients,true,[],In house data collection  / April 2023 - December 2023
file_9772e4124db9000923df7ee0723b6c5954285930dee8a3dad72efbcf089e68be:record_455,%,All inpatients,percent,all inpatients,true,[],In house data collection  / April 2023 - December 2023
file_9772e4124db9000923df7ee0723b6c5954285930dee8a3dad72efbcf089e68be:record_456,Rate,All inpatients,unknown,all inpatients,false,"[""unknown_unit_or_population""]",Other / Apr 24 - Mar 25
file_9772e4124db9000923df7ee0723b6c5954285930dee8a3dad72efbcf089e68be:record_457,%,Staff,percent,staff,true,[],In house data collection  / April to December 2023
file_9772e4124db9000923df7ee0723b6c5954285930dee8a3dad72efbcf089e68be:record_458,"Rate per 1,000",All patients,rate_per_1000,all patients,true,[],In house data collection  / January 2023-December 2023
file_9772e4124db9000923df7ee0723b6c5954285930dee8a3dad72efbcf089e68be:record_459,"Rate per 1,000",All patients,rate_per_1000,all patients,true,[],In house data collection  / January 2023-December 2023
file_9772e4124db9000923df7ee0723b6c5954285930dee8a3dad72efbcf089e68be:record_460,"Rate per 1,000",All patients,rate_per_1000,all patients,true,[],In house data collection  / January 2023-December 2023
file_9772e4124db9000923df7ee0723b6c5954285930dee8a3dad72efbcf089e68be:record_461,%,Discharged patients ,percent,discharged patients,true,[],In house data collection  / January 2024-December 2024
file_9772e4124db9000923df7ee0723b6c5954285930dee8a3dad72efbcf089e68be:record_462,Count,Worker,count,worker,true,[],Local data collection / January 2023 - December 2023
file_9772e4124db9000923df7ee0723b6c5954285930dee8a3dad72efbcf089e68be:record_463,Count,Worker,count,worker,true,[],Local data collection / January 2023 - December 2023
file_9772e4124db9000923df7ee0723b6c5954285930dee8a3dad72efbcf089e68be:record_464,%,Discharged patients ,percent,discharged patients,true,[],Local data collection / Other
file_9772e4124db9000923df7ee0723b6c5954285930dee8a3dad72efbcf089e68be:record_465,%,Clients,percent,clients,true,[],"Local data collection / This data will be reviewed quarterly. April 2024 - December 2024 (Q1, Q2 & Q3)"
file_9772e4124db9000923df7ee0723b6c5954285930dee8a3dad72efbcf089e68be:record_466,%,Discharged patients ,percent,discharged patients,true,[],Local data collection / April 2024 - Feb 2025
file_9772e4124db9000923df7ee0723b6c5954285930dee8a3dad72efbcf089e68be:record_467,%,All inpatients,percent,all inpatients,true,[],Local data collection / April 2024 - Feb 2025
file_9772e4124db9000923df7ee0723b6c5954285930dee8a3dad72efbcf089e68be:record_468,%,All inpatients,percent,all inpatients,true,[],Local data collection / April 2024 - Feb 2025
file_9772e4124db9000923df7ee0723b6c5954285930dee8a3dad72efbcf089e68be:record_469,%,Other,percent,unknown,false,"[""unknown_unit_or_population""]",Local data collection / April 2024 - Feb 2025
file_9772e4124db9000923df7ee0723b6c5954285930dee8a3dad72efbcf089e68be:record_470,Count,Other,count,unknown,false,"[""unknown_unit_or_population""]",Local data collection / April 2024 - Feb 2025
file_9772e4124db9000923df7ee0723b6c5954285930dee8a3dad72efbcf089e68be:record_471,Count,Other,count,unknown,false,"[""unknown_unit_or_population""]",Local data collection / April 2024 - Feb 2025
file_9772e4124db9000923df7ee0723b6c5954285930dee8a3dad72efbcf089e68be:record_472,%,N/a,percent,unknown,false,"[""unknown_unit_or_population""]",Local data collection / April 2024 - Feb 2025
file_9772e4124db9000923df7ee0723b6c5954285930dee8a3dad72efbcf089e68be:record_473,%,N/a,percent,unknown,false,"[""unknown_unit_or_population""]",Local data collection / Q1 (April - June 2024)
file_9772e4124db9000923df7ee0723b6c5954285930dee8a3dad72efbcf089e68be:record_474,%,Clients,percent,clients,true,[],Local data collection / April 2024 - Feb 2025
file_9772e4124db9000923df7ee0723b6c5954285930dee8a3dad72efbcf089e68be:record_475,%,Clients,percent,clients,true,[],Local data collection / April 2024 - Feb 2025
file_9772e4124db9000923df7ee0723b6c5954285930dee8a3dad72efbcf089e68be:record_476,%,All patients,percent,all patients,true,[],Local data collection / April 2024 - Feb 2025
file_9772e4124db9000923df7ee0723b6c5954285930dee8a3dad72efbcf089e68be:record_477,%,All patients,percent,all patients,true,[],Local data collection / April 2024 - Feb 2025
file_9772e4124db9000923df7ee0723b6c5954285930dee8a3dad72efbcf089e68be:record_478,Rate,Other,unknown,unknown,false,"[""unknown_unit_or_population""]",Local data collection / April 2024 - Feb 2025
file_9772e4124db9000923df7ee0723b6c5954285930dee8a3dad72efbcf089e68be:record_479,%,All inpatients,percent,all inpatients,true,[],Local data collection / April 2024 - Feb 2025
file_9772e4124db9000923df7ee0723b6c5954285930dee8a3dad72efbcf089e68be:record_480,Rate,Other,unknown,unknown,false,"[""unknown_unit_or_population""]",Local data collection / April 2024 - Feb 2025
file_9772e4124db9000923df7ee0723b6c5954285930dee8a3dad72efbcf089e68be:record_481,Count,Other,count,unknown,false,"[""unknown_unit_or_population""]",Local data collection / April 2024 - Feb 2025
file_9772e4124db9000923df7ee0723b6c5954285930dee8a3dad72efbcf089e68be:record_482,Number,ED patients,count,ed patients,true,[],Hospital collected data / 24-25
file_9772e4124db9000923df7ee0723b6c5954285930dee8a3dad72efbcf089e68be:record_483,Number,ED patients,count,ed patients,true,[],Hospital collected data / 24-25
file_9772e4124db9000923df7ee0723b6c5954285930dee8a3dad72efbcf089e68be:record_484,Number,ED patients,count,ed patients,true,[],Hospital collected data / 24-25
file_9772e4124db9000923df7ee0723b6c5954285930dee8a3dad72efbcf089e68be:record_485,Number,ED patients,count,ed patients,true,[],Hospital collected data / 24-25
file_9772e4124db9000923df7ee0723b6c5954285930dee8a3dad72efbcf089e68be:record_486,Number,N/a,count,unknown,false,"[""unknown_unit_or_population""]",Hospital collected data / 24-25
file_9772e4124db9000923df7ee0723b6c5954285930dee8a3dad72efbcf089e68be:record_487,Number,N/a,count,unknown,false,"[""unknown_unit_or_population""]",Hospital collected data / 24-25
file_9772e4124db9000923df7ee0723b6c5954285930dee8a3dad72efbcf089e68be:record_488,Number,N/a,count,unknown,false,"[""unknown_unit_or_population""]",Hospital collected data / 24-25
file_9772e4124db9000923df7ee0723b6c5954285930dee8a3dad72efbcf089e68be:record_489,Number,N/a,count,unknown,false,"[""unknown_unit_or_population""]",Hospital collected data / 24-25
file_9772e4124db9000923df7ee0723b6c5954285930dee8a3dad72efbcf089e68be:record_490,Number,N/a,count,unknown,false,"[""unknown_unit_or_population""]",Hospital collected data / 24-25
file_9772e4124db9000923df7ee0723b6c5954285930dee8a3dad72efbcf089e68be:record_491,Number,N/a,count,unknown,false,"[""unknown_unit_or_population""]",Hospital collected data / 24-25
file_9772e4124db9000923df7ee0723b6c5954285930dee8a3dad72efbcf089e68be:record_492,Number,N/a,count,unknown,false,"[""unknown_unit_or_population""]",Hospital collected data / 24-25
file_9772e4124db9000923df7ee0723b6c5954285930dee8a3dad72efbcf089e68be:record_493,Number,N/a,count,unknown,false,"[""unknown_unit_or_population""]",Hospital collected data / 24-25
file_9772e4124db9000923df7ee0723b6c5954285930dee8a3dad72efbcf089e68be:record_494,Number,N/a,count,unknown,false,"[""unknown_unit_or_population""]",Hospital collected data / 24-25
file_9772e4124db9000923df7ee0723b6c5954285930dee8a3dad72efbcf089e68be:record_495,Number,N/a,count,unknown,false,"[""unknown_unit_or_population""]",Hospital collected data / 24-25
file_9772e4124db9000923df7ee0723b6c5954285930dee8a3dad72efbcf089e68be:record_496,Hours,ED patients,hours,ed patients,true,[],CIHI NACRS / Other
file_9772e4124db9000923df7ee0723b6c5954285930dee8a3dad72efbcf089e68be:record_497,Hours,ED patients,hours,ed patients,true,[],CIHI NACRS / Other
file_9772e4124db9000923df7ee0723b6c5954285930dee8a3dad72efbcf089e68be:record_498,Hours,ED patients,hours,ed patients,true,[],CIHI NACRS / Other
file_9772e4124db9000923df7ee0723b6c5954285930dee8a3dad72efbcf089e68be:record_499,%,Discharged patients ,percent,discharged patients,true,[],Local data collection / Other
file_9772e4124db9000923df7ee0723b6c5954285930dee8a3dad72efbcf089e68be:record_500,%,Discharged patients ,percent,discharged patients,true,[],Local data collection / Other
file_9772e4124db9000923df7ee0723b6c5954285930dee8a3dad72efbcf089e68be:record_501,Ratio (No unit),ALC patients,ratio,alc patients,true,[],WTIS / Quarter
file_9772e4124db9000923df7ee0723b6c5954285930dee8a3dad72efbcf089e68be:record_502,Ratio (No unit),ALC patients,ratio,alc patients,true,[],WTIS / Quarter
file_9772e4124db9000923df7ee0723b6c5954285930dee8a3dad72efbcf089e68be:record_503,Ratio (No unit),ALC patients,ratio,alc patients,true,[],WTIS / Quarter
file_9772e4124db9000923df7ee0723b6c5954285930dee8a3dad72efbcf089e68be:record_504,Minutes,ED patients,minutes,ed patients,true,[],CIHI NACRS / Quarter
file_9772e4124db9000923df7ee0723b6c5954285930dee8a3dad72efbcf089e68be:record_505,Minutes,ED patients,minutes,ed patients,true,[],CIHI NACRS / Quarter
file_9772e4124db9000923df7ee0723b6c5954285930dee8a3dad72efbcf089e68be:record_506,Minutes,ED patients,minutes,ed patients,true,[],CIHI NACRS / Quarter
file_9772e4124db9000923df7ee0723b6c5954285930dee8a3dad72efbcf089e68be:record_507,%,Hospital admitted patients,percent,hospital admitted patients,true,[],CIHI DAD / Quarter
file_9772e4124db9000923df7ee0723b6c5954285930dee8a3dad72efbcf089e68be:record_508,%,Hospital admitted patients,percent,hospital admitted patients,true,[],CIHI DAD / Quarter
file_9772e4124db9000923df7ee0723b6c5954285930dee8a3dad72efbcf089e68be:record_509,%,Hospital admitted patients,percent,hospital admitted patients,true,[],CIHI DAD / Quarter
file_9772e4124db9000923df7ee0723b6c5954285930dee8a3dad72efbcf089e68be:record_510,%,Staff,percent,staff,false,"[""incompatible_indicator_unit""]",Local data collection / Other
file_9772e4124db9000923df7ee0723b6c5954285930dee8a3dad72efbcf089e68be:record_511,%,Staff,percent,staff,false,"[""incompatible_indicator_unit""]",Local data collection / Other
file_9772e4124db9000923df7ee0723b6c5954285930dee8a3dad72efbcf089e68be:record_512,%,Staff,percent,staff,false,"[""incompatible_indicator_unit""]",Local data collection / Other
file_9772e4124db9000923df7ee0723b6c5954285930dee8a3dad72efbcf089e68be:record_513,%,Staff,percent,staff,true,[],Local data collection / Other
file_9772e4124db9000923df7ee0723b6c5954285930dee8a3dad72efbcf089e68be:record_514,%,Survey respondents,percent,survey respondents,true,[],Local data collection / Most recent consecutive 12-month period
file_9772e4124db9000923df7ee0723b6c5954285930dee8a3dad72efbcf089e68be:record_515,%,Survey respondents,percent,survey respondents,true,[],Local data collection / Most recent consecutive 12-month period
file_9772e4124db9000923df7ee0723b6c5954285930dee8a3dad72efbcf089e68be:record_516,Ratio (No unit),ALC patients,ratio,alc patients,true,[],WTIS / Quarter
file_9772e4124db9000923df7ee0723b6c5954285930dee8a3dad72efbcf089e68be:record_517,Ratio (No unit),ALC patients,ratio,alc patients,true,[],WTIS / Quarter
file_9772e4124db9000923df7ee0723b6c5954285930dee8a3dad72efbcf089e68be:record_518,Ratio (No unit),ALC patients,ratio,alc patients,true,[],WTIS / Quarter
file_9772e4124db9000923df7ee0723b6c5954285930dee8a3dad72efbcf089e68be:record_519,Rate,All inpatients,unknown,all inpatients,false,"[""unknown_unit_or_population""]",Hospital collected data / Q3
file_9772e4124db9000923df7ee0723b6c5954285930dee8a3dad72efbcf089e68be:record_520,Rate,All inpatients,unknown,all inpatients,false,"[""unknown_unit_or_population""]",Hospital collected data / Q3
file_9772e4124db9000923df7ee0723b6c5954285930dee8a3dad72efbcf089e68be:record_521,%,Staff,percent,staff,true,[],In-home audit / Q3
file_9772e4124db9000923df7ee0723b6c5954285930dee8a3dad72efbcf089e68be:record_522,%,Staff,percent,staff,true,[],In-home audit / Q3
file_9772e4124db9000923df7ee0723b6c5954285930dee8a3dad72efbcf089e68be:record_523,Count,All inpatients,count,all inpatients,true,[],Other / Q1-Q3 2023-24
file_9772e4124db9000923df7ee0723b6c5954285930dee8a3dad72efbcf089e68be:record_524,Count,All inpatients,count,all inpatients,true,[],Other / Q1-Q3 2023-24
file_9772e4124db9000923df7ee0723b6c5954285930dee8a3dad72efbcf089e68be:record_525,Count,All inpatients,count,all inpatients,true,[],Other / Q1-Q3 2023-24
file_9772e4124db9000923df7ee0723b6c5954285930dee8a3dad72efbcf089e68be:record_526,Count,All inpatients,count,all inpatients,true,[],Other / Q1-Q3 2023-24
file_9772e4124db9000923df7ee0723b6c5954285930dee8a3dad72efbcf089e68be:record_527,Count,All inpatients,count,all inpatients,true,[],Other / Q1-Q3 2023-24
file_9772e4124db9000923df7ee0723b6c5954285930dee8a3dad72efbcf089e68be:record_528,%,All inpatients,percent,all inpatients,true,[],Other / Q1-Q3 2023-24
file_9772e4124db9000923df7ee0723b6c5954285930dee8a3dad72efbcf089e68be:record_529,%,All inpatients,percent,all inpatients,true,[],Other / Q1-Q3 2023-24
file_9772e4124db9000923df7ee0723b6c5954285930dee8a3dad72efbcf089e68be:record_530,%,All inpatients,percent,all inpatients,true,[],Other / Q1-Q3 2023-24
file_9772e4124db9000923df7ee0723b6c5954285930dee8a3dad72efbcf089e68be:record_531,Hours,Other,hours,unknown,false,"[""unknown_unit_or_population""]","HSSO HCD, CIHI DAD, CIHI NACRS / April 2023-Jan 2024"
file_9772e4124db9000923df7ee0723b6c5954285930dee8a3dad72efbcf089e68be:record_532,Hours,Other,hours,unknown,false,"[""unknown_unit_or_population""]","HSSO HCD, CIHI DAD, CIHI NACRS / April 2023-Jan 2024"
file_9772e4124db9000923df7ee0723b6c5954285930dee8a3dad72efbcf089e68be:record_533,Hours,Other,hours,unknown,false,"[""unknown_unit_or_population""]","HSSO HCD, CIHI DAD, CIHI NACRS / April 2023-Jan 2024"
file_9772e4124db9000923df7ee0723b6c5954285930dee8a3dad72efbcf089e68be:record_534,Hours,Other,hours,unknown,false,"[""unknown_unit_or_population""]","HSSO HCD, CIHI DAD, CIHI NACRS / April 2023-Jan 2024"
file_9772e4124db9000923df7ee0723b6c5954285930dee8a3dad72efbcf089e68be:record_535,Hours,Other,hours,unknown,false,"[""unknown_unit_or_population""]","HSSO HCD, CIHI DAD, CIHI NACRS / April 2023-Jan 2024"
file_9772e4124db9000923df7ee0723b6c5954285930dee8a3dad72efbcf089e68be:record_536,Hours,Other,hours,unknown,false,"[""unknown_unit_or_population""]","HSSO HCD, CIHI DAD, CIHI NACRS / April 2023-Jan 2024"
file_9772e4124db9000923df7ee0723b6c5954285930dee8a3dad72efbcf089e68be:record_537,Hours,ED patients,hours,ed patients,true,[],CIHI NACRS / Other
file_9772e4124db9000923df7ee0723b6c5954285930dee8a3dad72efbcf089e68be:record_538,%,Discharged patients ,percent,discharged patients,true,[],Local data collection / Other
file_9772e4124db9000923df7ee0723b6c5954285930dee8a3dad72efbcf089e68be:record_539,%,Survey respondents,percent,survey respondents,true,[],Local data collection / Other
file_9772e4124db9000923df7ee0723b6c5954285930dee8a3dad72efbcf089e68be:record_540,Hours,ED patients,hours,ed patients,true,[],CIHI NACRS / Other
file_9772e4124db9000923df7ee0723b6c5954285930dee8a3dad72efbcf089e68be:record_541,%,ED patients,percent,ed patients,true,[],CIHI NACRS / Fiscal Year
file_9772e4124db9000923df7ee0723b6c5954285930dee8a3dad72efbcf089e68be:record_542,%,Staff,percent,staff,false,"[""incompatible_indicator_unit""]",Local data collection / Other
file_9772e4124db9000923df7ee0723b6c5954285930dee8a3dad72efbcf089e68be:record_543,%,Survey respondents,percent,survey respondents,true,[],Local data collection / Other
file_9772e4124db9000923df7ee0723b6c5954285930dee8a3dad72efbcf089e68be:record_544,%,Survey respondents,percent,survey respondents,true,[],Local data collection / Other
file_9772e4124db9000923df7ee0723b6c5954285930dee8a3dad72efbcf089e68be:record_545,%,Staff,percent,staff,false,"[""incompatible_indicator_unit""]",Local data collection / Other
file_9772e4124db9000923df7ee0723b6c5954285930dee8a3dad72efbcf089e68be:record_546,%,Staff,percent,staff,false,"[""incompatible_indicator_unit""]",Local data collection / Other
file_9772e4124db9000923df7ee0723b6c5954285930dee8a3dad72efbcf089e68be:record_547,%,Staff,percent,staff,true,[],Local data collection / Other
file_9772e4124db9000923df7ee0723b6c5954285930dee8a3dad72efbcf089e68be:record_548,%,Survey respondents,percent,survey respondents,true,[],Local data collection / Other
file_9772e4124db9000923df7ee0723b6c5954285930dee8a3dad72efbcf089e68be:record_549,Ratio (No unit),ALC patients,ratio,alc patients,true,[],WTIS / Quarter
file_9772e4124db9000923df7ee0723b6c5954285930dee8a3dad72efbcf089e68be:record_550,%,Staff,percent,staff,true,[],Local data collection / Other
file_9772e4124db9000923df7ee0723b6c5954285930dee8a3dad72efbcf089e68be:record_551,%,All inpatients,percent,all inpatients,true,[],Hospital collected data / FY-24/25 (Q1- Q3)
file_9772e4124db9000923df7ee0723b6c5954285930dee8a3dad72efbcf089e68be:record_552,%,All inpatients,percent,all inpatients,true,[],Hospital collected data / FY-24/25 (Q1- Q3)
file_9772e4124db9000923df7ee0723b6c5954285930dee8a3dad72efbcf089e68be:record_553,%,ED patients,percent,ed patients,true,[],Hospital collected data / FY-24/25 (Q1- Q3)
file_9772e4124db9000923df7ee0723b6c5954285930dee8a3dad72efbcf089e68be:record_554,%,ED patients,percent,ed patients,true,[],Hospital collected data / FY-24/25 (Q1- Q3)
file_9772e4124db9000923df7ee0723b6c5954285930dee8a3dad72efbcf089e68be:record_555,%,Discharged patients ,percent,discharged patients,true,[],Local data collection / Other
file_9772e4124db9000923df7ee0723b6c5954285930dee8a3dad72efbcf089e68be:record_556,%,Discharged patients ,percent,discharged patients,true,[],Local data collection / Other
file_9772e4124db9000923df7ee0723b6c5954285930dee8a3dad72efbcf089e68be:record_557,Minutes,Patients,minutes,patients,true,[],CIHI NACRS / Other
file_9772e4124db9000923df7ee0723b6c5954285930dee8a3dad72efbcf089e68be:record_558,%,Other,percent,unknown,false,"[""unknown_unit_or_population""]",Local data collection / FY-24/25 (Q1- Q3)
file_9772e4124db9000923df7ee0723b6c5954285930dee8a3dad72efbcf089e68be:record_559,%,Other,percent,unknown,false,"[""unknown_unit_or_population""]",Local data collection / FY-24/25 (Q1- Q3)
file_9772e4124db9000923df7ee0723b6c5954285930dee8a3dad72efbcf089e68be:record_560,%,All inpatients,percent,all inpatients,true,[],In house data collection  / FY 24/25 (Q1-Q3)
file_9772e4124db9000923df7ee0723b6c5954285930dee8a3dad72efbcf089e68be:record_561,Minutes,ED patients,minutes,ed patients,true,[],Hospital collected data / FY 24/25 (Q1-Q3)
file_9772e4124db9000923df7ee0723b6c5954285930dee8a3dad72efbcf089e68be:record_562,Hours,ED patients,hours,ed patients,true,[],CIHI NACRS / Other
file_9772e4124db9000923df7ee0723b6c5954285930dee8a3dad72efbcf089e68be:record_563,%,Discharged patients ,percent,discharged patients,true,[],Local data collection / Other
file_9772e4124db9000923df7ee0723b6c5954285930dee8a3dad72efbcf089e68be:record_564,%,Survey respondents,percent,survey respondents,true,[],Local data collection / Other
file_9772e4124db9000923df7ee0723b6c5954285930dee8a3dad72efbcf089e68be:record_565,Minutes,Patients,minutes,patients,true,[],CIHI NACRS / Other
file_9772e4124db9000923df7ee0723b6c5954285930dee8a3dad72efbcf089e68be:record_566,Hours,ED patients,hours,ed patients,true,[],CIHI NACRS / Other
file_9772e4124db9000923df7ee0723b6c5954285930dee8a3dad72efbcf089e68be:record_567,Ratio (No unit),ALC patients,ratio,alc patients,true,[],WTIS / Quarter
file_9772e4124db9000923df7ee0723b6c5954285930dee8a3dad72efbcf089e68be:record_568,%,Staff,percent,staff,true,[],Local data collection / Other
file_9772e4124db9000923df7ee0723b6c5954285930dee8a3dad72efbcf089e68be:record_569,%,ED patients,percent,ed patients,true,[],CIHI NACRS / Fiscal Year
file_9772e4124db9000923df7ee0723b6c5954285930dee8a3dad72efbcf089e68be:record_570,Minutes,ED patients,minutes,ed patients,true,[],CIHI NACRS / Quarter
file_9772e4124db9000923df7ee0723b6c5954285930dee8a3dad72efbcf089e68be:record_571,%,ED patients,percent,ed patients,true,[],CIHI NACRS / Quarter
file_9772e4124db9000923df7ee0723b6c5954285930dee8a3dad72efbcf089e68be:record_572,%,ED patients,percent,ed patients,true,[],CIHI NACRS / Quarter
file_9772e4124db9000923df7ee0723b6c5954285930dee8a3dad72efbcf089e68be:record_573,%,Hospital admitted patients,percent,hospital admitted patients,true,[],CIHI DAD / Quarter
file_9772e4124db9000923df7ee0723b6c5954285930dee8a3dad72efbcf089e68be:record_574,%,Hospital admitted patients,percent,hospital admitted patients,true,[],CIHI DAD / Quarter
file_9772e4124db9000923df7ee0723b6c5954285930dee8a3dad72efbcf089e68be:record_575,%,Hospital admitted patients,percent,hospital admitted patients,true,[],CIHI DAD / Quarter
file_9772e4124db9000923df7ee0723b6c5954285930dee8a3dad72efbcf089e68be:record_576,%,Staff,percent,staff,false,"[""incompatible_indicator_unit""]",Local data collection / Other
file_9772e4124db9000923df7ee0723b6c5954285930dee8a3dad72efbcf089e68be:record_577,%,Staff,percent,staff,false,"[""incompatible_indicator_unit""]",Local data collection / Other
file_9772e4124db9000923df7ee0723b6c5954285930dee8a3dad72efbcf089e68be:record_578,%,Staff,percent,staff,true,[],Local data collection / Other
file_9772e4124db9000923df7ee0723b6c5954285930dee8a3dad72efbcf089e68be:record_579,Hours,ED patients,hours,ed patients,true,[],"CIHI CCRS, CIHI NACRS / FY 2023/24 YTD Jan"
file_9772e4124db9000923df7ee0723b6c5954285930dee8a3dad72efbcf089e68be:record_580,%,ED patients,percent,ed patients,true,[],Local data collection / April-December
file_9772e4124db9000923df7ee0723b6c5954285930dee8a3dad72efbcf089e68be:record_581,%,ED patients,percent,ed patients,true,[],Local data collection / April-December
file_9772e4124db9000923df7ee0723b6c5954285930dee8a3dad72efbcf089e68be:record_582,%,Patients,percent,patients,true,[],Local data collection / April - December
file_9772e4124db9000923df7ee0723b6c5954285930dee8a3dad72efbcf089e68be:record_583,Number,Other,count,unknown,false,"[""unknown_unit_or_population""]",Local data collection / 2023
file_9772e4124db9000923df7ee0723b6c5954285930dee8a3dad72efbcf089e68be:record_584,Number,Other,count,unknown,false,"[""unknown_unit_or_population""]",Local data collection / 2023
file_9772e4124db9000923df7ee0723b6c5954285930dee8a3dad72efbcf089e68be:record_585,Number,Other,count,unknown,false,"[""unknown_unit_or_population""]",Local data collection / 2023
file_9772e4124db9000923df7ee0723b6c5954285930dee8a3dad72efbcf089e68be:record_586,Rate,Other,unknown,unknown,false,"[""unknown_unit_or_population""]",Local data collection / 12 month period
file_9772e4124db9000923df7ee0723b6c5954285930dee8a3dad72efbcf089e68be:record_587,Rate,Other,unknown,unknown,false,"[""unknown_unit_or_population""]",Local data collection / 12 month period
file_9772e4124db9000923df7ee0723b6c5954285930dee8a3dad72efbcf089e68be:record_588,Hours,ED patients,hours,ed patients,true,[],"CIHI CCRS, CIHI NACRS / FY 2023/24 YTD Jan"
file_9772e4124db9000923df7ee0723b6c5954285930dee8a3dad72efbcf089e68be:record_589,Hours,ED patients,hours,ed patients,true,[],CIHI NACRS / Other
file_9772e4124db9000923df7ee0723b6c5954285930dee8a3dad72efbcf089e68be:record_590,Hours,ED patients,hours,ed patients,true,[],CIHI NACRS / Other
file_9772e4124db9000923df7ee0723b6c5954285930dee8a3dad72efbcf089e68be:record_591,Hours,ED patients,hours,ed patients,true,[],CIHI NACRS / Other
file_9772e4124db9000923df7ee0723b6c5954285930dee8a3dad72efbcf089e68be:record_592,%,Staff,percent,staff,false,"[""incompatible_indicator_unit""]",Local data collection / Other
file_9772e4124db9000923df7ee0723b6c5954285930dee8a3dad72efbcf089e68be:record_593,%,Staff,percent,staff,false,"[""incompatible_indicator_unit""]",Local data collection / Other
file_9772e4124db9000923df7ee0723b6c5954285930dee8a3dad72efbcf089e68be:record_594,%,Staff,percent,staff,false,"[""incompatible_indicator_unit""]",Local data collection / Other
file_9772e4124db9000923df7ee0723b6c5954285930dee8a3dad72efbcf089e68be:record_595,Minutes,Other,minutes,unknown,false,"[""unknown_unit_or_population""]",Other / Dec 2022-Nov 2023
file_9772e4124db9000923df7ee0723b6c5954285930dee8a3dad72efbcf089e68be:record_596,Minutes,Other,minutes,unknown,false,"[""unknown_unit_or_population""]",Other / Dec 2022-Nov 2023
file_9772e4124db9000923df7ee0723b6c5954285930dee8a3dad72efbcf089e68be:record_597,Minutes,Other,minutes,unknown,false,"[""unknown_unit_or_population""]",Other / Dec 2022-Nov 2023
file_9772e4124db9000923df7ee0723b6c5954285930dee8a3dad72efbcf089e68be:record_598,Minutes,Other,minutes,unknown,false,"[""unknown_unit_or_population""]",Other / Dec 2022-Nov 2023
file_9772e4124db9000923df7ee0723b6c5954285930dee8a3dad72efbcf089e68be:record_599,%,Population,percent,population,true,[],Local data collection / January 2023-December 2023
file_9772e4124db9000923df7ee0723b6c5954285930dee8a3dad72efbcf089e68be:record_600,%,Population,percent,population,true,[],Other / January 2023- December 2023
file_9772e4124db9000923df7ee0723b6c5954285930dee8a3dad72efbcf089e68be:record_601,%,Patients,percent,patients,true,[],Other / April 2023- March 2024
file_9772e4124db9000923df7ee0723b6c5954285930dee8a3dad72efbcf089e68be:record_602,Number,Other,count,unknown,false,"[""unknown_unit_or_population""]",Local data collection / January 2023-December 2023
file_9772e4124db9000923df7ee0723b6c5954285930dee8a3dad72efbcf089e68be:record_603,Number,Other,count,unknown,false,"[""unknown_unit_or_population""]",Local data collection / January 2023-December 2023
file_9772e4124db9000923df7ee0723b6c5954285930dee8a3dad72efbcf089e68be:record_604,Number,Other,count,unknown,false,"[""unknown_unit_or_population""]",Local data collection / January 2023-December 2023
file_9772e4124db9000923df7ee0723b6c5954285930dee8a3dad72efbcf089e68be:record_605,Number,Other,count,unknown,false,"[""unknown_unit_or_population""]",Other / April 2023-March 2024
file_9772e4124db9000923df7ee0723b6c5954285930dee8a3dad72efbcf089e68be:record_606,Number,Other,count,unknown,false,"[""unknown_unit_or_population""]",Other / April 2023-March 2024
file_9772e4124db9000923df7ee0723b6c5954285930dee8a3dad72efbcf089e68be:record_607,Number,Other,count,unknown,false,"[""unknown_unit_or_population""]",In house data collection  / April 2023- March 2024
file_9772e4124db9000923df7ee0723b6c5954285930dee8a3dad72efbcf089e68be:record_608,%,Staff,percent,staff,true,[],Local data collection / Other
file_9772e4124db9000923df7ee0723b6c5954285930dee8a3dad72efbcf089e68be:record_609,%,Staff,percent,staff,true,[],Local data collection / Other
file_9772e4124db9000923df7ee0723b6c5954285930dee8a3dad72efbcf089e68be:record_610,%,Discharged patients ,percent,discharged patients,true,[],"Other / Current Performance based on 2023/24 Fiscal year (Q1-3 April. 1 - Dec. 31, 2023)."
file_9772e4124db9000923df7ee0723b6c5954285930dee8a3dad72efbcf089e68be:record_611,90th percentile,All inpatients,unknown,all inpatients,false,"[""unknown_unit_or_population""]","CIHI NACRS / Performance based on 2023/34 fiscal year to-date (Q1-Q3 Apr. 1 - Dec. 31, 2022)"
file_9772e4124db9000923df7ee0723b6c5954285930dee8a3dad72efbcf089e68be:record_612,%,Survey respondents,percent,survey respondents,true,[],Other / Current Performance based on last Quarter data available (2023/2024).
file_9772e4124db9000923df7ee0723b6c5954285930dee8a3dad72efbcf089e68be:record_613,%,Survey respondents,percent,survey respondents,true,[],Other / Current Performance based on last Quarter data available (2023/2024).
file_9772e4124db9000923df7ee0723b6c5954285930dee8a3dad72efbcf089e68be:record_614,%,Survey respondents,percent,survey respondents,true,[],Other / Current Performance based on last Quarter data available (2023/2024).
file_9772e4124db9000923df7ee0723b6c5954285930dee8a3dad72efbcf089e68be:record_615,%,All inpatients,percent,all inpatients,true,[],In-home audit / Date range for Target is 2024/25 fiscal year.
file_9772e4124db9000923df7ee0723b6c5954285930dee8a3dad72efbcf089e68be:record_616,%,All inpatients,percent,all inpatients,true,[],In-home audit / Date range for Target is 2024/25 fiscal year.
file_9772e4124db9000923df7ee0723b6c5954285930dee8a3dad72efbcf089e68be:record_617,Count,Staff,count,staff,true,[],In house data collection  / 2024/2025
file_9772e4124db9000923df7ee0723b6c5954285930dee8a3dad72efbcf089e68be:record_618,Count,Staff,count,staff,true,[],In house data collection  / 2024/2025
file_9772e4124db9000923df7ee0723b6c5954285930dee8a3dad72efbcf089e68be:record_619,%,All inpatients,percent,all inpatients,true,[],In house data collection  / 2024/2025
file_9772e4124db9000923df7ee0723b6c5954285930dee8a3dad72efbcf089e68be:record_620,%,All inpatients,percent,all inpatients,true,[],In house data collection  / 2024/2025
file_9772e4124db9000923df7ee0723b6c5954285930dee8a3dad72efbcf089e68be:record_621,%,Discharged patients ,percent,discharged patients,true,[],Local data collection / Other
file_9772e4124db9000923df7ee0723b6c5954285930dee8a3dad72efbcf089e68be:record_622,%,Survey respondents,percent,survey respondents,true,[],Local data collection / Other
file_9772e4124db9000923df7ee0723b6c5954285930dee8a3dad72efbcf089e68be:record_623,Hours,ED patients,hours,ed patients,true,[],CIHI NACRS / Other
file_9772e4124db9000923df7ee0723b6c5954285930dee8a3dad72efbcf089e68be:record_624,Ratio (No unit),ALC patients,ratio,alc patients,true,[],WTIS / Quarter
file_9772e4124db9000923df7ee0723b6c5954285930dee8a3dad72efbcf089e68be:record_625,%,Staff,percent,staff,false,"[""incompatible_indicator_unit""]",Local data collection / Other
file_9772e4124db9000923df7ee0723b6c5954285930dee8a3dad72efbcf089e68be:record_626,%,Staff,percent,staff,true,[],Local data collection / Other
file_9772e4124db9000923df7ee0723b6c5954285930dee8a3dad72efbcf089e68be:record_627,Minutes,Patients,minutes,patients,true,[],CIHI NACRS / Other
file_9772e4124db9000923df7ee0723b6c5954285930dee8a3dad72efbcf089e68be:record_628,Ratio (No unit),ALC patients,ratio,alc patients,true,[],WTIS / Quarter
file_9772e4124db9000923df7ee0723b6c5954285930dee8a3dad72efbcf089e68be:record_629,%,ED patients,percent,ed patients,true,[],CIHI NACRS / Fiscal Year
file_9772e4124db9000923df7ee0723b6c5954285930dee8a3dad72efbcf089e68be:record_630,%,Staff,percent,staff,true,[],Local data collection / Other
file_9772e4124db9000923df7ee0723b6c5954285930dee8a3dad72efbcf089e68be:record_631,Other,at-risk cohort,unknown,at-risk cohort,false,"[""unknown_unit_or_population""]",Local data collection / 2024-25 Fiscal Year
file_9772e4124db9000923df7ee0723b6c5954285930dee8a3dad72efbcf089e68be:record_632,%,Survey respondents,percent,survey respondents,true,[],Local data collection / Most recent consecutive 12-month period
file_9772e4124db9000923df7ee0723b6c5954285930dee8a3dad72efbcf089e68be:record_633,%,Survey respondents,percent,survey respondents,true,[],Local data collection / Most recent consecutive 12-month period
file_9772e4124db9000923df7ee0723b6c5954285930dee8a3dad72efbcf089e68be:record_634,%,Staff,percent,staff,true,[],Local data collection / Most recent consecutive 12-month period
file_9772e4124db9000923df7ee0723b6c5954285930dee8a3dad72efbcf089e68be:record_635,%,Other,percent,unknown,false,"[""unknown_unit_or_population""]",Local data collection / Quarterly reporting
file_9772e4124db9000923df7ee0723b6c5954285930dee8a3dad72efbcf089e68be:record_636,"Rate per 1,000 patient days",Other,rate_per_1000_patient_days,unknown,false,"[""unknown_unit_or_population""]",Local data collection / December 31st 2023 (Q1 - Q3)
file_9772e4124db9000923df7ee0723b6c5954285930dee8a3dad72efbcf089e68be:record_637,Count,Other,count,unknown,false,"[""unknown_unit_or_population""]",Local data collection / Audits conducted over the fiscal year
file_9772e4124db9000923df7ee0723b6c5954285930dee8a3dad72efbcf089e68be:record_638,Hours,ED patients,hours,ed patients,true,[],CIHI NACRS / Other
file_9772e4124db9000923df7ee0723b6c5954285930dee8a3dad72efbcf089e68be:record_639,Hours,ED patients,hours,ed patients,true,[],CIHI NACRS / Other
file_9772e4124db9000923df7ee0723b6c5954285930dee8a3dad72efbcf089e68be:record_640,Hours,ED patients,hours,ed patients,true,[],CIHI NACRS / Other
file_9772e4124db9000923df7ee0723b6c5954285930dee8a3dad72efbcf089e68be:record_641,Hours,ED patients,hours,ed patients,true,[],CIHI NACRS / Other
file_9772e4124db9000923df7ee0723b6c5954285930dee8a3dad72efbcf089e68be:record_642,Hours,ED patients,hours,ed patients,true,[],CIHI NACRS / Other
file_9772e4124db9000923df7ee0723b6c5954285930dee8a3dad72efbcf089e68be:record_643,%,Staff,percent,staff,false,"[""incompatible_indicator_unit""]",Local data collection / Other
file_9772e4124db9000923df7ee0723b6c5954285930dee8a3dad72efbcf089e68be:record_644,%,Staff,percent,staff,false,"[""incompatible_indicator_unit""]",Local data collection / Other
file_9772e4124db9000923df7ee0723b6c5954285930dee8a3dad72efbcf089e68be:record_645,%,Staff,percent,staff,true,[],Local data collection / Other
file_9772e4124db9000923df7ee0723b6c5954285930dee8a3dad72efbcf089e68be:record_646,Ratio (No unit),ALC patients,ratio,alc patients,true,[],WTIS / Quarter
file_9772e4124db9000923df7ee0723b6c5954285930dee8a3dad72efbcf089e68be:record_647,Ratio (No unit),ALC patients,ratio,alc patients,true,[],WTIS / Quarter
file_9772e4124db9000923df7ee0723b6c5954285930dee8a3dad72efbcf089e68be:record_648,Ratio (No unit),ALC patients,ratio,alc patients,true,[],WTIS / Quarter
file_9772e4124db9000923df7ee0723b6c5954285930dee8a3dad72efbcf089e68be:record_649,Ratio (No unit),ALC patients,ratio,alc patients,true,[],WTIS / Quarter
file_9772e4124db9000923df7ee0723b6c5954285930dee8a3dad72efbcf089e68be:record_650,Hours,Patients,hours,patients,true,[],CIHI NACRS / Dec 2022 - Nov 2023
file_9772e4124db9000923df7ee0723b6c5954285930dee8a3dad72efbcf089e68be:record_651,Hours,Patients,hours,patients,true,[],CIHI NACRS / Dec 2022 - Nov 2023
file_9772e4124db9000923df7ee0723b6c5954285930dee8a3dad72efbcf089e68be:record_652,%,Other,percent,unknown,false,"[""unknown_unit_or_population""]",Other / 2023-24
file_9772e4124db9000923df7ee0723b6c5954285930dee8a3dad72efbcf089e68be:record_653,%,Other,percent,unknown,false,"[""unknown_unit_or_population""]",Other / 2023-24
file_9772e4124db9000923df7ee0723b6c5954285930dee8a3dad72efbcf089e68be:record_654,%,Other,percent,unknown,false,"[""unknown_unit_or_population""]",Other / 2023-24
file_9772e4124db9000923df7ee0723b6c5954285930dee8a3dad72efbcf089e68be:record_655,%,Survey respondents,percent,survey respondents,true,[],Other / (Apr-Dec 2023)
file_9772e4124db9000923df7ee0723b6c5954285930dee8a3dad72efbcf089e68be:record_656,%,Survey respondents,percent,survey respondents,true,[],Other / (Apr-Dec 2023)
file_9772e4124db9000923df7ee0723b6c5954285930dee8a3dad72efbcf089e68be:record_657,%,Survey respondents,percent,survey respondents,true,[],Other / (Apr-Dec 2023)
file_9772e4124db9000923df7ee0723b6c5954285930dee8a3dad72efbcf089e68be:record_658,Count,Other,count,unknown,false,"[""unknown_unit_or_population""]",Other / (Jan - Dec 2023)
file_9772e4124db9000923df7ee0723b6c5954285930dee8a3dad72efbcf089e68be:record_659,Count,Other,count,unknown,false,"[""unknown_unit_or_population""]",Other / (Jan - Dec 2023)
file_9772e4124db9000923df7ee0723b6c5954285930dee8a3dad72efbcf089e68be:record_660,Count,Other,count,unknown,false,"[""unknown_unit_or_population""]","IntelliHealth, MOH / (Apri-Dec 2023)"
file_9772e4124db9000923df7ee0723b6c5954285930dee8a3dad72efbcf089e68be:record_661,Count,Other,count,unknown,false,"[""unknown_unit_or_population""]","IntelliHealth, MOH / (Apri-Dec 2023)"
file_9772e4124db9000923df7ee0723b6c5954285930dee8a3dad72efbcf089e68be:record_662,Count,Other,count,unknown,false,"[""unknown_unit_or_population""]","IntelliHealth, MOH / (Apri-Dec 2023)"
file_9772e4124db9000923df7ee0723b6c5954285930dee8a3dad72efbcf089e68be:record_663,Hours,ED patients,hours,ed patients,true,[],CIHI NACRS / Other
file_9772e4124db9000923df7ee0723b6c5954285930dee8a3dad72efbcf089e68be:record_664,Hours,ED patients,hours,ed patients,true,[],CIHI NACRS / Other
file_9772e4124db9000923df7ee0723b6c5954285930dee8a3dad72efbcf089e68be:record_665,Hours,ED patients,hours,ed patients,true,[],CIHI NACRS / Other
file_9772e4124db9000923df7ee0723b6c5954285930dee8a3dad72efbcf089e68be:record_666,%,Survey respondents,percent,survey respondents,true,[],Local data collection / Other
file_9772e4124db9000923df7ee0723b6c5954285930dee8a3dad72efbcf089e68be:record_667,Minutes,Patients,minutes,patients,true,[],CIHI NACRS / Other
file_9772e4124db9000923df7ee0723b6c5954285930dee8a3dad72efbcf089e68be:record_668,Ratio (No unit),ALC patients,ratio,alc patients,true,[],WTIS / Quarter
file_9772e4124db9000923df7ee0723b6c5954285930dee8a3dad72efbcf089e68be:record_669,Ratio (No unit),ALC patients,ratio,alc patients,true,[],WTIS / Quarter
file_9772e4124db9000923df7ee0723b6c5954285930dee8a3dad72efbcf089e68be:record_670,%,ED patients,percent,ed patients,true,[],CIHI NACRS / Fiscal Year
file_9772e4124db9000923df7ee0723b6c5954285930dee8a3dad72efbcf089e68be:record_671,%,ED patients,percent,ed patients,true,[],CIHI NACRS / Fiscal Year
file_9772e4124db9000923df7ee0723b6c5954285930dee8a3dad72efbcf089e68be:record_672,%,Staff,percent,staff,true,[],Local data collection / Other
file_9772e4124db9000923df7ee0723b6c5954285930dee8a3dad72efbcf089e68be:record_673,%,All acute patients,percent,all acute patients,true,[],Local data collection / April - March
file_9772e4124db9000923df7ee0723b6c5954285930dee8a3dad72efbcf089e68be:record_674,%,Residents,percent,residents,true,[],Local data collection / April - March
file_9772e4124db9000923df7ee0723b6c5954285930dee8a3dad72efbcf089e68be:record_675,%,All patients,percent,all patients,true,[],Local data collection / January 2024
file_9772e4124db9000923df7ee0723b6c5954285930dee8a3dad72efbcf089e68be:record_676,%,All patients,percent,all patients,true,[],Local data collection / January 2024
file_9772e4124db9000923df7ee0723b6c5954285930dee8a3dad72efbcf089e68be:record_677,%,Other,percent,unknown,false,"[""unknown_unit_or_population""]",Other / January 2024
file_9772e4124db9000923df7ee0723b6c5954285930dee8a3dad72efbcf089e68be:record_678,%,Other,percent,unknown,false,"[""unknown_unit_or_population""]",Other / January 2024
file_9772e4124db9000923df7ee0723b6c5954285930dee8a3dad72efbcf089e68be:record_679,Hours,All inpatients,hours,all inpatients,true,[],In house data collection  / January 2024
file_9772e4124db9000923df7ee0723b6c5954285930dee8a3dad72efbcf089e68be:record_680,Hours,All inpatients,hours,all inpatients,true,[],In house data collection  / January 2024
file_9772e4124db9000923df7ee0723b6c5954285930dee8a3dad72efbcf089e68be:record_681,Hours,All inpatients,hours,all inpatients,true,[],In house data collection  / January 2024
file_9772e4124db9000923df7ee0723b6c5954285930dee8a3dad72efbcf089e68be:record_682,%,Discharged patients ,percent,discharged patients,true,[],Other / January 2024
file_9772e4124db9000923df7ee0723b6c5954285930dee8a3dad72efbcf089e68be:record_683,%,Clients,percent,clients,true,[],Other / January 2024
file_9772e4124db9000923df7ee0723b6c5954285930dee8a3dad72efbcf089e68be:record_684,%,Clients,percent,clients,true,[],Other / January 2024
file_9772e4124db9000923df7ee0723b6c5954285930dee8a3dad72efbcf089e68be:record_685,%,Clients,percent,clients,true,[],Other / January 2024
file_9772e4124db9000923df7ee0723b6c5954285930dee8a3dad72efbcf089e68be:record_686,%,Other,percent,unknown,false,"[""unknown_unit_or_population"",""incompatible_indicator_population""]",Other / most recent available results (2023-24 Q3)
file_9772e4124db9000923df7ee0723b6c5954285930dee8a3dad72efbcf089e68be:record_687,%,Other,percent,unknown,false,"[""unknown_unit_or_population"",""incompatible_indicator_population""]",Other / most recent available results (2023-24 Q3)
file_9772e4124db9000923df7ee0723b6c5954285930dee8a3dad72efbcf089e68be:record_688,%,Other,percent,unknown,false,"[""unknown_unit_or_population"",""incompatible_indicator_population""]",Other / most recent available results (2023-24 Q3)
file_9772e4124db9000923df7ee0723b6c5954285930dee8a3dad72efbcf089e68be:record_689,%,Other,percent,unknown,false,"[""unknown_unit_or_population"",""incompatible_indicator_population""]",Other / most recent available results (2023-24 Q3)
file_9772e4124db9000923df7ee0723b6c5954285930dee8a3dad72efbcf089e68be:record_690,%,Other,percent,unknown,false,"[""unknown_unit_or_population"",""incompatible_indicator_population""]",Other / most recent available results (2023-24 Q3)
file_9772e4124db9000923df7ee0723b6c5954285930dee8a3dad72efbcf089e68be:record_691,%,Other,percent,unknown,false,"[""unknown_unit_or_population""]",Other / 2023-24 Q3
file_9772e4124db9000923df7ee0723b6c5954285930dee8a3dad72efbcf089e68be:record_692,%,Other,percent,unknown,false,"[""unknown_unit_or_population""]",Other / 2023-24 Q3
file_9772e4124db9000923df7ee0723b6c5954285930dee8a3dad72efbcf089e68be:record_693,Number,Other,count,unknown,false,"[""unknown_unit_or_population""]",Hospital collected data / Oct–Dec 2023 (Q3 2023/24)
file_9772e4124db9000923df7ee0723b6c5954285930dee8a3dad72efbcf089e68be:record_694,Number,Other,count,unknown,false,"[""unknown_unit_or_population""]",Hospital collected data / Oct–Dec 2023 (Q3 2023/24)
file_9772e4124db9000923df7ee0723b6c5954285930dee8a3dad72efbcf089e68be:record_695,Number,Other,count,unknown,false,"[""unknown_unit_or_population""]",Hospital collected data / Oct–Dec 2023 (Q3 2023/24)
file_9772e4124db9000923df7ee0723b6c5954285930dee8a3dad72efbcf089e68be:record_696,Number,Other,count,unknown,false,"[""unknown_unit_or_population""]",Hospital collected data / Oct–Dec 2023 (Q3 2023/24)
file_9772e4124db9000923df7ee0723b6c5954285930dee8a3dad72efbcf089e68be:record_697,%,Other,percent,unknown,false,"[""unknown_unit_or_population""]",Hospital collected data / 2023-24 Q3 Year to Date
file_9772e4124db9000923df7ee0723b6c5954285930dee8a3dad72efbcf089e68be:record_698,%,Other,percent,unknown,false,"[""unknown_unit_or_population""]",Hospital collected data / 2023-24 Q3 Year to Date
file_9772e4124db9000923df7ee0723b6c5954285930dee8a3dad72efbcf089e68be:record_699,%,Other,percent,unknown,false,"[""unknown_unit_or_population""]",Hospital collected data / 2023-24 Q3 Year to Date
file_9772e4124db9000923df7ee0723b6c5954285930dee8a3dad72efbcf089e68be:record_700,%,Other,percent,unknown,false,"[""unknown_unit_or_population""]",Hospital collected data / 2023-24 Q3 Year to Date
file_9772e4124db9000923df7ee0723b6c5954285930dee8a3dad72efbcf089e68be:record_701,%,Other,percent,unknown,false,"[""unknown_unit_or_population""]",Hospital collected data / 2023-24 Q3 Year to Date
file_9772e4124db9000923df7ee0723b6c5954285930dee8a3dad72efbcf089e68be:record_702,%,Other,percent,unknown,false,"[""unknown_unit_or_population""]",Hospital collected data / 2023-24 Q3 Year to Date
file_9772e4124db9000923df7ee0723b6c5954285930dee8a3dad72efbcf089e68be:record_703,%,Other,percent,unknown,false,"[""unknown_unit_or_population""]",Hospital collected data / 2023-24 Q3 Year to Date
file_9772e4124db9000923df7ee0723b6c5954285930dee8a3dad72efbcf089e68be:record_704,%,Other,percent,unknown,false,"[""unknown_unit_or_population""]",Other / New indicator - data collection will begin 2024-2025
file_9772e4124db9000923df7ee0723b6c5954285930dee8a3dad72efbcf089e68be:record_705,%,Other,percent,unknown,false,"[""unknown_unit_or_population""]",Other / New indicator - data collection will begin 2024-2025
file_9772e4124db9000923df7ee0723b6c5954285930dee8a3dad72efbcf089e68be:record_706,%,Other,percent,unknown,false,"[""unknown_unit_or_population""]",Other / New indicator - data collection will begin 2024-2025
file_9772e4124db9000923df7ee0723b6c5954285930dee8a3dad72efbcf089e68be:record_707,%,Survey respondents,percent,survey respondents,true,[],Local data collection / Other
file_9772e4124db9000923df7ee0723b6c5954285930dee8a3dad72efbcf089e68be:record_708,%,Survey respondents,percent,survey respondents,true,[],Local data collection / Other
file_9772e4124db9000923df7ee0723b6c5954285930dee8a3dad72efbcf089e68be:record_709,%,Staff,percent,staff,false,"[""incompatible_indicator_unit""]",Local data collection / Other
file_9772e4124db9000923df7ee0723b6c5954285930dee8a3dad72efbcf089e68be:record_710,%,Staff,percent,staff,false,"[""incompatible_indicator_unit""]",Local data collection / Other
file_9772e4124db9000923df7ee0723b6c5954285930dee8a3dad72efbcf089e68be:record_711,%,Staff,percent,staff,false,"[""incompatible_indicator_unit""]",Local data collection / Other
file_9772e4124db9000923df7ee0723b6c5954285930dee8a3dad72efbcf089e68be:record_712,%,Staff,percent,staff,true,[],Local data collection / Other
file_9772e4124db9000923df7ee0723b6c5954285930dee8a3dad72efbcf089e68be:record_713,%,Hospital admitted patients,percent,hospital admitted patients,true,[],In house data collection  / 24/25
file_9772e4124db9000923df7ee0723b6c5954285930dee8a3dad72efbcf089e68be:record_714,Hours,ED patients,hours,ed patients,true,[],CIHI NACRS / Other
file_9772e4124db9000923df7ee0723b6c5954285930dee8a3dad72efbcf089e68be:record_715,Hours,ED patients,hours,ed patients,true,[],CIHI NACRS / Other
file_9772e4124db9000923df7ee0723b6c5954285930dee8a3dad72efbcf089e68be:record_716,Hours,ED patients,hours,ed patients,true,[],CIHI NACRS / Other
file_9772e4124db9000923df7ee0723b6c5954285930dee8a3dad72efbcf089e68be:record_717,Hours,ED patients,hours,ed patients,true,[],CIHI NACRS / Other
file_9772e4124db9000923df7ee0723b6c5954285930dee8a3dad72efbcf089e68be:record_718,Hours,ED patients,hours,ed patients,true,[],CIHI NACRS / Other
file_9772e4124db9000923df7ee0723b6c5954285930dee8a3dad72efbcf089e68be:record_719,%,Survey respondents,percent,survey respondents,true,[],Local data collection / Other
file_9772e4124db9000923df7ee0723b6c5954285930dee8a3dad72efbcf089e68be:record_720,%,Survey respondents,percent,survey respondents,true,[],Local data collection / Other
file_9772e4124db9000923df7ee0723b6c5954285930dee8a3dad72efbcf089e68be:record_721,%,Survey respondents,percent,survey respondents,true,[],Local data collection / Other
file_9772e4124db9000923df7ee0723b6c5954285930dee8a3dad72efbcf089e68be:record_722,%,Staff,percent,staff,true,[],Local data collection / Other
file_9772e4124db9000923df7ee0723b6c5954285930dee8a3dad72efbcf089e68be:record_723,%,Staff,percent,staff,true,[],Local data collection / Other
file_9772e4124db9000923df7ee0723b6c5954285930dee8a3dad72efbcf089e68be:record_724,%,Staff,percent,staff,true,[],Local data collection / Other
file_9772e4124db9000923df7ee0723b6c5954285930dee8a3dad72efbcf089e68be:record_725,%,Staff,percent,staff,true,[],Local data collection / Other
file_9772e4124db9000923df7ee0723b6c5954285930dee8a3dad72efbcf089e68be:record_726,%,All patients,percent,all patients,true,[],In-home audit / Q3
file_9772e4124db9000923df7ee0723b6c5954285930dee8a3dad72efbcf089e68be:record_727,%,All patients,percent,all patients,true,[],In-home audit / Q3
file_9772e4124db9000923df7ee0723b6c5954285930dee8a3dad72efbcf089e68be:record_728,%,All patients,percent,all patients,true,[],In-home audit / Q3
file_9772e4124db9000923df7ee0723b6c5954285930dee8a3dad72efbcf089e68be:record_729,%,All patients,percent,all patients,true,[],In-home audit / Q3
file_9772e4124db9000923df7ee0723b6c5954285930dee8a3dad72efbcf089e68be:record_730,%,Discharged patients ,percent,discharged patients,true,[],Local data collection / Other
file_9772e4124db9000923df7ee0723b6c5954285930dee8a3dad72efbcf089e68be:record_731,%,Survey respondents,percent,survey respondents,true,[],Local data collection / Other
file_9772e4124db9000923df7ee0723b6c5954285930dee8a3dad72efbcf089e68be:record_732,Ratio (No unit),ALC patients,ratio,alc patients,true,[],WTIS / Quarter
file_9772e4124db9000923df7ee0723b6c5954285930dee8a3dad72efbcf089e68be:record_733,%,ED patients,percent,ed patients,true,[],CIHI NACRS / Fiscal Year
file_9772e4124db9000923df7ee0723b6c5954285930dee8a3dad72efbcf089e68be:record_734,%,Staff,percent,staff,false,"[""incompatible_indicator_unit""]",Local data collection / Other
file_9772e4124db9000923df7ee0723b6c5954285930dee8a3dad72efbcf089e68be:record_735,Hours,ED patients,hours,ed patients,true,[],CIHI NACRS / Other
file_9772e4124db9000923df7ee0723b6c5954285930dee8a3dad72efbcf089e68be:record_736,Hours,ED patients,hours,ed patients,true,[],CIHI NACRS / Other
file_9772e4124db9000923df7ee0723b6c5954285930dee8a3dad72efbcf089e68be:record_737,Hours,ED patients,hours,ed patients,true,[],CIHI NACRS / Other
file_9772e4124db9000923df7ee0723b6c5954285930dee8a3dad72efbcf089e68be:record_738,%,Discharged patients ,percent,discharged patients,true,[],Local data collection / Other
file_9772e4124db9000923df7ee0723b6c5954285930dee8a3dad72efbcf089e68be:record_739,%,Discharged patients ,percent,discharged patients,true,[],Local data collection / Other
file_9772e4124db9000923df7ee0723b6c5954285930dee8a3dad72efbcf089e68be:record_740,%,Survey respondents,percent,survey respondents,true,[],Local data collection / Other
file_9772e4124db9000923df7ee0723b6c5954285930dee8a3dad72efbcf089e68be:record_741,%,Survey respondents,percent,survey respondents,true,[],Local data collection / Other
file_9772e4124db9000923df7ee0723b6c5954285930dee8a3dad72efbcf089e68be:record_742,Hours,ED patients,hours,ed patients,true,[],CIHI NACRS / Other
file_9772e4124db9000923df7ee0723b6c5954285930dee8a3dad72efbcf089e68be:record_743,Hours,ED patients,hours,ed patients,true,[],CIHI NACRS / Other
file_9772e4124db9000923df7ee0723b6c5954285930dee8a3dad72efbcf089e68be:record_744,Hours,ED patients,hours,ed patients,true,[],CIHI NACRS / Other
file_9772e4124db9000923df7ee0723b6c5954285930dee8a3dad72efbcf089e68be:record_745,%,ED patients,percent,ed patients,true,[],CIHI NACRS / Fiscal Year
file_9772e4124db9000923df7ee0723b6c5954285930dee8a3dad72efbcf089e68be:record_746,%,ED patients,percent,ed patients,true,[],CIHI NACRS / Fiscal Year
file_9772e4124db9000923df7ee0723b6c5954285930dee8a3dad72efbcf089e68be:record_747,%,ED patients,percent,ed patients,true,[],CIHI NACRS / Fiscal Year
file_9772e4124db9000923df7ee0723b6c5954285930dee8a3dad72efbcf089e68be:record_748,%,Staff,percent,staff,false,"[""incompatible_indicator_unit""]",Local data collection / Other
file_9772e4124db9000923df7ee0723b6c5954285930dee8a3dad72efbcf089e68be:record_749,%,Staff,percent,staff,false,"[""incompatible_indicator_unit""]",Local data collection / Other
file_9772e4124db9000923df7ee0723b6c5954285930dee8a3dad72efbcf089e68be:record_750,%,Staff,percent,staff,true,[],Local data collection / Other
file_9772e4124db9000923df7ee0723b6c5954285930dee8a3dad72efbcf089e68be:record_751,%,All inpatients,percent,all inpatients,true,[],"In-house survey / Q1 to Q3 (Apr 1, 2024 to Dec 31, 2024)"
file_9772e4124db9000923df7ee0723b6c5954285930dee8a3dad72efbcf089e68be:record_752,%,All inpatients,percent,all inpatients,true,[],"In-house survey / Q1 to Q3 (Apr 1, 2024 to Dec 31, 2024)"
file_9772e4124db9000923df7ee0723b6c5954285930dee8a3dad72efbcf089e68be:record_753,%,All inpatients,percent,all inpatients,true,[],"In-house survey / Q1 to Q3 (Apr 1, 2024 to Dec 31, 2024)"
file_9772e4124db9000923df7ee0723b6c5954285930dee8a3dad72efbcf089e68be:record_754,%,All inpatients,percent,all inpatients,true,[],"In-house survey / Q1 to Q3 (Apr 1, 2024 to Dec 31, 2024)"
file_9772e4124db9000923df7ee0723b6c5954285930dee8a3dad72efbcf089e68be:record_755,Rate,Other,unknown,unknown,false,"[""unknown_unit_or_population""]","In house data collection  / Q1 to Q3 (Apr 1, 2024 to Dec 31, 2024)"
file_9772e4124db9000923df7ee0723b6c5954285930dee8a3dad72efbcf089e68be:record_756,Rate,Other,unknown,unknown,false,"[""unknown_unit_or_population""]","In house data collection  / Q1 to Q3 (Apr 1, 2024 to Dec 31, 2024)"
file_9772e4124db9000923df7ee0723b6c5954285930dee8a3dad72efbcf089e68be:record_757,Rate,Other,unknown,unknown,false,"[""unknown_unit_or_population""]","In house data collection  / Q1 to Q3 (Apr 1, 2024 to Dec 31, 2024)"
file_9772e4124db9000923df7ee0723b6c5954285930dee8a3dad72efbcf089e68be:record_758,Rate,Other,unknown,unknown,false,"[""unknown_unit_or_population""]","In house data collection  / Q1 to Q3 (Apr 1, 2024 to Dec 31, 2024)"
file_9772e4124db9000923df7ee0723b6c5954285930dee8a3dad72efbcf089e68be:record_759,Rate,Other,unknown,unknown,false,"[""unknown_unit_or_population""]","In house data collection  / Q1 to Q3 (Apr 1, 2024 to Dec 31, 2024)"
file_9772e4124db9000923df7ee0723b6c5954285930dee8a3dad72efbcf089e68be:record_760,%,Other,percent,unknown,false,"[""unknown_unit_or_population""]","EMR/Chart Review / Q1 to Q3 (Apr 1, 2024 to Dec 31, 2024)"
file_9772e4124db9000923df7ee0723b6c5954285930dee8a3dad72efbcf089e68be:record_761,%,Other,percent,unknown,false,"[""unknown_unit_or_population""]","EMR/Chart Review / Q1 to Q3 (Apr 1, 2024 to Dec 31, 2024)"
file_9772e4124db9000923df7ee0723b6c5954285930dee8a3dad72efbcf089e68be:record_762,%,Other,percent,unknown,false,"[""unknown_unit_or_population""]","EMR/Chart Review / Q1 to Q3 (Apr 1, 2024 to Dec 31, 2024)"
file_9772e4124db9000923df7ee0723b6c5954285930dee8a3dad72efbcf089e68be:record_763,Number,Staff,count,staff,true,[],Local data collection / Calendar Year 2024
file_9772e4124db9000923df7ee0723b6c5954285930dee8a3dad72efbcf089e68be:record_764,Number,Staff,count,staff,true,[],Local data collection / Calendar Year 2024
file_9772e4124db9000923df7ee0723b6c5954285930dee8a3dad72efbcf089e68be:record_765,Number,Staff,count,staff,true,[],Local data collection / Calendar Year 2024
file_9772e4124db9000923df7ee0723b6c5954285930dee8a3dad72efbcf089e68be:record_766,Number,Staff,count,staff,true,[],Local data collection / Calendar Year 2024
file_9772e4124db9000923df7ee0723b6c5954285930dee8a3dad72efbcf089e68be:record_767,%,Staff,percent,staff,true,[],Local data collection / By Q3
file_9772e4124db9000923df7ee0723b6c5954285930dee8a3dad72efbcf089e68be:record_768,%,Staff,percent,staff,true,[],Local data collection / By Q3
file_9772e4124db9000923df7ee0723b6c5954285930dee8a3dad72efbcf089e68be:record_769,%,Staff,percent,staff,true,[],Local data collection / By Q3
file_9772e4124db9000923df7ee0723b6c5954285930dee8a3dad72efbcf089e68be:record_770,%,Staff,percent,staff,true,[],Local data collection / By Q3
file_9772e4124db9000923df7ee0723b6c5954285930dee8a3dad72efbcf089e68be:record_771,%,Staff,percent,staff,true,[],Local data collection / By Q3
file_9772e4124db9000923df7ee0723b6c5954285930dee8a3dad72efbcf089e68be:record_772,Other,Other,unknown,unknown,false,"[""unknown_unit_or_population""]",Local data collection / 2024
file_9772e4124db9000923df7ee0723b6c5954285930dee8a3dad72efbcf089e68be:record_773,Other,Other,unknown,unknown,false,"[""unknown_unit_or_population""]",Local data collection / 2024
file_9772e4124db9000923df7ee0723b6c5954285930dee8a3dad72efbcf089e68be:record_774,Other,Other,unknown,unknown,false,"[""unknown_unit_or_population""]",Local data collection / 2024
file_9772e4124db9000923df7ee0723b6c5954285930dee8a3dad72efbcf089e68be:record_775,%,Worker,percent,worker,true,[],Local data collection / 2024
file_9772e4124db9000923df7ee0723b6c5954285930dee8a3dad72efbcf089e68be:record_776,%,Worker,percent,worker,true,[],Local data collection / 2024
file_9772e4124db9000923df7ee0723b6c5954285930dee8a3dad72efbcf089e68be:record_777,%,Worker,percent,worker,true,[],Local data collection / 2024
file_9772e4124db9000923df7ee0723b6c5954285930dee8a3dad72efbcf089e68be:record_778,%,Worker,percent,worker,true,[],Local data collection / 2024
file_9772e4124db9000923df7ee0723b6c5954285930dee8a3dad72efbcf089e68be:record_779,%,Worker,percent,worker,true,[],Local data collection / 2024
file_9772e4124db9000923df7ee0723b6c5954285930dee8a3dad72efbcf089e68be:record_780,%,Worker,percent,worker,true,[],Local data collection / 2024
file_9772e4124db9000923df7ee0723b6c5954285930dee8a3dad72efbcf089e68be:record_781,%,Worker,percent,worker,true,[],Local data collection / 2024
file_9772e4124db9000923df7ee0723b6c5954285930dee8a3dad72efbcf089e68be:record_782,%,Worker,percent,worker,true,[],Local data collection / 2024
file_9772e4124db9000923df7ee0723b6c5954285930dee8a3dad72efbcf089e68be:record_783,%,Worker,percent,worker,true,[],Local data collection / 2024
file_9772e4124db9000923df7ee0723b6c5954285930dee8a3dad72efbcf089e68be:record_784,%,Worker,percent,worker,true,[],Local data collection / 2024
file_9772e4124db9000923df7ee0723b6c5954285930dee8a3dad72efbcf089e68be:record_785,Other,Worker,unknown,worker,false,"[""unknown_unit_or_population""]",Local data collection / 2024
file_9772e4124db9000923df7ee0723b6c5954285930dee8a3dad72efbcf089e68be:record_786,Other,Worker,unknown,worker,false,"[""unknown_unit_or_population""]",Local data collection / 2024
file_9772e4124db9000923df7ee0723b6c5954285930dee8a3dad72efbcf089e68be:record_787,Other,Worker,unknown,worker,false,"[""unknown_unit_or_population""]",Local data collection / 2024
file_9772e4124db9000923df7ee0723b6c5954285930dee8a3dad72efbcf089e68be:record_788,Other,Worker,unknown,worker,false,"[""unknown_unit_or_population""]",Local data collection / 2024
file_9772e4124db9000923df7ee0723b6c5954285930dee8a3dad72efbcf089e68be:record_789,%,All inpatients,percent,all inpatients,true,[],Local data collection / 2024
file_9772e4124db9000923df7ee0723b6c5954285930dee8a3dad72efbcf089e68be:record_790,%,All inpatients,percent,all inpatients,true,[],Local data collection / 2024
file_9772e4124db9000923df7ee0723b6c5954285930dee8a3dad72efbcf089e68be:record_791,%,All inpatients,percent,all inpatients,true,[],Local data collection / 2024
file_9772e4124db9000923df7ee0723b6c5954285930dee8a3dad72efbcf089e68be:record_792,%,All inpatients,percent,all inpatients,true,[],Local data collection / 2024
file_9772e4124db9000923df7ee0723b6c5954285930dee8a3dad72efbcf089e68be:record_793,%,All inpatients,percent,all inpatients,true,[],Local data collection / 2024
file_9772e4124db9000923df7ee0723b6c5954285930dee8a3dad72efbcf089e68be:record_794,%,All inpatients,percent,all inpatients,true,[],Local data collection / 2024
file_9772e4124db9000923df7ee0723b6c5954285930dee8a3dad72efbcf089e68be:record_795,Other,All patients,unknown,all patients,false,"[""unknown_unit_or_population""]",Local data collection / 2024
file_9772e4124db9000923df7ee0723b6c5954285930dee8a3dad72efbcf089e68be:record_796,Days,Pediatric Patients,days,pediatric patients,true,[],EMR/Chart Review / Jan 2022-Dec 2023
file_9772e4124db9000923df7ee0723b6c5954285930dee8a3dad72efbcf089e68be:record_797,Days,Pediatric Patients,days,pediatric patients,true,[],EMR/Chart Review / Jan 2022-Dec 2023
file_9772e4124db9000923df7ee0723b6c5954285930dee8a3dad72efbcf089e68be:record_798,%,Pediatric Patients,percent,pediatric patients,true,[],Other / 21/22
file_9772e4124db9000923df7ee0723b6c5954285930dee8a3dad72efbcf089e68be:record_799,%,Pediatric Patients,percent,pediatric patients,true,[],Other / 21/22
file_9772e4124db9000923df7ee0723b6c5954285930dee8a3dad72efbcf089e68be:record_800,%,Pediatric Patients,percent,pediatric patients,true,[],Other / 21/22
file_9772e4124db9000923df7ee0723b6c5954285930dee8a3dad72efbcf089e68be:record_801,%,All inpatients,percent,all inpatients,true,[],EMR/Chart Review / Jan 2022 -Dec 2023
file_9772e4124db9000923df7ee0723b6c5954285930dee8a3dad72efbcf089e68be:record_802,%,All inpatients,percent,all inpatients,true,[],EMR/Chart Review / Jan 2022 -Dec 2023
file_9772e4124db9000923df7ee0723b6c5954285930dee8a3dad72efbcf089e68be:record_803,"Rate per 1,000 patient days",All inpatients,rate_per_1000_patient_days,all inpatients,true,[],Hospital collected data / Jan 1st 2022 -Dec 31 2023
file_9772e4124db9000923df7ee0723b6c5954285930dee8a3dad72efbcf089e68be:record_804,"Rate per 1,000 patient days",All inpatients,rate_per_1000_patient_days,all inpatients,true,[],Hospital collected data / Jan 1st 2022 -Dec 31 2023
file_9772e4124db9000923df7ee0723b6c5954285930dee8a3dad72efbcf089e68be:record_805,%,Worker,percent,worker,true,[],Local data collection / April 2022-Dec 31st 2023
file_9772e4124db9000923df7ee0723b6c5954285930dee8a3dad72efbcf089e68be:record_806,%,Worker,percent,worker,true,[],Local data collection / April 2022-Dec 31st 2023
file_9772e4124db9000923df7ee0723b6c5954285930dee8a3dad72efbcf089e68be:record_807,%,Clients,percent,clients,true,[],EMR/Chart Review / April 2024-March 31st 2025
file_9772e4124db9000923df7ee0723b6c5954285930dee8a3dad72efbcf089e68be:record_808,%,Clients,percent,clients,true,[],EMR/Chart Review / April 2024-March 31st 2025
file_9772e4124db9000923df7ee0723b6c5954285930dee8a3dad72efbcf089e68be:record_809,%,All inpatients,percent,all inpatients,true,[],"Other / January 1, 2024- December 31, 2024"
file_9772e4124db9000923df7ee0723b6c5954285930dee8a3dad72efbcf089e68be:record_810,%,All inpatients,percent,all inpatients,true,[],"Other / January 1, 2024- December 31, 2024"
file_9772e4124db9000923df7ee0723b6c5954285930dee8a3dad72efbcf089e68be:record_811,%,All inpatients,percent,all inpatients,true,[],"Other / January 1, 2024- December 31, 2024"
file_9772e4124db9000923df7ee0723b6c5954285930dee8a3dad72efbcf089e68be:record_812,Count,Worker,count,worker,true,[],"In house data collection  / January 1, 2024- December 31, 2024"
file_9772e4124db9000923df7ee0723b6c5954285930dee8a3dad72efbcf089e68be:record_813,Count,Worker,count,worker,true,[],"In house data collection  / January 1, 2024- December 31, 2024"
file_9772e4124db9000923df7ee0723b6c5954285930dee8a3dad72efbcf089e68be:record_814,%,Other,percent,unknown,false,"[""unknown_unit_or_population""]","In house data collection  / January 1, 2024 - December 31, 2024"
file_9772e4124db9000923df7ee0723b6c5954285930dee8a3dad72efbcf089e68be:record_815,%,Other,percent,unknown,false,"[""unknown_unit_or_population""]","In house data collection  / January 1, 2024 - December 31, 2024"
file_9772e4124db9000923df7ee0723b6c5954285930dee8a3dad72efbcf089e68be:record_816,%,Other,percent,unknown,false,"[""unknown_unit_or_population""]","In house data collection  / January 1, 2024 - December 31, 2024"
file_9772e4124db9000923df7ee0723b6c5954285930dee8a3dad72efbcf089e68be:record_817,%,Other,percent,unknown,false,"[""unknown_unit_or_population""]","In-home audit / January 1, 2024 - December 31, 2024"
file_9772e4124db9000923df7ee0723b6c5954285930dee8a3dad72efbcf089e68be:record_818,%,Other,percent,unknown,false,"[""unknown_unit_or_population""]","In-home audit / January 1, 2024 - December 31, 2024"
file_9772e4124db9000923df7ee0723b6c5954285930dee8a3dad72efbcf089e68be:record_819,%,Other,percent,unknown,false,"[""unknown_unit_or_population""]","In-home audit / January 1, 2024 - December 31, 2024"
file_9772e4124db9000923df7ee0723b6c5954285930dee8a3dad72efbcf089e68be:record_820,"Rate per 1,000 patient days",All inpatients,rate_per_1000_patient_days,all inpatients,true,[],"Hospital collected data / January 1, 2024 - December 31, 2024"
file_9772e4124db9000923df7ee0723b6c5954285930dee8a3dad72efbcf089e68be:record_821,"Rate per 1,000 patient days",All inpatients,rate_per_1000_patient_days,all inpatients,true,[],"Hospital collected data / January 1, 2024 - December 31, 2024"
file_9772e4124db9000923df7ee0723b6c5954285930dee8a3dad72efbcf089e68be:record_822,Other,Other,unknown,unknown,false,"[""unknown_unit_or_population""]",In house data collection  / Rolling 12-month average
file_9772e4124db9000923df7ee0723b6c5954285930dee8a3dad72efbcf089e68be:record_823,%,Discharged patients ,percent,discharged patients,true,[],Local data collection / Other
file_9772e4124db9000923df7ee0723b6c5954285930dee8a3dad72efbcf089e68be:record_824,%,Survey respondents,percent,survey respondents,true,[],Local data collection / Other
file_9772e4124db9000923df7ee0723b6c5954285930dee8a3dad72efbcf089e68be:record_825,Minutes,Patients,minutes,patients,true,[],CIHI NACRS / Other
file_9772e4124db9000923df7ee0723b6c5954285930dee8a3dad72efbcf089e68be:record_826,Ratio (No unit),ALC patients,ratio,alc patients,true,[],WTIS / Quarter
file_9772e4124db9000923df7ee0723b6c5954285930dee8a3dad72efbcf089e68be:record_827,%,ED patients,percent,ed patients,true,[],CIHI NACRS / Fiscal Year
file_9772e4124db9000923df7ee0723b6c5954285930dee8a3dad72efbcf089e68be:record_828,%,Staff,percent,staff,false,"[""incompatible_indicator_unit""]",Local data collection / Other
file_9772e4124db9000923df7ee0723b6c5954285930dee8a3dad72efbcf089e68be:record_829,%,Staff,percent,staff,true,[],Local data collection / Other
file_9772e4124db9000923df7ee0723b6c5954285930dee8a3dad72efbcf089e68be:record_830,%,ED patients,percent,ed patients,true,[],Other / April 1 to Sept 30 2023
file_9772e4124db9000923df7ee0723b6c5954285930dee8a3dad72efbcf089e68be:record_831,%,Discharged patients ,percent,discharged patients,true,[],Other / April 1 2023 to Sept 30 2023
file_9772e4124db9000923df7ee0723b6c5954285930dee8a3dad72efbcf089e68be:record_832,Ratio (No unit),ALC patients,ratio,alc patients,true,[],WTIS / Quarter
file_9772e4124db9000923df7ee0723b6c5954285930dee8a3dad72efbcf089e68be:record_833,Ratio (No unit),ALC patients,ratio,alc patients,true,[],WTIS / Quarter
file_9772e4124db9000923df7ee0723b6c5954285930dee8a3dad72efbcf089e68be:record_834,Ratio (No unit),ALC patients,ratio,alc patients,true,[],WTIS / Quarter
file_9772e4124db9000923df7ee0723b6c5954285930dee8a3dad72efbcf089e68be:record_835,Ratio (No unit),ALC patients,ratio,alc patients,true,[],WTIS / Quarter
file_9772e4124db9000923df7ee0723b6c5954285930dee8a3dad72efbcf089e68be:record_836,%,Staff,percent,staff,false,"[""incompatible_indicator_unit""]",Local data collection / Other
file_9772e4124db9000923df7ee0723b6c5954285930dee8a3dad72efbcf089e68be:record_837,%,Staff,percent,staff,false,"[""incompatible_indicator_unit""]",Local data collection / Other
file_9772e4124db9000923df7ee0723b6c5954285930dee8a3dad72efbcf089e68be:record_838,%,Staff,percent,staff,false,"[""incompatible_indicator_unit""]",Local data collection / Other
file_9772e4124db9000923df7ee0723b6c5954285930dee8a3dad72efbcf089e68be:record_839,%,Staff,percent,staff,true,[],"In house data collection  / April 1, 2024 - March 31, 2025"
file_9772e4124db9000923df7ee0723b6c5954285930dee8a3dad72efbcf089e68be:record_840,%,Staff,percent,staff,true,[],"In house data collection  / April 1, 2024 - March 31, 2025"
file_9772e4124db9000923df7ee0723b6c5954285930dee8a3dad72efbcf089e68be:record_841,%,Staff,percent,staff,true,[],"In house data collection  / April 1, 2024 - March 31, 2025"
file_9772e4124db9000923df7ee0723b6c5954285930dee8a3dad72efbcf089e68be:record_842,%,All patients,percent,all patients,true,[],"In house data collection  / April 1, 2024 - March 31, 2025"
file_9772e4124db9000923df7ee0723b6c5954285930dee8a3dad72efbcf089e68be:record_843,%,All patients,percent,all patients,true,[],"In house data collection  / April 1, 2024 - March 31, 2025"
file_9772e4124db9000923df7ee0723b6c5954285930dee8a3dad72efbcf089e68be:record_844,%,All patients,percent,all patients,true,[],"In house data collection  / April 1, 2024 - March 31, 2025"
file_9772e4124db9000923df7ee0723b6c5954285930dee8a3dad72efbcf089e68be:record_845,%,All inpatients,percent,all inpatients,true,[],"In house data collection  / April 1, 2024 - March 31, 2025"
file_9772e4124db9000923df7ee0723b6c5954285930dee8a3dad72efbcf089e68be:record_846,%,All inpatients,percent,all inpatients,true,[],"In house data collection  / April 1, 2024 - March 31, 2025"
file_9772e4124db9000923df7ee0723b6c5954285930dee8a3dad72efbcf089e68be:record_847,%,All inpatients,percent,all inpatients,true,[],"In house data collection  / April 1, 2024 - March 31, 2025"
file_9772e4124db9000923df7ee0723b6c5954285930dee8a3dad72efbcf089e68be:record_848,%,All inpatients,percent,all inpatients,true,[],"In house data collection  / April 1, 2024 - March 31, 2025"
file_9772e4124db9000923df7ee0723b6c5954285930dee8a3dad72efbcf089e68be:record_849,%,All inpatients,percent,all inpatients,true,[],"In house data collection  / April 1, 2024 - March 31, 2025"
file_9772e4124db9000923df7ee0723b6c5954285930dee8a3dad72efbcf089e68be:record_850,%,All inpatients,percent,all inpatients,true,[],"In house data collection  / April 1, 2024 - March 31, 2025"
file_9772e4124db9000923df7ee0723b6c5954285930dee8a3dad72efbcf089e68be:record_851,%,All inpatients,percent,all inpatients,true,[],"In house data collection  / April 1, 2024 - March 31, 2025"
file_9772e4124db9000923df7ee0723b6c5954285930dee8a3dad72efbcf089e68be:record_852,Other,Staff,unknown,staff,false,"[""unknown_unit_or_population""]","In house data, interRAI survey / April 1, 2024 - March 31, 2025"
file_9772e4124db9000923df7ee0723b6c5954285930dee8a3dad72efbcf089e68be:record_853,Other,Staff,unknown,staff,false,"[""unknown_unit_or_population""]","In house data, interRAI survey / April 1, 2024 - March 31, 2025"
file_9772e4124db9000923df7ee0723b6c5954285930dee8a3dad72efbcf089e68be:record_854,Other,Staff,unknown,staff,false,"[""unknown_unit_or_population""]","In house data, interRAI survey / April 1, 2024 - March 31, 2025"
file_9772e4124db9000923df7ee0723b6c5954285930dee8a3dad72efbcf089e68be:record_855,Other,Staff,unknown,staff,false,"[""unknown_unit_or_population""]","In house data, interRAI survey / April 1, 2024 - March 31, 2025"
file_9772e4124db9000923df7ee0723b6c5954285930dee8a3dad72efbcf089e68be:record_856,Hours,ED patients,hours,ed patients,true,[],CIHI NACRS / Other
file_9772e4124db9000923df7ee0723b6c5954285930dee8a3dad72efbcf089e68be:record_857,Hours,ED patients,hours,ed patients,true,[],CIHI NACRS / Other
file_9772e4124db9000923df7ee0723b6c5954285930dee8a3dad72efbcf089e68be:record_858,Hours,ED patients,hours,ed patients,true,[],CIHI NACRS / Other
file_9772e4124db9000923df7ee0723b6c5954285930dee8a3dad72efbcf089e68be:record_859,Hours,ED patients,hours,ed patients,true,[],CIHI NACRS / Other
file_9772e4124db9000923df7ee0723b6c5954285930dee8a3dad72efbcf089e68be:record_860,Hours,ED patients,hours,ed patients,true,[],CIHI NACRS / Other
file_9772e4124db9000923df7ee0723b6c5954285930dee8a3dad72efbcf089e68be:record_861,%,Survey respondents,percent,survey respondents,true,[],Local data collection / Other
file_9772e4124db9000923df7ee0723b6c5954285930dee8a3dad72efbcf089e68be:record_862,%,Survey respondents,percent,survey respondents,true,[],Local data collection / Other
file_9772e4124db9000923df7ee0723b6c5954285930dee8a3dad72efbcf089e68be:record_863,%,Survey respondents,percent,survey respondents,true,[],Local data collection / Other
file_9772e4124db9000923df7ee0723b6c5954285930dee8a3dad72efbcf089e68be:record_864,%,Staff,percent,staff,true,[],Local data collection / Other
file_9772e4124db9000923df7ee0723b6c5954285930dee8a3dad72efbcf089e68be:record_865,%,Staff,percent,staff,true,[],Local data collection / Other
file_9772e4124db9000923df7ee0723b6c5954285930dee8a3dad72efbcf089e68be:record_866,%,Staff,percent,staff,true,[],Local data collection / Other
file_9772e4124db9000923df7ee0723b6c5954285930dee8a3dad72efbcf089e68be:record_867,%,Staff,percent,staff,true,[],Local data collection / Other
file_9772e4124db9000923df7ee0723b6c5954285930dee8a3dad72efbcf089e68be:record_868,%,All inpatients,percent,all inpatients,true,[],In-home audit / April 1st -March 31
file_9772e4124db9000923df7ee0723b6c5954285930dee8a3dad72efbcf089e68be:record_869,%,All inpatients,percent,all inpatients,true,[],In-home audit / April 1st -March 31
file_9772e4124db9000923df7ee0723b6c5954285930dee8a3dad72efbcf089e68be:record_870,%,All inpatients,percent,all inpatients,true,[],In-home audit / April 1st -March 31
file_9772e4124db9000923df7ee0723b6c5954285930dee8a3dad72efbcf089e68be:record_871,%,All inpatients,percent,all inpatients,true,[],In-home audit / April 1st -March 31
file_9772e4124db9000923df7ee0723b6c5954285930dee8a3dad72efbcf089e68be:record_872,Hours,ED patients,hours,ed patients,true,[],CIHI NACRS / Other
file_9772e4124db9000923df7ee0723b6c5954285930dee8a3dad72efbcf089e68be:record_873,%,Staff,percent,staff,true,[],Local data collection / Other
file_9772e4124db9000923df7ee0723b6c5954285930dee8a3dad72efbcf089e68be:record_874,%,Other,percent,unknown,false,"[""unknown_unit_or_population""]",Hospital collected data / FY 2024-25 Q3
file_9772e4124db9000923df7ee0723b6c5954285930dee8a3dad72efbcf089e68be:record_875,%,Other,percent,unknown,false,"[""unknown_unit_or_population""]",Hospital collected data / Q3 FY24-25
file_9772e4124db9000923df7ee0723b6c5954285930dee8a3dad72efbcf089e68be:record_876,Count,Other,count,unknown,false,"[""unknown_unit_or_population""]",In-house survey / Q3 FY24-25
file_9772e4124db9000923df7ee0723b6c5954285930dee8a3dad72efbcf089e68be:record_877,Count,Other,count,unknown,false,"[""unknown_unit_or_population""]",In-house survey / Q3 FY24-25
file_9772e4124db9000923df7ee0723b6c5954285930dee8a3dad72efbcf089e68be:record_878,Count,Other,count,unknown,false,"[""unknown_unit_or_population""]",In-house survey / Q3 FY24-25
file_9772e4124db9000923df7ee0723b6c5954285930dee8a3dad72efbcf089e68be:record_879,Hours,ED patients,hours,ed patients,true,[],Hospital collected data / 2024
file_9772e4124db9000923df7ee0723b6c5954285930dee8a3dad72efbcf089e68be:record_880,Hours,ED patients,hours,ed patients,true,[],Hospital collected data / 2024
file_9772e4124db9000923df7ee0723b6c5954285930dee8a3dad72efbcf089e68be:record_881,Hours,ED patients,hours,ed patients,true,[],Hospital collected data / 2024
file_9772e4124db9000923df7ee0723b6c5954285930dee8a3dad72efbcf089e68be:record_882,%,Staff,percent,staff,true,[],Hospital collected data / 2024
file_9772e4124db9000923df7ee0723b6c5954285930dee8a3dad72efbcf089e68be:record_883,%,Staff,percent,staff,true,[],Hospital collected data / 2024
file_9772e4124db9000923df7ee0723b6c5954285930dee8a3dad72efbcf089e68be:record_884,%,Staff,percent,staff,true,[],Hospital collected data / 2024
file_9772e4124db9000923df7ee0723b6c5954285930dee8a3dad72efbcf089e68be:record_885,%,Staff,percent,staff,true,[],Hospital collected data / 2024
file_9772e4124db9000923df7ee0723b6c5954285930dee8a3dad72efbcf089e68be:record_886,%,Staff,percent,staff,true,[],Hospital collected data / 2024
file_9772e4124db9000923df7ee0723b6c5954285930dee8a3dad72efbcf089e68be:record_887,%,Other,percent,unknown,false,"[""unknown_unit_or_population""]",Hospital collected data / 2024
file_9772e4124db9000923df7ee0723b6c5954285930dee8a3dad72efbcf089e68be:record_888,%,Other,percent,unknown,false,"[""unknown_unit_or_population""]",Hospital collected data / 2024
file_9772e4124db9000923df7ee0723b6c5954285930dee8a3dad72efbcf089e68be:record_889,%,Other,percent,unknown,false,"[""unknown_unit_or_population""]",Hospital collected data / 2024
file_9772e4124db9000923df7ee0723b6c5954285930dee8a3dad72efbcf089e68be:record_890,%,Other,percent,unknown,false,"[""unknown_unit_or_population""]",Hospital collected data / 2024
file_9772e4124db9000923df7ee0723b6c5954285930dee8a3dad72efbcf089e68be:record_891,%,Other,percent,unknown,false,"[""unknown_unit_or_population""]","CIHI NACRS / Q4,Q1,Q2"
file_9772e4124db9000923df7ee0723b6c5954285930dee8a3dad72efbcf089e68be:record_892,%,ED patients,percent,ed patients,true,[],In house data collection  / 2024
file_9772e4124db9000923df7ee0723b6c5954285930dee8a3dad72efbcf089e68be:record_893,%,ED patients,percent,ed patients,true,[],In house data collection  / 2024
file_9772e4124db9000923df7ee0723b6c5954285930dee8a3dad72efbcf089e68be:record_894,%,ED patients,percent,ed patients,true,[],In house data collection  / 2024
file_9772e4124db9000923df7ee0723b6c5954285930dee8a3dad72efbcf089e68be:record_895,%,ED patients,percent,ed patients,true,[],In house data collection  / 2024
file_9772e4124db9000923df7ee0723b6c5954285930dee8a3dad72efbcf089e68be:record_896,%,Discharged patients ,percent,discharged patients,true,[],Local data collection / Other
file_9772e4124db9000923df7ee0723b6c5954285930dee8a3dad72efbcf089e68be:record_897,%,Survey respondents,percent,survey respondents,true,[],Local data collection / Other
file_9772e4124db9000923df7ee0723b6c5954285930dee8a3dad72efbcf089e68be:record_898,Ratio (No unit),ALC patients,ratio,alc patients,true,[],WTIS / Quarter
file_9772e4124db9000923df7ee0723b6c5954285930dee8a3dad72efbcf089e68be:record_899,%,Staff,percent,staff,true,[],Local data collection / Other
file_9772e4124db9000923df7ee0723b6c5954285930dee8a3dad72efbcf089e68be:record_900,Count,Staff,count,staff,true,[],"In house data collection  / July 1 2023 - Sept 30, 2023"
file_9772e4124db9000923df7ee0723b6c5954285930dee8a3dad72efbcf089e68be:record_901,Hours,Other,hours,unknown,false,"[""unknown_unit_or_population""]","In house data collection  / (October 1 2021- September 30, 2022)"
file_9772e4124db9000923df7ee0723b6c5954285930dee8a3dad72efbcf089e68be:record_902,%,Other,percent,unknown,false,"[""unknown_unit_or_population""]",In house data collection  / Q3 October 22- December 22
file_9772e4124db9000923df7ee0723b6c5954285930dee8a3dad72efbcf089e68be:record_903,%,Survey respondents,percent,survey respondents,true,[],Local data collection / Other
file_9772e4124db9000923df7ee0723b6c5954285930dee8a3dad72efbcf089e68be:record_904,%,Staff,percent,staff,true,[],Local data collection / Other
file_9772e4124db9000923df7ee0723b6c5954285930dee8a3dad72efbcf089e68be:record_905,%,COPD QBP Cohort,percent,copd qbp cohort,true,[],CIHI DAD / 2024/2025
file_9772e4124db9000923df7ee0723b6c5954285930dee8a3dad72efbcf089e68be:record_906,%,All inpatients,percent,all inpatients,true,[],Hospital collected data / 2024/2025
file_9772e4124db9000923df7ee0723b6c5954285930dee8a3dad72efbcf089e68be:record_907,Rate,Staff,unknown,staff,false,"[""unknown_unit_or_population""]",In-house survey / Results biannual staff engagement survey
file_9772e4124db9000923df7ee0723b6c5954285930dee8a3dad72efbcf089e68be:record_908,%,Discharged patients ,percent,discharged patients,true,[],Local data collection / Other
file_9772e4124db9000923df7ee0723b6c5954285930dee8a3dad72efbcf089e68be:record_909,%,Survey respondents,percent,survey respondents,true,[],Local data collection / Other
file_9772e4124db9000923df7ee0723b6c5954285930dee8a3dad72efbcf089e68be:record_910,%,Survey respondents,percent,survey respondents,true,[],Local data collection / Other
file_9772e4124db9000923df7ee0723b6c5954285930dee8a3dad72efbcf089e68be:record_911,%,Survey respondents,percent,survey respondents,true,[],Local data collection / Other
file_9772e4124db9000923df7ee0723b6c5954285930dee8a3dad72efbcf089e68be:record_912,Hours,ED patients,hours,ed patients,true,[],CIHI NACRS / Other
file_9772e4124db9000923df7ee0723b6c5954285930dee8a3dad72efbcf089e68be:record_913,Hours,ED patients,hours,ed patients,true,[],CIHI NACRS / Other
file_9772e4124db9000923df7ee0723b6c5954285930dee8a3dad72efbcf089e68be:record_914,%,Staff,percent,staff,true,[],Local data collection / Other
file_9772e4124db9000923df7ee0723b6c5954285930dee8a3dad72efbcf089e68be:record_915,%,Staff,percent,staff,true,[],Local data collection / Other
file_9772e4124db9000923df7ee0723b6c5954285930dee8a3dad72efbcf089e68be:record_916,Number,Staff,count,staff,true,[],Local data collection / 2024-25
file_9772e4124db9000923df7ee0723b6c5954285930dee8a3dad72efbcf089e68be:record_917,Number,Staff,count,staff,true,[],Local data collection / 2024-25
file_9772e4124db9000923df7ee0723b6c5954285930dee8a3dad72efbcf089e68be:record_918,%,Other,percent,unknown,false,"[""unknown_unit_or_population""]",Local data collection / 2024-25
file_9772e4124db9000923df7ee0723b6c5954285930dee8a3dad72efbcf089e68be:record_919,%,Discharged patients ,percent,discharged patients,true,[],Local data collection / Other
file_9772e4124db9000923df7ee0723b6c5954285930dee8a3dad72efbcf089e68be:record_920,%,Discharged patients ,percent,discharged patients,true,[],Local data collection / Other
file_9772e4124db9000923df7ee0723b6c5954285930dee8a3dad72efbcf089e68be:record_921,%,Survey respondents,percent,survey respondents,true,[],Local data collection / Other
file_9772e4124db9000923df7ee0723b6c5954285930dee8a3dad72efbcf089e68be:record_922,%,Survey respondents,percent,survey respondents,true,[],Local data collection / Other
file_9772e4124db9000923df7ee0723b6c5954285930dee8a3dad72efbcf089e68be:record_923,%,Survey respondents,percent,survey respondents,true,[],Local data collection / Other
file_9772e4124db9000923df7ee0723b6c5954285930dee8a3dad72efbcf089e68be:record_924,%,Staff,percent,staff,false,"[""incompatible_indicator_unit""]",Local data collection / Other
file_9772e4124db9000923df7ee0723b6c5954285930dee8a3dad72efbcf089e68be:record_925,%,Staff,percent,staff,true,[],Local data collection / Other
file_9772e4124db9000923df7ee0723b6c5954285930dee8a3dad72efbcf089e68be:record_926,%,All inpatients,percent,all inpatients,true,[],In house data collection  / 2425
file_9772e4124db9000923df7ee0723b6c5954285930dee8a3dad72efbcf089e68be:record_927,%,Mental health patients,percent,mental health patients,true,[],Other / 2324
file_9772e4124db9000923df7ee0723b6c5954285930dee8a3dad72efbcf089e68be:record_928,%,Mental health patients,percent,mental health patients,true,[],Other / 2324
file_9772e4124db9000923df7ee0723b6c5954285930dee8a3dad72efbcf089e68be:record_929,%,Other,percent,unknown,false,"[""unknown_unit_or_population""]",Hospital collected data / Q2
file_9772e4124db9000923df7ee0723b6c5954285930dee8a3dad72efbcf089e68be:record_930,%,Pediatric Patients,percent,pediatric patients,true,[],Other / April 1- March 31
file_9772e4124db9000923df7ee0723b6c5954285930dee8a3dad72efbcf089e68be:record_931,%,Other,percent,unknown,false,"[""unknown_unit_or_population""]",Other / YTD 23-24
file_9772e4124db9000923df7ee0723b6c5954285930dee8a3dad72efbcf089e68be:record_932,Rate,All inpatients,unknown,all inpatients,false,"[""unknown_unit_or_population""]",WTIS / Q2
file_9772e4124db9000923df7ee0723b6c5954285930dee8a3dad72efbcf089e68be:record_933,Rate,All inpatients,unknown,all inpatients,false,"[""unknown_unit_or_population""]",WTIS / Q2
file_9772e4124db9000923df7ee0723b6c5954285930dee8a3dad72efbcf089e68be:record_934,Rate,All inpatients,unknown,all inpatients,false,"[""unknown_unit_or_population""]",WTIS / Q2
file_9772e4124db9000923df7ee0723b6c5954285930dee8a3dad72efbcf089e68be:record_935,%,Health providers in the entire facility,percent,health providers in the entire facility,true,[],Hospital collected data / 24/25
file_9772e4124db9000923df7ee0723b6c5954285930dee8a3dad72efbcf089e68be:record_936,%,Staff,percent,staff,true,[],Local data collection / Other
file_9772e4124db9000923df7ee0723b6c5954285930dee8a3dad72efbcf089e68be:record_937,%,All inpatients,percent,all inpatients,true,[],In house data collection  / April 1 to March 31
file_9772e4124db9000923df7ee0723b6c5954285930dee8a3dad72efbcf089e68be:record_938,%,ED patients,percent,ed patients,true,[],Hospital collected data / April 1 to March 31
file_9772e4124db9000923df7ee0723b6c5954285930dee8a3dad72efbcf089e68be:record_939,%,Staff,percent,staff,true,[],In house data collection  / April 1 to March 31
file_9772e4124db9000923df7ee0723b6c5954285930dee8a3dad72efbcf089e68be:record_940,%,All inpatients,percent,all inpatients,true,[],In house data collection  / April 1 to March 31
file_9772e4124db9000923df7ee0723b6c5954285930dee8a3dad72efbcf089e68be:record_941,"Rate per 1,000 patient days",All inpatients,rate_per_1000_patient_days,all inpatients,true,[],In house data collection  / April 1 to March 31
file_9772e4124db9000923df7ee0723b6c5954285930dee8a3dad72efbcf089e68be:record_942,%,Staff,percent,staff,true,[],In house data collection  / April 1 to March 31
file_9772e4124db9000923df7ee0723b6c5954285930dee8a3dad72efbcf089e68be:record_943,%,All inpatients,percent,all inpatients,true,[],In-house survey / April 1 to March 31
file_9772e4124db9000923df7ee0723b6c5954285930dee8a3dad72efbcf089e68be:record_944,%,All inpatients,percent,all inpatients,true,[],In-house survey / 2024-2025
file_9772e4124db9000923df7ee0723b6c5954285930dee8a3dad72efbcf089e68be:record_945,%,All inpatients,percent,all inpatients,true,[],In-house survey / 2024-2025
file_9772e4124db9000923df7ee0723b6c5954285930dee8a3dad72efbcf089e68be:record_946,%,All inpatients,percent,all inpatients,true,[],Local data collection / 2024-2025
file_9772e4124db9000923df7ee0723b6c5954285930dee8a3dad72efbcf089e68be:record_947,Hours,ED patients,hours,ed patients,true,[],Local data collection / 2024-2025
file_9772e4124db9000923df7ee0723b6c5954285930dee8a3dad72efbcf089e68be:record_948,Hours,ED patients,hours,ed patients,true,[],Local data collection / 2024-2025
file_9772e4124db9000923df7ee0723b6c5954285930dee8a3dad72efbcf089e68be:record_949,%,ALC patients,percent,alc patients,true,[],Local data collection / 2024-2025
file_9772e4124db9000923df7ee0723b6c5954285930dee8a3dad72efbcf089e68be:record_950,%,ALC patients,percent,alc patients,true,[],Local data collection / 2024-2025
file_9772e4124db9000923df7ee0723b6c5954285930dee8a3dad72efbcf089e68be:record_951,%,ALC patients,percent,alc patients,true,[],Local data collection / 2024-2025
file_9772e4124db9000923df7ee0723b6c5954285930dee8a3dad72efbcf089e68be:record_952,Number,All inpatients,count,all inpatients,true,[],In-house survey / 2024-2025
file_9772e4124db9000923df7ee0723b6c5954285930dee8a3dad72efbcf089e68be:record_953,Number,All inpatients,count,all inpatients,true,[],In-house survey / 2024-2025
file_9772e4124db9000923df7ee0723b6c5954285930dee8a3dad72efbcf089e68be:record_954,Number,Worker,count,worker,true,[],Local data collection / 2024-2025
file_9772e4124db9000923df7ee0723b6c5954285930dee8a3dad72efbcf089e68be:record_955,Number,Worker,count,worker,true,[],Local data collection / 2024-2025
file_9772e4124db9000923df7ee0723b6c5954285930dee8a3dad72efbcf089e68be:record_956,%,All inpatients,percent,all inpatients,true,[],Local data collection / 2024-2025
file_9772e4124db9000923df7ee0723b6c5954285930dee8a3dad72efbcf089e68be:record_957,%,Discharged patients ,percent,discharged patients,true,[],Local data collection / Other
file_9772e4124db9000923df7ee0723b6c5954285930dee8a3dad72efbcf089e68be:record_958,%,Survey respondents,percent,survey respondents,true,[],Local data collection / Other
file_9772e4124db9000923df7ee0723b6c5954285930dee8a3dad72efbcf089e68be:record_959,Minutes,Patients,minutes,patients,true,[],CIHI NACRS / Other
file_9772e4124db9000923df7ee0723b6c5954285930dee8a3dad72efbcf089e68be:record_960,Ratio (No unit),ALC patients,ratio,alc patients,true,[],WTIS / Quarter
file_9772e4124db9000923df7ee0723b6c5954285930dee8a3dad72efbcf089e68be:record_961,%,ED patients,percent,ed patients,true,[],CIHI NACRS / Fiscal Year
file_9772e4124db9000923df7ee0723b6c5954285930dee8a3dad72efbcf089e68be:record_962,%,Staff,percent,staff,false,"[""incompatible_indicator_unit""]",Local data collection / Other
file_9772e4124db9000923df7ee0723b6c5954285930dee8a3dad72efbcf089e68be:record_963,%,Staff,percent,staff,true,[],Local data collection / Other
file_9772e4124db9000923df7ee0723b6c5954285930dee8a3dad72efbcf089e68be:record_964,%,ED patients,percent,ed patients,true,[],"EMR/Chart Review / April 1 to September 30, 2024"
file_9772e4124db9000923df7ee0723b6c5954285930dee8a3dad72efbcf089e68be:record_965,%,Discharged patients ,percent,discharged patients,true,[],Local data collection / Other
file_9772e4124db9000923df7ee0723b6c5954285930dee8a3dad72efbcf089e68be:record_966,%,Discharged patients ,percent,discharged patients,true,[],Local data collection / Other
file_9772e4124db9000923df7ee0723b6c5954285930dee8a3dad72efbcf089e68be:record_967,%,Survey respondents,percent,survey respondents,true,[],Local data collection / Other
file_9772e4124db9000923df7ee0723b6c5954285930dee8a3dad72efbcf089e68be:record_968,%,Survey respondents,percent,survey respondents,true,[],Local data collection / Other
file_9772e4124db9000923df7ee0723b6c5954285930dee8a3dad72efbcf089e68be:record_969,%,Survey respondents,percent,survey respondents,true,[],Local data collection / Other
file_9772e4124db9000923df7ee0723b6c5954285930dee8a3dad72efbcf089e68be:record_970,Minutes,Patients,minutes,patients,true,[],CIHI NACRS / Other
file_9772e4124db9000923df7ee0723b6c5954285930dee8a3dad72efbcf089e68be:record_971,Minutes,Patients,minutes,patients,true,[],CIHI NACRS / Other
file_9772e4124db9000923df7ee0723b6c5954285930dee8a3dad72efbcf089e68be:record_972,Minutes,Patients,minutes,patients,true,[],CIHI NACRS / Other
file_9772e4124db9000923df7ee0723b6c5954285930dee8a3dad72efbcf089e68be:record_973,Ratio (No unit),ALC patients,ratio,alc patients,true,[],WTIS / Quarter
file_9772e4124db9000923df7ee0723b6c5954285930dee8a3dad72efbcf089e68be:record_974,%,Staff,percent,staff,true,[],Local data collection / Other
file_9772e4124db9000923df7ee0723b6c5954285930dee8a3dad72efbcf089e68be:record_975,Rate,All patients,unknown,all patients,false,"[""unknown_unit_or_population""]",Hospital collected data / Most recent consecutive 12-month period
file_9772e4124db9000923df7ee0723b6c5954285930dee8a3dad72efbcf089e68be:record_976,Rate,All patients,unknown,all patients,false,"[""unknown_unit_or_population""]",Hospital collected data / Most recent consecutive 12-month period
file_9772e4124db9000923df7ee0723b6c5954285930dee8a3dad72efbcf089e68be:record_977,%,All patients,percent,all patients,true,[],Hospital collected data / April 1 2024-March 31 2025
file_9772e4124db9000923df7ee0723b6c5954285930dee8a3dad72efbcf089e68be:record_978,%,All patients,percent,all patients,true,[],Hospital collected data / April 1 2024-March 31 2025
file_9772e4124db9000923df7ee0723b6c5954285930dee8a3dad72efbcf089e68be:record_979,Count,Worker,count,worker,true,[],Hospital collected data / Jan 2024-December 2024
file_9772e4124db9000923df7ee0723b6c5954285930dee8a3dad72efbcf089e68be:record_980,Count,Worker,count,worker,true,[],Hospital collected data / Jan 2024-December 2024
file_9772e4124db9000923df7ee0723b6c5954285930dee8a3dad72efbcf089e68be:record_981,%,Discharged patients ,percent,discharged patients,true,[],Hospital collected data / April 1 2024- March 31 2025
file_9772e4124db9000923df7ee0723b6c5954285930dee8a3dad72efbcf089e68be:record_982,Ratio (No unit),ALC patients,ratio,alc patients,true,[],WTIS / Quarter
file_9772e4124db9000923df7ee0723b6c5954285930dee8a3dad72efbcf089e68be:record_983,Ratio (No unit),ALC patients,ratio,alc patients,true,[],WTIS / Quarter
file_9772e4124db9000923df7ee0723b6c5954285930dee8a3dad72efbcf089e68be:record_984,Ratio (No unit),ALC patients,ratio,alc patients,true,[],WTIS / Quarter
file_9772e4124db9000923df7ee0723b6c5954285930dee8a3dad72efbcf089e68be:record_985,Ratio (No unit),ALC patients,ratio,alc patients,true,[],WTIS / Quarter
file_9772e4124db9000923df7ee0723b6c5954285930dee8a3dad72efbcf089e68be:record_986,%,Survey respondents,percent,survey respondents,true,[],Local data collection / FY 2024-25
file_9772e4124db9000923df7ee0723b6c5954285930dee8a3dad72efbcf089e68be:record_987,%,Survey respondents,percent,survey respondents,true,[],Local data collection / FY 2024-25
file_9772e4124db9000923df7ee0723b6c5954285930dee8a3dad72efbcf089e68be:record_988,%,Survey respondents,percent,survey respondents,true,[],Local data collection / FY 2024-25
file_9772e4124db9000923df7ee0723b6c5954285930dee8a3dad72efbcf089e68be:record_989,%,Survey respondents,percent,survey respondents,true,[],Local data collection / FY 2024-25
file_9772e4124db9000923df7ee0723b6c5954285930dee8a3dad72efbcf089e68be:record_990,%,All surgical procedures,percent,all surgical procedures,true,[],WTIS / FY 2024-25
file_9772e4124db9000923df7ee0723b6c5954285930dee8a3dad72efbcf089e68be:record_991,%,All surgical procedures,percent,all surgical procedures,true,[],WTIS / FY 2024-25
file_9772e4124db9000923df7ee0723b6c5954285930dee8a3dad72efbcf089e68be:record_992,%,All surgical procedures,percent,all surgical procedures,true,[],WTIS / FY 2024-25
file_9772e4124db9000923df7ee0723b6c5954285930dee8a3dad72efbcf089e68be:record_993,%,All surgical procedures,percent,all surgical procedures,true,[],WTIS / FY 2024-25
file_9772e4124db9000923df7ee0723b6c5954285930dee8a3dad72efbcf089e68be:record_994,"Rate per 1,000 patient days",Patients,rate_per_1000_patient_days,patients,true,[],Hospital collected data / FY 2024-25
file_9772e4124db9000923df7ee0723b6c5954285930dee8a3dad72efbcf089e68be:record_995,"Rate per 1,000 patient days",Patients,rate_per_1000_patient_days,patients,true,[],Hospital collected data / FY 2024-25
file_9772e4124db9000923df7ee0723b6c5954285930dee8a3dad72efbcf089e68be:record_996,"Rate per 1,000 patient days",Patients,rate_per_1000_patient_days,patients,true,[],Hospital collected data / FY 2024-25
file_9772e4124db9000923df7ee0723b6c5954285930dee8a3dad72efbcf089e68be:record_997,"Rate per 1,000 patient days",Patients,rate_per_1000_patient_days,patients,true,[],Hospital collected data / FY 2024-25
file_9772e4124db9000923df7ee0723b6c5954285930dee8a3dad72efbcf089e68be:record_998,%,Staff,percent,staff,true,[],Local data collection / FY 2024-25
file_9772e4124db9000923df7ee0723b6c5954285930dee8a3dad72efbcf089e68be:record_999,%,Staff,percent,staff,true,[],Local data collection / FY 2024-25
file_9772e4124db9000923df7ee0723b6c5954285930dee8a3dad72efbcf089e68be:record_1000,%,Staff,percent,staff,true,[],Local data collection / FY 2024-25
file_9772e4124db9000923df7ee0723b6c5954285930dee8a3dad72efbcf089e68be:record_1001,Rate per total number of discharged patients,All inpatients,rate_per_discharged_patient,all inpatients,true,[],"In house data collection  / April 1, 2024 -March 31, 2025"
file_9772e4124db9000923df7ee0723b6c5954285930dee8a3dad72efbcf089e68be:record_1002,Rate per total number of discharged patients,All inpatients,rate_per_discharged_patient,all inpatients,true,[],"In house data collection  / April 1, 2024 -March 31, 2025"
file_9772e4124db9000923df7ee0723b6c5954285930dee8a3dad72efbcf089e68be:record_1003,Rate per total number of discharged patients,All inpatients,rate_per_discharged_patient,all inpatients,true,[],"In house data collection  / April 1, 2024 -March 31, 2025"
file_9772e4124db9000923df7ee0723b6c5954285930dee8a3dad72efbcf089e68be:record_1004,Number,N/a,count,unknown,false,"[""unknown_unit_or_population""]",In house data collection  / 2024 2025
file_9772e4124db9000923df7ee0723b6c5954285930dee8a3dad72efbcf089e68be:record_1005,Number,N/a,count,unknown,false,"[""unknown_unit_or_population""]",In house data collection  / 2024 2025
file_9772e4124db9000923df7ee0723b6c5954285930dee8a3dad72efbcf089e68be:record_1006,%,Survey respondents,percent,survey respondents,true,[],Local data collection / Other
file_9772e4124db9000923df7ee0723b6c5954285930dee8a3dad72efbcf089e68be:record_1007,%,Survey respondents,percent,survey respondents,true,[],Local data collection / Other
file_9772e4124db9000923df7ee0723b6c5954285930dee8a3dad72efbcf089e68be:record_1008,Minutes,Patients,minutes,patients,true,[],CIHI NACRS / Other
file_9772e4124db9000923df7ee0723b6c5954285930dee8a3dad72efbcf089e68be:record_1009,Minutes,Patients,minutes,patients,true,[],CIHI NACRS / Other
file_9772e4124db9000923df7ee0723b6c5954285930dee8a3dad72efbcf089e68be:record_1010,Minutes,Patients,minutes,patients,true,[],CIHI NACRS / Other
file_9772e4124db9000923df7ee0723b6c5954285930dee8a3dad72efbcf089e68be:record_1011,%,ED patients,percent,ed patients,true,[],CIHI NACRS / Fiscal Year
file_9772e4124db9000923df7ee0723b6c5954285930dee8a3dad72efbcf089e68be:record_1012,%,ED patients,percent,ed patients,true,[],CIHI NACRS / Fiscal Year
file_9772e4124db9000923df7ee0723b6c5954285930dee8a3dad72efbcf089e68be:record_1013,%,ED patients,percent,ed patients,true,[],CIHI NACRS / Fiscal Year
file_9772e4124db9000923df7ee0723b6c5954285930dee8a3dad72efbcf089e68be:record_1014,%,ED patients,percent,ed patients,true,[],CIHI NACRS / Fiscal Year
file_9772e4124db9000923df7ee0723b6c5954285930dee8a3dad72efbcf089e68be:record_1015,%,Staff,percent,staff,false,"[""incompatible_indicator_unit""]",Local data collection / Other
file_9772e4124db9000923df7ee0723b6c5954285930dee8a3dad72efbcf089e68be:record_1016,%,Staff,percent,staff,false,"[""incompatible_indicator_unit""]",Local data collection / Other
file_9772e4124db9000923df7ee0723b6c5954285930dee8a3dad72efbcf089e68be:record_1017,%,Staff,percent,staff,true,[],Local data collection / Other
file_9772e4124db9000923df7ee0723b6c5954285930dee8a3dad72efbcf089e68be:record_1018,Count,Other,count,unknown,false,"[""unknown_unit_or_population""]","In house data collection  / April 1, 2024- March 31, 2025"
file_9772e4124db9000923df7ee0723b6c5954285930dee8a3dad72efbcf089e68be:record_1019,%,Other,percent,unknown,false,"[""unknown_unit_or_population""]","Staff survey / April 1, 2024 to March 31, 2025"
file_9772e4124db9000923df7ee0723b6c5954285930dee8a3dad72efbcf089e68be:record_1020,%,Other,percent,unknown,false,"[""unknown_unit_or_population""]","Staff survey / April 1, 2024 to March 31, 2025"
file_9772e4124db9000923df7ee0723b6c5954285930dee8a3dad72efbcf089e68be:record_1021,%,Pediatric Patients,percent,pediatric patients,false,"[""incompatible_indicator_population""]","In house data collection  / April 1, 2024 to March 31, 2025"
file_9772e4124db9000923df7ee0723b6c5954285930dee8a3dad72efbcf089e68be:record_1022,%,Pediatric Patients,percent,pediatric patients,false,"[""incompatible_indicator_population""]","In house data collection  / April 1, 2024 to March 31, 2025"
file_9772e4124db9000923df7ee0723b6c5954285930dee8a3dad72efbcf089e68be:record_1023,%,Pediatric Patients,percent,pediatric patients,false,"[""incompatible_indicator_population""]","In house data collection  / April 1, 2024 to March 31, 2025"
file_9772e4124db9000923df7ee0723b6c5954285930dee8a3dad72efbcf089e68be:record_1024,90th percentile,Pediatric Patients,unknown,pediatric patients,false,"[""unknown_unit_or_population""]","CIHI NACRS / April 1, 2024 - March 31, 2025"
file_9772e4124db9000923df7ee0723b6c5954285930dee8a3dad72efbcf089e68be:record_1025,90th percentile,Pediatric Patients,unknown,pediatric patients,false,"[""unknown_unit_or_population""]","CIHI NACRS / April 1, 2024 - March 31, 2025"
file_9772e4124db9000923df7ee0723b6c5954285930dee8a3dad72efbcf089e68be:record_1026,90th percentile,Pediatric Patients,unknown,pediatric patients,false,"[""unknown_unit_or_population""]","CIHI NACRS / April 1, 2024 - March 31, 2025"
file_9772e4124db9000923df7ee0723b6c5954285930dee8a3dad72efbcf089e68be:record_1027,%,Pediatric Patients,percent,pediatric patients,true,[],"CIHI NACRS / April 1, 2024- March 31, 2025"
file_9772e4124db9000923df7ee0723b6c5954285930dee8a3dad72efbcf089e68be:record_1028,%,Pediatric Patients,percent,pediatric patients,true,[],"CIHI NACRS / April 1, 2024- March 31, 2025"
file_9772e4124db9000923df7ee0723b6c5954285930dee8a3dad72efbcf089e68be:record_1029,%,Pediatric Patients,percent,pediatric patients,true,[],"In house data collection  / April 1, 2024- March 31, 2025"
file_9772e4124db9000923df7ee0723b6c5954285930dee8a3dad72efbcf089e68be:record_1030,%,Pediatric Patients,percent,pediatric patients,true,[],"In house data collection  / April 1, 2024- March 31, 2025"
file_9772e4124db9000923df7ee0723b6c5954285930dee8a3dad72efbcf089e68be:record_1031,%,Other,percent,unknown,false,"[""unknown_unit_or_population""]","In house data collection  / April 1, 2024-March 31, 2025"
file_9772e4124db9000923df7ee0723b6c5954285930dee8a3dad72efbcf089e68be:record_1032,%,Other,percent,unknown,false,"[""unknown_unit_or_population""]","In house data collection  / April 1, 2024 to March 31, 2025"
file_9772e4124db9000923df7ee0723b6c5954285930dee8a3dad72efbcf089e68be:record_1033,%,Other,percent,unknown,false,"[""unknown_unit_or_population""]","In house data collection  / April 1, 2024 to March 31, 2025"
file_9772e4124db9000923df7ee0723b6c5954285930dee8a3dad72efbcf089e68be:record_1034,Count,Pediatric Patients,count,pediatric patients,true,[],"In house data collection  / April 1, 2024-March 31, 2025"
file_9772e4124db9000923df7ee0723b6c5954285930dee8a3dad72efbcf089e68be:record_1035,Count,Pediatric Patients,count,pediatric patients,true,[],"In house data collection  / April 1, 2024-March 31, 2025"
file_9772e4124db9000923df7ee0723b6c5954285930dee8a3dad72efbcf089e68be:record_1036,Count,Pediatric Patients,count,pediatric patients,true,[],"In house data collection  / April 1, 2024-March 31, 2025"
file_9772e4124db9000923df7ee0723b6c5954285930dee8a3dad72efbcf089e68be:record_1037,%,Other,percent,unknown,false,"[""unknown_unit_or_population""]","In house data collection  / April 1, 2024-March 31, 2025"
file_9772e4124db9000923df7ee0723b6c5954285930dee8a3dad72efbcf089e68be:record_1038,%,Other,percent,unknown,false,"[""unknown_unit_or_population""]","In house data collection  / April 1, 2024-March 31, 2025"
file_9772e4124db9000923df7ee0723b6c5954285930dee8a3dad72efbcf089e68be:record_1039,%,Survey respondents,percent,survey respondents,true,[],Local data collection / Other
file_9772e4124db9000923df7ee0723b6c5954285930dee8a3dad72efbcf089e68be:record_1040,%,Survey respondents,percent,survey respondents,true,[],Local data collection / Other
file_9772e4124db9000923df7ee0723b6c5954285930dee8a3dad72efbcf089e68be:record_1041,%,Survey respondents,percent,survey respondents,true,[],Local data collection / Other
file_9772e4124db9000923df7ee0723b6c5954285930dee8a3dad72efbcf089e68be:record_1042,%,Staff,percent,staff,true,[],Local data collection / Other
file_9772e4124db9000923df7ee0723b6c5954285930dee8a3dad72efbcf089e68be:record_1043,%,Staff,percent,staff,true,[],Local data collection / Other
file_9772e4124db9000923df7ee0723b6c5954285930dee8a3dad72efbcf089e68be:record_1044,%,Staff,percent,staff,true,[],Local data collection / Other
file_9772e4124db9000923df7ee0723b6c5954285930dee8a3dad72efbcf089e68be:record_1045,90th percentile,ED patients,unknown,ed patients,false,"[""unknown_unit_or_population""]",CIHI NACRS / April 1st 2023 to September 30th 2023 (Q1) and (Q2)
file_9772e4124db9000923df7ee0723b6c5954285930dee8a3dad72efbcf089e68be:record_1046,%,Other,percent,unknown,false,"[""unknown_unit_or_population""]",In house data collection  / Most recent 9 month period
file_9772e4124db9000923df7ee0723b6c5954285930dee8a3dad72efbcf089e68be:record_1047,%,Other,percent,unknown,false,"[""unknown_unit_or_population""]",In house data collection  / Most recent 9 month period
file_9772e4124db9000923df7ee0723b6c5954285930dee8a3dad72efbcf089e68be:record_1048,%,Other,percent,unknown,false,"[""unknown_unit_or_population""]",In house data collection  / Most recent 9 month period
file_9772e4124db9000923df7ee0723b6c5954285930dee8a3dad72efbcf089e68be:record_1049,%,Other,percent,unknown,false,"[""unknown_unit_or_population""]",In house data collection  / Most recent 9 month period
file_9772e4124db9000923df7ee0723b6c5954285930dee8a3dad72efbcf089e68be:record_1050,%,Other,percent,unknown,false,"[""unknown_unit_or_population""]",In house data collection  / Most recent 9 month period
file_9772e4124db9000923df7ee0723b6c5954285930dee8a3dad72efbcf089e68be:record_1051,%,Other,percent,unknown,false,"[""unknown_unit_or_population""]",In house data collection  / Most recent 9 month period
file_9772e4124db9000923df7ee0723b6c5954285930dee8a3dad72efbcf089e68be:record_1052,%,Other,percent,unknown,false,"[""unknown_unit_or_population""]",In house data collection  / Most recent 9 month period
file_9772e4124db9000923df7ee0723b6c5954285930dee8a3dad72efbcf089e68be:record_1053,%,Other,percent,unknown,false,"[""unknown_unit_or_population""]",In house data collection  / Most recent 9 month period
file_9772e4124db9000923df7ee0723b6c5954285930dee8a3dad72efbcf089e68be:record_1054,%,Other,percent,unknown,false,"[""unknown_unit_or_population""]",In house data collection  / Most recent 9 month period
file_9772e4124db9000923df7ee0723b6c5954285930dee8a3dad72efbcf089e68be:record_1055,%,Other,percent,unknown,false,"[""unknown_unit_or_population""]",In house data collection  / Most recent 9 month period
file_9772e4124db9000923df7ee0723b6c5954285930dee8a3dad72efbcf089e68be:record_1056,%,Other,percent,unknown,false,"[""unknown_unit_or_population""]",In house data collection  / Most recent 9 month period
file_9772e4124db9000923df7ee0723b6c5954285930dee8a3dad72efbcf089e68be:record_1057,Minutes,Patients,minutes,patients,true,[],CIHI NACRS / Other
file_9772e4124db9000923df7ee0723b6c5954285930dee8a3dad72efbcf089e68be:record_1058,Ratio (No unit),ALC patients,ratio,alc patients,true,[],WTIS / Quarter
file_9772e4124db9000923df7ee0723b6c5954285930dee8a3dad72efbcf089e68be:record_1059,%,ED patients,percent,ed patients,true,[],CIHI NACRS / Fiscal Year
file_9772e4124db9000923df7ee0723b6c5954285930dee8a3dad72efbcf089e68be:record_1060,%,Staff,percent,staff,false,"[""incompatible_indicator_unit""]",Local data collection / Other
file_9772e4124db9000923df7ee0723b6c5954285930dee8a3dad72efbcf089e68be:record_1061,%,Staff,percent,staff,true,[],Local data collection / Other
file_9772e4124db9000923df7ee0723b6c5954285930dee8a3dad72efbcf089e68be:record_1062,%,Mental health patients,percent,mental health patients,true,[],Other / April 1st 2024 to March 31st 2025
file_9772e4124db9000923df7ee0723b6c5954285930dee8a3dad72efbcf089e68be:record_1063,%,Mental health patients,percent,mental health patients,true,[],EMR/Chart Review / April 1st 2024 to March 31st 2025
file_9772e4124db9000923df7ee0723b6c5954285930dee8a3dad72efbcf089e68be:record_1064,%,Staff,percent,staff,true,[],Local data collection / Other
file_9772e4124db9000923df7ee0723b6c5954285930dee8a3dad72efbcf089e68be:record_1065,%,Staff,percent,staff,true,[],Local data collection / Other
file_9772e4124db9000923df7ee0723b6c5954285930dee8a3dad72efbcf089e68be:record_1066,%,Staff,percent,staff,true,[],Local data collection / Other
file_9772e4124db9000923df7ee0723b6c5954285930dee8a3dad72efbcf089e68be:record_1067,Rate,Patients,unknown,patients,false,"[""unknown_unit_or_population""]",Other / Quarterly data
file_9772e4124db9000923df7ee0723b6c5954285930dee8a3dad72efbcf089e68be:record_1068,Rate,Patients,unknown,patients,false,"[""unknown_unit_or_population""]",Other / Quarterly data
file_9772e4124db9000923df7ee0723b6c5954285930dee8a3dad72efbcf089e68be:record_1069,Rate,Patients,unknown,patients,false,"[""unknown_unit_or_population""]",Other / Quarterly data
file_9772e4124db9000923df7ee0723b6c5954285930dee8a3dad72efbcf089e68be:record_1070,Rate,Staff,unknown,staff,false,"[""unknown_unit_or_population""]",Hospital collected data / quarterly data
file_9772e4124db9000923df7ee0723b6c5954285930dee8a3dad72efbcf089e68be:record_1071,Rate,Staff,unknown,staff,false,"[""unknown_unit_or_population""]",Hospital collected data / quarterly data
file_9772e4124db9000923df7ee0723b6c5954285930dee8a3dad72efbcf089e68be:record_1072,Rate,Staff,unknown,staff,false,"[""unknown_unit_or_population""]",Hospital collected data / quarterly data
file_9772e4124db9000923df7ee0723b6c5954285930dee8a3dad72efbcf089e68be:record_1073,Rate,Staff,unknown,staff,false,"[""unknown_unit_or_population""]",Hospital collected data / quarterly data
file_9772e4124db9000923df7ee0723b6c5954285930dee8a3dad72efbcf089e68be:record_1074,Rate,Staff,unknown,staff,false,"[""unknown_unit_or_population""]",Hospital collected data / quarterly data
file_9772e4124db9000923df7ee0723b6c5954285930dee8a3dad72efbcf089e68be:record_1075,Rate,Staff,unknown,staff,false,"[""unknown_unit_or_population""]",Hospital collected data / quarterly data
file_9772e4124db9000923df7ee0723b6c5954285930dee8a3dad72efbcf089e68be:record_1076,Rate,Staff,unknown,staff,false,"[""unknown_unit_or_population""]",Hospital collected data / quarterly data
file_9772e4124db9000923df7ee0723b6c5954285930dee8a3dad72efbcf089e68be:record_1077,Rate,Staff,unknown,staff,false,"[""unknown_unit_or_population""]",Hospital collected data / quarterly data
file_9772e4124db9000923df7ee0723b6c5954285930dee8a3dad72efbcf089e68be:record_1078,Rate,Staff,unknown,staff,false,"[""unknown_unit_or_population""]",Hospital collected data / quarterly data
file_9772e4124db9000923df7ee0723b6c5954285930dee8a3dad72efbcf089e68be:record_1079,%,Survey respondents,percent,survey respondents,true,[],Local data collection / Other
file_9772e4124db9000923df7ee0723b6c5954285930dee8a3dad72efbcf089e68be:record_1080,%,Survey respondents,percent,survey respondents,true,[],Local data collection / Other
file_9772e4124db9000923df7ee0723b6c5954285930dee8a3dad72efbcf089e68be:record_1081,%,Survey respondents,percent,survey respondents,true,[],Local data collection / Other
file_9772e4124db9000923df7ee0723b6c5954285930dee8a3dad72efbcf089e68be:record_1082,%,Survey respondents,percent,survey respondents,true,[],Local data collection / Other
file_9772e4124db9000923df7ee0723b6c5954285930dee8a3dad72efbcf089e68be:record_1083,Ratio (No unit),ALC patients,ratio,alc patients,true,[],WTIS / Quarter
file_9772e4124db9000923df7ee0723b6c5954285930dee8a3dad72efbcf089e68be:record_1084,Ratio (No unit),ALC patients,ratio,alc patients,true,[],WTIS / Quarter
file_9772e4124db9000923df7ee0723b6c5954285930dee8a3dad72efbcf089e68be:record_1085,Ratio (No unit),ALC patients,ratio,alc patients,true,[],WTIS / Quarter
file_9772e4124db9000923df7ee0723b6c5954285930dee8a3dad72efbcf089e68be:record_1086,%,All patients,percent,all patients,true,[],In house data collection  / 2024/25
file_9772e4124db9000923df7ee0723b6c5954285930dee8a3dad72efbcf089e68be:record_1087,%,All patients,percent,all patients,true,[],In house data collection  / 2024/25
file_9772e4124db9000923df7ee0723b6c5954285930dee8a3dad72efbcf089e68be:record_1088,%,Staff,percent,staff,true,[],In-home audit / 2024/25
file_9772e4124db9000923df7ee0723b6c5954285930dee8a3dad72efbcf089e68be:record_1089,%,Staff,percent,staff,true,[],In-home audit / 2024/25
file_9772e4124db9000923df7ee0723b6c5954285930dee8a3dad72efbcf089e68be:record_1090,%,Staff,percent,staff,true,[],In-home audit / 2024/25
file_9772e4124db9000923df7ee0723b6c5954285930dee8a3dad72efbcf089e68be:record_1091,%,All patients,percent,all patients,true,[],In house data collection  / 2024/25
file_9772e4124db9000923df7ee0723b6c5954285930dee8a3dad72efbcf089e68be:record_1092,%,All patients,percent,all patients,true,[],In house data collection  / 2024/25
file_9772e4124db9000923df7ee0723b6c5954285930dee8a3dad72efbcf089e68be:record_1093,%,All patients,percent,all patients,true,[],In house data collection  / 2024/25
file_9772e4124db9000923df7ee0723b6c5954285930dee8a3dad72efbcf089e68be:record_1094,%,All patients,percent,all patients,true,[],In house data collection  / 2024/25
file_9772e4124db9000923df7ee0723b6c5954285930dee8a3dad72efbcf089e68be:record_1095,%,Population,percent,population,true,[],Other / 2024/25
file_9772e4124db9000923df7ee0723b6c5954285930dee8a3dad72efbcf089e68be:record_1096,%,Population,percent,population,true,[],Other / 2024/25
file_9772e4124db9000923df7ee0723b6c5954285930dee8a3dad72efbcf089e68be:record_1097,%,Population,percent,population,true,[],Other / 2024/25
file_9772e4124db9000923df7ee0723b6c5954285930dee8a3dad72efbcf089e68be:record_1098,%,Other,percent,unknown,false,"[""unknown_unit_or_population""]",In house data collection  / 2024/25
file_9772e4124db9000923df7ee0723b6c5954285930dee8a3dad72efbcf089e68be:record_1099,%,Other,percent,unknown,false,"[""unknown_unit_or_population""]",In house data collection  / 2024/25
file_9772e4124db9000923df7ee0723b6c5954285930dee8a3dad72efbcf089e68be:record_1100,%,Other,percent,unknown,false,"[""unknown_unit_or_population""]",In house data collection  / 2024/25
file_9772e4124db9000923df7ee0723b6c5954285930dee8a3dad72efbcf089e68be:record_1101,Count,Other,count,unknown,false,"[""unknown_unit_or_population""]",In house data collection  / 2024/25
file_9772e4124db9000923df7ee0723b6c5954285930dee8a3dad72efbcf089e68be:record_1102,Count,Other,count,unknown,false,"[""unknown_unit_or_population""]",In house data collection  / 2024/25
file_9772e4124db9000923df7ee0723b6c5954285930dee8a3dad72efbcf089e68be:record_1103,Count,Other,count,unknown,false,"[""unknown_unit_or_population""]",In house data collection  / 2024/25
file_9772e4124db9000923df7ee0723b6c5954285930dee8a3dad72efbcf089e68be:record_1104,Count,Other,count,unknown,false,"[""unknown_unit_or_population""]",In house data collection  / 2024/25
file_9772e4124db9000923df7ee0723b6c5954285930dee8a3dad72efbcf089e68be:record_1105,Count,Other,count,unknown,false,"[""unknown_unit_or_population""]",In house data collection  / 2024/25
file_9772e4124db9000923df7ee0723b6c5954285930dee8a3dad72efbcf089e68be:record_1106,Count,Other,count,unknown,false,"[""unknown_unit_or_population""]",In house data collection  / 2024/25
file_9772e4124db9000923df7ee0723b6c5954285930dee8a3dad72efbcf089e68be:record_1107,%,All patients,percent,all patients,true,[],Other / 2024/25
file_9772e4124db9000923df7ee0723b6c5954285930dee8a3dad72efbcf089e68be:record_1108,%,All patients,percent,all patients,true,[],Other / 2024/25
file_9772e4124db9000923df7ee0723b6c5954285930dee8a3dad72efbcf089e68be:record_1109,%,All patients,percent,all patients,true,[],Other / 2024/25
file_9772e4124db9000923df7ee0723b6c5954285930dee8a3dad72efbcf089e68be:record_1110,%,All patients,percent,all patients,true,[],Other / 2024/25
file_9772e4124db9000923df7ee0723b6c5954285930dee8a3dad72efbcf089e68be:record_1111,%,All patients,percent,all patients,true,[],Other / 2024/25
file_9772e4124db9000923df7ee0723b6c5954285930dee8a3dad72efbcf089e68be:record_1112,%,All patients,percent,all patients,true,[],Other / 2024/25
file_9772e4124db9000923df7ee0723b6c5954285930dee8a3dad72efbcf089e68be:record_1113,%,All patients,percent,all patients,true,[],In house data collection  / 2024/25
file_9772e4124db9000923df7ee0723b6c5954285930dee8a3dad72efbcf089e68be:record_1114,%,All patients,percent,all patients,true,[],In house data collection  / 2024/25
file_9772e4124db9000923df7ee0723b6c5954285930dee8a3dad72efbcf089e68be:record_1115,%,All patients,percent,all patients,true,[],In house data collection  / 2024/25
file_9772e4124db9000923df7ee0723b6c5954285930dee8a3dad72efbcf089e68be:record_1116,%,All patients,percent,all patients,true,[],In house data collection  / 2024/25
file_9772e4124db9000923df7ee0723b6c5954285930dee8a3dad72efbcf089e68be:record_1117,%,All patients,percent,all patients,true,[],In house data collection  / 2024/25
file_9772e4124db9000923df7ee0723b6c5954285930dee8a3dad72efbcf089e68be:record_1118,%,All patients,percent,all patients,true,[],In house data collection  / 2024/25
file_9772e4124db9000923df7ee0723b6c5954285930dee8a3dad72efbcf089e68be:record_1119,%,All patients,percent,all patients,true,[],In house data collection  / 2024/25
file_9772e4124db9000923df7ee0723b6c5954285930dee8a3dad72efbcf089e68be:record_1120,%,All patients,percent,all patients,true,[],In house data collection  / 2024/25
file_9772e4124db9000923df7ee0723b6c5954285930dee8a3dad72efbcf089e68be:record_1121,Hours,ED patients,hours,ed patients,true,[],Other / Dec 2023 to Nov 2024 (P4R cycle)
file_9772e4124db9000923df7ee0723b6c5954285930dee8a3dad72efbcf089e68be:record_1122,Hours,ED patients,hours,ed patients,true,[],Other / Dec 2023 to Nov 2024 (P4R cycle)
file_9772e4124db9000923df7ee0723b6c5954285930dee8a3dad72efbcf089e68be:record_1123,Hours,ED patients,hours,ed patients,true,[],Other / Dec 2023 to Nov 2024 (P4R cycle)
file_9772e4124db9000923df7ee0723b6c5954285930dee8a3dad72efbcf089e68be:record_1124,Hours,ED patients,hours,ed patients,true,[],Other / Dec 2023 to Nov 2024 (P4R cycle)
file_9772e4124db9000923df7ee0723b6c5954285930dee8a3dad72efbcf089e68be:record_1125,Hours,ED patients,hours,ed patients,true,[],Other / Dec 2023 to Nov 2024 (P4R cycle)
file_9772e4124db9000923df7ee0723b6c5954285930dee8a3dad72efbcf089e68be:record_1126,%,Survey respondents,percent,survey respondents,true,[],Local data collection / Other
file_9772e4124db9000923df7ee0723b6c5954285930dee8a3dad72efbcf089e68be:record_1127,%,Survey respondents,percent,survey respondents,true,[],Local data collection / Other
file_9772e4124db9000923df7ee0723b6c5954285930dee8a3dad72efbcf089e68be:record_1128,%,Survey respondents,percent,survey respondents,true,[],Local data collection / Other
file_9772e4124db9000923df7ee0723b6c5954285930dee8a3dad72efbcf089e68be:record_1129,%,Survey respondents,percent,survey respondents,true,[],Local data collection / Other
file_9772e4124db9000923df7ee0723b6c5954285930dee8a3dad72efbcf089e68be:record_1130,Ratio (No unit),ALC patients,ratio,alc patients,true,[],WTIS / Quarter
file_9772e4124db9000923df7ee0723b6c5954285930dee8a3dad72efbcf089e68be:record_1131,Ratio (No unit),ALC patients,ratio,alc patients,true,[],WTIS / Quarter
file_9772e4124db9000923df7ee0723b6c5954285930dee8a3dad72efbcf089e68be:record_1132,Ratio (No unit),ALC patients,ratio,alc patients,true,[],WTIS / Quarter
file_9772e4124db9000923df7ee0723b6c5954285930dee8a3dad72efbcf089e68be:record_1133,Ratio (No unit),ALC patients,ratio,alc patients,true,[],WTIS / Quarter
file_9772e4124db9000923df7ee0723b6c5954285930dee8a3dad72efbcf089e68be:record_1134,Rate,Other,unknown,unknown,false,"[""unknown_unit_or_population""]",Local data collection / April 2024 to March 2025
file_9772e4124db9000923df7ee0723b6c5954285930dee8a3dad72efbcf089e68be:record_1135,Rate,Other,unknown,unknown,false,"[""unknown_unit_or_population""]",Local data collection / April 2024 to March 2025
file_9772e4124db9000923df7ee0723b6c5954285930dee8a3dad72efbcf089e68be:record_1136,Rate,Other,unknown,unknown,false,"[""unknown_unit_or_population""]",Local data collection / April 2024 to March 2025
file_9772e4124db9000923df7ee0723b6c5954285930dee8a3dad72efbcf089e68be:record_1137,Count,Other,count,unknown,false,"[""unknown_unit_or_population""]",Hospital collected data / January to December 2024
file_9772e4124db9000923df7ee0723b6c5954285930dee8a3dad72efbcf089e68be:record_1138,Count,Other,count,unknown,false,"[""unknown_unit_or_population""]",Hospital collected data / January to December 2024
file_9772e4124db9000923df7ee0723b6c5954285930dee8a3dad72efbcf089e68be:record_1139,Count,Other,count,unknown,false,"[""unknown_unit_or_population""]",Hospital collected data / January to December 2024
file_9772e4124db9000923df7ee0723b6c5954285930dee8a3dad72efbcf089e68be:record_1140,Rate,Staff,unknown,staff,false,"[""unknown_unit_or_population""]",Other / April 2024 - March 2025
file_9772e4124db9000923df7ee0723b6c5954285930dee8a3dad72efbcf089e68be:record_1141,Rate,Staff,unknown,staff,false,"[""unknown_unit_or_population""]",Other / April 2024 - March 2025
file_9772e4124db9000923df7ee0723b6c5954285930dee8a3dad72efbcf089e68be:record_1142,Rate,Staff,unknown,staff,false,"[""unknown_unit_or_population""]",Other / April 2024 - March 2025
file_9772e4124db9000923df7ee0723b6c5954285930dee8a3dad72efbcf089e68be:record_1143,Count,Mental health patients,count,mental health patients,true,[],Hospital collected data / April 1 2024-March 31 2025
file_9772e4124db9000923df7ee0723b6c5954285930dee8a3dad72efbcf089e68be:record_1144,Count,Mental health patients,count,mental health patients,true,[],Hospital collected data / April 1 2024-March 31 2025
file_9772e4124db9000923df7ee0723b6c5954285930dee8a3dad72efbcf089e68be:record_1145,Count,Mental health patients,count,mental health patients,true,[],Hospital collected data / April 1 2024-March 31 2025
file_9772e4124db9000923df7ee0723b6c5954285930dee8a3dad72efbcf089e68be:record_1146,Count,Mental health patients,count,mental health patients,true,[],Hospital collected data / April 1 2024-March 31 2025
file_9772e4124db9000923df7ee0723b6c5954285930dee8a3dad72efbcf089e68be:record_1147,Ratio (No unit),ALC patients,ratio,alc patients,true,[],WTIS / Quarter
file_9772e4124db9000923df7ee0723b6c5954285930dee8a3dad72efbcf089e68be:record_1148,%,Staff,percent,staff,true,[],Local data collection / Other
file_9772e4124db9000923df7ee0723b6c5954285930dee8a3dad72efbcf089e68be:record_1149,%,All inpatients,percent,all inpatients,true,[],"In-house survey / Apri 1, 2024 to March 31, 2025"
file_9772e4124db9000923df7ee0723b6c5954285930dee8a3dad72efbcf089e68be:record_1150,Count,Staff,count,staff,true,[],"Local data collection / April 1, 2024 to March 31, 2025"
file_9772e4124db9000923df7ee0723b6c5954285930dee8a3dad72efbcf089e68be:record_1151,Count,Staff,count,staff,true,[],"Local data collection / April 1, 2024 to March 31, 2025"
file_9772e4124db9000923df7ee0723b6c5954285930dee8a3dad72efbcf089e68be:record_1152,%,Survey respondents,percent,survey respondents,true,[],Local data collection / Other
file_9772e4124db9000923df7ee0723b6c5954285930dee8a3dad72efbcf089e68be:record_1153,Hours,ED patients,hours,ed patients,true,[],CIHI NACRS / Other
file_9772e4124db9000923df7ee0723b6c5954285930dee8a3dad72efbcf089e68be:record_1154,Ratio (No unit),ALC patients,ratio,alc patients,true,[],WTIS / Quarter
file_9772e4124db9000923df7ee0723b6c5954285930dee8a3dad72efbcf089e68be:record_1155,%,Staff,percent,staff,false,"[""incompatible_indicator_unit""]",Local data collection / Other
file_9772e4124db9000923df7ee0723b6c5954285930dee8a3dad72efbcf089e68be:record_1156,90th percentile,ED patients,unknown,ed patients,false,"[""unknown_unit_or_population"",""incompatible_indicator_unit""]",CIHI NACRS / Apr 1 to Mar 31
file_9772e4124db9000923df7ee0723b6c5954285930dee8a3dad72efbcf089e68be:record_1157,Ratio (No unit),All surgical procedures,ratio,all surgical procedures,true,[],In house data collection  / Apr 1 to Mar 31
file_9772e4124db9000923df7ee0723b6c5954285930dee8a3dad72efbcf089e68be:record_1158,%,Other,percent,unknown,false,"[""unknown_unit_or_population""]",EMR/Chart Review / Fiscal Year
file_9772e4124db9000923df7ee0723b6c5954285930dee8a3dad72efbcf089e68be:record_1159,%,Other,percent,unknown,false,"[""unknown_unit_or_population""]",EMR/Chart Review / Fiscal Year
file_9772e4124db9000923df7ee0723b6c5954285930dee8a3dad72efbcf089e68be:record_1160,%,Other,percent,unknown,false,"[""unknown_unit_or_population""]",EMR/Chart Review / Fiscal Year
file_9772e4124db9000923df7ee0723b6c5954285930dee8a3dad72efbcf089e68be:record_1161,%,Other,percent,unknown,false,"[""unknown_unit_or_population""]",EMR/Chart Review / Fiscal Year
file_9772e4124db9000923df7ee0723b6c5954285930dee8a3dad72efbcf089e68be:record_1162,%,Other,percent,unknown,false,"[""unknown_unit_or_population""]",EMR/Chart Review / Fiscal Year
file_9772e4124db9000923df7ee0723b6c5954285930dee8a3dad72efbcf089e68be:record_1163,%,Other,percent,unknown,false,"[""unknown_unit_or_population""]",EMR/Chart Review / Fiscal Year
file_9772e4124db9000923df7ee0723b6c5954285930dee8a3dad72efbcf089e68be:record_1164,%,Other,percent,unknown,false,"[""unknown_unit_or_population""]",Other / Fiscal Year
file_9772e4124db9000923df7ee0723b6c5954285930dee8a3dad72efbcf089e68be:record_1165,%,Other,percent,unknown,false,"[""unknown_unit_or_population""]",EMR/Chart Review / Fiscal Year
file_9772e4124db9000923df7ee0723b6c5954285930dee8a3dad72efbcf089e68be:record_1166,%,Other,percent,unknown,false,"[""unknown_unit_or_population""]",EMR/Chart Review / Fiscal Year
file_9772e4124db9000923df7ee0723b6c5954285930dee8a3dad72efbcf089e68be:record_1167,Count,Worker,count,worker,true,[],Local data collection / Fiscal Year (cumulative)
file_9772e4124db9000923df7ee0723b6c5954285930dee8a3dad72efbcf089e68be:record_1168,Count,Worker,count,worker,true,[],Local data collection / Fiscal Year (cumulative)
file_9772e4124db9000923df7ee0723b6c5954285930dee8a3dad72efbcf089e68be:record_1169,Minutes,Patients,minutes,patients,true,[],CIHI NACRS / Other
file_9772e4124db9000923df7ee0723b6c5954285930dee8a3dad72efbcf089e68be:record_1170,Minutes,Patients,minutes,patients,true,[],CIHI NACRS / Other
file_9772e4124db9000923df7ee0723b6c5954285930dee8a3dad72efbcf089e68be:record_1171,%,Staff,percent,staff,true,[],Local data collection / Other
file_9772e4124db9000923df7ee0723b6c5954285930dee8a3dad72efbcf089e68be:record_1172,Hours,ED patients,hours,ed patients,true,[],Hospital collected data / 2023-24
file_9772e4124db9000923df7ee0723b6c5954285930dee8a3dad72efbcf089e68be:record_1173,Hours,ED patients,hours,ed patients,true,[],Hospital collected data / 2023-24
file_9772e4124db9000923df7ee0723b6c5954285930dee8a3dad72efbcf089e68be:record_1174,%,Patients,percent,patients,true,[],In house data collection  / YTD Q3 23/24 (April 2023-December 2023)
file_9772e4124db9000923df7ee0723b6c5954285930dee8a3dad72efbcf089e68be:record_1175,%,Survey respondents,percent,survey respondents,true,[],Local data collection / YTD Q4 23/24 (April 2023-March 2024)
file_9772e4124db9000923df7ee0723b6c5954285930dee8a3dad72efbcf089e68be:record_1176,%,Survey respondents,percent,survey respondents,true,[],Local data collection / YTD Q4 23/24 (April 2023-March 2024)
file_9772e4124db9000923df7ee0723b6c5954285930dee8a3dad72efbcf089e68be:record_1177,%,Other,percent,unknown,false,"[""unknown_unit_or_population""]",In house data collection  / YTD Q3 23/24 (April 2023-December 2023)
file_9772e4124db9000923df7ee0723b6c5954285930dee8a3dad72efbcf089e68be:record_1178,%,Other,percent,unknown,false,"[""unknown_unit_or_population""]",In house data collection  / YTD Q3 23/24 (April 2023-December 2023)
file_9772e4124db9000923df7ee0723b6c5954285930dee8a3dad72efbcf089e68be:record_1179,%,Discharged patients ,percent,discharged patients,true,[],Local data collection / YTD Q3 23/24 (April 2023-December 2023)
file_9772e4124db9000923df7ee0723b6c5954285930dee8a3dad72efbcf089e68be:record_1180,Rate,Other,unknown,unknown,false,"[""unknown_unit_or_population"",""incompatible_indicator_unit"",""incompatible_indicator_population""]",Local data collection / YTD Q3 23/24 (April 2023-December 2023)
file_9772e4124db9000923df7ee0723b6c5954285930dee8a3dad72efbcf089e68be:record_1181,Hours,ED patients,hours,ed patients,true,[],Local data collection / Local data collection / YTD Q4 23/24 (April 2023-March 2024)
file_9772e4124db9000923df7ee0723b6c5954285930dee8a3dad72efbcf089e68be:record_1182,Hours,ED patients,hours,ed patients,true,[],Local data collection / Local data collection / YTD Q4 23/24 (April 2023-March 2024)
file_9772e4124db9000923df7ee0723b6c5954285930dee8a3dad72efbcf089e68be:record_1183,Ratio (No unit),ALC patients,ratio,alc patients,true,[],WTIS / Quarter
file_9772e4124db9000923df7ee0723b6c5954285930dee8a3dad72efbcf089e68be:record_1184,Ratio (No unit),ALC patients,ratio,alc patients,true,[],WTIS / Quarter
file_9772e4124db9000923df7ee0723b6c5954285930dee8a3dad72efbcf089e68be:record_1185,Ratio (No unit),ALC patients,ratio,alc patients,true,[],WTIS / Quarter
file_9772e4124db9000923df7ee0723b6c5954285930dee8a3dad72efbcf089e68be:record_1186,%,Staff,percent,staff,true,[],Local data collection / Other
file_9772e4124db9000923df7ee0723b6c5954285930dee8a3dad72efbcf089e68be:record_1187,%,Survey respondents,percent,survey respondents,true,[],Other / Establishing baseline
file_9772e4124db9000923df7ee0723b6c5954285930dee8a3dad72efbcf089e68be:record_1188,%,Survey respondents,percent,survey respondents,true,[],Other / Establishing baseline
file_9772e4124db9000923df7ee0723b6c5954285930dee8a3dad72efbcf089e68be:record_1189,90th percentile,ED patients,unknown,ed patients,false,"[""unknown_unit_or_population""]","Hospital collected data / FY 2024'25, April '23 - Jan '24"
file_9772e4124db9000923df7ee0723b6c5954285930dee8a3dad72efbcf089e68be:record_1190,90th percentile,ED patients,unknown,ed patients,false,"[""unknown_unit_or_population""]","Hospital collected data / FY 2024'25, April '23 - Jan '24"
file_9772e4124db9000923df7ee0723b6c5954285930dee8a3dad72efbcf089e68be:record_1191,Number,All patients,count,all patients,true,[],"Other / Q1, Q2, Q3 '23'24 quarterly average"
file_9772e4124db9000923df7ee0723b6c5954285930dee8a3dad72efbcf089e68be:record_1192,Number,All patients,count,all patients,true,[],"Other / Q1, Q2, Q3 '23'24 quarterly average"
file_9772e4124db9000923df7ee0723b6c5954285930dee8a3dad72efbcf089e68be:record_1193,Number,Staff,count,staff,true,[],In house data collection  / Yearly  average  based on past  two FY
file_9772e4124db9000923df7ee0723b6c5954285930dee8a3dad72efbcf089e68be:record_1194,%,Staff,percent,staff,true,[],In house data collection  / FY 2023/24 results
file_9772e4124db9000923df7ee0723b6c5954285930dee8a3dad72efbcf089e68be:record_1195,%,Staff,percent,staff,true,[],In house data collection  / FY 2023/24 results
file_9772e4124db9000923df7ee0723b6c5954285930dee8a3dad72efbcf089e68be:record_1196,Minutes,ED patients,minutes,ed patients,true,[],CIHI NACRS / Quarter
file_9772e4124db9000923df7ee0723b6c5954285930dee8a3dad72efbcf089e68be:record_1197,Minutes,ED patients,minutes,ed patients,true,[],CIHI NACRS / Quarter
file_9772e4124db9000923df7ee0723b6c5954285930dee8a3dad72efbcf089e68be:record_1198,%,ED patients,percent,ed patients,true,[],CIHI NACRS / Quarter
file_9772e4124db9000923df7ee0723b6c5954285930dee8a3dad72efbcf089e68be:record_1199,%,ED patients,percent,ed patients,true,[],CIHI NACRS / Quarter
file_9772e4124db9000923df7ee0723b6c5954285930dee8a3dad72efbcf089e68be:record_1200,%,ED patients,percent,ed patients,true,[],CIHI NACRS / Quarter
file_9772e4124db9000923df7ee0723b6c5954285930dee8a3dad72efbcf089e68be:record_1201,%,Staff,percent,staff,true,[],Local data collection / Other
file_9772e4124db9000923df7ee0723b6c5954285930dee8a3dad72efbcf089e68be:record_1202,%,Staff,percent,staff,true,[],Local data collection / Other
file_9772e4124db9000923df7ee0723b6c5954285930dee8a3dad72efbcf089e68be:record_1203,%,Staff,percent,staff,true,[],Local data collection / Other
file_9772e4124db9000923df7ee0723b6c5954285930dee8a3dad72efbcf089e68be:record_1204,"Rate per 1,000",All inpatients,rate_per_1000,all inpatients,true,[],"DAD,CIHI,OHIP-CHDB,CAPE,CPDB / Q1-Q3 (April 1, 2023-Dec 31, 2023) 2023/2024"
file_9772e4124db9000923df7ee0723b6c5954285930dee8a3dad72efbcf089e68be:record_1205,"Rate per 1,000",All inpatients,rate_per_1000,all inpatients,true,[],"DAD,CIHI,OHIP-CHDB,CAPE,CPDB / Q1-Q3 (April 1, 2023-Dec 31, 2023) 2023/2024"
file_9772e4124db9000923df7ee0723b6c5954285930dee8a3dad72efbcf089e68be:record_1206,%,Staff,percent,staff,true,[],"Hospital collected data / Average of most recent consecutive 12 month period (Mar 1, 2023-Feb 29, 2024)"
file_9772e4124db9000923df7ee0723b6c5954285930dee8a3dad72efbcf089e68be:record_1207,%,Staff,percent,staff,true,[],"Hospital collected data / Average of most recent consecutive 12 month period (Mar 1, 2023-Feb 29, 2024)"
file_9772e4124db9000923df7ee0723b6c5954285930dee8a3dad72efbcf089e68be:record_1208,Ratio (No unit),ALC patients,ratio,alc patients,true,[],WTIS / Quarter
file_9772e4124db9000923df7ee0723b6c5954285930dee8a3dad72efbcf089e68be:record_1209,Ratio (No unit),ALC patients,ratio,alc patients,true,[],WTIS / Quarter
file_9772e4124db9000923df7ee0723b6c5954285930dee8a3dad72efbcf089e68be:record_1210,Ratio (No unit),ALC patients,ratio,alc patients,true,[],WTIS / Quarter
file_9772e4124db9000923df7ee0723b6c5954285930dee8a3dad72efbcf089e68be:record_1211,%,Staff,percent,staff,true,[],Local data collection / Other
file_9772e4124db9000923df7ee0723b6c5954285930dee8a3dad72efbcf089e68be:record_1212,%,Survey respondents,percent,survey respondents,true,[],Other / Establishing baseline
file_9772e4124db9000923df7ee0723b6c5954285930dee8a3dad72efbcf089e68be:record_1213,%,Survey respondents,percent,survey respondents,true,[],Other / Establishing baseline
file_9772e4124db9000923df7ee0723b6c5954285930dee8a3dad72efbcf089e68be:record_1214,Number,Staff,count,staff,true,[],In house data collection  / Yearly average based on past two FY
file_9772e4124db9000923df7ee0723b6c5954285930dee8a3dad72efbcf089e68be:record_1215,90th percentile,ED patients,unknown,ed patients,false,"[""unknown_unit_or_population""]",In house data collection  / FY 2023/24 year to date Apr '23 - Jan '24
file_9772e4124db9000923df7ee0723b6c5954285930dee8a3dad72efbcf089e68be:record_1216,90th percentile,ED patients,unknown,ed patients,false,"[""unknown_unit_or_population""]",In house data collection  / FY 2023/24 year to date Apr '23 - Jan '24
file_9772e4124db9000923df7ee0723b6c5954285930dee8a3dad72efbcf089e68be:record_1217,Number,All patients,count,all patients,true,[],"Other / Q1, Q2, Q3 '23'24 quarterly average"
file_9772e4124db9000923df7ee0723b6c5954285930dee8a3dad72efbcf089e68be:record_1218,Number,All patients,count,all patients,true,[],"Other / Q1, Q2, Q3 '23'24 quarterly average"
file_9772e4124db9000923df7ee0723b6c5954285930dee8a3dad72efbcf089e68be:record_1219,%,Staff,percent,staff,true,[],In house data collection  / 2023/24 results
file_9772e4124db9000923df7ee0723b6c5954285930dee8a3dad72efbcf089e68be:record_1220,%,Staff,percent,staff,true,[],In house data collection  / 2023/24 results
file_9772e4124db9000923df7ee0723b6c5954285930dee8a3dad72efbcf089e68be:record_1221,Other,Rehab,unknown,rehab,false,"[""unknown_unit_or_population""]",In-house survey / End of Mar 2025
file_9772e4124db9000923df7ee0723b6c5954285930dee8a3dad72efbcf089e68be:record_1222,Other,Rehab,unknown,rehab,false,"[""unknown_unit_or_population""]",In-house survey / End of Mar 2025
file_9772e4124db9000923df7ee0723b6c5954285930dee8a3dad72efbcf089e68be:record_1223,Other,Rehab,unknown,rehab,false,"[""unknown_unit_or_population""]",In-house survey / End of Mar 2025
file_9772e4124db9000923df7ee0723b6c5954285930dee8a3dad72efbcf089e68be:record_1224,Other,Rehab,unknown,rehab,false,"[""unknown_unit_or_population""]",In-house survey / End of Mar 2025
file_9772e4124db9000923df7ee0723b6c5954285930dee8a3dad72efbcf089e68be:record_1225,Other,Rehab,unknown,rehab,false,"[""unknown_unit_or_population""]",In-house survey / End of Mar 2025
file_9772e4124db9000923df7ee0723b6c5954285930dee8a3dad72efbcf089e68be:record_1226,Other,Rehab,unknown,rehab,false,"[""unknown_unit_or_population""]",In-house survey / End of Mar 2025
file_9772e4124db9000923df7ee0723b6c5954285930dee8a3dad72efbcf089e68be:record_1227,Other,Rehab,unknown,rehab,false,"[""unknown_unit_or_population""]",In-house survey / End of Mar 2025
file_9772e4124db9000923df7ee0723b6c5954285930dee8a3dad72efbcf089e68be:record_1228,Ratio (No unit),ALC patients,ratio,alc patients,true,[],WTIS / Quarter
file_9772e4124db9000923df7ee0723b6c5954285930dee8a3dad72efbcf089e68be:record_1229,Ratio (No unit),ALC patients,ratio,alc patients,true,[],WTIS / Quarter
file_9772e4124db9000923df7ee0723b6c5954285930dee8a3dad72efbcf089e68be:record_1230,%,All patients,percent,all patients,true,[],Local data collection / Most recent consecutive 12-month period
file_9772e4124db9000923df7ee0723b6c5954285930dee8a3dad72efbcf089e68be:record_1231,%,Other,percent,unknown,false,"[""unknown_unit_or_population""]",Local data collection / Most recent consecutive 12-month period
file_9772e4124db9000923df7ee0723b6c5954285930dee8a3dad72efbcf089e68be:record_1232,%,Other,percent,unknown,false,"[""unknown_unit_or_population""]",Local data collection / Most recent consecutive 12-month period
file_9772e4124db9000923df7ee0723b6c5954285930dee8a3dad72efbcf089e68be:record_1233,%,All inpatients,percent,all inpatients,true,[],Other / Most recent consecutive 12-month period
file_9772e4124db9000923df7ee0723b6c5954285930dee8a3dad72efbcf089e68be:record_1234,%,All inpatients,percent,all inpatients,true,[],Other / Most recent consecutive 12-month period
file_9772e4124db9000923df7ee0723b6c5954285930dee8a3dad72efbcf089e68be:record_1235,%,Other,percent,unknown,false,"[""unknown_unit_or_population""]",Local data collection / Q4 2024-25
file_9772e4124db9000923df7ee0723b6c5954285930dee8a3dad72efbcf089e68be:record_1236,%,Other,percent,unknown,false,"[""unknown_unit_or_population""]",Local data collection / Q4 2024-25
file_9772e4124db9000923df7ee0723b6c5954285930dee8a3dad72efbcf089e68be:record_1237,%,Other,percent,unknown,false,"[""unknown_unit_or_population""]",Local data collection / Q4 2024-25
file_9772e4124db9000923df7ee0723b6c5954285930dee8a3dad72efbcf089e68be:record_1238,%,Other,percent,unknown,false,"[""unknown_unit_or_population""]",Local data collection / Q4 2024-25
file_9772e4124db9000923df7ee0723b6c5954285930dee8a3dad72efbcf089e68be:record_1239,%,Other,percent,unknown,false,"[""unknown_unit_or_population""]",Local data collection / Q4 2024-25
file_9772e4124db9000923df7ee0723b6c5954285930dee8a3dad72efbcf089e68be:record_1240,%,All patients,percent,all patients,true,[],Other / Q3
file_9772e4124db9000923df7ee0723b6c5954285930dee8a3dad72efbcf089e68be:record_1241,%,All inpatients,percent,all inpatients,true,[],Other / Q3 actual performance
file_9772e4124db9000923df7ee0723b6c5954285930dee8a3dad72efbcf089e68be:record_1242,%,Discharged patients ,percent,discharged patients,true,[],Local data collection / Other
file_9772e4124db9000923df7ee0723b6c5954285930dee8a3dad72efbcf089e68be:record_1243,%,Discharged patients ,percent,discharged patients,true,[],Local data collection / Other
file_9772e4124db9000923df7ee0723b6c5954285930dee8a3dad72efbcf089e68be:record_1244,%,Discharged patients ,percent,discharged patients,true,[],Local data collection / Other
file_9772e4124db9000923df7ee0723b6c5954285930dee8a3dad72efbcf089e68be:record_1245,%,Survey respondents,percent,survey respondents,true,[],Local data collection / Other
file_9772e4124db9000923df7ee0723b6c5954285930dee8a3dad72efbcf089e68be:record_1246,%,Survey respondents,percent,survey respondents,true,[],Local data collection / Other
file_9772e4124db9000923df7ee0723b6c5954285930dee8a3dad72efbcf089e68be:record_1247,Hours,ED patients,hours,ed patients,true,[],CIHI NACRS / Other
file_9772e4124db9000923df7ee0723b6c5954285930dee8a3dad72efbcf089e68be:record_1248,Hours,ED patients,hours,ed patients,true,[],CIHI NACRS / Other
file_9772e4124db9000923df7ee0723b6c5954285930dee8a3dad72efbcf089e68be:record_1249,%,Staff,percent,staff,false,"[""incompatible_indicator_unit""]",Local data collection / Other
file_9772e4124db9000923df7ee0723b6c5954285930dee8a3dad72efbcf089e68be:record_1250,%,Staff,percent,staff,false,"[""incompatible_indicator_unit""]",Local data collection / Other
file_9772e4124db9000923df7ee0723b6c5954285930dee8a3dad72efbcf089e68be:record_1251,%,Staff,percent,staff,false,"[""incompatible_indicator_unit""]",Local data collection / Other
file_9772e4124db9000923df7ee0723b6c5954285930dee8a3dad72efbcf089e68be:record_1252,%,Staff,percent,staff,false,"[""incompatible_indicator_unit""]",Local data collection / Other
file_9772e4124db9000923df7ee0723b6c5954285930dee8a3dad72efbcf089e68be:record_1253,%,Staff,percent,staff,true,[],Local data collection / Other
file_9772e4124db9000923df7ee0723b6c5954285930dee8a3dad72efbcf089e68be:record_1254,Hours,ED patients,hours,ed patients,true,[],CIHI NACRS / Other
file_9772e4124db9000923df7ee0723b6c5954285930dee8a3dad72efbcf089e68be:record_1255,%,Staff,percent,staff,true,[],Local data collection / Most recent consecutive 12-month period
file_9772e4124db9000923df7ee0723b6c5954285930dee8a3dad72efbcf089e68be:record_1256,%,Hospital admitted patients,percent,hospital admitted patients,true,[],Local data collection / Most recent consecutive 12-month period
file_9772e4124db9000923df7ee0723b6c5954285930dee8a3dad72efbcf089e68be:record_1257,Count,Other,count,unknown,false,"[""unknown_unit_or_population""]",Local data collection / Most recent consecutive 12-month period
file_9772e4124db9000923df7ee0723b6c5954285930dee8a3dad72efbcf089e68be:record_1258,Hours,ED patients,hours,ed patients,true,[],CIHI NACRS / Other
file_9772e4124db9000923df7ee0723b6c5954285930dee8a3dad72efbcf089e68be:record_1259,Hours,ED patients,hours,ed patients,true,[],CIHI NACRS / Other
file_9772e4124db9000923df7ee0723b6c5954285930dee8a3dad72efbcf089e68be:record_1260,Hours,ED patients,hours,ed patients,true,[],CIHI NACRS / Other
file_9772e4124db9000923df7ee0723b6c5954285930dee8a3dad72efbcf089e68be:record_1261,Hours,ED patients,hours,ed patients,true,[],CIHI NACRS / Other
file_9772e4124db9000923df7ee0723b6c5954285930dee8a3dad72efbcf089e68be:record_1262,Hours,ED patients,hours,ed patients,true,[],CIHI NACRS / Other
file_9772e4124db9000923df7ee0723b6c5954285930dee8a3dad72efbcf089e68be:record_1263,Hours,ED patients,hours,ed patients,true,[],CIHI NACRS / Other
file_9772e4124db9000923df7ee0723b6c5954285930dee8a3dad72efbcf089e68be:record_1264,%,Staff,percent,staff,false,"[""incompatible_indicator_unit""]",Local data collection / Other
file_9772e4124db9000923df7ee0723b6c5954285930dee8a3dad72efbcf089e68be:record_1265,%,Staff,percent,staff,false,"[""incompatible_indicator_unit""]",Local data collection / Other
file_9772e4124db9000923df7ee0723b6c5954285930dee8a3dad72efbcf089e68be:record_1266,%,Staff,percent,staff,false,"[""incompatible_indicator_unit""]",Local data collection / Other
file_9772e4124db9000923df7ee0723b6c5954285930dee8a3dad72efbcf089e68be:record_1267,%,Staff,percent,staff,false,"[""incompatible_indicator_unit""]",Local data collection / Other
file_9772e4124db9000923df7ee0723b6c5954285930dee8a3dad72efbcf089e68be:record_1268,%,Staff,percent,staff,false,"[""incompatible_indicator_unit""]",Local data collection / Other
file_9772e4124db9000923df7ee0723b6c5954285930dee8a3dad72efbcf089e68be:record_1269,%,Staff,percent,staff,false,"[""incompatible_indicator_unit""]",Local data collection / Other
file_9772e4124db9000923df7ee0723b6c5954285930dee8a3dad72efbcf089e68be:record_1270,%,All inpatients,percent,all inpatients,true,[],Other / Collecte de données à l’interne / Période de 12 mois consécutifs la plus récente
file_9772e4124db9000923df7ee0723b6c5954285930dee8a3dad72efbcf089e68be:record_1271,%,All inpatients,percent,all inpatients,true,[],Other / Collecte de données à l’interne / Période de 12 mois consécutifs la plus récente
file_9772e4124db9000923df7ee0723b6c5954285930dee8a3dad72efbcf089e68be:record_1272,%,All inpatients,percent,all inpatients,true,[],Other / Collecte de données à l’interne / Période de 12 mois consécutifs la plus récente
file_9772e4124db9000923df7ee0723b6c5954285930dee8a3dad72efbcf089e68be:record_1273,%,All inpatients,percent,all inpatients,true,[],Other / Collecte de données à l’interne / Période de 12 mois consécutifs la plus récente
file_9772e4124db9000923df7ee0723b6c5954285930dee8a3dad72efbcf089e68be:record_1274,Ratio (No unit),ALC patients,ratio,alc patients,true,[],WTIS / Quarter
file_9772e4124db9000923df7ee0723b6c5954285930dee8a3dad72efbcf089e68be:record_1275,Ratio (No unit),ALC patients,ratio,alc patients,true,[],WTIS / Quarter
file_9772e4124db9000923df7ee0723b6c5954285930dee8a3dad72efbcf089e68be:record_1276,Ratio (No unit),ALC patients,ratio,alc patients,true,[],WTIS / Quarter
file_9772e4124db9000923df7ee0723b6c5954285930dee8a3dad72efbcf089e68be:record_1277,%,Staff,percent,staff,false,"[""incompatible_indicator_unit""]",Local data collection / Other
file_9772e4124db9000923df7ee0723b6c5954285930dee8a3dad72efbcf089e68be:record_1278,%,Staff,percent,staff,false,"[""incompatible_indicator_unit""]",Local data collection / Other
file_9772e4124db9000923df7ee0723b6c5954285930dee8a3dad72efbcf089e68be:record_1279,Number,Mental health patients,count,mental health patients,true,[],"In house data collection  / January 1 - December 31st, 2024"
file_9772e4124db9000923df7ee0723b6c5954285930dee8a3dad72efbcf089e68be:record_1280,Number,Mental health patients,count,mental health patients,true,[],"In house data collection  / January 1 - December 31st, 2024"
file_9772e4124db9000923df7ee0723b6c5954285930dee8a3dad72efbcf089e68be:record_1281,Number,Mental health patients,count,mental health patients,true,[],"In house data collection  / January 1 - December 31st, 2024"
file_9772e4124db9000923df7ee0723b6c5954285930dee8a3dad72efbcf089e68be:record_1282,%,Staff,percent,staff,true,[],Hospital collected data / January 1 - December 31 2024
file_9772e4124db9000923df7ee0723b6c5954285930dee8a3dad72efbcf089e68be:record_1283,%,Staff,percent,staff,true,[],Hospital collected data / January 1 - December 31 2024
file_9772e4124db9000923df7ee0723b6c5954285930dee8a3dad72efbcf089e68be:record_1284,%,Staff,percent,staff,true,[],Hospital collected data / January 1 - December 31 2024
file_9772e4124db9000923df7ee0723b6c5954285930dee8a3dad72efbcf089e68be:record_1285,Number,Other,count,unknown,false,"[""unknown_unit_or_population""]","In house data collection  / January 1 - December 31, 2024"
file_9772e4124db9000923df7ee0723b6c5954285930dee8a3dad72efbcf089e68be:record_1286,Number,Other,count,unknown,false,"[""unknown_unit_or_population""]","In house data collection  / January 1 - December 31, 2024"
file_9772e4124db9000923df7ee0723b6c5954285930dee8a3dad72efbcf089e68be:record_1287,%,All patients,percent,all patients,true,[],"In-house survey / January 1 - December 31, 2024"
file_9772e4124db9000923df7ee0723b6c5954285930dee8a3dad72efbcf089e68be:record_1288,%,All patients,percent,all patients,true,[],"In-house survey / January 1 - December 31, 2024"
file_9772e4124db9000923df7ee0723b6c5954285930dee8a3dad72efbcf089e68be:record_1289,%,All patients,percent,all patients,true,[],"In-house survey / January 1 - December 31, 2024"
file_9772e4124db9000923df7ee0723b6c5954285930dee8a3dad72efbcf089e68be:record_1290,%,Staff,percent,staff,true,[],In-house survey / One-time Survey
file_9772e4124db9000923df7ee0723b6c5954285930dee8a3dad72efbcf089e68be:record_1291,%,Staff,percent,staff,true,[],In-house survey / One-time Survey
file_9772e4124db9000923df7ee0723b6c5954285930dee8a3dad72efbcf089e68be:record_1292,%,Staff,percent,staff,true,[],In-house survey / One-time Survey
file_9772e4124db9000923df7ee0723b6c5954285930dee8a3dad72efbcf089e68be:record_1293,%,Staff,percent,staff,true,[],In-house survey / One-time Survey
file_9772e4124db9000923df7ee0723b6c5954285930dee8a3dad72efbcf089e68be:record_1294,%,Staff,percent,staff,true,[],"In house data collection  / January 1 - December 31, 2024"
file_9772e4124db9000923df7ee0723b6c5954285930dee8a3dad72efbcf089e68be:record_1295,%,Staff,percent,staff,true,[],"In house data collection  / January 1 - December 31, 2024"
file_9772e4124db9000923df7ee0723b6c5954285930dee8a3dad72efbcf089e68be:record_1296,%,All inpatients,percent,all inpatients,true,[],"In house data collection  / January 1 - December 31, 2024"
file_9772e4124db9000923df7ee0723b6c5954285930dee8a3dad72efbcf089e68be:record_1297,%,All inpatients,percent,all inpatients,true,[],"In house data collection  / January 1 - December 31, 2024"
file_9772e4124db9000923df7ee0723b6c5954285930dee8a3dad72efbcf089e68be:record_1298,%,All inpatients,percent,all inpatients,true,[],"In house data collection  / January 1 - December 31, 2024"
file_9772e4124db9000923df7ee0723b6c5954285930dee8a3dad72efbcf089e68be:record_1299,%,All inpatients,percent,all inpatients,true,[],"In house data collection  / January 1 - December 31, 2024"
file_9772e4124db9000923df7ee0723b6c5954285930dee8a3dad72efbcf089e68be:record_1300,%,All inpatients,percent,all inpatients,true,[],"In house data collection  / January 1 - December 31, 2024"
file_9772e4124db9000923df7ee0723b6c5954285930dee8a3dad72efbcf089e68be:record_1301,%,Survey respondents,percent,survey respondents,true,[],Local data collection / Other
file_9772e4124db9000923df7ee0723b6c5954285930dee8a3dad72efbcf089e68be:record_1302,%,ED patients,percent,ed patients,true,[],CIHI NACRS / Fiscal Year
file_9772e4124db9000923df7ee0723b6c5954285930dee8a3dad72efbcf089e68be:record_1303,%,Staff,percent,staff,false,"[""incompatible_indicator_unit""]",Local data collection / Other
file_9772e4124db9000923df7ee0723b6c5954285930dee8a3dad72efbcf089e68be:record_1304,%,Staff,percent,staff,true,[],Local data collection / Other
file_9772e4124db9000923df7ee0723b6c5954285930dee8a3dad72efbcf089e68be:record_1305,Ratio (No unit),ALC patients,ratio,alc patients,true,[],WTIS / Quarter
file_9772e4124db9000923df7ee0723b6c5954285930dee8a3dad72efbcf089e68be:record_1306,%,Staff,percent,staff,true,[],In house data collection  / Q1-Q4
file_9772e4124db9000923df7ee0723b6c5954285930dee8a3dad72efbcf089e68be:record_1307,%,Staff,percent,staff,true,[],In house data collection  / Q1-Q4
file_9772e4124db9000923df7ee0723b6c5954285930dee8a3dad72efbcf089e68be:record_1308,%,Staff,percent,staff,true,[],In house data collection  / Q1-Q4
file_9772e4124db9000923df7ee0723b6c5954285930dee8a3dad72efbcf089e68be:record_1309,%,Staff,percent,staff,true,[],In house data collection  / Q1-Q4
file_9772e4124db9000923df7ee0723b6c5954285930dee8a3dad72efbcf089e68be:record_1310,%,Staff,percent,staff,true,[],In house data collection  / Q1-Q4
file_9772e4124db9000923df7ee0723b6c5954285930dee8a3dad72efbcf089e68be:record_1311,%,Other,percent,unknown,false,"[""unknown_unit_or_population""]",In house data collection  / Q1-Q4
file_9772e4124db9000923df7ee0723b6c5954285930dee8a3dad72efbcf089e68be:record_1312,%,Other,percent,unknown,false,"[""unknown_unit_or_population""]",In house data collection  / Q1-Q4
file_9772e4124db9000923df7ee0723b6c5954285930dee8a3dad72efbcf089e68be:record_1313,%,Other,percent,unknown,false,"[""unknown_unit_or_population""]",In house data collection  / Q1-Q4
file_9772e4124db9000923df7ee0723b6c5954285930dee8a3dad72efbcf089e68be:record_1314,%,Other,percent,unknown,false,"[""unknown_unit_or_population""]",In house data collection  / Q1-Q4
file_9772e4124db9000923df7ee0723b6c5954285930dee8a3dad72efbcf089e68be:record_1315,Hours,ED patients,hours,ed patients,true,[],CIHI NACRS / Other
file_9772e4124db9000923df7ee0723b6c5954285930dee8a3dad72efbcf089e68be:record_1316,Hours,ED patients,hours,ed patients,true,[],CIHI NACRS / Other
file_9772e4124db9000923df7ee0723b6c5954285930dee8a3dad72efbcf089e68be:record_1317,Hours,ED patients,hours,ed patients,true,[],CIHI NACRS / Other
file_9772e4124db9000923df7ee0723b6c5954285930dee8a3dad72efbcf089e68be:record_1318,%,Discharged patients ,percent,discharged patients,true,[],Local data collection / Other
file_9772e4124db9000923df7ee0723b6c5954285930dee8a3dad72efbcf089e68be:record_1319,%,Discharged patients ,percent,discharged patients,true,[],Local data collection / Other
file_9772e4124db9000923df7ee0723b6c5954285930dee8a3dad72efbcf089e68be:record_1320,%,Discharged patients ,percent,discharged patients,true,[],Local data collection / Other
file_9772e4124db9000923df7ee0723b6c5954285930dee8a3dad72efbcf089e68be:record_1321,%,Survey respondents,percent,survey respondents,true,[],Local data collection / Other
file_9772e4124db9000923df7ee0723b6c5954285930dee8a3dad72efbcf089e68be:record_1322,%,Survey respondents,percent,survey respondents,true,[],Local data collection / Other
file_9772e4124db9000923df7ee0723b6c5954285930dee8a3dad72efbcf089e68be:record_1323,%,Survey respondents,percent,survey respondents,true,[],Local data collection / Other
file_9772e4124db9000923df7ee0723b6c5954285930dee8a3dad72efbcf089e68be:record_1324,%,Survey respondents,percent,survey respondents,true,[],Local data collection / Other
file_9772e4124db9000923df7ee0723b6c5954285930dee8a3dad72efbcf089e68be:record_1325,Hours,ED patients,hours,ed patients,true,[],CIHI NACRS / Other
file_9772e4124db9000923df7ee0723b6c5954285930dee8a3dad72efbcf089e68be:record_1326,Hours,ED patients,hours,ed patients,true,[],CIHI NACRS / Other
file_9772e4124db9000923df7ee0723b6c5954285930dee8a3dad72efbcf089e68be:record_1327,Hours,ED patients,hours,ed patients,true,[],CIHI NACRS / Other
file_9772e4124db9000923df7ee0723b6c5954285930dee8a3dad72efbcf089e68be:record_1328,Hours,ED patients,hours,ed patients,true,[],CIHI NACRS / Other
file_9772e4124db9000923df7ee0723b6c5954285930dee8a3dad72efbcf089e68be:record_1329,Hours,ED patients,hours,ed patients,true,[],CIHI NACRS / Other
file_9772e4124db9000923df7ee0723b6c5954285930dee8a3dad72efbcf089e68be:record_1330,Ratio (No unit),ALC patients,ratio,alc patients,true,[],WTIS / Quarter
file_9772e4124db9000923df7ee0723b6c5954285930dee8a3dad72efbcf089e68be:record_1331,Ratio (No unit),ALC patients,ratio,alc patients,true,[],WTIS / Quarter
file_9772e4124db9000923df7ee0723b6c5954285930dee8a3dad72efbcf089e68be:record_1332,%,ED patients,percent,ed patients,true,[],CIHI NACRS / Fiscal Year
file_9772e4124db9000923df7ee0723b6c5954285930dee8a3dad72efbcf089e68be:record_1333,%,ED patients,percent,ed patients,true,[],CIHI NACRS / Fiscal Year
file_9772e4124db9000923df7ee0723b6c5954285930dee8a3dad72efbcf089e68be:record_1334,%,ED patients,percent,ed patients,true,[],CIHI NACRS / Fiscal Year
file_9772e4124db9000923df7ee0723b6c5954285930dee8a3dad72efbcf089e68be:record_1335,%,Hospital admitted patients,percent,hospital admitted patients,true,[],CIHI DAD / Quarter
file_9772e4124db9000923df7ee0723b6c5954285930dee8a3dad72efbcf089e68be:record_1336,%,Hospital admitted patients,percent,hospital admitted patients,true,[],CIHI DAD / Quarter
file_9772e4124db9000923df7ee0723b6c5954285930dee8a3dad72efbcf089e68be:record_1337,%,Hospital admitted patients,percent,hospital admitted patients,true,[],CIHI DAD / Quarter
file_9772e4124db9000923df7ee0723b6c5954285930dee8a3dad72efbcf089e68be:record_1338,%,Hospital admitted patients,percent,hospital admitted patients,true,[],CIHI DAD / Quarter
file_9772e4124db9000923df7ee0723b6c5954285930dee8a3dad72efbcf089e68be:record_1339,%,Staff,percent,staff,false,"[""incompatible_indicator_unit""]",Local data collection / Other
file_9772e4124db9000923df7ee0723b6c5954285930dee8a3dad72efbcf089e68be:record_1340,%,Staff,percent,staff,false,"[""incompatible_indicator_unit""]",Local data collection / Other
file_9772e4124db9000923df7ee0723b6c5954285930dee8a3dad72efbcf089e68be:record_1341,%,Staff,percent,staff,false,"[""incompatible_indicator_unit""]",Local data collection / Other
file_9772e4124db9000923df7ee0723b6c5954285930dee8a3dad72efbcf089e68be:record_1342,%,Staff,percent,staff,false,"[""incompatible_indicator_unit""]",Local data collection / Other
file_9772e4124db9000923df7ee0723b6c5954285930dee8a3dad72efbcf089e68be:record_1343,%,Staff,percent,staff,false,"[""incompatible_indicator_unit""]",Local data collection / Other
file_9772e4124db9000923df7ee0723b6c5954285930dee8a3dad72efbcf089e68be:record_1344,%,Staff,percent,staff,false,"[""incompatible_indicator_unit""]",Local data collection / Other
file_9772e4124db9000923df7ee0723b6c5954285930dee8a3dad72efbcf089e68be:record_1345,%,Staff,percent,staff,true,[],Local data collection / Other
file_9772e4124db9000923df7ee0723b6c5954285930dee8a3dad72efbcf089e68be:record_1346,%,Staff,percent,staff,true,[],Local data collection / Other
file_9772e4124db9000923df7ee0723b6c5954285930dee8a3dad72efbcf089e68be:record_1347,%,Staff,percent,staff,true,[],Local data collection / Other
file_9772e4124db9000923df7ee0723b6c5954285930dee8a3dad72efbcf089e68be:record_1348,%,Staff,percent,staff,true,[],Local data collection / Other
file_9772e4124db9000923df7ee0723b6c5954285930dee8a3dad72efbcf089e68be:record_1349,Hours,ED patients,hours,ed patients,true,[],CIHI NACRS / Other
file_9772e4124db9000923df7ee0723b6c5954285930dee8a3dad72efbcf089e68be:record_1350,Hours,ED patients,hours,ed patients,true,[],CIHI NACRS / Other
file_9772e4124db9000923df7ee0723b6c5954285930dee8a3dad72efbcf089e68be:record_1351,%,Survey respondents,percent,survey respondents,true,[],Local data collection / Other
file_9772e4124db9000923df7ee0723b6c5954285930dee8a3dad72efbcf089e68be:record_1352,%,Survey respondents,percent,survey respondents,true,[],Local data collection / Other
file_9772e4124db9000923df7ee0723b6c5954285930dee8a3dad72efbcf089e68be:record_1353,Minutes,Patients,minutes,patients,true,[],CIHI NACRS / Other
file_9772e4124db9000923df7ee0723b6c5954285930dee8a3dad72efbcf089e68be:record_1354,Minutes,Patients,minutes,patients,true,[],CIHI NACRS / Other
file_9772e4124db9000923df7ee0723b6c5954285930dee8a3dad72efbcf089e68be:record_1355,Minutes,Patients,minutes,patients,true,[],CIHI NACRS / Other
file_9772e4124db9000923df7ee0723b6c5954285930dee8a3dad72efbcf089e68be:record_1356,%,Hospital admitted patients,percent,hospital admitted patients,true,[],CIHI DAD / Quarter
file_9772e4124db9000923df7ee0723b6c5954285930dee8a3dad72efbcf089e68be:record_1357,%,Hospital admitted patients,percent,hospital admitted patients,true,[],CIHI DAD / Quarter
file_9772e4124db9000923df7ee0723b6c5954285930dee8a3dad72efbcf089e68be:record_1358,%,Hospital admitted patients,percent,hospital admitted patients,true,[],CIHI DAD / Quarter
file_9772e4124db9000923df7ee0723b6c5954285930dee8a3dad72efbcf089e68be:record_1359,%,Staff,percent,staff,true,[],Local data collection / Other
file_9772e4124db9000923df7ee0723b6c5954285930dee8a3dad72efbcf089e68be:record_1360,%,Staff,percent,staff,true,[],Local data collection / Other
file_9772e4124db9000923df7ee0723b6c5954285930dee8a3dad72efbcf089e68be:record_1361,Number,Staff,count,staff,true,[],Local data collection / April 1 to December 31 (Q1-Q3)
file_9772e4124db9000923df7ee0723b6c5954285930dee8a3dad72efbcf089e68be:record_1362,Number,Staff,count,staff,true,[],Local data collection / April 1 to December 31 (Q1-Q3)
file_9772e4124db9000923df7ee0723b6c5954285930dee8a3dad72efbcf089e68be:record_1363,Number,Staff,count,staff,true,[],Local data collection / April 1 to December 31 (Q1-Q3)
file_9772e4124db9000923df7ee0723b6c5954285930dee8a3dad72efbcf089e68be:record_1364,%,Patients,percent,patients,true,[],CIHI NACRS / April 1 2023 to December 31 2023 (Q1 to Q3)
file_9772e4124db9000923df7ee0723b6c5954285930dee8a3dad72efbcf089e68be:record_1365,%,Patients,percent,patients,true,[],CIHI NACRS / April 1 2023 to December 31 2023 (Q1 to Q3)
file_9772e4124db9000923df7ee0723b6c5954285930dee8a3dad72efbcf089e68be:record_1366,%,Patients,percent,patients,true,[],CIHI NACRS / April 1 2023 to December 31 2023 (Q1 to Q3)
file_9772e4124db9000923df7ee0723b6c5954285930dee8a3dad72efbcf089e68be:record_1367,%,Patients,percent,patients,true,[],CIHI NACRS / April 1 2023 to December 31 2023 (Q1 to Q3)
file_9772e4124db9000923df7ee0723b6c5954285930dee8a3dad72efbcf089e68be:record_1368,%,Discharged patients ,percent,discharged patients,true,[],Local data collection / Other
file_9772e4124db9000923df7ee0723b6c5954285930dee8a3dad72efbcf089e68be:record_1369,%,Discharged patients ,percent,discharged patients,true,[],Local data collection / Other
file_9772e4124db9000923df7ee0723b6c5954285930dee8a3dad72efbcf089e68be:record_1370,%,Survey respondents,percent,survey respondents,true,[],Local data collection / Other
file_9772e4124db9000923df7ee0723b6c5954285930dee8a3dad72efbcf089e68be:record_1371,Hours,ED patients,hours,ed patients,true,[],CIHI NACRS / Other
file_9772e4124db9000923df7ee0723b6c5954285930dee8a3dad72efbcf089e68be:record_1372,%,ED patients,percent,ed patients,true,[],CIHI NACRS / Fiscal Year
file_9772e4124db9000923df7ee0723b6c5954285930dee8a3dad72efbcf089e68be:record_1373,%,ED patients,percent,ed patients,true,[],CIHI NACRS / Fiscal Year
file_9772e4124db9000923df7ee0723b6c5954285930dee8a3dad72efbcf089e68be:record_1374,%,ED patients,percent,ed patients,true,[],CIHI NACRS / Fiscal Year
file_9772e4124db9000923df7ee0723b6c5954285930dee8a3dad72efbcf089e68be:record_1375,%,Hospital admitted patients,percent,hospital admitted patients,true,[],CIHI DAD / Quarter
file_9772e4124db9000923df7ee0723b6c5954285930dee8a3dad72efbcf089e68be:record_1376,%,Staff,percent,staff,true,[],Local data collection / Other
file_9772e4124db9000923df7ee0723b6c5954285930dee8a3dad72efbcf089e68be:record_1377,Count,Staff,count,staff,true,[],Hospital collected data / 2024 2025
file_9772e4124db9000923df7ee0723b6c5954285930dee8a3dad72efbcf089e68be:record_1378,Count,Staff,count,staff,true,[],Hospital collected data / 2024 2025
file_9772e4124db9000923df7ee0723b6c5954285930dee8a3dad72efbcf089e68be:record_1379,%,All inpatients,percent,all inpatients,true,[],Hospital collected data / 2024 / 2025
file_9772e4124db9000923df7ee0723b6c5954285930dee8a3dad72efbcf089e68be:record_1380,%,All inpatients,percent,all inpatients,true,[],Hospital collected data / 2024 / 2025
file_9772e4124db9000923df7ee0723b6c5954285930dee8a3dad72efbcf089e68be:record_1381,%,All inpatients,percent,all inpatients,true,[],Hospital collected data / 2024 / 2025
file_9772e4124db9000923df7ee0723b6c5954285930dee8a3dad72efbcf089e68be:record_1382,%,All inpatients,percent,all inpatients,true,[],Hospital collected data / 2024 / 2025
file_9772e4124db9000923df7ee0723b6c5954285930dee8a3dad72efbcf089e68be:record_1383,Count,All patients,count,all patients,true,[],Local data collection / January 1st 2023 to December 31st 2023
file_9772e4124db9000923df7ee0723b6c5954285930dee8a3dad72efbcf089e68be:record_1384,%,Staff,percent,staff,true,[],Local data collection / April 1st 2023 to December 31st 2023
file_9772e4124db9000923df7ee0723b6c5954285930dee8a3dad72efbcf089e68be:record_1385,%,Staff,percent,staff,true,[],Local data collection / April 1st 2023 to December 31st 2023
file_9772e4124db9000923df7ee0723b6c5954285930dee8a3dad72efbcf089e68be:record_1386,%,Staff,percent,staff,true,[],Local data collection / April 1st 2023 to December 31st 2023
file_9772e4124db9000923df7ee0723b6c5954285930dee8a3dad72efbcf089e68be:record_1387,Number,Staff,count,staff,true,[],Local data collection / April 1st 2023 to December 31st 2023
file_9772e4124db9000923df7ee0723b6c5954285930dee8a3dad72efbcf089e68be:record_1388,Number,Staff,count,staff,true,[],Local data collection / April 1st 2023 to December 31st 2023
file_9772e4124db9000923df7ee0723b6c5954285930dee8a3dad72efbcf089e68be:record_1389,Number,Staff,count,staff,true,[],Local data collection / April 1st 2023 to December 31st 2023
file_9772e4124db9000923df7ee0723b6c5954285930dee8a3dad72efbcf089e68be:record_1390,Hours,Other,hours,unknown,false,"[""unknown_unit_or_population""]",Local data collection / April 1st 2023 to December 31st 2023
file_9772e4124db9000923df7ee0723b6c5954285930dee8a3dad72efbcf089e68be:record_1391,%,Survey respondents,percent,survey respondents,true,[],Local data collection / April 1st 2023 to December 31st 2023
file_9772e4124db9000923df7ee0723b6c5954285930dee8a3dad72efbcf089e68be:record_1392,%,Survey respondents,percent,survey respondents,true,[],Local data collection / April 1st 2023 to December 31st 2023
file_9772e4124db9000923df7ee0723b6c5954285930dee8a3dad72efbcf089e68be:record_1393,Ratio (No unit),ALC patients,ratio,alc patients,true,[],WTIS / Quarter
file_9772e4124db9000923df7ee0723b6c5954285930dee8a3dad72efbcf089e68be:record_1394,Ratio (No unit),ALC patients,ratio,alc patients,true,[],WTIS / Quarter
file_9772e4124db9000923df7ee0723b6c5954285930dee8a3dad72efbcf089e68be:record_1395,Ratio (No unit),ALC patients,ratio,alc patients,true,[],WTIS / Quarter
file_9772e4124db9000923df7ee0723b6c5954285930dee8a3dad72efbcf089e68be:record_1396,%,Other,percent,unknown,false,"[""unknown_unit_or_population"",""incompatible_indicator_population""]",CIHI NACRS / April 1st 2023 to September 30th 2023
file_9772e4124db9000923df7ee0723b6c5954285930dee8a3dad72efbcf089e68be:record_1397,%,Discharged patients ,percent,discharged patients,true,[],Local data collection / Other
file_9772e4124db9000923df7ee0723b6c5954285930dee8a3dad72efbcf089e68be:record_1398,%,Survey respondents,percent,survey respondents,true,[],Local data collection / Other
file_9772e4124db9000923df7ee0723b6c5954285930dee8a3dad72efbcf089e68be:record_1399,%,Staff,percent,staff,true,[],In house data collection  / 2024
file_9772e4124db9000923df7ee0723b6c5954285930dee8a3dad72efbcf089e68be:record_1400,Days,N/a,days,unknown,false,"[""unknown_unit_or_population""]",CCO iPort Access / 2024
file_9772e4124db9000923df7ee0723b6c5954285930dee8a3dad72efbcf089e68be:record_1401,Minutes,Patients,minutes,patients,true,[],CIHI NACRS / Other
file_9772e4124db9000923df7ee0723b6c5954285930dee8a3dad72efbcf089e68be:record_1402,Ratio (No unit),ALC patients,ratio,alc patients,true,[],WTIS / Quarter
file_9772e4124db9000923df7ee0723b6c5954285930dee8a3dad72efbcf089e68be:record_1403,%,ED patients,percent,ed patients,true,[],CIHI NACRS / Fiscal Year
file_9772e4124db9000923df7ee0723b6c5954285930dee8a3dad72efbcf089e68be:record_1404,%,Staff,percent,staff,false,"[""incompatible_indicator_unit""]",Local data collection / Other
file_9772e4124db9000923df7ee0723b6c5954285930dee8a3dad72efbcf089e68be:record_1405,%,All surgical procedures,percent,all surgical procedures,true,[],CCO iPort Access / 2024
file_9772e4124db9000923df7ee0723b6c5954285930dee8a3dad72efbcf089e68be:record_1406,90th percentile,ED patients,unknown,ed patients,false,"[""unknown_unit_or_population""]",EMR/Chart Review / 2024
file_9772e4124db9000923df7ee0723b6c5954285930dee8a3dad72efbcf089e68be:record_1407,%,Survey respondents,percent,survey respondents,true,[],Local data collection / Most recent consecutive 12 month period
file_9772e4124db9000923df7ee0723b6c5954285930dee8a3dad72efbcf089e68be:record_1408,%,Discharged patients ,percent,discharged patients,true,[],Local data collection / Other
file_9772e4124db9000923df7ee0723b6c5954285930dee8a3dad72efbcf089e68be:record_1409,%,Survey respondents,percent,survey respondents,true,[],Local data collection / Other
file_9772e4124db9000923df7ee0723b6c5954285930dee8a3dad72efbcf089e68be:record_1410,%,Survey respondents,percent,survey respondents,true,[],Local data collection / Other
file_9772e4124db9000923df7ee0723b6c5954285930dee8a3dad72efbcf089e68be:record_1411,%,Staff,percent,staff,false,"[""incompatible_indicator_unit""]",Local data collection / Other
file_9772e4124db9000923df7ee0723b6c5954285930dee8a3dad72efbcf089e68be:record_1412,%,Staff,percent,staff,false,"[""incompatible_indicator_unit""]",Local data collection / Other
file_9772e4124db9000923df7ee0723b6c5954285930dee8a3dad72efbcf089e68be:record_1413,%,Staff,percent,staff,false,"[""incompatible_indicator_unit""]",Local data collection / Other
file_9772e4124db9000923df7ee0723b6c5954285930dee8a3dad72efbcf089e68be:record_1414,%,Staff,percent,staff,false,"[""incompatible_indicator_unit""]",Local data collection / Other
file_9772e4124db9000923df7ee0723b6c5954285930dee8a3dad72efbcf089e68be:record_1415,%,Staff,percent,staff,true,[],Local data collection / Other
file_9772e4124db9000923df7ee0723b6c5954285930dee8a3dad72efbcf089e68be:record_1416,%,Staff,percent,staff,true,[],Local data collection / Other
file_9772e4124db9000923df7ee0723b6c5954285930dee8a3dad72efbcf089e68be:record_1417,%,ED patients,percent,ed patients,true,[],Local data collection / Most recent consecutive 12 month period
file_9772e4124db9000923df7ee0723b6c5954285930dee8a3dad72efbcf089e68be:record_1418,%,ED patients,percent,ed patients,true,[],Local data collection / Most recent consecutive 12 month period
file_9772e4124db9000923df7ee0723b6c5954285930dee8a3dad72efbcf089e68be:record_1419,%,ED patients,percent,ed patients,true,[],Local data collection / Most recent consecutive 12 month period
file_9772e4124db9000923df7ee0723b6c5954285930dee8a3dad72efbcf089e68be:record_1420,%,Survey respondents,percent,survey respondents,true,[],Local data collection / Other
file_9772e4124db9000923df7ee0723b6c5954285930dee8a3dad72efbcf089e68be:record_1421,%,Survey respondents,percent,survey respondents,true,[],Local data collection / Other
file_9772e4124db9000923df7ee0723b6c5954285930dee8a3dad72efbcf089e68be:record_1422,Hours,ED patients,hours,ed patients,true,[],CIHI NACRS / Other
file_9772e4124db9000923df7ee0723b6c5954285930dee8a3dad72efbcf089e68be:record_1423,Hours,ED patients,hours,ed patients,true,[],CIHI NACRS / Other
file_9772e4124db9000923df7ee0723b6c5954285930dee8a3dad72efbcf089e68be:record_1424,Hours,ED patients,hours,ed patients,true,[],CIHI NACRS / Other
file_9772e4124db9000923df7ee0723b6c5954285930dee8a3dad72efbcf089e68be:record_1425,%,Other,percent,unknown,false,"[""unknown_unit_or_population""]",Local data collection / Most recent consecutive 12-month period
file_9772e4124db9000923df7ee0723b6c5954285930dee8a3dad72efbcf089e68be:record_1426,%,Other,percent,unknown,false,"[""unknown_unit_or_population""]",Local data collection / Most recent consecutive 12-month period
file_9772e4124db9000923df7ee0723b6c5954285930dee8a3dad72efbcf089e68be:record_1427,%,Other,percent,unknown,false,"[""unknown_unit_or_population""]",Local data collection / Most recent consecutive 12-month period
file_9772e4124db9000923df7ee0723b6c5954285930dee8a3dad72efbcf089e68be:record_1428,%,Discharged patients ,percent,discharged patients,true,[],Hospital collected data / most recent 3-month period
file_9772e4124db9000923df7ee0723b6c5954285930dee8a3dad72efbcf089e68be:record_1429,%,Discharged patients ,percent,discharged patients,true,[],Hospital collected data / most recent 3-month period
file_9772e4124db9000923df7ee0723b6c5954285930dee8a3dad72efbcf089e68be:record_1430,%,Discharged patients ,percent,discharged patients,true,[],Hospital collected data / most recent 3-month period
file_9772e4124db9000923df7ee0723b6c5954285930dee8a3dad72efbcf089e68be:record_1431,%,Discharged patients ,percent,discharged patients,true,[],Hospital collected data / most recent 3-month period
file_9772e4124db9000923df7ee0723b6c5954285930dee8a3dad72efbcf089e68be:record_1432,%,Staff,percent,staff,true,[],Staff survey / Year to date
file_9772e4124db9000923df7ee0723b6c5954285930dee8a3dad72efbcf089e68be:record_1433,%,Staff,percent,staff,true,[],Staff survey / Year to date
file_9772e4124db9000923df7ee0723b6c5954285930dee8a3dad72efbcf089e68be:record_1434,%,Staff,percent,staff,true,[],Staff survey / Year to date
file_9772e4124db9000923df7ee0723b6c5954285930dee8a3dad72efbcf089e68be:record_1435,%,Staff,percent,staff,true,[],Staff survey / Year to date
file_9772e4124db9000923df7ee0723b6c5954285930dee8a3dad72efbcf089e68be:record_1436,Hours,ED patients,hours,ed patients,true,[],CIHI NACRS / Other
file_9772e4124db9000923df7ee0723b6c5954285930dee8a3dad72efbcf089e68be:record_1437,%,Staff,percent,staff,true,[],Local data collection / Other
file_9772e4124db9000923df7ee0723b6c5954285930dee8a3dad72efbcf089e68be:record_1438,%,Other,percent,unknown,false,"[""unknown_unit_or_population""]",Hospital collected data / Q3 FY24-25
file_9772e4124db9000923df7ee0723b6c5954285930dee8a3dad72efbcf089e68be:record_1439,Count,Other,count,unknown,false,"[""unknown_unit_or_population""]",In-house survey / Q3 FY24-25
file_9772e4124db9000923df7ee0723b6c5954285930dee8a3dad72efbcf089e68be:record_1440,Count,Other,count,unknown,false,"[""unknown_unit_or_population""]",In-house survey / Q3 FY24-25
file_9772e4124db9000923df7ee0723b6c5954285930dee8a3dad72efbcf089e68be:record_1441,Count,Other,count,unknown,false,"[""unknown_unit_or_population""]",In-house survey / Q3 FY24-25
file_9772e4124db9000923df7ee0723b6c5954285930dee8a3dad72efbcf089e68be:record_1442,%,Other,percent,unknown,false,"[""unknown_unit_or_population""]",Hospital collected data / Q3 FY24-25
file_9772e4124db9000923df7ee0723b6c5954285930dee8a3dad72efbcf089e68be:record_1443,Hours,ED patients,hours,ed patients,true,[],CIHI NACRS / Other
file_9772e4124db9000923df7ee0723b6c5954285930dee8a3dad72efbcf089e68be:record_1444,Hours,ED patients,hours,ed patients,true,[],CIHI NACRS / Other
file_9772e4124db9000923df7ee0723b6c5954285930dee8a3dad72efbcf089e68be:record_1445,Hours,ED patients,hours,ed patients,true,[],CIHI NACRS / Other
file_9772e4124db9000923df7ee0723b6c5954285930dee8a3dad72efbcf089e68be:record_1446,%,Staff,percent,staff,true,[],Local data collection / Other
file_9772e4124db9000923df7ee0723b6c5954285930dee8a3dad72efbcf089e68be:record_1447,%,Staff,percent,staff,true,[],Local data collection / Other
file_9772e4124db9000923df7ee0723b6c5954285930dee8a3dad72efbcf089e68be:record_1448,%,Staff,percent,staff,true,[],Local data collection / Other
file_9772e4124db9000923df7ee0723b6c5954285930dee8a3dad72efbcf089e68be:record_1449,%,All inpatients,percent,all inpatients,true,[],"CIHI DAD / April 1, 2024 to March 31,2025"
file_9772e4124db9000923df7ee0723b6c5954285930dee8a3dad72efbcf089e68be:record_1450,%,All inpatients,percent,all inpatients,true,[],"CIHI DAD / April 1, 2024 to March 31,2025"
file_9772e4124db9000923df7ee0723b6c5954285930dee8a3dad72efbcf089e68be:record_1451,%,All inpatients,percent,all inpatients,true,[],"CIHI DAD / April 1, 2024 to March 31,2025"
file_9772e4124db9000923df7ee0723b6c5954285930dee8a3dad72efbcf089e68be:record_1452,%,All inpatients,percent,all inpatients,true,[],"EMR/Chart Review / April 1, 2024 to March 31, 2025"
file_9772e4124db9000923df7ee0723b6c5954285930dee8a3dad72efbcf089e68be:record_1453,%,All inpatients,percent,all inpatients,true,[],"EMR/Chart Review / April 1, 2024 to March 31, 2025"
file_9772e4124db9000923df7ee0723b6c5954285930dee8a3dad72efbcf089e68be:record_1454,%,All inpatients,percent,all inpatients,true,[],"EMR/Chart Review / April 1, 2024 to March 31, 2025"
file_9772e4124db9000923df7ee0723b6c5954285930dee8a3dad72efbcf089e68be:record_1455,%,All patients,percent,all patients,true,[],"CIHI DAD,CIHI OHMRS,MOHTLC RPDB / April 1, 2024 through March 31, 2025"
file_9772e4124db9000923df7ee0723b6c5954285930dee8a3dad72efbcf089e68be:record_1456,%,All patients,percent,all patients,true,[],"CIHI DAD,CIHI OHMRS,MOHTLC RPDB / April 1, 2024 through March 31, 2025"
file_9772e4124db9000923df7ee0723b6c5954285930dee8a3dad72efbcf089e68be:record_1457,%,All patients,percent,all patients,true,[],"CIHI DAD,CIHI OHMRS,MOHTLC RPDB / April 1, 2024 through March 31, 2025"
file_9772e4124db9000923df7ee0723b6c5954285930dee8a3dad72efbcf089e68be:record_1458,%,All patients,percent,all patients,true,[],"CIHI NACRS / April 1, 2024 through March 31, 2025"
file_9772e4124db9000923df7ee0723b6c5954285930dee8a3dad72efbcf089e68be:record_1459,%,All patients,percent,all patients,true,[],"CIHI NACRS / April 1, 2024 through March 31, 2025"
file_9772e4124db9000923df7ee0723b6c5954285930dee8a3dad72efbcf089e68be:record_1460,%,All patients,percent,all patients,true,[],"CIHI NACRS / April 1, 2024 through March 31, 2025"
file_9772e4124db9000923df7ee0723b6c5954285930dee8a3dad72efbcf089e68be:record_1461,%,All patients,percent,all patients,true,[],"CIHI NACRS / April 1, 2024 through March 31, 2025"
file_9772e4124db9000923df7ee0723b6c5954285930dee8a3dad72efbcf089e68be:record_1462,%,All patients,percent,all patients,true,[],"CIHI NACRS / April 1, 2024 through March 31, 2025"
file_9772e4124db9000923df7ee0723b6c5954285930dee8a3dad72efbcf089e68be:record_1463,%,Survey respondents,percent,survey respondents,true,[],Local data collection / Other
file_9772e4124db9000923df7ee0723b6c5954285930dee8a3dad72efbcf089e68be:record_1464,%,Staff,percent,staff,true,[],Local data collection / Other
file_9772e4124db9000923df7ee0723b6c5954285930dee8a3dad72efbcf089e68be:record_1465,"Rate per 1,000 patient days",All inpatients,rate_per_1000_patient_days,all inpatients,true,[],In house data collection  / 2024/2025
file_9772e4124db9000923df7ee0723b6c5954285930dee8a3dad72efbcf089e68be:record_1466,"Rate per 1,000 patient days",All inpatients,rate_per_1000_patient_days,all inpatients,true,[],In house data collection  / 2024/2025
file_9772e4124db9000923df7ee0723b6c5954285930dee8a3dad72efbcf089e68be:record_1467,Count,Other,count,unknown,false,"[""unknown_unit_or_population""]",Hospital collected data / 2024/25
file_9772e4124db9000923df7ee0723b6c5954285930dee8a3dad72efbcf089e68be:record_1468,%,Staff,percent,staff,true,[],Hospital collected data / 2024/25
file_9772e4124db9000923df7ee0723b6c5954285930dee8a3dad72efbcf089e68be:record_1469,Rate per 100,Staff,rate_per_100,staff,true,[],Other / 2024
file_9772e4124db9000923df7ee0723b6c5954285930dee8a3dad72efbcf089e68be:record_1470,Other,Other,unknown,unknown,false,"[""unknown_unit_or_population""]",Hospital collected data / 2024/25
file_9772e4124db9000923df7ee0723b6c5954285930dee8a3dad72efbcf089e68be:record_1471,%,All patients with major surgery,percent,all patients with major surgery,true,[],CIHI DAD / 2024/25
file_9772e4124db9000923df7ee0723b6c5954285930dee8a3dad72efbcf089e68be:record_1472,"Rate per 1,000",All patients,rate_per_1000,all patients,true,[],CIHI DAD / 2024/25
file_9772e4124db9000923df7ee0723b6c5954285930dee8a3dad72efbcf089e68be:record_1473,%,All inpatients,percent,all inpatients,true,[],CIHI DAD / 2024/25
file_9772e4124db9000923df7ee0723b6c5954285930dee8a3dad72efbcf089e68be:record_1474,%,Discharged patients ,percent,discharged patients,true,[],Local data collection / Other
file_9772e4124db9000923df7ee0723b6c5954285930dee8a3dad72efbcf089e68be:record_1475,%,Discharged patients ,percent,discharged patients,true,[],Local data collection / Other
file_9772e4124db9000923df7ee0723b6c5954285930dee8a3dad72efbcf089e68be:record_1476,%,Discharged patients ,percent,discharged patients,true,[],Local data collection / Other
file_9772e4124db9000923df7ee0723b6c5954285930dee8a3dad72efbcf089e68be:record_1477,Ratio (No unit),ALC patients,ratio,alc patients,true,[],WTIS / Quarter
file_9772e4124db9000923df7ee0723b6c5954285930dee8a3dad72efbcf089e68be:record_1478,Ratio (No unit),ALC patients,ratio,alc patients,true,[],WTIS / Quarter
file_9772e4124db9000923df7ee0723b6c5954285930dee8a3dad72efbcf089e68be:record_1479,Ratio (No unit),ALC patients,ratio,alc patients,true,[],WTIS / Quarter
file_9772e4124db9000923df7ee0723b6c5954285930dee8a3dad72efbcf089e68be:record_1480,Days,Other,days,unknown,false,"[""unknown_unit_or_population""]",In house data collection  / January - December 2023
file_9772e4124db9000923df7ee0723b6c5954285930dee8a3dad72efbcf089e68be:record_1481,Days,Other,days,unknown,false,"[""unknown_unit_or_population""]",In house data collection  / January - December 2023
file_9772e4124db9000923df7ee0723b6c5954285930dee8a3dad72efbcf089e68be:record_1482,Days,Other,days,unknown,false,"[""unknown_unit_or_population""]",In house data collection  / January - December 2023
file_9772e4124db9000923df7ee0723b6c5954285930dee8a3dad72efbcf089e68be:record_1483,%,Staff,percent,staff,true,[],In house data collection  / April 1 2024 - March 31 2025
file_9772e4124db9000923df7ee0723b6c5954285930dee8a3dad72efbcf089e68be:record_1484,%,Staff,percent,staff,true,[],In house data collection  / April 1 2024 - March 31 2025
file_9772e4124db9000923df7ee0723b6c5954285930dee8a3dad72efbcf089e68be:record_1485,%,Staff,percent,staff,true,[],In house data collection  / April 1 2024 - March 31 2025
file_9772e4124db9000923df7ee0723b6c5954285930dee8a3dad72efbcf089e68be:record_1486,%,Survey respondents,percent,survey respondents,true,[],In-house survey / January - December 2023
file_9772e4124db9000923df7ee0723b6c5954285930dee8a3dad72efbcf089e68be:record_1487,%,Survey respondents,percent,survey respondents,true,[],In-house survey / January - December 2023
file_9772e4124db9000923df7ee0723b6c5954285930dee8a3dad72efbcf089e68be:record_1488,%,Survey respondents,percent,survey respondents,true,[],In-house survey / January - December 2023
file_9772e4124db9000923df7ee0723b6c5954285930dee8a3dad72efbcf089e68be:record_1489,%,People,percent,people,true,[],In house data collection  / January - December 2023
file_9772e4124db9000923df7ee0723b6c5954285930dee8a3dad72efbcf089e68be:record_1490,%,People,percent,people,true,[],In house data collection  / January - December 2023
file_9772e4124db9000923df7ee0723b6c5954285930dee8a3dad72efbcf089e68be:record_1491,%,People,percent,people,true,[],In house data collection  / January - December 2023
file_9772e4124db9000923df7ee0723b6c5954285930dee8a3dad72efbcf089e68be:record_1492,Count,Staff,count,staff,true,[],In house data collection  / January - December 2023
file_9772e4124db9000923df7ee0723b6c5954285930dee8a3dad72efbcf089e68be:record_1493,Count,Staff,count,staff,true,[],In house data collection  / January - December 2023
file_9772e4124db9000923df7ee0723b6c5954285930dee8a3dad72efbcf089e68be:record_1494,Count,Staff,count,staff,true,[],In house data collection  / January - December 2023
file_9772e4124db9000923df7ee0723b6c5954285930dee8a3dad72efbcf089e68be:record_1495,%,Survey respondents,percent,survey respondents,true,[],In-house survey / January - December 2023
file_9772e4124db9000923df7ee0723b6c5954285930dee8a3dad72efbcf089e68be:record_1496,%,Survey respondents,percent,survey respondents,true,[],In-house survey / January - December 2023
file_9772e4124db9000923df7ee0723b6c5954285930dee8a3dad72efbcf089e68be:record_1497,%,Survey respondents,percent,survey respondents,true,[],In-house survey / January - December 2023
file_9772e4124db9000923df7ee0723b6c5954285930dee8a3dad72efbcf089e68be:record_1498,%,Discharged patients ,percent,discharged patients,true,[],Local data collection / Other
file_9772e4124db9000923df7ee0723b6c5954285930dee8a3dad72efbcf089e68be:record_1499,%,Survey respondents,percent,survey respondents,true,[],Local data collection / Other
file_9772e4124db9000923df7ee0723b6c5954285930dee8a3dad72efbcf089e68be:record_1500,Rate per 100 inpatient days,All inpatients,rate_per_100_inpatient_days,all inpatients,true,[],"WTIS, CCO, BCS, MOHLTC / 2024-25"
file_9772e4124db9000923df7ee0723b6c5954285930dee8a3dad72efbcf089e68be:record_1501,Rate per 100 inpatient days,All inpatients,rate_per_100_inpatient_days,all inpatients,true,[],"WTIS, CCO, BCS, MOHLTC / 2024-25"
file_9772e4124db9000923df7ee0723b6c5954285930dee8a3dad72efbcf089e68be:record_1502,%,Staff,percent,staff,true,[],In house data collection  / 2024-25
file_9772e4124db9000923df7ee0723b6c5954285930dee8a3dad72efbcf089e68be:record_1503,Count,Worker,count,worker,true,[],Local data collection / 2024-25
file_9772e4124db9000923df7ee0723b6c5954285930dee8a3dad72efbcf089e68be:record_1504,Other,All patients,unknown,all patients,false,"[""unknown_unit_or_population""]",In house data collection  / 2024-25
file_9772e4124db9000923df7ee0723b6c5954285930dee8a3dad72efbcf089e68be:record_1505,Other,All patients,unknown,all patients,false,"[""unknown_unit_or_population""]",In house data collection  / 2024-25
file_9772e4124db9000923df7ee0723b6c5954285930dee8a3dad72efbcf089e68be:record_1506,%,Discharged patients ,percent,discharged patients,true,[],Local data collection / Other
file_9772e4124db9000923df7ee0723b6c5954285930dee8a3dad72efbcf089e68be:record_1507,%,Discharged patients ,percent,discharged patients,true,[],Local data collection / Other
file_9772e4124db9000923df7ee0723b6c5954285930dee8a3dad72efbcf089e68be:record_1508,%,Discharged patients ,percent,discharged patients,true,[],Local data collection / Other
file_9772e4124db9000923df7ee0723b6c5954285930dee8a3dad72efbcf089e68be:record_1509,%,Survey respondents,percent,survey respondents,true,[],Local data collection / Other
file_9772e4124db9000923df7ee0723b6c5954285930dee8a3dad72efbcf089e68be:record_1510,%,Survey respondents,percent,survey respondents,true,[],Local data collection / Other
file_9772e4124db9000923df7ee0723b6c5954285930dee8a3dad72efbcf089e68be:record_1511,Minutes,Patients,minutes,patients,true,[],CIHI NACRS / Other
file_9772e4124db9000923df7ee0723b6c5954285930dee8a3dad72efbcf089e68be:record_1512,Minutes,Patients,minutes,patients,true,[],CIHI NACRS / Other
file_9772e4124db9000923df7ee0723b6c5954285930dee8a3dad72efbcf089e68be:record_1513,Minutes,Patients,minutes,patients,true,[],CIHI NACRS / Other
file_9772e4124db9000923df7ee0723b6c5954285930dee8a3dad72efbcf089e68be:record_1514,Minutes,Patients,minutes,patients,true,[],CIHI NACRS / Other
file_9772e4124db9000923df7ee0723b6c5954285930dee8a3dad72efbcf089e68be:record_1515,%,Staff,percent,staff,true,[],Local data collection / Other
file_9772e4124db9000923df7ee0723b6c5954285930dee8a3dad72efbcf089e68be:record_1516,%,Staff,percent,staff,true,[],Local data collection / Other
file_9772e4124db9000923df7ee0723b6c5954285930dee8a3dad72efbcf089e68be:record_1517,%,Staff,percent,staff,true,[],Local data collection / Other
file_9772e4124db9000923df7ee0723b6c5954285930dee8a3dad72efbcf089e68be:record_1518,%,Staff,percent,staff,true,[],Local data collection / Other
file_9772e4124db9000923df7ee0723b6c5954285930dee8a3dad72efbcf089e68be:record_1519,%,Staff,percent,staff,true,[],Local data collection / Other
file_9772e4124db9000923df7ee0723b6c5954285930dee8a3dad72efbcf089e68be:record_1520,%,Staff,percent,staff,true,[],Local data collection / Other
file_9772e4124db9000923df7ee0723b6c5954285930dee8a3dad72efbcf089e68be:record_1521,%,Staff,percent,staff,true,[],Local data collection / Other
file_9772e4124db9000923df7ee0723b6c5954285930dee8a3dad72efbcf089e68be:record_1522,%,Staff,percent,staff,true,[],Local data collection / Other
file_9772e4124db9000923df7ee0723b6c5954285930dee8a3dad72efbcf089e68be:record_1523,%,All patients,percent,all patients,true,[],"Local data collection / Dec 1, 2023-March 31, 2024"
file_9772e4124db9000923df7ee0723b6c5954285930dee8a3dad72efbcf089e68be:record_1524,%,All patients,percent,all patients,true,[],"Local data collection / Dec 1, 2023-March 31, 2024"
file_9772e4124db9000923df7ee0723b6c5954285930dee8a3dad72efbcf089e68be:record_1525,%,All patients,percent,all patients,true,[],"Local data collection / Dec 1, 2023-March 31, 2024"
file_9772e4124db9000923df7ee0723b6c5954285930dee8a3dad72efbcf089e68be:record_1526,%,All patients,percent,all patients,true,[],"Local data collection / Dec 1, 2023-March 31, 2024"
file_9772e4124db9000923df7ee0723b6c5954285930dee8a3dad72efbcf089e68be:record_1527,Count,Staff,count,staff,true,[],"Local data collection / April 1, 2023-December 31, 2023"
file_9772e4124db9000923df7ee0723b6c5954285930dee8a3dad72efbcf089e68be:record_1528,Ratio (No unit),ALC patients,ratio,alc patients,true,[],"WTIS / April 1, 2023-December 31, 2023"
file_9772e4124db9000923df7ee0723b6c5954285930dee8a3dad72efbcf089e68be:record_1529,Ratio (No unit),ALC patients,ratio,alc patients,true,[],"WTIS / April 1, 2023-December 31, 2023"
file_9772e4124db9000923df7ee0723b6c5954285930dee8a3dad72efbcf089e68be:record_1530,Hours,ED patients,hours,ed patients,true,[],"Other / April 1, 2023-September 30, 2023"
file_9772e4124db9000923df7ee0723b6c5954285930dee8a3dad72efbcf089e68be:record_1531,Hours,ED patients,hours,ed patients,true,[],"Other / April 1, 2023-September 30, 2023"
file_9772e4124db9000923df7ee0723b6c5954285930dee8a3dad72efbcf089e68be:record_1532,%,Patients,percent,patients,true,[],"Hospital collected data / April 1, 2024 - March 31, 2025"
file_9772e4124db9000923df7ee0723b6c5954285930dee8a3dad72efbcf089e68be:record_1533,%,Patients,percent,patients,true,[],"Hospital collected data / April 1, 2024 - March 31, 2025"
file_9772e4124db9000923df7ee0723b6c5954285930dee8a3dad72efbcf089e68be:record_1534,%,Patients,percent,patients,true,[],"Hospital collected data / April 1, 2024 - March 31, 2025"
file_9772e4124db9000923df7ee0723b6c5954285930dee8a3dad72efbcf089e68be:record_1535,%,Patients,percent,patients,true,[],"Hospital collected data / April 1, 2024 - March 31, 2025"
file_9772e4124db9000923df7ee0723b6c5954285930dee8a3dad72efbcf089e68be:record_1536,Hours,All acute patients,hours,all acute patients,true,[],"CIHI NACRS / April 1, 2024 - March 31, 2025"
file_9772e4124db9000923df7ee0723b6c5954285930dee8a3dad72efbcf089e68be:record_1537,Hours,All acute patients,hours,all acute patients,true,[],"CIHI NACRS / April 1, 2024 - March 31, 2025"
file_9772e4124db9000923df7ee0723b6c5954285930dee8a3dad72efbcf089e68be:record_1538,Hours,All acute patients,hours,all acute patients,true,[],"CIHI NACRS / April 1, 2024 - March 31, 2025"
file_9772e4124db9000923df7ee0723b6c5954285930dee8a3dad72efbcf089e68be:record_1539,Hours,All acute patients,hours,all acute patients,true,[],"CIHI NACRS / April 1, 2024 - March 31, 2025"
file_9772e4124db9000923df7ee0723b6c5954285930dee8a3dad72efbcf089e68be:record_1540,Hours,Mental health patients,hours,mental health patients,true,[],"CIHI NACRS / April 1, 2024 - March 31, 2025"
file_9772e4124db9000923df7ee0723b6c5954285930dee8a3dad72efbcf089e68be:record_1541,Hours,Mental health patients,hours,mental health patients,true,[],"CIHI NACRS / April 1, 2024 - March 31, 2025"
file_9772e4124db9000923df7ee0723b6c5954285930dee8a3dad72efbcf089e68be:record_1542,Hours,Mental health patients,hours,mental health patients,true,[],"CIHI NACRS / April 1, 2024 - March 31, 2025"
file_9772e4124db9000923df7ee0723b6c5954285930dee8a3dad72efbcf089e68be:record_1543,%,Other,percent,unknown,false,"[""unknown_unit_or_population""]","In house data collection  / April 1, 2024 - March 31, 2025"
file_9772e4124db9000923df7ee0723b6c5954285930dee8a3dad72efbcf089e68be:record_1544,%,Other,percent,unknown,false,"[""unknown_unit_or_population""]","In house data collection  / April 1, 2024 - March 31, 2025"
file_9772e4124db9000923df7ee0723b6c5954285930dee8a3dad72efbcf089e68be:record_1545,%,Other,percent,unknown,false,"[""unknown_unit_or_population""]","In house data collection  / April 1, 2024 - March 31, 2025"
file_9772e4124db9000923df7ee0723b6c5954285930dee8a3dad72efbcf089e68be:record_1546,%,Other,percent,unknown,false,"[""unknown_unit_or_population""]","In house data collection  / April 1, 2024 - March 31, 2025"
file_9772e4124db9000923df7ee0723b6c5954285930dee8a3dad72efbcf089e68be:record_1547,Rate,Staff,unknown,staff,false,"[""unknown_unit_or_population""]","Other / April 1, 2024 - March 31, 2025"
file_9772e4124db9000923df7ee0723b6c5954285930dee8a3dad72efbcf089e68be:record_1548,Rate,Staff,unknown,staff,false,"[""unknown_unit_or_population""]","Other / April 1, 2024 - March 31, 2025"
file_9772e4124db9000923df7ee0723b6c5954285930dee8a3dad72efbcf089e68be:record_1549,Rate,Staff,unknown,staff,false,"[""unknown_unit_or_population""]","Other / April 1, 2024 - March 31, 2025"
file_9772e4124db9000923df7ee0723b6c5954285930dee8a3dad72efbcf089e68be:record_1550,Count,Other,count,unknown,false,"[""unknown_unit_or_population""]","Hospital collected data / April 1, 2024 - March 31, 2025"
file_9772e4124db9000923df7ee0723b6c5954285930dee8a3dad72efbcf089e68be:record_1551,Count,Other,count,unknown,false,"[""unknown_unit_or_population""]","Hospital collected data / April 1, 2024 - March 31, 2025"
file_9772e4124db9000923df7ee0723b6c5954285930dee8a3dad72efbcf089e68be:record_1552,Count,Other,count,unknown,false,"[""unknown_unit_or_population""]","Hospital collected data / April 1, 2024 - March 31, 2025"
file_9772e4124db9000923df7ee0723b6c5954285930dee8a3dad72efbcf089e68be:record_1553,Count,Other,count,unknown,false,"[""unknown_unit_or_population""]","Hospital collected data / April 1, 2024 - March 31, 2025"
file_9772e4124db9000923df7ee0723b6c5954285930dee8a3dad72efbcf089e68be:record_1554,Count,Other,count,unknown,false,"[""unknown_unit_or_population""]","Hospital collected data / April 1, 2024 - March 31, 2025"
file_9772e4124db9000923df7ee0723b6c5954285930dee8a3dad72efbcf089e68be:record_1555,Number,All inpatients,count,all inpatients,true,[],Hospital collected data / 2024/2025
file_9772e4124db9000923df7ee0723b6c5954285930dee8a3dad72efbcf089e68be:record_1556,Number,All inpatients,count,all inpatients,true,[],Hospital collected data / 2024/2025
file_9772e4124db9000923df7ee0723b6c5954285930dee8a3dad72efbcf089e68be:record_1557,Number,All inpatients,count,all inpatients,true,[],Hospital collected data / 2024/2025
file_9772e4124db9000923df7ee0723b6c5954285930dee8a3dad72efbcf089e68be:record_1558,Number,All inpatients,count,all inpatients,true,[],Hospital collected data / 2024/2025
file_9772e4124db9000923df7ee0723b6c5954285930dee8a3dad72efbcf089e68be:record_1559,Number,All inpatients,count,all inpatients,true,[],Hospital collected data / 2024/2025
file_9772e4124db9000923df7ee0723b6c5954285930dee8a3dad72efbcf089e68be:record_1560,Number,All inpatients,count,all inpatients,true,[],Hospital collected data / 2024/2025
file_9772e4124db9000923df7ee0723b6c5954285930dee8a3dad72efbcf089e68be:record_1561,%,All inpatients,percent,all inpatients,true,[],"Hospital collected data / April 1, 2024 - March 31, 2025"
file_9772e4124db9000923df7ee0723b6c5954285930dee8a3dad72efbcf089e68be:record_1562,%,All inpatients,percent,all inpatients,true,[],"Hospital collected data / April 1, 2024 - March 31, 2025"
file_9772e4124db9000923df7ee0723b6c5954285930dee8a3dad72efbcf089e68be:record_1563,%,All inpatients,percent,all inpatients,true,[],"Hospital collected data / April 1, 2024 - March 31, 2025"
file_9772e4124db9000923df7ee0723b6c5954285930dee8a3dad72efbcf089e68be:record_1564,Ratio (No unit),ALC patients,ratio,alc patients,true,[],WTIS / Quarter
file_9772e4124db9000923df7ee0723b6c5954285930dee8a3dad72efbcf089e68be:record_1565,%,Staff,percent,staff,true,[],Local data collection / Other
file_9772e4124db9000923df7ee0723b6c5954285930dee8a3dad72efbcf089e68be:record_1566,%,Staff,percent,staff,true,[],Local data collection / Other
file_9772e4124db9000923df7ee0723b6c5954285930dee8a3dad72efbcf089e68be:record_1567,%,Staff,percent,staff,true,[],Local data collection / Other
file_9772e4124db9000923df7ee0723b6c5954285930dee8a3dad72efbcf089e68be:record_1568,%,Staff,percent,staff,true,[],Local data collection / Other
file_9772e4124db9000923df7ee0723b6c5954285930dee8a3dad72efbcf089e68be:record_1569,%,Staff,percent,staff,true,[],Local data collection / Other
file_9772e4124db9000923df7ee0723b6c5954285930dee8a3dad72efbcf089e68be:record_1570,%,All patients,percent,all patients,true,[],"Local data collection / April 1, 2023-December 31, 2023"
file_9772e4124db9000923df7ee0723b6c5954285930dee8a3dad72efbcf089e68be:record_1571,%,All patients,percent,all patients,true,[],"Local data collection / April 1, 2023-December 31, 2023"
file_9772e4124db9000923df7ee0723b6c5954285930dee8a3dad72efbcf089e68be:record_1572,%,All patients,percent,all patients,true,[],"Local data collection / April 1, 2023-December 31, 2023"
file_9772e4124db9000923df7ee0723b6c5954285930dee8a3dad72efbcf089e68be:record_1573,Count,Staff,count,staff,true,[],"Local data collection / April 1, 2023-December 31, 2023"
file_9772e4124db9000923df7ee0723b6c5954285930dee8a3dad72efbcf089e68be:record_1574,Hours,ED patients,hours,ed patients,true,[],"CIHI NACRS / April 1, 2023 to June 30th 2023 (Q1)"
file_9772e4124db9000923df7ee0723b6c5954285930dee8a3dad72efbcf089e68be:record_1575,Hours,ED patients,hours,ed patients,true,[],"CIHI NACRS / April 1, 2023 to June 30th 2023 (Q1)"
file_9772e4124db9000923df7ee0723b6c5954285930dee8a3dad72efbcf089e68be:record_1576,Hours,ED patients,hours,ed patients,true,[],"CIHI NACRS / April 1, 2023 to June 30th 2023 (Q1)"
file_9772e4124db9000923df7ee0723b6c5954285930dee8a3dad72efbcf089e68be:record_1577,Hours,ED patients,hours,ed patients,true,[],CIHI NACRS / Dec. 1/22 - Nov. 30/23
file_9772e4124db9000923df7ee0723b6c5954285930dee8a3dad72efbcf089e68be:record_1578,Days,All acute patients,days,all acute patients,true,[],"DAD,CIHI,OHIP-CHDB,CAPE,CPDB / 24/25"
file_9772e4124db9000923df7ee0723b6c5954285930dee8a3dad72efbcf089e68be:record_1579,%,Other,percent,unknown,false,"[""unknown_unit_or_population""]",Hospital collected data / 24/25
file_9772e4124db9000923df7ee0723b6c5954285930dee8a3dad72efbcf089e68be:record_1580,%,All acute patients,percent,all acute patients,true,[],Other / September 2023 Audit
file_9772e4124db9000923df7ee0723b6c5954285930dee8a3dad72efbcf089e68be:record_1581,%,All acute patients,percent,all acute patients,true,[],Other / September 2023 Audit
file_9772e4124db9000923df7ee0723b6c5954285930dee8a3dad72efbcf089e68be:record_1582,%,All acute patients,percent,all acute patients,true,[],Other / September 2023 Audit
file_9772e4124db9000923df7ee0723b6c5954285930dee8a3dad72efbcf089e68be:record_1583,%,N/a,percent,unknown,false,"[""unknown_unit_or_population""]","In house data collection  / April 1, 2023 -  Dec 31, 2023  (Q3 YTD)"
file_9772e4124db9000923df7ee0723b6c5954285930dee8a3dad72efbcf089e68be:record_1584,%,N/a,percent,unknown,false,"[""unknown_unit_or_population""]","In house data collection  / April 1, 2023 -  Dec 31, 2023  (Q3 YTD)"
file_9772e4124db9000923df7ee0723b6c5954285930dee8a3dad72efbcf089e68be:record_1585,%,N/a,percent,unknown,false,"[""unknown_unit_or_population""]","In house data collection  / April 1, 2023 -  Dec 31, 2023  (Q3 YTD)"
file_9772e4124db9000923df7ee0723b6c5954285930dee8a3dad72efbcf089e68be:record_1586,Hours,All inpatients,hours,all inpatients,true,[],"Local data collection / April 1, 2023 -  Dec 31, 2023  (Q3 YTD)"
file_9772e4124db9000923df7ee0723b6c5954285930dee8a3dad72efbcf089e68be:record_1587,Hours,All inpatients,hours,all inpatients,true,[],"Local data collection / April 1, 2023 -  Dec 31, 2023  (Q3 YTD)"
file_9772e4124db9000923df7ee0723b6c5954285930dee8a3dad72efbcf089e68be:record_1588,%,Other,percent,unknown,false,"[""unknown_unit_or_population""]",Staff survey / April 1 2023 - December 31 2023 (Q3 YTD)
file_9772e4124db9000923df7ee0723b6c5954285930dee8a3dad72efbcf089e68be:record_1589,Other,All patients,unknown,all patients,false,"[""unknown_unit_or_population""]",Other / Q3 YTD (April 1 2023 - December 31 2023)
file_9772e4124db9000923df7ee0723b6c5954285930dee8a3dad72efbcf089e68be:record_1590,Other,All patients,unknown,all patients,false,"[""unknown_unit_or_population""]",Other / Q3 YTD (April 1 2023 - December 31 2023)
file_9772e4124db9000923df7ee0723b6c5954285930dee8a3dad72efbcf089e68be:record_1591,Other,All patients,unknown,all patients,false,"[""unknown_unit_or_population""]",Other / Q3 YTD (April 1 2023 - December 31 2023)
file_9772e4124db9000923df7ee0723b6c5954285930dee8a3dad72efbcf089e68be:record_1592,Count,Worker,count,worker,true,[],Local data collection / November 2022 - November 2023
file_9772e4124db9000923df7ee0723b6c5954285930dee8a3dad72efbcf089e68be:record_1593,Count,Worker,count,worker,true,[],Local data collection / November 2022 - November 2023
file_9772e4124db9000923df7ee0723b6c5954285930dee8a3dad72efbcf089e68be:record_1594,Count,Worker,count,worker,true,[],Local data collection / November 2022 - November 2023
file_9772e4124db9000923df7ee0723b6c5954285930dee8a3dad72efbcf089e68be:record_1595,Count,Worker,count,worker,true,[],Local data collection / November 2022 - November 2023
file_9772e4124db9000923df7ee0723b6c5954285930dee8a3dad72efbcf089e68be:record_1596,%,Discharged patients ,percent,discharged patients,true,[],Local data collection / Other
file_9772e4124db9000923df7ee0723b6c5954285930dee8a3dad72efbcf089e68be:record_1597,%,Discharged patients ,percent,discharged patients,true,[],Local data collection / Other
file_9772e4124db9000923df7ee0723b6c5954285930dee8a3dad72efbcf089e68be:record_1598,Ratio (No unit),ALC patients,ratio,alc patients,true,[],WTIS / Quarter
file_9772e4124db9000923df7ee0723b6c5954285930dee8a3dad72efbcf089e68be:record_1599,Ratio (No unit),ALC patients,ratio,alc patients,true,[],WTIS / Quarter
file_9772e4124db9000923df7ee0723b6c5954285930dee8a3dad72efbcf089e68be:record_1600,Ratio (No unit),ALC patients,ratio,alc patients,true,[],WTIS / Quarter
file_9772e4124db9000923df7ee0723b6c5954285930dee8a3dad72efbcf089e68be:record_1601,%,Staff,percent,staff,false,"[""incompatible_indicator_unit""]",Local data collection / Other
file_9772e4124db9000923df7ee0723b6c5954285930dee8a3dad72efbcf089e68be:record_1602,%,Staff,percent,staff,false,"[""incompatible_indicator_unit""]",Local data collection / Other
file_9772e4124db9000923df7ee0723b6c5954285930dee8a3dad72efbcf089e68be:record_1603,%,Staff,percent,staff,false,"[""incompatible_indicator_unit""]",Local data collection / Other
file_9772e4124db9000923df7ee0723b6c5954285930dee8a3dad72efbcf089e68be:record_1604,%,Staff,percent,staff,false,"[""incompatible_indicator_unit""]",Local data collection / Other
file_9772e4124db9000923df7ee0723b6c5954285930dee8a3dad72efbcf089e68be:record_1605,%,Staff,percent,staff,true,[],Local data collection / Other
file_9772e4124db9000923df7ee0723b6c5954285930dee8a3dad72efbcf089e68be:record_1606,%,Discharged patients ,percent,discharged patients,true,[],In house data collection  / January-December
file_9772e4124db9000923df7ee0723b6c5954285930dee8a3dad72efbcf089e68be:record_1607,%,Discharged patients ,percent,discharged patients,true,[],In house data collection  / January-December
file_9772e4124db9000923df7ee0723b6c5954285930dee8a3dad72efbcf089e68be:record_1608,%,Discharged patients ,percent,discharged patients,true,[],In house data collection  / January-December
file_9772e4124db9000923df7ee0723b6c5954285930dee8a3dad72efbcf089e68be:record_1609,%,Discharged patients ,percent,discharged patients,true,[],In house data collection  / January-December
file_9772e4124db9000923df7ee0723b6c5954285930dee8a3dad72efbcf089e68be:record_1610,%,Discharged patients ,percent,discharged patients,true,[],Local data collection / Other
file_9772e4124db9000923df7ee0723b6c5954285930dee8a3dad72efbcf089e68be:record_1611,%,Discharged patients ,percent,discharged patients,true,[],Local data collection / Other
file_9772e4124db9000923df7ee0723b6c5954285930dee8a3dad72efbcf089e68be:record_1612,%,Discharged patients ,percent,discharged patients,true,[],Local data collection / Other
file_9772e4124db9000923df7ee0723b6c5954285930dee8a3dad72efbcf089e68be:record_1613,Ratio (No unit),ALC patients,ratio,alc patients,true,[],WTIS / Quarter
file_9772e4124db9000923df7ee0723b6c5954285930dee8a3dad72efbcf089e68be:record_1614,Ratio (No unit),ALC patients,ratio,alc patients,true,[],WTIS / Quarter
file_9772e4124db9000923df7ee0723b6c5954285930dee8a3dad72efbcf089e68be:record_1615,Ratio (No unit),ALC patients,ratio,alc patients,true,[],WTIS / Quarter
file_9772e4124db9000923df7ee0723b6c5954285930dee8a3dad72efbcf089e68be:record_1616,%,Staff,percent,staff,false,"[""incompatible_indicator_unit""]",Local data collection / Other
file_9772e4124db9000923df7ee0723b6c5954285930dee8a3dad72efbcf089e68be:record_1617,%,Staff,percent,staff,false,"[""incompatible_indicator_unit""]",Local data collection / Other
file_9772e4124db9000923df7ee0723b6c5954285930dee8a3dad72efbcf089e68be:record_1618,%,Staff,percent,staff,false,"[""incompatible_indicator_unit""]",Local data collection / Other
file_9772e4124db9000923df7ee0723b6c5954285930dee8a3dad72efbcf089e68be:record_1619,%,Staff,percent,staff,false,"[""incompatible_indicator_unit""]",Local data collection / Other
file_9772e4124db9000923df7ee0723b6c5954285930dee8a3dad72efbcf089e68be:record_1620,%,Staff,percent,staff,true,[],Local data collection / Other
file_9772e4124db9000923df7ee0723b6c5954285930dee8a3dad72efbcf089e68be:record_1621,%,All inpatients,percent,all inpatients,true,[],Local data collection / Jan-Dec
file_9772e4124db9000923df7ee0723b6c5954285930dee8a3dad72efbcf089e68be:record_1622,%,All inpatients,percent,all inpatients,true,[],Local data collection / Jan-Dec
file_9772e4124db9000923df7ee0723b6c5954285930dee8a3dad72efbcf089e68be:record_1623,%,All inpatients,percent,all inpatients,true,[],Local data collection / Jan-Dec
file_9772e4124db9000923df7ee0723b6c5954285930dee8a3dad72efbcf089e68be:record_1624,%,All inpatients,percent,all inpatients,true,[],Local data collection / Jan-Dec
file_9772e4124db9000923df7ee0723b6c5954285930dee8a3dad72efbcf089e68be:record_1625,%,ED patients,percent,ed patients,true,[],In house data collection  / January - December 2024
file_9772e4124db9000923df7ee0723b6c5954285930dee8a3dad72efbcf089e68be:record_1626,%,ED patients,percent,ed patients,true,[],In house data collection  / January - December 2024
file_9772e4124db9000923df7ee0723b6c5954285930dee8a3dad72efbcf089e68be:record_1627,Rate,ALC patients,unknown,alc patients,false,"[""unknown_unit_or_population""]",In house data collection  / April to December 2024
file_9772e4124db9000923df7ee0723b6c5954285930dee8a3dad72efbcf089e68be:record_1628,Rate,ALC patients,unknown,alc patients,false,"[""unknown_unit_or_population""]",In house data collection  / April to December 2024
file_9772e4124db9000923df7ee0723b6c5954285930dee8a3dad72efbcf089e68be:record_1629,Rate,ALC patients,unknown,alc patients,false,"[""unknown_unit_or_population""]",In house data collection  / April to December 2024
file_9772e4124db9000923df7ee0723b6c5954285930dee8a3dad72efbcf089e68be:record_1630,%,Staff,percent,staff,true,[],In house data collection  / April to December 2024
file_9772e4124db9000923df7ee0723b6c5954285930dee8a3dad72efbcf089e68be:record_1631,%,Staff,percent,staff,true,[],In house data collection  / April to December 2024
file_9772e4124db9000923df7ee0723b6c5954285930dee8a3dad72efbcf089e68be:record_1632,%,Other,percent,unknown,false,"[""unknown_unit_or_population""]",In house data collection  / January to December 2024
file_9772e4124db9000923df7ee0723b6c5954285930dee8a3dad72efbcf089e68be:record_1633,%,Discharged patients ,percent,discharged patients,true,[],In house data collection  / January  to December 2024
file_9772e4124db9000923df7ee0723b6c5954285930dee8a3dad72efbcf089e68be:record_1634,%,Discharged patients ,percent,discharged patients,true,[],In house data collection  / January  to December 2024
file_9772e4124db9000923df7ee0723b6c5954285930dee8a3dad72efbcf089e68be:record_1635,%,Discharged patients ,percent,discharged patients,true,[],Local data collection / Other
file_9772e4124db9000923df7ee0723b6c5954285930dee8a3dad72efbcf089e68be:record_1636,%,Survey respondents,percent,survey respondents,true,[],Local data collection / Other
file_9772e4124db9000923df7ee0723b6c5954285930dee8a3dad72efbcf089e68be:record_1637,%,Staff,percent,staff,true,[],Local data collection / Other
file_9772e4124db9000923df7ee0723b6c5954285930dee8a3dad72efbcf089e68be:record_1638,Ratio (No unit),ALC patients,ratio,alc patients,true,[],WTIS / Quarter
file_9772e4124db9000923df7ee0723b6c5954285930dee8a3dad72efbcf089e68be:record_1639,Ratio (No unit),ALC patients,ratio,alc patients,true,[],WTIS / Quarter
file_9772e4124db9000923df7ee0723b6c5954285930dee8a3dad72efbcf089e68be:record_1640,Ratio (No unit),ALC patients,ratio,alc patients,true,[],WTIS / Quarter
file_9772e4124db9000923df7ee0723b6c5954285930dee8a3dad72efbcf089e68be:record_1641,%,ED patients,percent,ed patients,true,[],CIHI NACRS / Fiscal Year
file_9772e4124db9000923df7ee0723b6c5954285930dee8a3dad72efbcf089e68be:record_1642,%,ED patients,percent,ed patients,true,[],CIHI NACRS / Fiscal Year
file_9772e4124db9000923df7ee0723b6c5954285930dee8a3dad72efbcf089e68be:record_1643,%,ED patients,percent,ed patients,true,[],CIHI NACRS / Fiscal Year
file_9772e4124db9000923df7ee0723b6c5954285930dee8a3dad72efbcf089e68be:record_1644,%,Hospital admitted patients,percent,hospital admitted patients,true,[],CIHI DAD / Quarter
file_9772e4124db9000923df7ee0723b6c5954285930dee8a3dad72efbcf089e68be:record_1645,%,Hospital admitted patients,percent,hospital admitted patients,true,[],CIHI DAD / Quarter
file_9772e4124db9000923df7ee0723b6c5954285930dee8a3dad72efbcf089e68be:record_1646,%,Staff,percent,staff,true,[],Local data collection / Other
file_9772e4124db9000923df7ee0723b6c5954285930dee8a3dad72efbcf089e68be:record_1647,%,Staff,percent,staff,true,[],Local data collection / Other
file_9772e4124db9000923df7ee0723b6c5954285930dee8a3dad72efbcf089e68be:record_1648,%,Staff,percent,staff,true,[],Local data collection / Other
file_9772e4124db9000923df7ee0723b6c5954285930dee8a3dad72efbcf089e68be:record_1649,%,Palliative patients,percent,palliative patients,true,[],"In house data collection  / April 1, 2024-March 31, 2025"
file_9772e4124db9000923df7ee0723b6c5954285930dee8a3dad72efbcf089e68be:record_1650,%,Other,percent,unknown,false,"[""unknown_unit_or_population""]","Local data collection / April 1, 2024-March 31, 2025"
file_9772e4124db9000923df7ee0723b6c5954285930dee8a3dad72efbcf089e68be:record_1651,%,Other,percent,unknown,false,"[""unknown_unit_or_population""]","Local data collection / April 1, 2024-March 31, 2025"
file_9772e4124db9000923df7ee0723b6c5954285930dee8a3dad72efbcf089e68be:record_1652,%,Other,percent,unknown,false,"[""unknown_unit_or_population""]","Local data collection / April 1, 2024-March 31, 2025"
file_9772e4124db9000923df7ee0723b6c5954285930dee8a3dad72efbcf089e68be:record_1653,%,Other,percent,unknown,false,"[""unknown_unit_or_population""]","Local data collection / April 1, 2024-March 31, 2025"
file_9772e4124db9000923df7ee0723b6c5954285930dee8a3dad72efbcf089e68be:record_1654,%,Survey respondents,percent,survey respondents,true,[],"In-house survey / April 1, 2024-March 31, 2025"
file_9772e4124db9000923df7ee0723b6c5954285930dee8a3dad72efbcf089e68be:record_1655,%,Survey respondents,percent,survey respondents,true,[],"In-house survey / April 1, 2024-March 31, 2025"
file_9772e4124db9000923df7ee0723b6c5954285930dee8a3dad72efbcf089e68be:record_1656,%,Survey respondents,percent,survey respondents,true,[],"In-house survey / April 1, 2024-March 31, 2025"
file_9772e4124db9000923df7ee0723b6c5954285930dee8a3dad72efbcf089e68be:record_1657,%,Survey respondents,percent,survey respondents,true,[],"In-house survey / April 1, 2024-March 31, 2025"
file_9772e4124db9000923df7ee0723b6c5954285930dee8a3dad72efbcf089e68be:record_1658,%,Survey respondents,percent,survey respondents,true,[],"In-house survey / April 1, 2024-March 31, 2025"
file_9772e4124db9000923df7ee0723b6c5954285930dee8a3dad72efbcf089e68be:record_1659,%,Survey respondents,percent,survey respondents,true,[],"In-house survey / April 1, 2024-March 31, 2025"
file_9772e4124db9000923df7ee0723b6c5954285930dee8a3dad72efbcf089e68be:record_1660,%,Mental health patients,percent,mental health patients,true,[],"Local data collection / April 1, 2024-March 31, 2025"
file_9772e4124db9000923df7ee0723b6c5954285930dee8a3dad72efbcf089e68be:record_1661,%,Discharged patients ,percent,discharged patients,true,[],"Local data collection / April 1, 2024-March 31, 2025"
file_9772e4124db9000923df7ee0723b6c5954285930dee8a3dad72efbcf089e68be:record_1662,%,Discharged patients ,percent,discharged patients,true,[],"Local data collection / April 1, 2024-March 31, 2025"
file_9772e4124db9000923df7ee0723b6c5954285930dee8a3dad72efbcf089e68be:record_1663,%,Discharged patients ,percent,discharged patients,true,[],"Local data collection / April 1, 2024-March 31, 2025"
file_9772e4124db9000923df7ee0723b6c5954285930dee8a3dad72efbcf089e68be:record_1664,%,Other,percent,unknown,false,"[""unknown_unit_or_population""]","Local data collection / April 1, 2024-March 31, 2025"
file_9772e4124db9000923df7ee0723b6c5954285930dee8a3dad72efbcf089e68be:record_1665,%,Other,percent,unknown,false,"[""unknown_unit_or_population""]","Local data collection / April 1, 2024-March 31, 2025"
file_9772e4124db9000923df7ee0723b6c5954285930dee8a3dad72efbcf089e68be:record_1666,%,Other,percent,unknown,false,"[""unknown_unit_or_population""]","Local data collection / April 1, 2024-March 31, 2025"
file_9772e4124db9000923df7ee0723b6c5954285930dee8a3dad72efbcf089e68be:record_1667,%,Survey respondents,percent,survey respondents,true,[],Local data collection / Other
file_9772e4124db9000923df7ee0723b6c5954285930dee8a3dad72efbcf089e68be:record_1668,Minutes,Patients,minutes,patients,true,[],CIHI NACRS / Other
file_9772e4124db9000923df7ee0723b6c5954285930dee8a3dad72efbcf089e68be:record_1669,%,Survey respondents,percent,survey respondents,true,[],Local data collection / Other
file_9772e4124db9000923df7ee0723b6c5954285930dee8a3dad72efbcf089e68be:record_1670,%,Survey respondents,percent,survey respondents,true,[],Local data collection / Other
file_9772e4124db9000923df7ee0723b6c5954285930dee8a3dad72efbcf089e68be:record_1671,%,Survey respondents,percent,survey respondents,true,[],Local data collection / Other
file_9772e4124db9000923df7ee0723b6c5954285930dee8a3dad72efbcf089e68be:record_1672,%,All inpatients,percent,all inpatients,true,[],EMR/Chart Review / Q3 OCT 1 - DEC 31 2024
file_9772e4124db9000923df7ee0723b6c5954285930dee8a3dad72efbcf089e68be:record_1673,%,All inpatients,percent,all inpatients,true,[],EMR/Chart Review / Q3 OCT 1 - DEC 31 2024
file_9772e4124db9000923df7ee0723b6c5954285930dee8a3dad72efbcf089e68be:record_1674,Hours,ED patients,hours,ed patients,true,[],CIHI NACRS / Other
file_9772e4124db9000923df7ee0723b6c5954285930dee8a3dad72efbcf089e68be:record_1675,%,Discharged patients ,percent,discharged patients,true,[],Local data collection / Other
file_9772e4124db9000923df7ee0723b6c5954285930dee8a3dad72efbcf089e68be:record_1676,%,Survey respondents,percent,survey respondents,true,[],Local data collection / Other
file_9772e4124db9000923df7ee0723b6c5954285930dee8a3dad72efbcf089e68be:record_1677,%,ED patients,percent,ed patients,true,[],CIHI NACRS / Fiscal Year
file_9772e4124db9000923df7ee0723b6c5954285930dee8a3dad72efbcf089e68be:record_1678,%,Hospital admitted patients,percent,hospital admitted patients,true,[],CIHI DAD / Quarter
file_9772e4124db9000923df7ee0723b6c5954285930dee8a3dad72efbcf089e68be:record_1679,%,Staff,percent,staff,false,"[""incompatible_indicator_unit""]",Local data collection / Other
file_9772e4124db9000923df7ee0723b6c5954285930dee8a3dad72efbcf089e68be:record_1680,%,Staff,percent,staff,true,[],Local data collection / Other
file_9772e4124db9000923df7ee0723b6c5954285930dee8a3dad72efbcf089e68be:record_1681,Number,Worker,count,worker,true,[],In house data collection  / January 1- December 31.
file_9772e4124db9000923df7ee0723b6c5954285930dee8a3dad72efbcf089e68be:record_1682,Number,Worker,count,worker,true,[],In house data collection  / January 1- December 31.
file_9772e4124db9000923df7ee0723b6c5954285930dee8a3dad72efbcf089e68be:record_1683,Other,Patients,unknown,patients,false,"[""unknown_unit_or_population""]",In-house survey / 2024-2025
file_9772e4124db9000923df7ee0723b6c5954285930dee8a3dad72efbcf089e68be:record_1684,Rate per 100 inpatient days,ALC patients,rate_per_100_inpatient_days,alc patients,true,[],Daily BCS / Q3
file_9772e4124db9000923df7ee0723b6c5954285930dee8a3dad72efbcf089e68be:record_1685,Rate per 100 inpatient days,ALC patients,rate_per_100_inpatient_days,alc patients,true,[],Daily BCS / Q3
file_9772e4124db9000923df7ee0723b6c5954285930dee8a3dad72efbcf089e68be:record_1686,Rate per 100 inpatient days,ALC patients,rate_per_100_inpatient_days,alc patients,true,[],Daily BCS / Q3
file_9772e4124db9000923df7ee0723b6c5954285930dee8a3dad72efbcf089e68be:record_1687,Rate per 100 inpatient days,ALC patients,rate_per_100_inpatient_days,alc patients,true,[],Daily BCS / Q3
file_9772e4124db9000923df7ee0723b6c5954285930dee8a3dad72efbcf089e68be:record_1688,Rate per 100,Worker,rate_per_100,worker,true,[],In house data collection  / Q3
file_9772e4124db9000923df7ee0723b6c5954285930dee8a3dad72efbcf089e68be:record_1689,Rate per 100,Worker,rate_per_100,worker,true,[],In house data collection  / Q3
file_161ce5fbf507dd667d6dc24dad51011bd988de49fcb53fc2805a29335914ff7f:record_2,%,Discharged patients ,percent,discharged patients,true,[],Local data collection / Other
file_161ce5fbf507dd667d6dc24dad51011bd988de49fcb53fc2805a29335914ff7f:record_3,%,Discharged patients ,percent,discharged patients,true,[],Local data collection / Other
file_161ce5fbf507dd667d6dc24dad51011bd988de49fcb53fc2805a29335914ff7f:record_4,%,Staff,percent,staff,true,[],Local data collection / Other
file_161ce5fbf507dd667d6dc24dad51011bd988de49fcb53fc2805a29335914ff7f:record_5,Hours,ED patients,hours,ed patients,true,[],CIHI NACRS / Other
file_161ce5fbf507dd667d6dc24dad51011bd988de49fcb53fc2805a29335914ff7f:record_6,Hours,ED patients,hours,ed patients,true,[],CIHI NACRS / Other
file_161ce5fbf507dd667d6dc24dad51011bd988de49fcb53fc2805a29335914ff7f:record_7,%,All acute patients,percent,all acute patients,true,[],In house data collection  / April 1 2025 - March 31 2026
file_161ce5fbf507dd667d6dc24dad51011bd988de49fcb53fc2805a29335914ff7f:record_8,%,Discharged patients ,percent,discharged patients,true,[],Local data collection / Other
file_161ce5fbf507dd667d6dc24dad51011bd988de49fcb53fc2805a29335914ff7f:record_9,%,Discharged patients ,percent,discharged patients,true,[],Local data collection / Other
file_161ce5fbf507dd667d6dc24dad51011bd988de49fcb53fc2805a29335914ff7f:record_10,%,Discharged patients ,percent,discharged patients,true,[],Local data collection / Other
file_161ce5fbf507dd667d6dc24dad51011bd988de49fcb53fc2805a29335914ff7f:record_11,%,Discharged patients ,percent,discharged patients,true,[],Local data collection / Other
file_161ce5fbf507dd667d6dc24dad51011bd988de49fcb53fc2805a29335914ff7f:record_12,%,Survey respondents,percent,survey respondents,true,[],Local data collection / Other
file_161ce5fbf507dd667d6dc24dad51011bd988de49fcb53fc2805a29335914ff7f:record_13,%,Survey respondents,percent,survey respondents,true,[],Local data collection / Other
file_161ce5fbf507dd667d6dc24dad51011bd988de49fcb53fc2805a29335914ff7f:record_14,%,Survey respondents,percent,survey respondents,true,[],Local data collection / Other
file_161ce5fbf507dd667d6dc24dad51011bd988de49fcb53fc2805a29335914ff7f:record_15,Hours,ED patients,hours,ed patients,true,[],CIHI NACRS / Other
file_161ce5fbf507dd667d6dc24dad51011bd988de49fcb53fc2805a29335914ff7f:record_16,Hours,ED patients,hours,ed patients,true,[],CIHI NACRS / Other
file_161ce5fbf507dd667d6dc24dad51011bd988de49fcb53fc2805a29335914ff7f:record_17,Hours,ED patients,hours,ed patients,true,[],CIHI NACRS / Other
file_161ce5fbf507dd667d6dc24dad51011bd988de49fcb53fc2805a29335914ff7f:record_18,Hours,ED patients,hours,ed patients,true,[],CIHI NACRS / Other
file_161ce5fbf507dd667d6dc24dad51011bd988de49fcb53fc2805a29335914ff7f:record_19,%,Other,percent,unknown,false,"[""unknown_unit_or_population""]","Local data collection / April 1, 2025- March 31 2026"
file_161ce5fbf507dd667d6dc24dad51011bd988de49fcb53fc2805a29335914ff7f:record_20,%,Staff,percent,staff,true,[],In house data collection  / April 1 2025- March 31 2026
file_161ce5fbf507dd667d6dc24dad51011bd988de49fcb53fc2805a29335914ff7f:record_21,%,Staff,percent,staff,true,[],In house data collection  / April 1 2025- March 31 2026
file_161ce5fbf507dd667d6dc24dad51011bd988de49fcb53fc2805a29335914ff7f:record_22,%,Staff,percent,staff,true,[],In house data collection  / April 1 2025- March 31 2026
file_161ce5fbf507dd667d6dc24dad51011bd988de49fcb53fc2805a29335914ff7f:record_23,%,Discharged patients ,percent,discharged patients,true,[],Local data collection / Other
file_161ce5fbf507dd667d6dc24dad51011bd988de49fcb53fc2805a29335914ff7f:record_24,%,Discharged patients ,percent,discharged patients,true,[],Local data collection / Other
file_161ce5fbf507dd667d6dc24dad51011bd988de49fcb53fc2805a29335914ff7f:record_25,Minutes,Patients,minutes,patients,true,[],CIHI NACRS / Other
file_161ce5fbf507dd667d6dc24dad51011bd988de49fcb53fc2805a29335914ff7f:record_26,Minutes,Patients,minutes,patients,true,[],CIHI NACRS / Other
file_161ce5fbf507dd667d6dc24dad51011bd988de49fcb53fc2805a29335914ff7f:record_27,%,Staff,percent,staff,true,[],Local data collection / Other
file_161ce5fbf507dd667d6dc24dad51011bd988de49fcb53fc2805a29335914ff7f:record_28,Hours,ED patients,hours,ed patients,true,[],CIHI NACRS / Other
file_161ce5fbf507dd667d6dc24dad51011bd988de49fcb53fc2805a29335914ff7f:record_29,Hours,ED patients,hours,ed patients,true,[],CIHI NACRS / Other
file_161ce5fbf507dd667d6dc24dad51011bd988de49fcb53fc2805a29335914ff7f:record_30,Hours,ED patients,hours,ed patients,true,[],CIHI NACRS / Other
file_161ce5fbf507dd667d6dc24dad51011bd988de49fcb53fc2805a29335914ff7f:record_31,Number,ED patients,count,ed patients,true,[],CIHI NACRS / Fiscal Year
file_161ce5fbf507dd667d6dc24dad51011bd988de49fcb53fc2805a29335914ff7f:record_32,Number,ED patients,count,ed patients,true,[],CIHI NACRS / Fiscal Year
file_161ce5fbf507dd667d6dc24dad51011bd988de49fcb53fc2805a29335914ff7f:record_33,Minutes,Patients,minutes,patients,true,[],CIHI NACRS / Other
file_161ce5fbf507dd667d6dc24dad51011bd988de49fcb53fc2805a29335914ff7f:record_34,Hours,ED patients,hours,ed patients,true,[],CIHI NACRS / Other
file_161ce5fbf507dd667d6dc24dad51011bd988de49fcb53fc2805a29335914ff7f:record_35,"Rate per 1,000 patient days",Discharged patients ,rate_per_1000_patient_days,discharged patients,true,[],EMR/Chart Review / Apr-Dec 2024
file_161ce5fbf507dd667d6dc24dad51011bd988de49fcb53fc2805a29335914ff7f:record_36,%,Staff,percent,staff,true,[],In house data collection  / 2025/2026
file_161ce5fbf507dd667d6dc24dad51011bd988de49fcb53fc2805a29335914ff7f:record_37,Hours,All surgical procedures,hours,all surgical procedures,true,[],In house data collection  / Q3 2024
file_161ce5fbf507dd667d6dc24dad51011bd988de49fcb53fc2805a29335914ff7f:record_38,Hours,All surgical procedures,hours,all surgical procedures,true,[],In house data collection  / Q3 2024
file_161ce5fbf507dd667d6dc24dad51011bd988de49fcb53fc2805a29335914ff7f:record_39,Hours,All surgical procedures,hours,all surgical procedures,true,[],In house data collection  / Q3 2024
file_161ce5fbf507dd667d6dc24dad51011bd988de49fcb53fc2805a29335914ff7f:record_40,Hours,All surgical procedures,hours,all surgical procedures,true,[],In house data collection  / Q3 2024
file_161ce5fbf507dd667d6dc24dad51011bd988de49fcb53fc2805a29335914ff7f:record_41,%,All surgical procedures,percent,all surgical procedures,true,[],In house data collection  / Q3 2024
file_161ce5fbf507dd667d6dc24dad51011bd988de49fcb53fc2805a29335914ff7f:record_42,%,All surgical procedures,percent,all surgical procedures,true,[],In house data collection  / Q3 2024
file_161ce5fbf507dd667d6dc24dad51011bd988de49fcb53fc2805a29335914ff7f:record_43,%,All surgical procedures,percent,all surgical procedures,true,[],In house data collection  / Q3 2024
file_161ce5fbf507dd667d6dc24dad51011bd988de49fcb53fc2805a29335914ff7f:record_44,%,Maternity Patients,percent,maternity patients,true,[],In house data collection  / Q3 2024
file_161ce5fbf507dd667d6dc24dad51011bd988de49fcb53fc2805a29335914ff7f:record_45,%,Maternity Patients,percent,maternity patients,true,[],In house data collection  / Q3 2024
file_161ce5fbf507dd667d6dc24dad51011bd988de49fcb53fc2805a29335914ff7f:record_46,Dollars,All patients,dollars,all patients,true,[],In house data collection  / Q3 2024
file_161ce5fbf507dd667d6dc24dad51011bd988de49fcb53fc2805a29335914ff7f:record_47,Dollars,All patients,dollars,all patients,true,[],In house data collection  / Q3 2024
file_161ce5fbf507dd667d6dc24dad51011bd988de49fcb53fc2805a29335914ff7f:record_48,Dollars,All patients,dollars,all patients,true,[],In house data collection  / Q3 2024
file_161ce5fbf507dd667d6dc24dad51011bd988de49fcb53fc2805a29335914ff7f:record_49,Dollars,All patients,dollars,all patients,true,[],In house data collection  / Q3 2024
file_161ce5fbf507dd667d6dc24dad51011bd988de49fcb53fc2805a29335914ff7f:record_50,Number,ED patients,count,ed patients,true,[],Hospital collected data / Q 3 2024
file_161ce5fbf507dd667d6dc24dad51011bd988de49fcb53fc2805a29335914ff7f:record_51,Number,ED patients,count,ed patients,true,[],Hospital collected data / Q3 2024
file_161ce5fbf507dd667d6dc24dad51011bd988de49fcb53fc2805a29335914ff7f:record_52,Minutes,ED patients,minutes,ed patients,true,[],Hospital collected data / Q3 2024
file_161ce5fbf507dd667d6dc24dad51011bd988de49fcb53fc2805a29335914ff7f:record_53,Number,ALC patients,count,alc patients,true,[],Hospital collected data / Q3 2024
file_161ce5fbf507dd667d6dc24dad51011bd988de49fcb53fc2805a29335914ff7f:record_54,Number,ALC patients,count,alc patients,true,[],Hospital collected data / Q3 2024
file_161ce5fbf507dd667d6dc24dad51011bd988de49fcb53fc2805a29335914ff7f:record_55,Number,All patients,count,all patients,true,[],Hospital collected data / Q3 2024
file_161ce5fbf507dd667d6dc24dad51011bd988de49fcb53fc2805a29335914ff7f:record_56,Number,All patients,count,all patients,true,[],Hospital collected data / Q3 2024
file_161ce5fbf507dd667d6dc24dad51011bd988de49fcb53fc2805a29335914ff7f:record_57,Number,Staff,count,staff,true,[],Hospital collected data / Q3 2024
file_161ce5fbf507dd667d6dc24dad51011bd988de49fcb53fc2805a29335914ff7f:record_58,Number,Staff,count,staff,true,[],Hospital collected data / Q3 2024
file_161ce5fbf507dd667d6dc24dad51011bd988de49fcb53fc2805a29335914ff7f:record_59,Number,Staff,count,staff,true,[],Hospital collected data / Q3 2024
file_161ce5fbf507dd667d6dc24dad51011bd988de49fcb53fc2805a29335914ff7f:record_60,Number,Staff,count,staff,true,[],Hospital collected data / Q3 2024
file_161ce5fbf507dd667d6dc24dad51011bd988de49fcb53fc2805a29335914ff7f:record_61,Number,Staff,count,staff,true,[],Hospital collected data / Q3 2024
file_161ce5fbf507dd667d6dc24dad51011bd988de49fcb53fc2805a29335914ff7f:record_62,%,Staff,percent,staff,true,[],Local data collection / Other
file_161ce5fbf507dd667d6dc24dad51011bd988de49fcb53fc2805a29335914ff7f:record_63,%,Hospital admitted patients,percent,hospital admitted patients,true,[],CIHI DAD / Quarter
file_161ce5fbf507dd667d6dc24dad51011bd988de49fcb53fc2805a29335914ff7f:record_64,%,Staff,percent,staff,true,[],Local data collection / Other
file_161ce5fbf507dd667d6dc24dad51011bd988de49fcb53fc2805a29335914ff7f:record_65,%,Patients,percent,patients,true,[],In house data collection  / January to December
file_161ce5fbf507dd667d6dc24dad51011bd988de49fcb53fc2805a29335914ff7f:record_66,%,Patients,percent,patients,true,[],In-house survey / January to December
file_161ce5fbf507dd667d6dc24dad51011bd988de49fcb53fc2805a29335914ff7f:record_67,%,Patients,percent,patients,true,[],In house data collection  / January to December
file_161ce5fbf507dd667d6dc24dad51011bd988de49fcb53fc2805a29335914ff7f:record_68,Rate,Patients,unknown,patients,false,"[""unknown_unit_or_population""]",In house data collection  / January to December
file_161ce5fbf507dd667d6dc24dad51011bd988de49fcb53fc2805a29335914ff7f:record_69,%,Patients,percent,patients,true,[],In house data collection  / January to December
file_161ce5fbf507dd667d6dc24dad51011bd988de49fcb53fc2805a29335914ff7f:record_70,%,Staff,percent,staff,true,[],Staff survey / January to December
file_161ce5fbf507dd667d6dc24dad51011bd988de49fcb53fc2805a29335914ff7f:record_71,%,Staff,percent,staff,true,[],Local data collection / Other
file_161ce5fbf507dd667d6dc24dad51011bd988de49fcb53fc2805a29335914ff7f:record_72,%,Staff,percent,staff,true,[],Local data collection / Other
file_161ce5fbf507dd667d6dc24dad51011bd988de49fcb53fc2805a29335914ff7f:record_73,Hours,ED patients,hours,ed patients,true,[],CIHI NACRS / Other
file_161ce5fbf507dd667d6dc24dad51011bd988de49fcb53fc2805a29335914ff7f:record_74,Hours,ED patients,hours,ed patients,true,[],CIHI NACRS / Other
file_161ce5fbf507dd667d6dc24dad51011bd988de49fcb53fc2805a29335914ff7f:record_75,Hours,ED patients,hours,ed patients,true,[],CIHI NACRS / Other
file_161ce5fbf507dd667d6dc24dad51011bd988de49fcb53fc2805a29335914ff7f:record_76,Hours,ED patients,hours,ed patients,true,[],CIHI NACRS / Other
file_161ce5fbf507dd667d6dc24dad51011bd988de49fcb53fc2805a29335914ff7f:record_77,%,All patients,percent,all patients,true,[],Hospital collected data / fiscal year
file_161ce5fbf507dd667d6dc24dad51011bd988de49fcb53fc2805a29335914ff7f:record_78,%,All inpatients,percent,all inpatients,true,[],EMR/Chart Review / fiscal year
file_161ce5fbf507dd667d6dc24dad51011bd988de49fcb53fc2805a29335914ff7f:record_79,%,All inpatients,percent,all inpatients,true,[],EMR/Chart Review / fiscal year
file_161ce5fbf507dd667d6dc24dad51011bd988de49fcb53fc2805a29335914ff7f:record_80,90th percentile,ED patients,unknown,ed patients,false,"[""unknown_unit_or_population""]",Hospital collected data / fiscal year
file_161ce5fbf507dd667d6dc24dad51011bd988de49fcb53fc2805a29335914ff7f:record_81,90th percentile,ED patients,unknown,ed patients,false,"[""unknown_unit_or_population""]",Hospital collected data / fiscal year
file_161ce5fbf507dd667d6dc24dad51011bd988de49fcb53fc2805a29335914ff7f:record_82,%,Survey respondents,percent,survey respondents,true,[],Local data collection / Other
file_161ce5fbf507dd667d6dc24dad51011bd988de49fcb53fc2805a29335914ff7f:record_83,%,Survey respondents,percent,survey respondents,true,[],Local data collection / Other
file_161ce5fbf507dd667d6dc24dad51011bd988de49fcb53fc2805a29335914ff7f:record_84,%,Survey respondents,percent,survey respondents,true,[],Local data collection / Other
file_161ce5fbf507dd667d6dc24dad51011bd988de49fcb53fc2805a29335914ff7f:record_85,%,Survey respondents,percent,survey respondents,true,[],Local data collection / Other
file_161ce5fbf507dd667d6dc24dad51011bd988de49fcb53fc2805a29335914ff7f:record_86,Hours,ED patients,hours,ed patients,true,[],CIHI NACRS / Other
file_161ce5fbf507dd667d6dc24dad51011bd988de49fcb53fc2805a29335914ff7f:record_87,Hours,ED patients,hours,ed patients,true,[],CIHI NACRS / Other
file_161ce5fbf507dd667d6dc24dad51011bd988de49fcb53fc2805a29335914ff7f:record_88,Hours,ED patients,hours,ed patients,true,[],CIHI NACRS / Other
file_161ce5fbf507dd667d6dc24dad51011bd988de49fcb53fc2805a29335914ff7f:record_89,Hours,ED patients,hours,ed patients,true,[],CIHI NACRS / Other
file_161ce5fbf507dd667d6dc24dad51011bd988de49fcb53fc2805a29335914ff7f:record_90,Hours,ED patients,hours,ed patients,true,[],CIHI NACRS / Other
file_161ce5fbf507dd667d6dc24dad51011bd988de49fcb53fc2805a29335914ff7f:record_91,Hours,ED patients,hours,ed patients,true,[],CIHI NACRS / Other
file_161ce5fbf507dd667d6dc24dad51011bd988de49fcb53fc2805a29335914ff7f:record_92,Hours,ED patients,hours,ed patients,true,[],CIHI NACRS / Other
file_161ce5fbf507dd667d6dc24dad51011bd988de49fcb53fc2805a29335914ff7f:record_93,%,Survey respondents,percent,survey respondents,true,[],Local data collection / Other
file_161ce5fbf507dd667d6dc24dad51011bd988de49fcb53fc2805a29335914ff7f:record_94,%,Survey respondents,percent,survey respondents,true,[],Local data collection / Other
file_161ce5fbf507dd667d6dc24dad51011bd988de49fcb53fc2805a29335914ff7f:record_95,%,Survey respondents,percent,survey respondents,true,[],Local data collection / Other
file_161ce5fbf507dd667d6dc24dad51011bd988de49fcb53fc2805a29335914ff7f:record_96,Minutes,Patients,minutes,patients,true,[],CIHI NACRS / Other
file_161ce5fbf507dd667d6dc24dad51011bd988de49fcb53fc2805a29335914ff7f:record_97,Minutes,Patients,minutes,patients,true,[],CIHI NACRS / Other
file_161ce5fbf507dd667d6dc24dad51011bd988de49fcb53fc2805a29335914ff7f:record_98,Hours,ED patients,hours,ed patients,true,[],CIHI NACRS / Other
file_161ce5fbf507dd667d6dc24dad51011bd988de49fcb53fc2805a29335914ff7f:record_99,Hours,ED patients,hours,ed patients,true,[],CIHI NACRS / Other
file_161ce5fbf507dd667d6dc24dad51011bd988de49fcb53fc2805a29335914ff7f:record_100,%,Staff,percent,staff,true,[],Local data collection / Other
file_161ce5fbf507dd667d6dc24dad51011bd988de49fcb53fc2805a29335914ff7f:record_101,Hours,ED patients,hours,ed patients,true,[],CIHI NACRS / Other
file_161ce5fbf507dd667d6dc24dad51011bd988de49fcb53fc2805a29335914ff7f:record_102,Hours,ED patients,hours,ed patients,true,[],CIHI NACRS / Other
file_161ce5fbf507dd667d6dc24dad51011bd988de49fcb53fc2805a29335914ff7f:record_103,Number,ED patients,count,ed patients,true,[],CIHI NACRS / Fiscal Year
file_161ce5fbf507dd667d6dc24dad51011bd988de49fcb53fc2805a29335914ff7f:record_104,Number,ED patients,count,ed patients,true,[],CIHI NACRS / Fiscal Year
file_161ce5fbf507dd667d6dc24dad51011bd988de49fcb53fc2805a29335914ff7f:record_105,%,ED patients,percent,ed patients,true,[],CIHI NACRS / 2025
file_161ce5fbf507dd667d6dc24dad51011bd988de49fcb53fc2805a29335914ff7f:record_106,%,ED patients,percent,ed patients,true,[],CIHI NACRS / 2025
file_161ce5fbf507dd667d6dc24dad51011bd988de49fcb53fc2805a29335914ff7f:record_107,%,Staff,percent,staff,true,[],In house data collection  / 2025
file_161ce5fbf507dd667d6dc24dad51011bd988de49fcb53fc2805a29335914ff7f:record_108,%,Staff,percent,staff,true,[],In house data collection  / 2025
file_161ce5fbf507dd667d6dc24dad51011bd988de49fcb53fc2805a29335914ff7f:record_109,%,Staff,percent,staff,true,[],In house data collection  / 2025
file_161ce5fbf507dd667d6dc24dad51011bd988de49fcb53fc2805a29335914ff7f:record_110,%,All patients,percent,all patients,true,[],In house data collection  / 2025
file_161ce5fbf507dd667d6dc24dad51011bd988de49fcb53fc2805a29335914ff7f:record_111,%,All patients,percent,all patients,true,[],In house data collection  / 2025
file_161ce5fbf507dd667d6dc24dad51011bd988de49fcb53fc2805a29335914ff7f:record_112,%,ED patients,percent,ed patients,true,[],CIHI NACRS / Fiscal Year
file_161ce5fbf507dd667d6dc24dad51011bd988de49fcb53fc2805a29335914ff7f:record_113,%,ED patients,percent,ed patients,true,[],CIHI NACRS / Fiscal Year
file_161ce5fbf507dd667d6dc24dad51011bd988de49fcb53fc2805a29335914ff7f:record_114,%,ED patients,percent,ed patients,true,[],CIHI NACRS / Fiscal Year
file_161ce5fbf507dd667d6dc24dad51011bd988de49fcb53fc2805a29335914ff7f:record_115,%,ED patients,percent,ed patients,true,[],CIHI NACRS / Fiscal Year
file_161ce5fbf507dd667d6dc24dad51011bd988de49fcb53fc2805a29335914ff7f:record_116,%,Staff,percent,staff,false,"[""incompatible_indicator_unit""]",Local data collection / Other
file_161ce5fbf507dd667d6dc24dad51011bd988de49fcb53fc2805a29335914ff7f:record_117,%,Staff,percent,staff,false,"[""incompatible_indicator_unit""]",Local data collection / Other
file_161ce5fbf507dd667d6dc24dad51011bd988de49fcb53fc2805a29335914ff7f:record_118,%,Staff,percent,staff,false,"[""incompatible_indicator_unit""]",Local data collection / Other
file_161ce5fbf507dd667d6dc24dad51011bd988de49fcb53fc2805a29335914ff7f:record_119,%,Staff,percent,staff,true,[],Local data collection / Jan-Dec
file_161ce5fbf507dd667d6dc24dad51011bd988de49fcb53fc2805a29335914ff7f:record_120,%,ED patients,percent,ed patients,true,[],Local data collection / Jan-Dec 2025
file_161ce5fbf507dd667d6dc24dad51011bd988de49fcb53fc2805a29335914ff7f:record_121,%,ED patients,percent,ed patients,true,[],Local data collection / Jan-Dec 2025
file_161ce5fbf507dd667d6dc24dad51011bd988de49fcb53fc2805a29335914ff7f:record_122,%,Staff,percent,staff,true,[],Local data collection / Jan-Dec 2025
file_161ce5fbf507dd667d6dc24dad51011bd988de49fcb53fc2805a29335914ff7f:record_123,%,Staff,percent,staff,true,[],Local data collection / Jan-Dec 2025
file_161ce5fbf507dd667d6dc24dad51011bd988de49fcb53fc2805a29335914ff7f:record_124,Number,All inpatients,count,all inpatients,true,[],Hospital collected data / Hospital Data
file_161ce5fbf507dd667d6dc24dad51011bd988de49fcb53fc2805a29335914ff7f:record_125,Number,All inpatients,count,all inpatients,true,[],Hospital collected data / Hospital Data
file_161ce5fbf507dd667d6dc24dad51011bd988de49fcb53fc2805a29335914ff7f:record_126,Number,All inpatients,count,all inpatients,true,[],Hospital collected data / Hospital Data
file_161ce5fbf507dd667d6dc24dad51011bd988de49fcb53fc2805a29335914ff7f:record_127,Number,All patients,count,all patients,true,[],Hospital collected data / Hospital Data
file_161ce5fbf507dd667d6dc24dad51011bd988de49fcb53fc2805a29335914ff7f:record_128,Number,All patients,count,all patients,true,[],Hospital collected data / Hospital Data
file_161ce5fbf507dd667d6dc24dad51011bd988de49fcb53fc2805a29335914ff7f:record_129,Number,All patients,count,all patients,true,[],Hospital collected data / Hospital Data
file_161ce5fbf507dd667d6dc24dad51011bd988de49fcb53fc2805a29335914ff7f:record_130,Minutes,Patients,minutes,patients,true,[],CIHI NACRS / Other
file_161ce5fbf507dd667d6dc24dad51011bd988de49fcb53fc2805a29335914ff7f:record_131,Hours,ED patients,hours,ed patients,true,[],CIHI NACRS / Other
file_161ce5fbf507dd667d6dc24dad51011bd988de49fcb53fc2805a29335914ff7f:record_132,Number,ED patients,count,ed patients,true,[],CIHI NACRS / Fiscal Year
file_161ce5fbf507dd667d6dc24dad51011bd988de49fcb53fc2805a29335914ff7f:record_133,%,Other,percent,unknown,false,"[""unknown_unit_or_population""]","In house data collection  / April 1, 2025 to March 31, 2026"
file_161ce5fbf507dd667d6dc24dad51011bd988de49fcb53fc2805a29335914ff7f:record_134,%,ALC patients,percent,alc patients,true,[],In-home audit / measure rate of Barthel completed for all patients over the age of 65 on the integrated medical unit
file_161ce5fbf507dd667d6dc24dad51011bd988de49fcb53fc2805a29335914ff7f:record_135,%,Discharged patients ,percent,discharged patients,true,[],Local data collection / Other
file_161ce5fbf507dd667d6dc24dad51011bd988de49fcb53fc2805a29335914ff7f:record_136,%,Discharged patients ,percent,discharged patients,true,[],Local data collection / Other
file_161ce5fbf507dd667d6dc24dad51011bd988de49fcb53fc2805a29335914ff7f:record_137,%,Discharged patients ,percent,discharged patients,true,[],Local data collection / Other
file_161ce5fbf507dd667d6dc24dad51011bd988de49fcb53fc2805a29335914ff7f:record_138,%,Discharged patients ,percent,discharged patients,true,[],Local data collection / Other
file_161ce5fbf507dd667d6dc24dad51011bd988de49fcb53fc2805a29335914ff7f:record_139,%,Survey respondents,percent,survey respondents,true,[],Local data collection / Other
file_161ce5fbf507dd667d6dc24dad51011bd988de49fcb53fc2805a29335914ff7f:record_140,%,Survey respondents,percent,survey respondents,true,[],Local data collection / Other
file_161ce5fbf507dd667d6dc24dad51011bd988de49fcb53fc2805a29335914ff7f:record_141,%,Survey respondents,percent,survey respondents,true,[],Local data collection / Other
file_161ce5fbf507dd667d6dc24dad51011bd988de49fcb53fc2805a29335914ff7f:record_142,%,Survey respondents,percent,survey respondents,true,[],Local data collection / Other
file_161ce5fbf507dd667d6dc24dad51011bd988de49fcb53fc2805a29335914ff7f:record_143,%,Staff,percent,staff,true,[],Local data collection / Other
file_161ce5fbf507dd667d6dc24dad51011bd988de49fcb53fc2805a29335914ff7f:record_144,%,Staff,percent,staff,true,[],Local data collection / Other
file_161ce5fbf507dd667d6dc24dad51011bd988de49fcb53fc2805a29335914ff7f:record_145,%,Staff,percent,staff,true,[],Local data collection / Other
file_161ce5fbf507dd667d6dc24dad51011bd988de49fcb53fc2805a29335914ff7f:record_146,%,Staff,percent,staff,true,[],Local data collection / Other
file_161ce5fbf507dd667d6dc24dad51011bd988de49fcb53fc2805a29335914ff7f:record_147,Number,Patients,count,patients,true,[],"Hospital collected data / April 1, 2025 - March 31, 2026"
file_161ce5fbf507dd667d6dc24dad51011bd988de49fcb53fc2805a29335914ff7f:record_148,Number,Patients,count,patients,true,[],"Hospital collected data / April 1, 2025 - March 31, 2026"
file_161ce5fbf507dd667d6dc24dad51011bd988de49fcb53fc2805a29335914ff7f:record_149,Number,Patients,count,patients,true,[],"Hospital collected data / April 1, 2025 - March 31, 2026"
file_161ce5fbf507dd667d6dc24dad51011bd988de49fcb53fc2805a29335914ff7f:record_150,%,People,percent,people,true,[],"In house data collection  / April 1, 2025 - March 31, 2026"
file_161ce5fbf507dd667d6dc24dad51011bd988de49fcb53fc2805a29335914ff7f:record_151,%,People,percent,people,true,[],"In house data collection  / April 1, 2025 - March 31, 2026"
file_161ce5fbf507dd667d6dc24dad51011bd988de49fcb53fc2805a29335914ff7f:record_152,%,People,percent,people,true,[],"In house data collection  / April 1, 2025 - March 31, 2026"
file_161ce5fbf507dd667d6dc24dad51011bd988de49fcb53fc2805a29335914ff7f:record_153,%,People,percent,people,true,[],"In house data collection  / April 1, 2025 - March 31, 2026"
file_161ce5fbf507dd667d6dc24dad51011bd988de49fcb53fc2805a29335914ff7f:record_154,%,All patients,percent,all patients,true,[],"Other / April 1, 2025 - March 31, 2026"
file_161ce5fbf507dd667d6dc24dad51011bd988de49fcb53fc2805a29335914ff7f:record_155,%,All patients,percent,all patients,true,[],"Other / April 1, 2025 - March 31, 2026"
file_161ce5fbf507dd667d6dc24dad51011bd988de49fcb53fc2805a29335914ff7f:record_156,Days,Staff,days,staff,true,[],"Local data collection / April 1, 2025 - March 31, 2026"
file_161ce5fbf507dd667d6dc24dad51011bd988de49fcb53fc2805a29335914ff7f:record_157,Days,Staff,days,staff,true,[],"Local data collection / April 1, 2025 - March 31, 2026"
file_161ce5fbf507dd667d6dc24dad51011bd988de49fcb53fc2805a29335914ff7f:record_158,Days,Staff,days,staff,true,[],"Local data collection / April 1, 2025 - March 31, 2026"
file_161ce5fbf507dd667d6dc24dad51011bd988de49fcb53fc2805a29335914ff7f:record_159,Days,Staff,days,staff,true,[],"Local data collection / April 1, 2025 - March 31, 2026"
file_161ce5fbf507dd667d6dc24dad51011bd988de49fcb53fc2805a29335914ff7f:record_160,Days,Staff,days,staff,true,[],"Local data collection / April 1, 2025 - March 31, 2026"
file_161ce5fbf507dd667d6dc24dad51011bd988de49fcb53fc2805a29335914ff7f:record_161,%,Other,percent,unknown,false,"[""unknown_unit_or_population""]","Local data collection / April 1, 2025 - March 31, 2026"
file_161ce5fbf507dd667d6dc24dad51011bd988de49fcb53fc2805a29335914ff7f:record_162,%,Other,percent,unknown,false,"[""unknown_unit_or_population""]","Local data collection / April 1, 2025 - March 31, 2026"
file_161ce5fbf507dd667d6dc24dad51011bd988de49fcb53fc2805a29335914ff7f:record_163,%,Other,percent,unknown,false,"[""unknown_unit_or_population""]","Local data collection / April 1, 2025 - March 31, 2026"
file_161ce5fbf507dd667d6dc24dad51011bd988de49fcb53fc2805a29335914ff7f:record_164,%,Other,percent,unknown,false,"[""unknown_unit_or_population""]","Local data collection / April 1, 2025 - March 31, 2026"
file_161ce5fbf507dd667d6dc24dad51011bd988de49fcb53fc2805a29335914ff7f:record_165,%,Other,percent,unknown,false,"[""unknown_unit_or_population""]","Local data collection / April 1, 2025 - March 31, 2026"
file_161ce5fbf507dd667d6dc24dad51011bd988de49fcb53fc2805a29335914ff7f:record_166,%,Other,percent,unknown,false,"[""unknown_unit_or_population""]","Local data collection / April 1, 2025 - March 31, 2026"
file_161ce5fbf507dd667d6dc24dad51011bd988de49fcb53fc2805a29335914ff7f:record_167,Days,All patients,days,all patients,true,[],"In house data collection  / April 1, 2025 - March 31, 2026"
file_161ce5fbf507dd667d6dc24dad51011bd988de49fcb53fc2805a29335914ff7f:record_168,Days,All patients,days,all patients,true,[],"In house data collection  / April 1, 2025 - March 31, 2026"
file_161ce5fbf507dd667d6dc24dad51011bd988de49fcb53fc2805a29335914ff7f:record_169,Rate,All inpatients,unknown,all inpatients,false,"[""unknown_unit_or_population""]","Local data collection / April 1, 2025 - March 31, 2026"
file_161ce5fbf507dd667d6dc24dad51011bd988de49fcb53fc2805a29335914ff7f:record_170,Rate,All inpatients,unknown,all inpatients,false,"[""unknown_unit_or_population""]","Local data collection / April 1, 2025 - March 31, 2026"
file_161ce5fbf507dd667d6dc24dad51011bd988de49fcb53fc2805a29335914ff7f:record_171,Rate,All inpatients,unknown,all inpatients,false,"[""unknown_unit_or_population""]","Local data collection / April 1, 2025 - March 31, 2026"
file_161ce5fbf507dd667d6dc24dad51011bd988de49fcb53fc2805a29335914ff7f:record_172,Rate,All inpatients,unknown,all inpatients,false,"[""unknown_unit_or_population""]","Local data collection / April 1, 2025 - March 31, 2026"
file_161ce5fbf507dd667d6dc24dad51011bd988de49fcb53fc2805a29335914ff7f:record_173,Rate,All patients,unknown,all patients,false,"[""unknown_unit_or_population""]","Local data collection / April 1, 2025 - March 31, 2026"
file_161ce5fbf507dd667d6dc24dad51011bd988de49fcb53fc2805a29335914ff7f:record_174,Rate,All patients,unknown,all patients,false,"[""unknown_unit_or_population""]","Local data collection / April 1, 2025 - March 31, 2026"
file_161ce5fbf507dd667d6dc24dad51011bd988de49fcb53fc2805a29335914ff7f:record_175,Rate,All patients,unknown,all patients,false,"[""unknown_unit_or_population""]","Local data collection / April 1, 2025 - March 31, 2026"
file_161ce5fbf507dd667d6dc24dad51011bd988de49fcb53fc2805a29335914ff7f:record_176,%,All patients,percent,all patients,true,[],"Hospital collected data / April 1, 2025 - March 31, 2026"
file_161ce5fbf507dd667d6dc24dad51011bd988de49fcb53fc2805a29335914ff7f:record_177,Hours,All surgical procedures,hours,all surgical procedures,true,[],"Hospital collected data / April 1, 2025 - March 31, 2026"
file_161ce5fbf507dd667d6dc24dad51011bd988de49fcb53fc2805a29335914ff7f:record_178,Count,All surgical procedures,count,all surgical procedures,true,[],"Hospital collected data / April 1, 2025 - March 31, 2026"
file_161ce5fbf507dd667d6dc24dad51011bd988de49fcb53fc2805a29335914ff7f:record_179,%,All surgical procedures,percent,all surgical procedures,true,[],"Hospital collected data / April 1, 2025 - March 31, 2026"
file_161ce5fbf507dd667d6dc24dad51011bd988de49fcb53fc2805a29335914ff7f:record_180,%,All surgical procedures,percent,all surgical procedures,true,[],"Hospital collected data / April 1, 2025 - March 31, 2026"
file_161ce5fbf507dd667d6dc24dad51011bd988de49fcb53fc2805a29335914ff7f:record_181,%,All surgical procedures,percent,all surgical procedures,true,[],"Hospital collected data / April 1, 2025 - March 31, 2026"
file_161ce5fbf507dd667d6dc24dad51011bd988de49fcb53fc2805a29335914ff7f:record_182,%,All surgical procedures,percent,all surgical procedures,true,[],"Hospital collected data / April 1, 2025 - March 31, 2026"
file_161ce5fbf507dd667d6dc24dad51011bd988de49fcb53fc2805a29335914ff7f:record_183,Other,Other,unknown,unknown,false,"[""unknown_unit_or_population""]","In house data collection  / April 1,2025 - March 31, 2026"
file_161ce5fbf507dd667d6dc24dad51011bd988de49fcb53fc2805a29335914ff7f:record_184,Other,Other,unknown,unknown,false,"[""unknown_unit_or_population""]","In house data collection  / April 1,2025 - March 31, 2026"
file_161ce5fbf507dd667d6dc24dad51011bd988de49fcb53fc2805a29335914ff7f:record_185,Other,Other,unknown,unknown,false,"[""unknown_unit_or_population""]","In house data collection  / April 1,2025 - March 31, 2026"
file_161ce5fbf507dd667d6dc24dad51011bd988de49fcb53fc2805a29335914ff7f:record_186,Other,Other,unknown,unknown,false,"[""unknown_unit_or_population""]","In house data collection  / April 1,2025 - March 31, 2026"
file_161ce5fbf507dd667d6dc24dad51011bd988de49fcb53fc2805a29335914ff7f:record_187,Other,Other,unknown,unknown,false,"[""unknown_unit_or_population""]","Hospital collected data / April 1, 2025 - March 31, 2026"
file_161ce5fbf507dd667d6dc24dad51011bd988de49fcb53fc2805a29335914ff7f:record_188,Other,Other,unknown,unknown,false,"[""unknown_unit_or_population""]","Hospital collected data / April 1, 2025 - March 31, 2026"
file_161ce5fbf507dd667d6dc24dad51011bd988de49fcb53fc2805a29335914ff7f:record_189,Other,Other,unknown,unknown,false,"[""unknown_unit_or_population""]","Hospital collected data / April 1, 2025 - March 31, 2026"
file_161ce5fbf507dd667d6dc24dad51011bd988de49fcb53fc2805a29335914ff7f:record_190,Minutes,Patients,minutes,patients,true,[],CIHI NACRS / Other
file_161ce5fbf507dd667d6dc24dad51011bd988de49fcb53fc2805a29335914ff7f:record_191,Minutes,Patients,minutes,patients,true,[],CIHI NACRS / Other
file_161ce5fbf507dd667d6dc24dad51011bd988de49fcb53fc2805a29335914ff7f:record_192,Minutes,Patients,minutes,patients,true,[],CIHI NACRS / Other
file_161ce5fbf507dd667d6dc24dad51011bd988de49fcb53fc2805a29335914ff7f:record_193,%,ED patients,percent,ed patients,true,[],CIHI NACRS / Fiscal Year
file_161ce5fbf507dd667d6dc24dad51011bd988de49fcb53fc2805a29335914ff7f:record_194,%,ED patients,percent,ed patients,true,[],CIHI NACRS / Fiscal Year
file_161ce5fbf507dd667d6dc24dad51011bd988de49fcb53fc2805a29335914ff7f:record_195,%,ED patients,percent,ed patients,true,[],CIHI NACRS / Fiscal Year
file_161ce5fbf507dd667d6dc24dad51011bd988de49fcb53fc2805a29335914ff7f:record_196,%,Staff,percent,staff,true,[],Local data collection / Other
file_161ce5fbf507dd667d6dc24dad51011bd988de49fcb53fc2805a29335914ff7f:record_197,%,Staff,percent,staff,true,[],Local data collection / Other
file_161ce5fbf507dd667d6dc24dad51011bd988de49fcb53fc2805a29335914ff7f:record_198,Hours,ED patients,hours,ed patients,true,[],CIHI NACRS / Other
file_161ce5fbf507dd667d6dc24dad51011bd988de49fcb53fc2805a29335914ff7f:record_199,Hours,ED patients,hours,ed patients,true,[],CIHI NACRS / Other
file_161ce5fbf507dd667d6dc24dad51011bd988de49fcb53fc2805a29335914ff7f:record_200,Hours,ED patients,hours,ed patients,true,[],CIHI NACRS / Other
file_161ce5fbf507dd667d6dc24dad51011bd988de49fcb53fc2805a29335914ff7f:record_201,Hours,ED patients,hours,ed patients,true,[],CIHI NACRS / Other
file_161ce5fbf507dd667d6dc24dad51011bd988de49fcb53fc2805a29335914ff7f:record_202,Hours,ED patients,hours,ed patients,true,[],CIHI NACRS / Other
file_161ce5fbf507dd667d6dc24dad51011bd988de49fcb53fc2805a29335914ff7f:record_203,Hours,ED patients,hours,ed patients,true,[],CIHI NACRS / Other
file_161ce5fbf507dd667d6dc24dad51011bd988de49fcb53fc2805a29335914ff7f:record_204,Number,ED patients,count,ed patients,true,[],CIHI NACRS / Fiscal Year
file_161ce5fbf507dd667d6dc24dad51011bd988de49fcb53fc2805a29335914ff7f:record_205,Number,ED patients,count,ed patients,true,[],CIHI NACRS / Fiscal Year
file_161ce5fbf507dd667d6dc24dad51011bd988de49fcb53fc2805a29335914ff7f:record_206,Number,ED patients,count,ed patients,true,[],CIHI NACRS / Fiscal Year
file_161ce5fbf507dd667d6dc24dad51011bd988de49fcb53fc2805a29335914ff7f:record_207,Number,All inpatients,count,all inpatients,true,[],Local data collection / by Quarter
file_161ce5fbf507dd667d6dc24dad51011bd988de49fcb53fc2805a29335914ff7f:record_208,Number,All inpatients,count,all inpatients,true,[],Local data collection / by Quarter
file_161ce5fbf507dd667d6dc24dad51011bd988de49fcb53fc2805a29335914ff7f:record_209,Number,All inpatients,count,all inpatients,true,[],Local data collection / by Quarter
file_161ce5fbf507dd667d6dc24dad51011bd988de49fcb53fc2805a29335914ff7f:record_210,%,All acute patients,percent,all acute patients,true,[],Local data collection / April 1st 2025- March 31st 2026
file_161ce5fbf507dd667d6dc24dad51011bd988de49fcb53fc2805a29335914ff7f:record_211,%,All acute patients,percent,all acute patients,true,[],Local data collection / April 1st 2025- March 31st 2026
file_161ce5fbf507dd667d6dc24dad51011bd988de49fcb53fc2805a29335914ff7f:record_212,%,All acute patients,percent,all acute patients,true,[],Local data collection / April 1st 2025- March 31st 2026
file_161ce5fbf507dd667d6dc24dad51011bd988de49fcb53fc2805a29335914ff7f:record_213,%,Discharged patients ,percent,discharged patients,true,[],Local data collection / April 1st 2025-March 31st 2026
file_161ce5fbf507dd667d6dc24dad51011bd988de49fcb53fc2805a29335914ff7f:record_214,Minutes,Patients,minutes,patients,true,[],CIHI NACRS / Other
file_161ce5fbf507dd667d6dc24dad51011bd988de49fcb53fc2805a29335914ff7f:record_215,Minutes,Patients,minutes,patients,true,[],CIHI NACRS / Other
file_161ce5fbf507dd667d6dc24dad51011bd988de49fcb53fc2805a29335914ff7f:record_216,Number,ED patients,count,ed patients,true,[],Local data collection / YTD
file_161ce5fbf507dd667d6dc24dad51011bd988de49fcb53fc2805a29335914ff7f:record_217,Number,ED patients,count,ed patients,true,[],Local data collection / YTD
file_161ce5fbf507dd667d6dc24dad51011bd988de49fcb53fc2805a29335914ff7f:record_218,Number,ED patients,count,ed patients,true,[],Local data collection / YTD
file_161ce5fbf507dd667d6dc24dad51011bd988de49fcb53fc2805a29335914ff7f:record_219,%,Survey respondents,percent,survey respondents,true,[],Local data collection / Most recent consective 12 month period
file_161ce5fbf507dd667d6dc24dad51011bd988de49fcb53fc2805a29335914ff7f:record_220,%,Survey respondents,percent,survey respondents,true,[],Local data collection / Most recent consective 12 month period
file_161ce5fbf507dd667d6dc24dad51011bd988de49fcb53fc2805a29335914ff7f:record_221,%,Survey respondents,percent,survey respondents,true,[],Local data collection / Most recent consective 12 month period
file_161ce5fbf507dd667d6dc24dad51011bd988de49fcb53fc2805a29335914ff7f:record_222,%,Survey respondents,percent,survey respondents,true,[],Local data collection / Most recent consective 12 month period
file_161ce5fbf507dd667d6dc24dad51011bd988de49fcb53fc2805a29335914ff7f:record_223,%,All patients,percent,all patients,true,[],Local data collection / Most recent consecutive 12-month period
file_161ce5fbf507dd667d6dc24dad51011bd988de49fcb53fc2805a29335914ff7f:record_224,%,All patients,percent,all patients,true,[],Local data collection / Most recent consecutive 12-month period
file_161ce5fbf507dd667d6dc24dad51011bd988de49fcb53fc2805a29335914ff7f:record_225,%,All patients,percent,all patients,true,[],Local data collection / Most recent consecutive 12-month period
file_161ce5fbf507dd667d6dc24dad51011bd988de49fcb53fc2805a29335914ff7f:record_226,%,Survey respondents,percent,survey respondents,true,[],Local data collection / Other
file_161ce5fbf507dd667d6dc24dad51011bd988de49fcb53fc2805a29335914ff7f:record_227,%,Survey respondents,percent,survey respondents,true,[],Local data collection / Other
file_161ce5fbf507dd667d6dc24dad51011bd988de49fcb53fc2805a29335914ff7f:record_228,Number,ED patients,count,ed patients,true,[],CIHI NACRS / Fiscal Year
file_161ce5fbf507dd667d6dc24dad51011bd988de49fcb53fc2805a29335914ff7f:record_229,Number,ED patients,count,ed patients,true,[],CIHI NACRS / Fiscal Year
file_161ce5fbf507dd667d6dc24dad51011bd988de49fcb53fc2805a29335914ff7f:record_230,%,Other,percent,unknown,false,"[""unknown_unit_or_population""]","Local data collection / April 1, 2024-November 14, 2024"
file_161ce5fbf507dd667d6dc24dad51011bd988de49fcb53fc2805a29335914ff7f:record_231,%,Other,percent,unknown,false,"[""unknown_unit_or_population""]","Local data collection / April 1, 2024-November 14, 2024"
file_161ce5fbf507dd667d6dc24dad51011bd988de49fcb53fc2805a29335914ff7f:record_232,Number,Staff,count,staff,true,[],"Local data collection / October 1, 2023 - September 30, 2024"
file_161ce5fbf507dd667d6dc24dad51011bd988de49fcb53fc2805a29335914ff7f:record_233,Number,Staff,count,staff,true,[],"Local data collection / October 1, 2023 - September 30, 2024"
file_161ce5fbf507dd667d6dc24dad51011bd988de49fcb53fc2805a29335914ff7f:record_234,Number,Staff,count,staff,true,[],"Local data collection / October 1, 2023 - September 30, 2024"
file_161ce5fbf507dd667d6dc24dad51011bd988de49fcb53fc2805a29335914ff7f:record_235,Number,All patients,count,all patients,true,[],"Other / October 1 2023 - Sep 30, 2024"
file_161ce5fbf507dd667d6dc24dad51011bd988de49fcb53fc2805a29335914ff7f:record_236,Number,All patients,count,all patients,true,[],"Other / October 1 2023 - Sep 30, 2024"
file_161ce5fbf507dd667d6dc24dad51011bd988de49fcb53fc2805a29335914ff7f:record_237,Number,All patients,count,all patients,true,[],"Other / October 1 2023 - Sep 30, 2024"
file_161ce5fbf507dd667d6dc24dad51011bd988de49fcb53fc2805a29335914ff7f:record_238,Number,All patients,count,all patients,true,[],"Other / October 1 2023 - Sep 30, 2024"
file_161ce5fbf507dd667d6dc24dad51011bd988de49fcb53fc2805a29335914ff7f:record_239,Number,All patients,count,all patients,true,[],"Other / October 1 2023 - Sep 30, 2024"
file_161ce5fbf507dd667d6dc24dad51011bd988de49fcb53fc2805a29335914ff7f:record_240,Number,All patients,count,all patients,true,[],"Other / October 1 2023 - Sep 30, 2024"
file_161ce5fbf507dd667d6dc24dad51011bd988de49fcb53fc2805a29335914ff7f:record_241,%,Other,percent,unknown,false,"[""unknown_unit_or_population""]","Other / Sept 30, 2024 - 12 month rolling result"
file_161ce5fbf507dd667d6dc24dad51011bd988de49fcb53fc2805a29335914ff7f:record_242,%,Other,percent,unknown,false,"[""unknown_unit_or_population""]","Other / Sept 30, 2024 - 12 month rolling result"
file_161ce5fbf507dd667d6dc24dad51011bd988de49fcb53fc2805a29335914ff7f:record_243,%,Other,percent,unknown,false,"[""unknown_unit_or_population""]","Other / Sept 30, 2024 - 12 month rolling result"
file_161ce5fbf507dd667d6dc24dad51011bd988de49fcb53fc2805a29335914ff7f:record_244,%,Other,percent,unknown,false,"[""unknown_unit_or_population""]","Other / Sept 30, 2024 - 12 month rolling result"
file_161ce5fbf507dd667d6dc24dad51011bd988de49fcb53fc2805a29335914ff7f:record_245,%,Other,percent,unknown,false,"[""unknown_unit_or_population""]","Other / Sept 30, 2024 – 12 month rolling result"
file_161ce5fbf507dd667d6dc24dad51011bd988de49fcb53fc2805a29335914ff7f:record_246,%,Other,percent,unknown,false,"[""unknown_unit_or_population""]","Other / Sept 30, 2024 – 12 month rolling result"
file_161ce5fbf507dd667d6dc24dad51011bd988de49fcb53fc2805a29335914ff7f:record_247,%,Other,percent,unknown,false,"[""unknown_unit_or_population""]","Other / Sept 30, 2024 – 12 month rolling result"
file_161ce5fbf507dd667d6dc24dad51011bd988de49fcb53fc2805a29335914ff7f:record_248,%,Other,percent,unknown,false,"[""unknown_unit_or_population""]","Other / Sept 30, 2024 – 12 month rolling result"
file_161ce5fbf507dd667d6dc24dad51011bd988de49fcb53fc2805a29335914ff7f:record_249,%,Discharged patients ,percent,discharged patients,true,[],"IntelliHealth, MOH / Q4 23/24"
file_161ce5fbf507dd667d6dc24dad51011bd988de49fcb53fc2805a29335914ff7f:record_250,%,Discharged patients ,percent,discharged patients,true,[],"IntelliHealth, MOH / Q4 23/24"
file_161ce5fbf507dd667d6dc24dad51011bd988de49fcb53fc2805a29335914ff7f:record_251,%,Discharged patients ,percent,discharged patients,true,[],"IntelliHealth, MOH / Q4 23/24"
file_161ce5fbf507dd667d6dc24dad51011bd988de49fcb53fc2805a29335914ff7f:record_252,%,Discharged patients ,percent,discharged patients,true,[],"IntelliHealth, MOH / Q4 23/24"
file_161ce5fbf507dd667d6dc24dad51011bd988de49fcb53fc2805a29335914ff7f:record_253,%,All patients,percent,all patients,true,[],Other / 2023/24 Annual OPOC Survey
file_161ce5fbf507dd667d6dc24dad51011bd988de49fcb53fc2805a29335914ff7f:record_254,%,All patients,percent,all patients,true,[],Other / 2023/24 Annual OPOC Survey
file_161ce5fbf507dd667d6dc24dad51011bd988de49fcb53fc2805a29335914ff7f:record_255,%,All patients,percent,all patients,true,[],Other / 2023/24 Annual OPOC Survey
file_161ce5fbf507dd667d6dc24dad51011bd988de49fcb53fc2805a29335914ff7f:record_256,%,All patients,percent,all patients,true,[],Other / 2023/24 Annual OPOC Survey
file_161ce5fbf507dd667d6dc24dad51011bd988de49fcb53fc2805a29335914ff7f:record_257,%,All patients,percent,all patients,true,[],Other / 2023/24 Annual OPOC Survey
file_161ce5fbf507dd667d6dc24dad51011bd988de49fcb53fc2805a29335914ff7f:record_258,%,All patients,percent,all patients,true,[],Other / 2023/24 Annual OPOC Survey
file_161ce5fbf507dd667d6dc24dad51011bd988de49fcb53fc2805a29335914ff7f:record_259,%,All inpatients,percent,all inpatients,true,[],Other / 2023/24 Annual OPOC Survey
file_161ce5fbf507dd667d6dc24dad51011bd988de49fcb53fc2805a29335914ff7f:record_260,%,All inpatients,percent,all inpatients,true,[],Other / 2023/24 Annual OPOC Survey
file_161ce5fbf507dd667d6dc24dad51011bd988de49fcb53fc2805a29335914ff7f:record_261,%,All inpatients,percent,all inpatients,true,[],Other / 2023/24 Annual OPOC Survey
file_161ce5fbf507dd667d6dc24dad51011bd988de49fcb53fc2805a29335914ff7f:record_262,%,All inpatients,percent,all inpatients,true,[],Other / 2023/24 Annual OPOC Survey
file_161ce5fbf507dd667d6dc24dad51011bd988de49fcb53fc2805a29335914ff7f:record_263,%,Discharged patients ,percent,discharged patients,true,[],Local data collection / Other
file_161ce5fbf507dd667d6dc24dad51011bd988de49fcb53fc2805a29335914ff7f:record_264,%,Survey respondents,percent,survey respondents,true,[],Local data collection / Other
file_161ce5fbf507dd667d6dc24dad51011bd988de49fcb53fc2805a29335914ff7f:record_265,Minutes,Patients,minutes,patients,true,[],CIHI NACRS / Other
file_161ce5fbf507dd667d6dc24dad51011bd988de49fcb53fc2805a29335914ff7f:record_266,%,Staff,percent,staff,false,"[""incompatible_indicator_unit""]",Local data collection / Other
file_161ce5fbf507dd667d6dc24dad51011bd988de49fcb53fc2805a29335914ff7f:record_267,Hours,ED patients,hours,ed patients,true,[],CIHI NACRS / Other
file_161ce5fbf507dd667d6dc24dad51011bd988de49fcb53fc2805a29335914ff7f:record_268,Number,ED patients,count,ed patients,true,[],CIHI NACRS / Fiscal Year
file_161ce5fbf507dd667d6dc24dad51011bd988de49fcb53fc2805a29335914ff7f:record_269,%,Staff,percent,staff,true,[],"Local data collection / April 1, 2025- March 31, 2026"
file_161ce5fbf507dd667d6dc24dad51011bd988de49fcb53fc2805a29335914ff7f:record_270,Number,Staff,count,staff,true,[],"Local data collection / April 1, 2025- March 31, 2026"
file_161ce5fbf507dd667d6dc24dad51011bd988de49fcb53fc2805a29335914ff7f:record_271,Hours,ED patients,hours,ed patients,true,[],CIHI NACRS / Other
file_161ce5fbf507dd667d6dc24dad51011bd988de49fcb53fc2805a29335914ff7f:record_272,Hours,ED patients,hours,ed patients,true,[],CIHI NACRS / Other
file_161ce5fbf507dd667d6dc24dad51011bd988de49fcb53fc2805a29335914ff7f:record_273,%,Hospital admitted patients,percent,hospital admitted patients,true,[],CIHI DAD / Quarter
file_161ce5fbf507dd667d6dc24dad51011bd988de49fcb53fc2805a29335914ff7f:record_274,%,Hospital admitted patients,percent,hospital admitted patients,true,[],CIHI DAD / Quarter
file_161ce5fbf507dd667d6dc24dad51011bd988de49fcb53fc2805a29335914ff7f:record_275,%,Staff,percent,staff,false,"[""incompatible_indicator_unit""]",Local data collection / Other
file_161ce5fbf507dd667d6dc24dad51011bd988de49fcb53fc2805a29335914ff7f:record_276,%,Staff,percent,staff,false,"[""incompatible_indicator_unit""]",Local data collection / Other
file_161ce5fbf507dd667d6dc24dad51011bd988de49fcb53fc2805a29335914ff7f:record_277,%,Staff,percent,staff,false,"[""incompatible_indicator_unit""]",Local data collection / Other
file_161ce5fbf507dd667d6dc24dad51011bd988de49fcb53fc2805a29335914ff7f:record_278,%,Staff,percent,staff,true,[],Local data collection / Other
file_161ce5fbf507dd667d6dc24dad51011bd988de49fcb53fc2805a29335914ff7f:record_279,%,Staff,percent,staff,true,[],Local data collection / Other
file_161ce5fbf507dd667d6dc24dad51011bd988de49fcb53fc2805a29335914ff7f:record_280,Number,ED patients,count,ed patients,true,[],CIHI NACRS / The period will be the fiscal year April 1 2025 to March 31 2026
file_161ce5fbf507dd667d6dc24dad51011bd988de49fcb53fc2805a29335914ff7f:record_281,Number,ED patients,count,ed patients,true,[],CIHI NACRS / The period will be the fiscal year April 1 2025 to March 31 2026
file_161ce5fbf507dd667d6dc24dad51011bd988de49fcb53fc2805a29335914ff7f:record_282,%,Survey respondents,percent,survey respondents,true,[],Local data collection / Most recent consecutive 12 month period
file_161ce5fbf507dd667d6dc24dad51011bd988de49fcb53fc2805a29335914ff7f:record_283,%,Survey respondents,percent,survey respondents,true,[],Local data collection / Most recent consecutive 12 month period
file_161ce5fbf507dd667d6dc24dad51011bd988de49fcb53fc2805a29335914ff7f:record_284,%,Survey respondents,percent,survey respondents,true,[],Local data collection / Other
file_161ce5fbf507dd667d6dc24dad51011bd988de49fcb53fc2805a29335914ff7f:record_285,%,Survey respondents,percent,survey respondents,true,[],Local data collection / Other
file_161ce5fbf507dd667d6dc24dad51011bd988de49fcb53fc2805a29335914ff7f:record_286,Minutes,Patients,minutes,patients,true,[],CIHI NACRS / Other
file_161ce5fbf507dd667d6dc24dad51011bd988de49fcb53fc2805a29335914ff7f:record_287,Number,Other,count,unknown,false,"[""unknown_unit_or_population""]","Other / November 1, 2023 - October 31, 2024"
file_161ce5fbf507dd667d6dc24dad51011bd988de49fcb53fc2805a29335914ff7f:record_288,Number,All patients,count,all patients,true,[],"Other / November 1, 2023 - October 31, 2024"
file_161ce5fbf507dd667d6dc24dad51011bd988de49fcb53fc2805a29335914ff7f:record_289,Number,All patients,count,all patients,true,[],"Other / November 1, 2023 - October 31, 2024"
file_161ce5fbf507dd667d6dc24dad51011bd988de49fcb53fc2805a29335914ff7f:record_290,Number,All patients,count,all patients,true,[],"Other / November 1, 2023 - October 31, 2024"
file_161ce5fbf507dd667d6dc24dad51011bd988de49fcb53fc2805a29335914ff7f:record_291,%,Survey respondents,percent,survey respondents,true,[],Local data collection / Other
file_161ce5fbf507dd667d6dc24dad51011bd988de49fcb53fc2805a29335914ff7f:record_292,%,Survey respondents,percent,survey respondents,true,[],Local data collection / Other
file_161ce5fbf507dd667d6dc24dad51011bd988de49fcb53fc2805a29335914ff7f:record_293,%,ED patients,percent,ed patients,true,[],CIHI NACRS / Fiscal Year
file_161ce5fbf507dd667d6dc24dad51011bd988de49fcb53fc2805a29335914ff7f:record_294,%,Staff,percent,staff,true,[],Local data collection / Other
file_161ce5fbf507dd667d6dc24dad51011bd988de49fcb53fc2805a29335914ff7f:record_295,%,Staff,percent,staff,true,[],Local data collection / Other
file_161ce5fbf507dd667d6dc24dad51011bd988de49fcb53fc2805a29335914ff7f:record_296,Hours,ED patients,hours,ed patients,true,[],CIHI NACRS / Other
file_161ce5fbf507dd667d6dc24dad51011bd988de49fcb53fc2805a29335914ff7f:record_297,Hours,ED patients,hours,ed patients,true,[],CIHI NACRS / Q1 and Q2 FY25/26
file_161ce5fbf507dd667d6dc24dad51011bd988de49fcb53fc2805a29335914ff7f:record_298,%,All patients,percent,all patients,true,[],In house data collection  / 2025
file_161ce5fbf507dd667d6dc24dad51011bd988de49fcb53fc2805a29335914ff7f:record_299,%,Survey respondents,percent,survey respondents,true,[],Local data collection / most recent 12 month consecutive period
file_161ce5fbf507dd667d6dc24dad51011bd988de49fcb53fc2805a29335914ff7f:record_300,%,All patients,percent,all patients,true,[],EMR/Chart Review / 2025
file_161ce5fbf507dd667d6dc24dad51011bd988de49fcb53fc2805a29335914ff7f:record_301,%,All patients,percent,all patients,true,[],EMR/Chart Review / 2025
file_161ce5fbf507dd667d6dc24dad51011bd988de49fcb53fc2805a29335914ff7f:record_302,%,All patients,percent,all patients,true,[],EMR/Chart Review / 2025
file_161ce5fbf507dd667d6dc24dad51011bd988de49fcb53fc2805a29335914ff7f:record_303,Number,Discharged patients ,count,discharged patients,true,[],Local data collection / most recent quarter
file_161ce5fbf507dd667d6dc24dad51011bd988de49fcb53fc2805a29335914ff7f:record_304,Number,Discharged patients ,count,discharged patients,true,[],Local data collection / most recent quarter
file_161ce5fbf507dd667d6dc24dad51011bd988de49fcb53fc2805a29335914ff7f:record_305,Number,Discharged patients ,count,discharged patients,true,[],Local data collection / most recent quarter
file_161ce5fbf507dd667d6dc24dad51011bd988de49fcb53fc2805a29335914ff7f:record_306,Number,Patients,count,patients,true,[],Local data collection / most recent 12 month consecutive period
file_161ce5fbf507dd667d6dc24dad51011bd988de49fcb53fc2805a29335914ff7f:record_307,Number,Patients,count,patients,true,[],Local data collection / most recent 12 month consecutive period
file_161ce5fbf507dd667d6dc24dad51011bd988de49fcb53fc2805a29335914ff7f:record_308,%,All acute patients,percent,all acute patients,true,[],Local data collection / 2025
file_161ce5fbf507dd667d6dc24dad51011bd988de49fcb53fc2805a29335914ff7f:record_309,%,All acute patients,percent,all acute patients,true,[],Local data collection / 2025
file_161ce5fbf507dd667d6dc24dad51011bd988de49fcb53fc2805a29335914ff7f:record_310,Number,Staff,count,staff,true,[],In house data collection  / most recent 12 month consecutive period
file_161ce5fbf507dd667d6dc24dad51011bd988de49fcb53fc2805a29335914ff7f:record_311,%,All acute patients,percent,all acute patients,true,[],Local data collection / most recent 12 month consecutive period
file_161ce5fbf507dd667d6dc24dad51011bd988de49fcb53fc2805a29335914ff7f:record_312,%,All acute patients,percent,all acute patients,true,[],Local data collection / most recent 12 month consecutive period
file_161ce5fbf507dd667d6dc24dad51011bd988de49fcb53fc2805a29335914ff7f:record_313,%,ED patients,percent,ed patients,true,[],CIHI NACRS / Fiscal Year
file_161ce5fbf507dd667d6dc24dad51011bd988de49fcb53fc2805a29335914ff7f:record_314,%,PC patients/clients,percent,pc patients/clients,true,[],In-house survey / 2024-2025
file_161ce5fbf507dd667d6dc24dad51011bd988de49fcb53fc2805a29335914ff7f:record_315,%,ED patients,percent,ed patients,true,[],Hospital collected data / 2024-2025
file_161ce5fbf507dd667d6dc24dad51011bd988de49fcb53fc2805a29335914ff7f:record_316,%,Staff,percent,staff,true,[],In-house survey / 3
file_161ce5fbf507dd667d6dc24dad51011bd988de49fcb53fc2805a29335914ff7f:record_317,%,All surgical procedures,percent,all surgical procedures,true,[],Hospital collected data / 2025-2026
file_161ce5fbf507dd667d6dc24dad51011bd988de49fcb53fc2805a29335914ff7f:record_318,Hours,ED patients,hours,ed patients,true,[],CIHI NACRS / Other
file_161ce5fbf507dd667d6dc24dad51011bd988de49fcb53fc2805a29335914ff7f:record_319,Hours,ED patients,hours,ed patients,true,[],CIHI NACRS / Other
file_161ce5fbf507dd667d6dc24dad51011bd988de49fcb53fc2805a29335914ff7f:record_320,Hours,ED patients,hours,ed patients,true,[],CIHI NACRS / Other
file_161ce5fbf507dd667d6dc24dad51011bd988de49fcb53fc2805a29335914ff7f:record_321,Hours,ED patients,hours,ed patients,true,[],CIHI NACRS / Other
file_161ce5fbf507dd667d6dc24dad51011bd988de49fcb53fc2805a29335914ff7f:record_322,Hours,ED patients,hours,ed patients,true,[],CIHI NACRS / Other
file_161ce5fbf507dd667d6dc24dad51011bd988de49fcb53fc2805a29335914ff7f:record_323,Minutes,Other,minutes,unknown,false,"[""unknown_unit_or_population""]",CIHI NACRS / 25/26
file_161ce5fbf507dd667d6dc24dad51011bd988de49fcb53fc2805a29335914ff7f:record_324,Minutes,Other,minutes,unknown,false,"[""unknown_unit_or_population""]",CIHI NACRS / 25/26
file_161ce5fbf507dd667d6dc24dad51011bd988de49fcb53fc2805a29335914ff7f:record_325,Minutes,Other,minutes,unknown,false,"[""unknown_unit_or_population""]",CIHI NACRS / 25/26
file_161ce5fbf507dd667d6dc24dad51011bd988de49fcb53fc2805a29335914ff7f:record_326,Minutes,All patients,minutes,all patients,true,[],Hospital collected data / 25/26
file_161ce5fbf507dd667d6dc24dad51011bd988de49fcb53fc2805a29335914ff7f:record_327,%,All inpatients,percent,all inpatients,true,[],Hospital collected data / 25/26
file_161ce5fbf507dd667d6dc24dad51011bd988de49fcb53fc2805a29335914ff7f:record_328,%,All inpatients,percent,all inpatients,true,[],Hospital collected data / 25/26
file_161ce5fbf507dd667d6dc24dad51011bd988de49fcb53fc2805a29335914ff7f:record_329,%,All inpatients,percent,all inpatients,true,[],Hospital collected data / 25/26
file_161ce5fbf507dd667d6dc24dad51011bd988de49fcb53fc2805a29335914ff7f:record_330,%,All inpatients,percent,all inpatients,true,[],Hospital collected data / 25/26
file_161ce5fbf507dd667d6dc24dad51011bd988de49fcb53fc2805a29335914ff7f:record_331,%,All patients,percent,all patients,true,[],Hospital collected data / 25/26
file_161ce5fbf507dd667d6dc24dad51011bd988de49fcb53fc2805a29335914ff7f:record_332,%,All patients,percent,all patients,true,[],Hospital collected data / 25/26
file_161ce5fbf507dd667d6dc24dad51011bd988de49fcb53fc2805a29335914ff7f:record_333,%,All patients,percent,all patients,true,[],Hospital collected data / 25/26
file_161ce5fbf507dd667d6dc24dad51011bd988de49fcb53fc2805a29335914ff7f:record_334,Count,Worker,count,worker,true,[],Hospital collected data / 25/26
file_161ce5fbf507dd667d6dc24dad51011bd988de49fcb53fc2805a29335914ff7f:record_335,Count,Worker,count,worker,true,[],Hospital collected data / 25/26
file_161ce5fbf507dd667d6dc24dad51011bd988de49fcb53fc2805a29335914ff7f:record_336,Count,Worker,count,worker,true,[],Hospital collected data / 25/26
file_161ce5fbf507dd667d6dc24dad51011bd988de49fcb53fc2805a29335914ff7f:record_337,Count,Worker,count,worker,true,[],Hospital collected data / 25/26
file_161ce5fbf507dd667d6dc24dad51011bd988de49fcb53fc2805a29335914ff7f:record_338,Ratio (No unit),N/a,ratio,unknown,false,"[""unknown_unit_or_population""]",Hospital collected data / 25/26
file_161ce5fbf507dd667d6dc24dad51011bd988de49fcb53fc2805a29335914ff7f:record_339,%,N/a,percent,unknown,false,"[""unknown_unit_or_population""]",Hospital collected data / 25/26
file_161ce5fbf507dd667d6dc24dad51011bd988de49fcb53fc2805a29335914ff7f:record_340,%,Discharged patients ,percent,discharged patients,true,[],Local data collection / Other
file_161ce5fbf507dd667d6dc24dad51011bd988de49fcb53fc2805a29335914ff7f:record_341,%,Discharged patients ,percent,discharged patients,true,[],Local data collection / Other
file_161ce5fbf507dd667d6dc24dad51011bd988de49fcb53fc2805a29335914ff7f:record_342,%,Discharged patients ,percent,discharged patients,true,[],Local data collection / Other
file_161ce5fbf507dd667d6dc24dad51011bd988de49fcb53fc2805a29335914ff7f:record_343,%,Survey respondents,percent,survey respondents,true,[],Local data collection / Other
file_161ce5fbf507dd667d6dc24dad51011bd988de49fcb53fc2805a29335914ff7f:record_344,%,Survey respondents,percent,survey respondents,true,[],Local data collection / Other
file_161ce5fbf507dd667d6dc24dad51011bd988de49fcb53fc2805a29335914ff7f:record_345,%,Survey respondents,percent,survey respondents,true,[],Local data collection / Other
file_161ce5fbf507dd667d6dc24dad51011bd988de49fcb53fc2805a29335914ff7f:record_346,Hours,ED patients,hours,ed patients,true,[],CIHI NACRS / Other
file_161ce5fbf507dd667d6dc24dad51011bd988de49fcb53fc2805a29335914ff7f:record_347,Hours,ED patients,hours,ed patients,true,[],CIHI NACRS / Other
file_161ce5fbf507dd667d6dc24dad51011bd988de49fcb53fc2805a29335914ff7f:record_348,Hours,ED patients,hours,ed patients,true,[],CIHI NACRS / Other
file_161ce5fbf507dd667d6dc24dad51011bd988de49fcb53fc2805a29335914ff7f:record_349,%,ED patients,percent,ed patients,true,[],CIHI NACRS / Fiscal Year
file_161ce5fbf507dd667d6dc24dad51011bd988de49fcb53fc2805a29335914ff7f:record_350,%,ED patients,percent,ed patients,true,[],CIHI NACRS / Fiscal Year
file_161ce5fbf507dd667d6dc24dad51011bd988de49fcb53fc2805a29335914ff7f:record_351,%,ED patients,percent,ed patients,true,[],CIHI NACRS / Fiscal Year
file_161ce5fbf507dd667d6dc24dad51011bd988de49fcb53fc2805a29335914ff7f:record_352,%,ED patients,percent,ed patients,true,[],CIHI NACRS / Fiscal Year
file_161ce5fbf507dd667d6dc24dad51011bd988de49fcb53fc2805a29335914ff7f:record_353,Hours,ED patients,hours,ed patients,true,[],CIHI NACRS / Other
file_161ce5fbf507dd667d6dc24dad51011bd988de49fcb53fc2805a29335914ff7f:record_354,Hours,ED patients,hours,ed patients,true,[],CIHI NACRS / Other
file_161ce5fbf507dd667d6dc24dad51011bd988de49fcb53fc2805a29335914ff7f:record_355,Hours,ED patients,hours,ed patients,true,[],CIHI NACRS / Other
file_161ce5fbf507dd667d6dc24dad51011bd988de49fcb53fc2805a29335914ff7f:record_356,Hours,ED patients,hours,ed patients,true,[],CIHI NACRS / Other
file_161ce5fbf507dd667d6dc24dad51011bd988de49fcb53fc2805a29335914ff7f:record_357,Count,N/a,count,unknown,false,"[""unknown_unit_or_population""]","Local data collection / (April 1 to March 31, 2026)"
file_161ce5fbf507dd667d6dc24dad51011bd988de49fcb53fc2805a29335914ff7f:record_358,Count,N/a,count,unknown,false,"[""unknown_unit_or_population""]","Local data collection / (April 1 to March 31, 2026)"
file_161ce5fbf507dd667d6dc24dad51011bd988de49fcb53fc2805a29335914ff7f:record_359,Count,N/a,count,unknown,false,"[""unknown_unit_or_population""]","Local data collection / (April 1 to March 31, 2026)"
file_161ce5fbf507dd667d6dc24dad51011bd988de49fcb53fc2805a29335914ff7f:record_360,Count,N/a,count,unknown,false,"[""unknown_unit_or_population""]","Local data collection / (April 1 to March 31, 2026)"
file_161ce5fbf507dd667d6dc24dad51011bd988de49fcb53fc2805a29335914ff7f:record_361,Count,N/a,count,unknown,false,"[""unknown_unit_or_population""]","Local data collection / (April 1 to March 31, 2026)"
file_161ce5fbf507dd667d6dc24dad51011bd988de49fcb53fc2805a29335914ff7f:record_362,Number,Worker,count,worker,true,[],"Local data collection / April 1 - March 31, 2026"
file_161ce5fbf507dd667d6dc24dad51011bd988de49fcb53fc2805a29335914ff7f:record_363,Number,Worker,count,worker,true,[],"Local data collection / April 1 - March 31, 2026"
file_161ce5fbf507dd667d6dc24dad51011bd988de49fcb53fc2805a29335914ff7f:record_364,Number,Worker,count,worker,true,[],"Local data collection / April 1 - March 31, 2026"
file_161ce5fbf507dd667d6dc24dad51011bd988de49fcb53fc2805a29335914ff7f:record_365,Number,Worker,count,worker,true,[],"Local data collection / April 1 - March 31, 2026"
file_161ce5fbf507dd667d6dc24dad51011bd988de49fcb53fc2805a29335914ff7f:record_366,Number,Worker,count,worker,true,[],"Local data collection / April 1 - March 31, 2026"
file_161ce5fbf507dd667d6dc24dad51011bd988de49fcb53fc2805a29335914ff7f:record_367,%,Mental health patients,percent,mental health patients,true,[],"CIHI DAD,CIHI OHMRS,MOHTLC RPDB / Apr 1 to Sept 30, 2025 (Q1 and Q2)"
file_161ce5fbf507dd667d6dc24dad51011bd988de49fcb53fc2805a29335914ff7f:record_368,%,Mental health patients,percent,mental health patients,true,[],"CIHI DAD,CIHI OHMRS,MOHTLC RPDB / Apr 1 to Sept 30, 2025 (Q1 and Q2)"
file_161ce5fbf507dd667d6dc24dad51011bd988de49fcb53fc2805a29335914ff7f:record_369,%,Mental health patients,percent,mental health patients,true,[],"CIHI DAD,CIHI OHMRS,MOHTLC RPDB / Apr 1 to Sept 30, 2025 (Q1 and Q2)"
file_161ce5fbf507dd667d6dc24dad51011bd988de49fcb53fc2805a29335914ff7f:record_370,%,Patients,percent,patients,true,[],"CIHI NACRS / Apr 1 to Sept 30, 2025 (Q1 and Q2)"
file_161ce5fbf507dd667d6dc24dad51011bd988de49fcb53fc2805a29335914ff7f:record_371,%,Patients,percent,patients,true,[],"CIHI NACRS / Apr 1 to Sept 30, 2025 (Q1 and Q2)"
file_161ce5fbf507dd667d6dc24dad51011bd988de49fcb53fc2805a29335914ff7f:record_372,%,Patients,percent,patients,true,[],"CIHI NACRS / Apr 1 to Sept 30, 2025 (Q1 and Q2)"
file_161ce5fbf507dd667d6dc24dad51011bd988de49fcb53fc2805a29335914ff7f:record_373,%,Patients,percent,patients,true,[],"CIHI NACRS / Apr 1 to Sept 30, 2025 (Q1 and Q2)"
file_161ce5fbf507dd667d6dc24dad51011bd988de49fcb53fc2805a29335914ff7f:record_374,%,Patients,percent,patients,true,[],"CIHI NACRS / Apr 1 to Sept 30, 2025 (Q1 and Q2)"
file_161ce5fbf507dd667d6dc24dad51011bd988de49fcb53fc2805a29335914ff7f:record_375,%,Other,percent,unknown,false,"[""unknown_unit_or_population""]","Other / Apr 1 to Sept 30, 2025 (Q1 and Q2)"
file_161ce5fbf507dd667d6dc24dad51011bd988de49fcb53fc2805a29335914ff7f:record_376,%,Other,percent,unknown,false,"[""unknown_unit_or_population""]","Other / Apr 1 to Sept 30, 2025 (Q1 and Q2)"
file_161ce5fbf507dd667d6dc24dad51011bd988de49fcb53fc2805a29335914ff7f:record_377,%,Other,percent,unknown,false,"[""unknown_unit_or_population""]","Other / Apr 1 to Sept 30, 2025 (Q1 and Q2)"
file_161ce5fbf507dd667d6dc24dad51011bd988de49fcb53fc2805a29335914ff7f:record_378,Number,N/a,count,unknown,false,"[""unknown_unit_or_population""]","Local data collection / April 1 - March 31, 2026"
file_161ce5fbf507dd667d6dc24dad51011bd988de49fcb53fc2805a29335914ff7f:record_379,Number,N/a,count,unknown,false,"[""unknown_unit_or_population""]","Local data collection / April 1 - March 31, 2026"
file_161ce5fbf507dd667d6dc24dad51011bd988de49fcb53fc2805a29335914ff7f:record_380,Number,N/a,count,unknown,false,"[""unknown_unit_or_population""]","Local data collection / April 1 - March 31, 2026"
file_161ce5fbf507dd667d6dc24dad51011bd988de49fcb53fc2805a29335914ff7f:record_381,Number,N/a,count,unknown,false,"[""unknown_unit_or_population""]","Local data collection / April 1 - March 31, 2026"
file_161ce5fbf507dd667d6dc24dad51011bd988de49fcb53fc2805a29335914ff7f:record_382,%,Survey respondents,percent,survey respondents,true,[],Local data collection / Other
file_161ce5fbf507dd667d6dc24dad51011bd988de49fcb53fc2805a29335914ff7f:record_383,%,Staff,percent,staff,true,[],Local data collection / Other
file_161ce5fbf507dd667d6dc24dad51011bd988de49fcb53fc2805a29335914ff7f:record_384,%,Survey respondents,percent,survey respondents,true,[],Local data collection / Other
file_161ce5fbf507dd667d6dc24dad51011bd988de49fcb53fc2805a29335914ff7f:record_385,%,Survey respondents,percent,survey respondents,true,[],Local data collection / Other
file_161ce5fbf507dd667d6dc24dad51011bd988de49fcb53fc2805a29335914ff7f:record_386,%,Staff,percent,staff,false,"[""incompatible_indicator_unit""]",Local data collection / Other
file_161ce5fbf507dd667d6dc24dad51011bd988de49fcb53fc2805a29335914ff7f:record_387,%,Staff,percent,staff,false,"[""incompatible_indicator_unit""]",Local data collection / Other
file_161ce5fbf507dd667d6dc24dad51011bd988de49fcb53fc2805a29335914ff7f:record_388,%,ED patients,percent,ed patients,true,[],"Local data collection / April 1, 2025 to March 31st 2026"
file_161ce5fbf507dd667d6dc24dad51011bd988de49fcb53fc2805a29335914ff7f:record_389,%,ED patients,percent,ed patients,true,[],"Local data collection / April 1, 2025 to March 31st 2026"
file_161ce5fbf507dd667d6dc24dad51011bd988de49fcb53fc2805a29335914ff7f:record_390,%,ED patients,percent,ed patients,true,[],"Local data collection / April 1, 2025 to March 31st 2026"
file_161ce5fbf507dd667d6dc24dad51011bd988de49fcb53fc2805a29335914ff7f:record_391,%,All patients,percent,all patients,true,[],"Local data collection / April 1, 2025 to March 31, 2026"
file_161ce5fbf507dd667d6dc24dad51011bd988de49fcb53fc2805a29335914ff7f:record_392,%,All patients,percent,all patients,true,[],"Local data collection / April 1, 2025 to March 31, 2026"
file_161ce5fbf507dd667d6dc24dad51011bd988de49fcb53fc2805a29335914ff7f:record_393,%,All patients,percent,all patients,true,[],"Local data collection / April 1, 2025 to March 31, 2026"
file_161ce5fbf507dd667d6dc24dad51011bd988de49fcb53fc2805a29335914ff7f:record_394,%,Survey respondents,percent,survey respondents,true,[],Local data collection / Other
file_161ce5fbf507dd667d6dc24dad51011bd988de49fcb53fc2805a29335914ff7f:record_395,%,Survey respondents,percent,survey respondents,true,[],Local data collection / Other
file_161ce5fbf507dd667d6dc24dad51011bd988de49fcb53fc2805a29335914ff7f:record_396,%,Hospital admitted patients,percent,hospital admitted patients,true,[],CIHI DAD / Quarter
file_161ce5fbf507dd667d6dc24dad51011bd988de49fcb53fc2805a29335914ff7f:record_397,%,Staff,percent,staff,false,"[""incompatible_indicator_unit""]",Local data collection / Other
file_161ce5fbf507dd667d6dc24dad51011bd988de49fcb53fc2805a29335914ff7f:record_398,%,Staff,percent,staff,false,"[""incompatible_indicator_unit""]",Local data collection / Other
file_161ce5fbf507dd667d6dc24dad51011bd988de49fcb53fc2805a29335914ff7f:record_399,%,Staff,percent,staff,false,"[""incompatible_indicator_unit""]",Local data collection / Other
file_161ce5fbf507dd667d6dc24dad51011bd988de49fcb53fc2805a29335914ff7f:record_400,%,Staff,percent,staff,true,[],Local data collection / Other
file_161ce5fbf507dd667d6dc24dad51011bd988de49fcb53fc2805a29335914ff7f:record_401,%,Staff,percent,staff,true,[],Local data collection / Other
file_161ce5fbf507dd667d6dc24dad51011bd988de49fcb53fc2805a29335914ff7f:record_402,Hours,ED patients,hours,ed patients,true,[],CIHI NACRS / Other
file_161ce5fbf507dd667d6dc24dad51011bd988de49fcb53fc2805a29335914ff7f:record_403,Hours,ED patients,hours,ed patients,true,[],CIHI NACRS / Other
file_161ce5fbf507dd667d6dc24dad51011bd988de49fcb53fc2805a29335914ff7f:record_404,Hours,ED patients,hours,ed patients,true,[],CIHI NACRS / Other
file_161ce5fbf507dd667d6dc24dad51011bd988de49fcb53fc2805a29335914ff7f:record_405,Other,All patients,unknown,all patients,false,"[""unknown_unit_or_population""]",In house data collection  / Q3
file_161ce5fbf507dd667d6dc24dad51011bd988de49fcb53fc2805a29335914ff7f:record_406,%,Discharged patients ,percent,discharged patients,true,[],Local data collection / Other
file_161ce5fbf507dd667d6dc24dad51011bd988de49fcb53fc2805a29335914ff7f:record_407,%,Staff,percent,staff,true,[],Local data collection / Other
file_161ce5fbf507dd667d6dc24dad51011bd988de49fcb53fc2805a29335914ff7f:record_408,Minutes,ED patients,minutes,ed patients,true,[],"EMR/Chart Review / April 1, 2025- March 31 2026"
file_161ce5fbf507dd667d6dc24dad51011bd988de49fcb53fc2805a29335914ff7f:record_409,Minutes,ED patients,minutes,ed patients,true,[],Hospital collected data / April 1 2025-March 31 2026
file_161ce5fbf507dd667d6dc24dad51011bd988de49fcb53fc2805a29335914ff7f:record_410,%,Staff,percent,staff,true,[],In house data collection  / April1-March 31 2026
file_161ce5fbf507dd667d6dc24dad51011bd988de49fcb53fc2805a29335914ff7f:record_411,Count,Staff,count,staff,true,[],In house data collection  / apr 1-mar 31
file_161ce5fbf507dd667d6dc24dad51011bd988de49fcb53fc2805a29335914ff7f:record_412,%,Discharged patients ,percent,discharged patients,true,[],Local data collection / Other
file_161ce5fbf507dd667d6dc24dad51011bd988de49fcb53fc2805a29335914ff7f:record_413,%,Survey respondents,percent,survey respondents,true,[],Local data collection / Other
file_161ce5fbf507dd667d6dc24dad51011bd988de49fcb53fc2805a29335914ff7f:record_414,Minutes,Patients,minutes,patients,true,[],CIHI NACRS / Other
file_161ce5fbf507dd667d6dc24dad51011bd988de49fcb53fc2805a29335914ff7f:record_415,Hours,ED patients,hours,ed patients,true,[],CIHI NACRS / Other
file_161ce5fbf507dd667d6dc24dad51011bd988de49fcb53fc2805a29335914ff7f:record_416,%,ED patients,percent,ed patients,true,[],CIHI NACRS / Fiscal Year
file_161ce5fbf507dd667d6dc24dad51011bd988de49fcb53fc2805a29335914ff7f:record_417,%,Staff,percent,staff,false,"[""incompatible_indicator_unit""]",Local data collection / Other
file_161ce5fbf507dd667d6dc24dad51011bd988de49fcb53fc2805a29335914ff7f:record_418,%,ED patients,percent,ed patients,true,[],CIHI NACRS / 2025 CY
file_161ce5fbf507dd667d6dc24dad51011bd988de49fcb53fc2805a29335914ff7f:record_419,%,ED patients,percent,ed patients,true,[],CIHI NACRS / 2025CY
file_161ce5fbf507dd667d6dc24dad51011bd988de49fcb53fc2805a29335914ff7f:record_420,%,Mental health patients,percent,mental health patients,true,[],Local data collection / 2025 CY
file_161ce5fbf507dd667d6dc24dad51011bd988de49fcb53fc2805a29335914ff7f:record_421,%,Staff,percent,staff,true,[],Local data collection / Other
file_161ce5fbf507dd667d6dc24dad51011bd988de49fcb53fc2805a29335914ff7f:record_422,Hours,ED patients,hours,ed patients,true,[],CIHI NACRS / Other
file_161ce5fbf507dd667d6dc24dad51011bd988de49fcb53fc2805a29335914ff7f:record_423,Hours,ED patients,hours,ed patients,true,[],CIHI NACRS / Other
file_161ce5fbf507dd667d6dc24dad51011bd988de49fcb53fc2805a29335914ff7f:record_424,Hours,ED patients,hours,ed patients,true,[],CIHI NACRS / Other
file_161ce5fbf507dd667d6dc24dad51011bd988de49fcb53fc2805a29335914ff7f:record_425,Number,ED patients,count,ed patients,true,[],CIHI NACRS / Fiscal Year
file_161ce5fbf507dd667d6dc24dad51011bd988de49fcb53fc2805a29335914ff7f:record_426,Hours,ED patients,hours,ed patients,true,[],CIHI NACRS / Other
file_161ce5fbf507dd667d6dc24dad51011bd988de49fcb53fc2805a29335914ff7f:record_427,Days,Other,days,unknown,false,"[""unknown_unit_or_population""]",Local data collection / April 2025 to March 2026
file_161ce5fbf507dd667d6dc24dad51011bd988de49fcb53fc2805a29335914ff7f:record_428,Days,Other,days,unknown,false,"[""unknown_unit_or_population""]",Local data collection / April 2025 to March 2026
file_161ce5fbf507dd667d6dc24dad51011bd988de49fcb53fc2805a29335914ff7f:record_429,Days,Other,days,unknown,false,"[""unknown_unit_or_population""]",Local data collection / April 2025 to March 2026
file_161ce5fbf507dd667d6dc24dad51011bd988de49fcb53fc2805a29335914ff7f:record_430,Days,Other,days,unknown,false,"[""unknown_unit_or_population""]",Local data collection / April 2025 to March 2026
file_161ce5fbf507dd667d6dc24dad51011bd988de49fcb53fc2805a29335914ff7f:record_431,%,Other,percent,unknown,false,"[""unknown_unit_or_population""]",In house data collection  / April 2025 to March 2026
file_161ce5fbf507dd667d6dc24dad51011bd988de49fcb53fc2805a29335914ff7f:record_432,Number,Other,count,unknown,false,"[""unknown_unit_or_population""]",In house data collection  / April 2025 to March 2026
file_161ce5fbf507dd667d6dc24dad51011bd988de49fcb53fc2805a29335914ff7f:record_433,%,Other,percent,unknown,false,"[""unknown_unit_or_population""]",Local data collection / April 2025 to March 2026
file_161ce5fbf507dd667d6dc24dad51011bd988de49fcb53fc2805a29335914ff7f:record_434,%,Other,percent,unknown,false,"[""unknown_unit_or_population""]",In-house survey / April 2025 to March 2026
file_161ce5fbf507dd667d6dc24dad51011bd988de49fcb53fc2805a29335914ff7f:record_435,%,Other,percent,unknown,false,"[""unknown_unit_or_population""]",In-house survey / April 2025 to March 2026
file_161ce5fbf507dd667d6dc24dad51011bd988de49fcb53fc2805a29335914ff7f:record_436,%,Other,percent,unknown,false,"[""unknown_unit_or_population""]",In-house survey / April 2025 to March 2026
file_161ce5fbf507dd667d6dc24dad51011bd988de49fcb53fc2805a29335914ff7f:record_437,%,Other,percent,unknown,false,"[""unknown_unit_or_population""]",In-house survey / April 2025 to March 2026
file_161ce5fbf507dd667d6dc24dad51011bd988de49fcb53fc2805a29335914ff7f:record_438,%,Other,percent,unknown,false,"[""unknown_unit_or_population""]",In-house survey / April 2025 to March 2026
file_161ce5fbf507dd667d6dc24dad51011bd988de49fcb53fc2805a29335914ff7f:record_439,%,Other,percent,unknown,false,"[""unknown_unit_or_population""]",In-house survey / April 2025 to March 2026
file_161ce5fbf507dd667d6dc24dad51011bd988de49fcb53fc2805a29335914ff7f:record_440,Days,Other,days,unknown,false,"[""unknown_unit_or_population""]",Local data collection / April 2025 to March 2026
file_161ce5fbf507dd667d6dc24dad51011bd988de49fcb53fc2805a29335914ff7f:record_441,Days,Other,days,unknown,false,"[""unknown_unit_or_population""]",Local data collection / April 2025 to March 2026
file_161ce5fbf507dd667d6dc24dad51011bd988de49fcb53fc2805a29335914ff7f:record_442,Days,Other,days,unknown,false,"[""unknown_unit_or_population""]",Local data collection / April 2025 to March 2026
file_161ce5fbf507dd667d6dc24dad51011bd988de49fcb53fc2805a29335914ff7f:record_443,%,Other,percent,unknown,false,"[""unknown_unit_or_population""]",In-house survey / July 2025 to March 2026
file_161ce5fbf507dd667d6dc24dad51011bd988de49fcb53fc2805a29335914ff7f:record_444,%,Other,percent,unknown,false,"[""unknown_unit_or_population""]",In-house survey / July 2025 to March 2026
file_161ce5fbf507dd667d6dc24dad51011bd988de49fcb53fc2805a29335914ff7f:record_445,%,Other,percent,unknown,false,"[""unknown_unit_or_population""]",Local data collection / July 2025 to March 2026
file_161ce5fbf507dd667d6dc24dad51011bd988de49fcb53fc2805a29335914ff7f:record_446,%,Staff,percent,staff,true,[],Local data collection / Other
file_161ce5fbf507dd667d6dc24dad51011bd988de49fcb53fc2805a29335914ff7f:record_447,%,Other,percent,unknown,false,"[""unknown_unit_or_population""]",Local data collection / April 1 2025-March 31 2026
file_161ce5fbf507dd667d6dc24dad51011bd988de49fcb53fc2805a29335914ff7f:record_448,%,Other,percent,unknown,false,"[""unknown_unit_or_population""]",Local data collection / April 1 2025-March 31 2026
file_161ce5fbf507dd667d6dc24dad51011bd988de49fcb53fc2805a29335914ff7f:record_449,%,Other,percent,unknown,false,"[""unknown_unit_or_population""]",Local data collection / April 1 2025-March 31 2026
file_161ce5fbf507dd667d6dc24dad51011bd988de49fcb53fc2805a29335914ff7f:record_450,%,Other,percent,unknown,false,"[""unknown_unit_or_population""]",Local data collection / April 1 2025-March 31 2026
file_161ce5fbf507dd667d6dc24dad51011bd988de49fcb53fc2805a29335914ff7f:record_451,%,Other,percent,unknown,false,"[""unknown_unit_or_population""]",Local data collection / April 1 2025-March 31 2026
file_161ce5fbf507dd667d6dc24dad51011bd988de49fcb53fc2805a29335914ff7f:record_452,%,Survey respondents,percent,survey respondents,true,[],Local data collection / Other
file_161ce5fbf507dd667d6dc24dad51011bd988de49fcb53fc2805a29335914ff7f:record_453,Hours,ED patients,hours,ed patients,true,[],CIHI NACRS / Other
file_161ce5fbf507dd667d6dc24dad51011bd988de49fcb53fc2805a29335914ff7f:record_454,"Rate per 1,000",All inpatients,rate_per_1000,all inpatients,true,[],In house data collection  / FY 2024
file_161ce5fbf507dd667d6dc24dad51011bd988de49fcb53fc2805a29335914ff7f:record_455,"Rate per 1,000",All inpatients,rate_per_1000,all inpatients,true,[],In house data collection  / FY 2024
file_161ce5fbf507dd667d6dc24dad51011bd988de49fcb53fc2805a29335914ff7f:record_456,%,Other,percent,unknown,false,"[""unknown_unit_or_population""]",Other / FY 2025
file_161ce5fbf507dd667d6dc24dad51011bd988de49fcb53fc2805a29335914ff7f:record_457,%,Other,percent,unknown,false,"[""unknown_unit_or_population""]",Other / FY 2025
file_161ce5fbf507dd667d6dc24dad51011bd988de49fcb53fc2805a29335914ff7f:record_458,%,Other,percent,unknown,false,"[""unknown_unit_or_population""]",Local data collection / FY 2025
file_161ce5fbf507dd667d6dc24dad51011bd988de49fcb53fc2805a29335914ff7f:record_459,%,Other,percent,unknown,false,"[""unknown_unit_or_population""]",Local data collection / FY 2025
file_161ce5fbf507dd667d6dc24dad51011bd988de49fcb53fc2805a29335914ff7f:record_460,%,Other,percent,unknown,false,"[""unknown_unit_or_population""]",Local data collection / FY 2025
file_161ce5fbf507dd667d6dc24dad51011bd988de49fcb53fc2805a29335914ff7f:record_461,%,Short Stay Clients,percent,short stay clients,true,[],Local data collection / FY2025
file_161ce5fbf507dd667d6dc24dad51011bd988de49fcb53fc2805a29335914ff7f:record_462,%,Short Stay Clients,percent,short stay clients,true,[],Local data collection / FY2025
file_161ce5fbf507dd667d6dc24dad51011bd988de49fcb53fc2805a29335914ff7f:record_463,%,Family,percent,family,true,[],Local data collection / FY 2025
file_161ce5fbf507dd667d6dc24dad51011bd988de49fcb53fc2805a29335914ff7f:record_464,%,Family,percent,family,true,[],Local data collection / FY 2025
file_161ce5fbf507dd667d6dc24dad51011bd988de49fcb53fc2805a29335914ff7f:record_465,%,Other,percent,unknown,false,"[""unknown_unit_or_population""]",In-house survey / FY 2025
file_161ce5fbf507dd667d6dc24dad51011bd988de49fcb53fc2805a29335914ff7f:record_466,%,Other,percent,unknown,false,"[""unknown_unit_or_population""]",In-house survey / FY 2025
file_161ce5fbf507dd667d6dc24dad51011bd988de49fcb53fc2805a29335914ff7f:record_467,%,Staff,percent,staff,false,"[""incompatible_indicator_unit""]",Local data collection / Other
file_161ce5fbf507dd667d6dc24dad51011bd988de49fcb53fc2805a29335914ff7f:record_468,Hours,ED patients,hours,ed patients,true,[],CIHI NACRS / Other
file_161ce5fbf507dd667d6dc24dad51011bd988de49fcb53fc2805a29335914ff7f:record_469,%,ED patients,percent,ed patients,true,[],"Other / April 1, 2024- December 2024 Q1- Q3"
file_161ce5fbf507dd667d6dc24dad51011bd988de49fcb53fc2805a29335914ff7f:record_470,%,Staff,percent,staff,true,[],Hospital collected data / local data collection/most recent consecutive 12-month period
file_161ce5fbf507dd667d6dc24dad51011bd988de49fcb53fc2805a29335914ff7f:record_471,Number,All patients,count,all patients,true,[],Local data collection / most recent consecutive 12-month period
file_161ce5fbf507dd667d6dc24dad51011bd988de49fcb53fc2805a29335914ff7f:record_472,%,Survey respondents,percent,survey respondents,true,[],Local data collection / most recent consecutive 12-month period
file_161ce5fbf507dd667d6dc24dad51011bd988de49fcb53fc2805a29335914ff7f:record_473,Count,All inpatients,count,all inpatients,true,[],"In-home audit / Quarters 1, 2 and 3"
file_161ce5fbf507dd667d6dc24dad51011bd988de49fcb53fc2805a29335914ff7f:record_474,Count,All inpatients,count,all inpatients,true,[],"In-home audit / Quarters 1, 2 and 3"
file_161ce5fbf507dd667d6dc24dad51011bd988de49fcb53fc2805a29335914ff7f:record_475,Count,All inpatients,count,all inpatients,true,[],"In-home audit / Quarters 1, 2 and 3"
file_161ce5fbf507dd667d6dc24dad51011bd988de49fcb53fc2805a29335914ff7f:record_476,Count,All inpatients,count,all inpatients,true,[],"In-home audit / Quarters 1, 2 and 3"
file_161ce5fbf507dd667d6dc24dad51011bd988de49fcb53fc2805a29335914ff7f:record_477,Other,All patients,unknown,all patients,false,"[""unknown_unit_or_population""]",In house data collection  / Jan 2025 to Jan 2026
file_161ce5fbf507dd667d6dc24dad51011bd988de49fcb53fc2805a29335914ff7f:record_478,Other,All patients,unknown,all patients,false,"[""unknown_unit_or_population""]",In house data collection  / Jan 2025 to Jan 2026
file_161ce5fbf507dd667d6dc24dad51011bd988de49fcb53fc2805a29335914ff7f:record_479,Other,All patients,unknown,all patients,false,"[""unknown_unit_or_population""]",In house data collection  / Jan 2025 to Jan 2026
file_161ce5fbf507dd667d6dc24dad51011bd988de49fcb53fc2805a29335914ff7f:record_480,%,Discharged patients ,percent,discharged patients,true,[],"In-home audit / Quarter 1, 2 and 3"
file_161ce5fbf507dd667d6dc24dad51011bd988de49fcb53fc2805a29335914ff7f:record_481,%,Discharged patients ,percent,discharged patients,true,[],"In-home audit / Quarter 1, 2 and 3"
file_161ce5fbf507dd667d6dc24dad51011bd988de49fcb53fc2805a29335914ff7f:record_482,Minutes,Patients,minutes,patients,true,[],CIHI NACRS / Other
file_161ce5fbf507dd667d6dc24dad51011bd988de49fcb53fc2805a29335914ff7f:record_483,%,ED patients,percent,ed patients,true,[],In-house survey / Q1
file_161ce5fbf507dd667d6dc24dad51011bd988de49fcb53fc2805a29335914ff7f:record_484,%,Survey respondents,percent,survey respondents,true,[],Hospital collected data / Most recent consecutive 12-month period
file_161ce5fbf507dd667d6dc24dad51011bd988de49fcb53fc2805a29335914ff7f:record_485,%,All inpatients,percent,all inpatients,true,[],In house data collection  / Most recent consecutive 12-month period
file_161ce5fbf507dd667d6dc24dad51011bd988de49fcb53fc2805a29335914ff7f:record_486,%,Staff,percent,staff,true,[],Staff survey / Most recent consecutive 12 month period
file_161ce5fbf507dd667d6dc24dad51011bd988de49fcb53fc2805a29335914ff7f:record_487,%,Discharged patients ,percent,discharged patients,true,[],Local data collection / Other
file_161ce5fbf507dd667d6dc24dad51011bd988de49fcb53fc2805a29335914ff7f:record_488,%,Discharged patients ,percent,discharged patients,true,[],Local data collection / Other
file_161ce5fbf507dd667d6dc24dad51011bd988de49fcb53fc2805a29335914ff7f:record_489,%,Survey respondents,percent,survey respondents,true,[],Local data collection / Other
file_161ce5fbf507dd667d6dc24dad51011bd988de49fcb53fc2805a29335914ff7f:record_490,%,Survey respondents,percent,survey respondents,true,[],Local data collection / Other
file_161ce5fbf507dd667d6dc24dad51011bd988de49fcb53fc2805a29335914ff7f:record_491,%,Survey respondents,percent,survey respondents,true,[],Local data collection / Other
file_161ce5fbf507dd667d6dc24dad51011bd988de49fcb53fc2805a29335914ff7f:record_492,%,Staff,percent,staff,false,"[""incompatible_indicator_unit""]",Local data collection / Other
file_161ce5fbf507dd667d6dc24dad51011bd988de49fcb53fc2805a29335914ff7f:record_493,%,Staff,percent,staff,false,"[""incompatible_indicator_unit""]",Local data collection / Other
file_161ce5fbf507dd667d6dc24dad51011bd988de49fcb53fc2805a29335914ff7f:record_494,%,Staff,percent,staff,false,"[""incompatible_indicator_unit""]",Local data collection / Other
file_161ce5fbf507dd667d6dc24dad51011bd988de49fcb53fc2805a29335914ff7f:record_495,Number,Other,count,unknown,false,"[""unknown_unit_or_population""]",Other / 2025-2026
file_161ce5fbf507dd667d6dc24dad51011bd988de49fcb53fc2805a29335914ff7f:record_496,Number,Other,count,unknown,false,"[""unknown_unit_or_population""]",Other / 2025-2026
file_161ce5fbf507dd667d6dc24dad51011bd988de49fcb53fc2805a29335914ff7f:record_497,Number,Patients,count,patients,true,[],EMR/Chart Review / 2025-2026
file_161ce5fbf507dd667d6dc24dad51011bd988de49fcb53fc2805a29335914ff7f:record_498,Number,Patients,count,patients,true,[],EMR/Chart Review / 2025-2026
file_161ce5fbf507dd667d6dc24dad51011bd988de49fcb53fc2805a29335914ff7f:record_499,Rate,Patients,unknown,patients,false,"[""unknown_unit_or_population""]",EMR/Chart Review / 2025-2026
file_161ce5fbf507dd667d6dc24dad51011bd988de49fcb53fc2805a29335914ff7f:record_500,Rate,Patients,unknown,patients,false,"[""unknown_unit_or_population""]",EMR/Chart Review / 2025-2026
file_161ce5fbf507dd667d6dc24dad51011bd988de49fcb53fc2805a29335914ff7f:record_501,Rate,Patients,unknown,patients,false,"[""unknown_unit_or_population""]",EMR/Chart Review / 2025-2026
file_161ce5fbf507dd667d6dc24dad51011bd988de49fcb53fc2805a29335914ff7f:record_502,Number,Staff,count,staff,true,[],Other / 2025-2026
file_161ce5fbf507dd667d6dc24dad51011bd988de49fcb53fc2805a29335914ff7f:record_503,Number,Other,count,unknown,false,"[""unknown_unit_or_population""]",Other / 2025-2026
file_161ce5fbf507dd667d6dc24dad51011bd988de49fcb53fc2805a29335914ff7f:record_504,Number,Other,count,unknown,false,"[""unknown_unit_or_population""]",In-home audit / 2025-2026
file_161ce5fbf507dd667d6dc24dad51011bd988de49fcb53fc2805a29335914ff7f:record_505,Number,Other,count,unknown,false,"[""unknown_unit_or_population""]",In-home audit / 2025-2026
file_161ce5fbf507dd667d6dc24dad51011bd988de49fcb53fc2805a29335914ff7f:record_506,Rate,Staff,unknown,staff,false,"[""unknown_unit_or_population""]",Other / 2025-2026
file_161ce5fbf507dd667d6dc24dad51011bd988de49fcb53fc2805a29335914ff7f:record_507,Number,Staff,count,staff,true,[],Other / 2025-2026
file_161ce5fbf507dd667d6dc24dad51011bd988de49fcb53fc2805a29335914ff7f:record_508,Number,Other,count,unknown,false,"[""unknown_unit_or_population""]",Other / 2025-2026
file_161ce5fbf507dd667d6dc24dad51011bd988de49fcb53fc2805a29335914ff7f:record_509,Number,Other,count,unknown,false,"[""unknown_unit_or_population""]",Other / 2025-2026
file_161ce5fbf507dd667d6dc24dad51011bd988de49fcb53fc2805a29335914ff7f:record_510,Number,Staff,count,staff,true,[],Other / 2025-2026
file_161ce5fbf507dd667d6dc24dad51011bd988de49fcb53fc2805a29335914ff7f:record_511,Number,Other,count,unknown,false,"[""unknown_unit_or_population""]",Other / 2025-2026
file_161ce5fbf507dd667d6dc24dad51011bd988de49fcb53fc2805a29335914ff7f:record_512,Number,Other,count,unknown,false,"[""unknown_unit_or_population""]",Other / 2025-2026
file_161ce5fbf507dd667d6dc24dad51011bd988de49fcb53fc2805a29335914ff7f:record_513,Number,Other,count,unknown,false,"[""unknown_unit_or_population""]",Other / 2025-2026
file_161ce5fbf507dd667d6dc24dad51011bd988de49fcb53fc2805a29335914ff7f:record_514,Number,Other,count,unknown,false,"[""unknown_unit_or_population""]",Other / 2025-2026
file_161ce5fbf507dd667d6dc24dad51011bd988de49fcb53fc2805a29335914ff7f:record_515,Number,Other,count,unknown,false,"[""unknown_unit_or_population""]",Other / 2025-2026
file_161ce5fbf507dd667d6dc24dad51011bd988de49fcb53fc2805a29335914ff7f:record_516,Number,Patients,count,patients,true,[],Other / 2025-2026
file_161ce5fbf507dd667d6dc24dad51011bd988de49fcb53fc2805a29335914ff7f:record_517,Number,Patients,count,patients,true,[],Other / 2025-2026
file_161ce5fbf507dd667d6dc24dad51011bd988de49fcb53fc2805a29335914ff7f:record_518,Number,Staff,count,staff,true,[],Other / 2025-2026
file_161ce5fbf507dd667d6dc24dad51011bd988de49fcb53fc2805a29335914ff7f:record_519,Other,Clients,unknown,clients,false,"[""unknown_unit_or_population""]",Other / 2025-2026
file_161ce5fbf507dd667d6dc24dad51011bd988de49fcb53fc2805a29335914ff7f:record_520,Hours,ED patients,hours,ed patients,true,[],CIHI NACRS / Other
file_161ce5fbf507dd667d6dc24dad51011bd988de49fcb53fc2805a29335914ff7f:record_521,Hours,ED patients,hours,ed patients,true,[],CIHI NACRS / Other
file_161ce5fbf507dd667d6dc24dad51011bd988de49fcb53fc2805a29335914ff7f:record_522,"Rate per 1,000",All patients,rate_per_1000,all patients,true,[],In house data collection  / April 2024-December 2024
file_161ce5fbf507dd667d6dc24dad51011bd988de49fcb53fc2805a29335914ff7f:record_523,"Rate per 1,000",All patients,rate_per_1000,all patients,true,[],In house data collection  / April 2024-December 2024
file_161ce5fbf507dd667d6dc24dad51011bd988de49fcb53fc2805a29335914ff7f:record_524,%,Other,percent,unknown,false,"[""unknown_unit_or_population""]",Local data collection / April to December 2024
file_161ce5fbf507dd667d6dc24dad51011bd988de49fcb53fc2805a29335914ff7f:record_525,%,Other,percent,unknown,false,"[""unknown_unit_or_population""]",Local data collection / April to December 2024
file_161ce5fbf507dd667d6dc24dad51011bd988de49fcb53fc2805a29335914ff7f:record_526,%,All inpatients,percent,all inpatients,true,[],In house data collection  / April 2024 - December 2024
file_161ce5fbf507dd667d6dc24dad51011bd988de49fcb53fc2805a29335914ff7f:record_527,%,All inpatients,percent,all inpatients,true,[],In house data collection  / April 2024 - December 2024
file_161ce5fbf507dd667d6dc24dad51011bd988de49fcb53fc2805a29335914ff7f:record_528,Rate,Hospital admitted patients,unknown,hospital admitted patients,false,"[""unknown_unit_or_population""]",In house data collection  / April 2024 - September 2024
file_161ce5fbf507dd667d6dc24dad51011bd988de49fcb53fc2805a29335914ff7f:record_529,Number,ED patients,count,ed patients,true,[],CIHI NACRS / April 2024 - December 2024
file_161ce5fbf507dd667d6dc24dad51011bd988de49fcb53fc2805a29335914ff7f:record_530,%,Worker,percent,worker,true,[],Local data collection / January 2024 - December 2024
file_161ce5fbf507dd667d6dc24dad51011bd988de49fcb53fc2805a29335914ff7f:record_531,%,Worker,percent,worker,true,[],Local data collection / January 2024 - December 2024
file_161ce5fbf507dd667d6dc24dad51011bd988de49fcb53fc2805a29335914ff7f:record_532,%,Staff,percent,staff,true,[],In house data collection  / April to December 2024
file_161ce5fbf507dd667d6dc24dad51011bd988de49fcb53fc2805a29335914ff7f:record_533,%,All inpatients,percent,all inpatients,true,[],In house data collection  / April 2024 - December 2024
file_161ce5fbf507dd667d6dc24dad51011bd988de49fcb53fc2805a29335914ff7f:record_534,%,All inpatients,percent,all inpatients,true,[],In house data collection  / April 2024 - December 2024
file_161ce5fbf507dd667d6dc24dad51011bd988de49fcb53fc2805a29335914ff7f:record_535,%,All inpatients,percent,all inpatients,true,[],Local data collection / Reviewed monthly
file_161ce5fbf507dd667d6dc24dad51011bd988de49fcb53fc2805a29335914ff7f:record_536,%,Other,percent,unknown,false,"[""unknown_unit_or_population""]",Local data collection / We review this metric monthly
file_161ce5fbf507dd667d6dc24dad51011bd988de49fcb53fc2805a29335914ff7f:record_537,%,All patients,percent,all patients,true,[],Local data collection / This metric is reviewed quarterly
file_161ce5fbf507dd667d6dc24dad51011bd988de49fcb53fc2805a29335914ff7f:record_538,%,All patients,percent,all patients,true,[],Local data collection / This will be reviewed on a quarterly basis
file_161ce5fbf507dd667d6dc24dad51011bd988de49fcb53fc2805a29335914ff7f:record_539,Count,Other,count,unknown,false,"[""unknown_unit_or_population""]",Other / Reviewed upon submission and monthly in aggregate
file_161ce5fbf507dd667d6dc24dad51011bd988de49fcb53fc2805a29335914ff7f:record_540,Count,Other,count,unknown,false,"[""unknown_unit_or_population""]",Other / Reviewed upon submission and monthly in aggregate
file_161ce5fbf507dd667d6dc24dad51011bd988de49fcb53fc2805a29335914ff7f:record_541,%,Other,percent,unknown,false,"[""unknown_unit_or_population""]",Other / All incidents are reviewed upon submission
file_161ce5fbf507dd667d6dc24dad51011bd988de49fcb53fc2805a29335914ff7f:record_542,%,Other,percent,unknown,false,"[""unknown_unit_or_population""]",Local data collection / Reviewed monthly
file_161ce5fbf507dd667d6dc24dad51011bd988de49fcb53fc2805a29335914ff7f:record_543,%,Other,percent,unknown,false,"[""unknown_unit_or_population""]",Other / Audits are reviewed quarterly
file_161ce5fbf507dd667d6dc24dad51011bd988de49fcb53fc2805a29335914ff7f:record_544,%,Other,percent,unknown,false,"[""unknown_unit_or_population""]",Other / Audits are reviewed quarterly
file_161ce5fbf507dd667d6dc24dad51011bd988de49fcb53fc2805a29335914ff7f:record_545,Number,Staff,count,staff,true,[],Local data collection / Average of 2023/24 and Q1-3 2024/25
file_161ce5fbf507dd667d6dc24dad51011bd988de49fcb53fc2805a29335914ff7f:record_546,Count,All patients,count,all patients,true,[],In house data collection  / 2025-26
file_161ce5fbf507dd667d6dc24dad51011bd988de49fcb53fc2805a29335914ff7f:record_547,Count,All patients,count,all patients,true,[],In house data collection  / 2025-26
file_161ce5fbf507dd667d6dc24dad51011bd988de49fcb53fc2805a29335914ff7f:record_548,Count,All patients,count,all patients,true,[],In house data collection  / 2025-26
file_161ce5fbf507dd667d6dc24dad51011bd988de49fcb53fc2805a29335914ff7f:record_549,Count,All patients,count,all patients,true,[],In house data collection  / 2025-26
file_161ce5fbf507dd667d6dc24dad51011bd988de49fcb53fc2805a29335914ff7f:record_550,Count,All patients,count,all patients,true,[],In house data collection  / 2025-26
file_161ce5fbf507dd667d6dc24dad51011bd988de49fcb53fc2805a29335914ff7f:record_551,%,Staff,percent,staff,true,[],In house data collection  / 2025-26
file_161ce5fbf507dd667d6dc24dad51011bd988de49fcb53fc2805a29335914ff7f:record_552,%,Staff,percent,staff,true,[],In house data collection  / 2025-26
file_161ce5fbf507dd667d6dc24dad51011bd988de49fcb53fc2805a29335914ff7f:record_553,%,Staff,percent,staff,true,[],In house data collection  / 2025-26
file_161ce5fbf507dd667d6dc24dad51011bd988de49fcb53fc2805a29335914ff7f:record_554,%,Staff,percent,staff,true,[],In house data collection  / 2025-26
file_161ce5fbf507dd667d6dc24dad51011bd988de49fcb53fc2805a29335914ff7f:record_555,%,All patients,percent,all patients,true,[],In house data collection  / 2025-26
file_161ce5fbf507dd667d6dc24dad51011bd988de49fcb53fc2805a29335914ff7f:record_556,%,All patients,percent,all patients,true,[],In house data collection  / 2025-26
file_161ce5fbf507dd667d6dc24dad51011bd988de49fcb53fc2805a29335914ff7f:record_557,%,All patients,percent,all patients,true,[],In house data collection  / 2025-26
file_161ce5fbf507dd667d6dc24dad51011bd988de49fcb53fc2805a29335914ff7f:record_558,Minutes,Patients,minutes,patients,true,[],CIHI NACRS / Other
file_161ce5fbf507dd667d6dc24dad51011bd988de49fcb53fc2805a29335914ff7f:record_559,Minutes,Patients,minutes,patients,true,[],CIHI NACRS / Other
file_161ce5fbf507dd667d6dc24dad51011bd988de49fcb53fc2805a29335914ff7f:record_560,Minutes,Patients,minutes,patients,true,[],CIHI NACRS / Other
file_161ce5fbf507dd667d6dc24dad51011bd988de49fcb53fc2805a29335914ff7f:record_561,Minutes,ED patients,minutes,ed patients,true,[],CIHI NACRS / Quarter
file_161ce5fbf507dd667d6dc24dad51011bd988de49fcb53fc2805a29335914ff7f:record_562,Minutes,ED patients,minutes,ed patients,true,[],CIHI NACRS / Quarter
file_161ce5fbf507dd667d6dc24dad51011bd988de49fcb53fc2805a29335914ff7f:record_563,Minutes,ED patients,minutes,ed patients,true,[],CIHI NACRS / Quarter
file_161ce5fbf507dd667d6dc24dad51011bd988de49fcb53fc2805a29335914ff7f:record_564,%,Hospital admitted patients,percent,hospital admitted patients,true,[],CIHI DAD / Quarter
file_161ce5fbf507dd667d6dc24dad51011bd988de49fcb53fc2805a29335914ff7f:record_565,%,Hospital admitted patients,percent,hospital admitted patients,true,[],CIHI DAD / Quarter
file_161ce5fbf507dd667d6dc24dad51011bd988de49fcb53fc2805a29335914ff7f:record_566,%,Staff,percent,staff,false,"[""incompatible_indicator_unit""]",Local data collection / Other
file_161ce5fbf507dd667d6dc24dad51011bd988de49fcb53fc2805a29335914ff7f:record_567,%,Staff,percent,staff,false,"[""incompatible_indicator_unit""]",Local data collection / Other
file_161ce5fbf507dd667d6dc24dad51011bd988de49fcb53fc2805a29335914ff7f:record_568,%,Staff,percent,staff,false,"[""incompatible_indicator_unit""]",Local data collection / Other
file_161ce5fbf507dd667d6dc24dad51011bd988de49fcb53fc2805a29335914ff7f:record_569,%,Staff,percent,staff,false,"[""incompatible_indicator_unit""]",Local data collection / Other
file_161ce5fbf507dd667d6dc24dad51011bd988de49fcb53fc2805a29335914ff7f:record_570,%,Staff,percent,staff,true,[],Local data collection / Other
file_161ce5fbf507dd667d6dc24dad51011bd988de49fcb53fc2805a29335914ff7f:record_571,Hours,ED patients,hours,ed patients,true,[],CIHI NACRS / Other
file_161ce5fbf507dd667d6dc24dad51011bd988de49fcb53fc2805a29335914ff7f:record_572,Hours,ED patients,hours,ed patients,true,[],CIHI NACRS / Other
file_161ce5fbf507dd667d6dc24dad51011bd988de49fcb53fc2805a29335914ff7f:record_573,Hours,ED patients,hours,ed patients,true,[],CIHI NACRS / Other
file_161ce5fbf507dd667d6dc24dad51011bd988de49fcb53fc2805a29335914ff7f:record_574,%,Discharged patients ,percent,discharged patients,true,[],Local data collection / Most consecutive 12 Month Period
file_161ce5fbf507dd667d6dc24dad51011bd988de49fcb53fc2805a29335914ff7f:record_575,%,Discharged patients ,percent,discharged patients,true,[],Local data collection / Most consecutive 12 Month Period
file_161ce5fbf507dd667d6dc24dad51011bd988de49fcb53fc2805a29335914ff7f:record_576,%,Discharged patients ,percent,discharged patients,true,[],Local data collection / Most consecutive 12 Month Period
file_161ce5fbf507dd667d6dc24dad51011bd988de49fcb53fc2805a29335914ff7f:record_577,%,Staff,percent,staff,true,[],Local data collection / Other
file_161ce5fbf507dd667d6dc24dad51011bd988de49fcb53fc2805a29335914ff7f:record_578,%,Staff,percent,staff,true,[],Local data collection / Other
file_161ce5fbf507dd667d6dc24dad51011bd988de49fcb53fc2805a29335914ff7f:record_579,%,Staff,percent,staff,true,[],Hospital collected data / Fiscal Quarters
file_161ce5fbf507dd667d6dc24dad51011bd988de49fcb53fc2805a29335914ff7f:record_580,%,Staff,percent,staff,true,[],Hospital collected data / Fiscal Quarters
file_161ce5fbf507dd667d6dc24dad51011bd988de49fcb53fc2805a29335914ff7f:record_581,%,Patients,percent,patients,true,[],Hospital collected data / Fiscal Quarters
file_161ce5fbf507dd667d6dc24dad51011bd988de49fcb53fc2805a29335914ff7f:record_582,%,Patients,percent,patients,true,[],Hospital collected data / Fiscal Quarters
file_161ce5fbf507dd667d6dc24dad51011bd988de49fcb53fc2805a29335914ff7f:record_583,%,Patients,percent,patients,true,[],Hospital collected data / Fiscal Quarters
file_161ce5fbf507dd667d6dc24dad51011bd988de49fcb53fc2805a29335914ff7f:record_584,%,Other,percent,unknown,false,"[""unknown_unit_or_population""]",Other / Q1-Q3 2024-25
file_161ce5fbf507dd667d6dc24dad51011bd988de49fcb53fc2805a29335914ff7f:record_585,%,Other,percent,unknown,false,"[""unknown_unit_or_population""]",Other / Q1-Q3 2024-25
file_161ce5fbf507dd667d6dc24dad51011bd988de49fcb53fc2805a29335914ff7f:record_586,%,Other,percent,unknown,false,"[""unknown_unit_or_population""]",Other / Q1-Q3 2024-25
file_161ce5fbf507dd667d6dc24dad51011bd988de49fcb53fc2805a29335914ff7f:record_587,%,Other,percent,unknown,false,"[""unknown_unit_or_population""]",Other / Q1-Q3 2024-25
file_161ce5fbf507dd667d6dc24dad51011bd988de49fcb53fc2805a29335914ff7f:record_588,%,Other,percent,unknown,false,"[""unknown_unit_or_population""]",Other / Q1-Q3 2024-25
file_161ce5fbf507dd667d6dc24dad51011bd988de49fcb53fc2805a29335914ff7f:record_589,%,Other,percent,unknown,false,"[""unknown_unit_or_population""]",In house data collection  / n/a
file_161ce5fbf507dd667d6dc24dad51011bd988de49fcb53fc2805a29335914ff7f:record_590,%,Other,percent,unknown,false,"[""unknown_unit_or_population""]",In house data collection  / n/a
file_161ce5fbf507dd667d6dc24dad51011bd988de49fcb53fc2805a29335914ff7f:record_591,%,Other,percent,unknown,false,"[""unknown_unit_or_population""]",In house data collection  / n/a
file_161ce5fbf507dd667d6dc24dad51011bd988de49fcb53fc2805a29335914ff7f:record_592,%,Other,percent,unknown,false,"[""unknown_unit_or_population""]",In house data collection  / n/a
file_161ce5fbf507dd667d6dc24dad51011bd988de49fcb53fc2805a29335914ff7f:record_593,%,Worker,percent,worker,true,[],In house data collection  / 2024
file_161ce5fbf507dd667d6dc24dad51011bd988de49fcb53fc2805a29335914ff7f:record_594,%,Worker,percent,worker,true,[],In house data collection  / 2024
file_161ce5fbf507dd667d6dc24dad51011bd988de49fcb53fc2805a29335914ff7f:record_595,%,Worker,percent,worker,true,[],In house data collection  / 2024
file_161ce5fbf507dd667d6dc24dad51011bd988de49fcb53fc2805a29335914ff7f:record_596,%,Worker,percent,worker,true,[],In house data collection  / 2024
file_161ce5fbf507dd667d6dc24dad51011bd988de49fcb53fc2805a29335914ff7f:record_597,%,Worker,percent,worker,true,[],In house data collection  / 2024
file_161ce5fbf507dd667d6dc24dad51011bd988de49fcb53fc2805a29335914ff7f:record_598,Number,All inpatients,count,all inpatients,true,[],Hospital collected data / 2024
file_161ce5fbf507dd667d6dc24dad51011bd988de49fcb53fc2805a29335914ff7f:record_599,Number,All inpatients,count,all inpatients,true,[],Hospital collected data / 2024
file_161ce5fbf507dd667d6dc24dad51011bd988de49fcb53fc2805a29335914ff7f:record_600,Number,All inpatients,count,all inpatients,true,[],Hospital collected data / 2024
file_161ce5fbf507dd667d6dc24dad51011bd988de49fcb53fc2805a29335914ff7f:record_601,Number,All inpatients,count,all inpatients,true,[],Hospital collected data / 2024
file_161ce5fbf507dd667d6dc24dad51011bd988de49fcb53fc2805a29335914ff7f:record_602,%,Discharged patients ,percent,discharged patients,true,[],Local data collection / Other
file_161ce5fbf507dd667d6dc24dad51011bd988de49fcb53fc2805a29335914ff7f:record_603,%,Survey respondents,percent,survey respondents,true,[],Local data collection / Other
file_161ce5fbf507dd667d6dc24dad51011bd988de49fcb53fc2805a29335914ff7f:record_604,Hours,ED patients,hours,ed patients,true,[],CIHI NACRS / Other
file_161ce5fbf507dd667d6dc24dad51011bd988de49fcb53fc2805a29335914ff7f:record_605,%,ED patients,percent,ed patients,true,[],CIHI NACRS / Fiscal Year
file_161ce5fbf507dd667d6dc24dad51011bd988de49fcb53fc2805a29335914ff7f:record_606,%,Staff,percent,staff,false,"[""incompatible_indicator_unit""]",Local data collection / Other
file_161ce5fbf507dd667d6dc24dad51011bd988de49fcb53fc2805a29335914ff7f:record_607,%,Staff,percent,staff,true,[],Local data collection / Other
file_161ce5fbf507dd667d6dc24dad51011bd988de49fcb53fc2805a29335914ff7f:record_608,Hours,ED patients,hours,ed patients,true,[],CIHI NACRS / Other
file_161ce5fbf507dd667d6dc24dad51011bd988de49fcb53fc2805a29335914ff7f:record_609,Hours,ED patients,hours,ed patients,true,[],CIHI NACRS / Other
file_161ce5fbf507dd667d6dc24dad51011bd988de49fcb53fc2805a29335914ff7f:record_610,Hours,ED patients,hours,ed patients,true,[],CIHI NACRS / Other
file_161ce5fbf507dd667d6dc24dad51011bd988de49fcb53fc2805a29335914ff7f:record_611,%,Staff,percent,staff,false,"[""incompatible_indicator_unit""]",Local data collection / Other
file_161ce5fbf507dd667d6dc24dad51011bd988de49fcb53fc2805a29335914ff7f:record_612,%,Staff,percent,staff,true,[],Local data collection / Other
file_161ce5fbf507dd667d6dc24dad51011bd988de49fcb53fc2805a29335914ff7f:record_613,Minutes,Patients,minutes,patients,true,[],CIHI NACRS / Other
file_161ce5fbf507dd667d6dc24dad51011bd988de49fcb53fc2805a29335914ff7f:record_614,%,Staff,percent,staff,true,[],Local data collection / Other
file_161ce5fbf507dd667d6dc24dad51011bd988de49fcb53fc2805a29335914ff7f:record_615,%,Staff,percent,staff,true,[],"Local data collection / April 1, 2025 - March 31, 2026"
file_161ce5fbf507dd667d6dc24dad51011bd988de49fcb53fc2805a29335914ff7f:record_616,%,Survey respondents,percent,survey respondents,true,[],Local data collection / Other
file_161ce5fbf507dd667d6dc24dad51011bd988de49fcb53fc2805a29335914ff7f:record_617,%,Staff,percent,staff,true,[],In house data collection  / 2025
file_161ce5fbf507dd667d6dc24dad51011bd988de49fcb53fc2805a29335914ff7f:record_618,%,Staff,percent,staff,true,[],In house data collection  / 2025
file_161ce5fbf507dd667d6dc24dad51011bd988de49fcb53fc2805a29335914ff7f:record_619,%,Other,percent,unknown,false,"[""unknown_unit_or_population""]",In-house survey / 2025
file_161ce5fbf507dd667d6dc24dad51011bd988de49fcb53fc2805a29335914ff7f:record_620,%,ED patients,percent,ed patients,true,[],In-house survey / 2025
file_161ce5fbf507dd667d6dc24dad51011bd988de49fcb53fc2805a29335914ff7f:record_621,%,All inpatients,percent,all inpatients,true,[],In-home audit / Most recent consecutive 12-month period
file_161ce5fbf507dd667d6dc24dad51011bd988de49fcb53fc2805a29335914ff7f:record_622,%,All inpatients,percent,all inpatients,true,[],In-home audit / Most recent consecutive 12-month period
file_161ce5fbf507dd667d6dc24dad51011bd988de49fcb53fc2805a29335914ff7f:record_623,%,Discharged patients ,percent,discharged patients,true,[],Local data collection / Other
file_161ce5fbf507dd667d6dc24dad51011bd988de49fcb53fc2805a29335914ff7f:record_624,%,Survey respondents,percent,survey respondents,true,[],Local data collection / Other
file_161ce5fbf507dd667d6dc24dad51011bd988de49fcb53fc2805a29335914ff7f:record_625,%,Survey respondents,percent,survey respondents,true,[],Local data collection / Other
file_161ce5fbf507dd667d6dc24dad51011bd988de49fcb53fc2805a29335914ff7f:record_626,Minutes,Patients,minutes,patients,true,[],CIHI NACRS / Other
file_161ce5fbf507dd667d6dc24dad51011bd988de49fcb53fc2805a29335914ff7f:record_627,Minutes,Patients,minutes,patients,true,[],CIHI NACRS / Other
file_161ce5fbf507dd667d6dc24dad51011bd988de49fcb53fc2805a29335914ff7f:record_628,Hours,ED patients,hours,ed patients,true,[],CIHI NACRS / Other
file_161ce5fbf507dd667d6dc24dad51011bd988de49fcb53fc2805a29335914ff7f:record_629,Hours,ED patients,hours,ed patients,true,[],CIHI NACRS / Other
file_161ce5fbf507dd667d6dc24dad51011bd988de49fcb53fc2805a29335914ff7f:record_630,Number,ED patients,count,ed patients,true,[],CIHI NACRS / Fiscal Year
file_161ce5fbf507dd667d6dc24dad51011bd988de49fcb53fc2805a29335914ff7f:record_631,Number,ED patients,count,ed patients,true,[],CIHI NACRS / Fiscal Year
file_161ce5fbf507dd667d6dc24dad51011bd988de49fcb53fc2805a29335914ff7f:record_632,%,Discharged patients ,percent,discharged patients,true,[],Local data collection / Other
file_161ce5fbf507dd667d6dc24dad51011bd988de49fcb53fc2805a29335914ff7f:record_633,%,Discharged patients ,percent,discharged patients,true,[],Local data collection / Other
file_161ce5fbf507dd667d6dc24dad51011bd988de49fcb53fc2805a29335914ff7f:record_634,%,Survey respondents,percent,survey respondents,true,[],Local data collection / Other
file_161ce5fbf507dd667d6dc24dad51011bd988de49fcb53fc2805a29335914ff7f:record_635,Minutes,Patients,minutes,patients,true,[],CIHI NACRS / Other
file_161ce5fbf507dd667d6dc24dad51011bd988de49fcb53fc2805a29335914ff7f:record_636,Hours,ED patients,hours,ed patients,true,[],CIHI NACRS / Other
file_161ce5fbf507dd667d6dc24dad51011bd988de49fcb53fc2805a29335914ff7f:record_637,%,ED patients,percent,ed patients,true,[],CIHI NACRS / Fiscal Year
file_161ce5fbf507dd667d6dc24dad51011bd988de49fcb53fc2805a29335914ff7f:record_638,Minutes,ED patients,minutes,ed patients,true,[],CIHI NACRS / Quarter
file_161ce5fbf507dd667d6dc24dad51011bd988de49fcb53fc2805a29335914ff7f:record_639,Hours,ED patients,hours,ed patients,true,[],CIHI NACRS / Other
file_161ce5fbf507dd667d6dc24dad51011bd988de49fcb53fc2805a29335914ff7f:record_640,Hours,ED patients,hours,ed patients,true,[],CIHI NACRS / Other
file_161ce5fbf507dd667d6dc24dad51011bd988de49fcb53fc2805a29335914ff7f:record_641,Number,ED patients,count,ed patients,true,[],CIHI NACRS / Fiscal Year
file_161ce5fbf507dd667d6dc24dad51011bd988de49fcb53fc2805a29335914ff7f:record_642,Hours,ED patients,hours,ed patients,true,[],CIHI NACRS / Other
file_161ce5fbf507dd667d6dc24dad51011bd988de49fcb53fc2805a29335914ff7f:record_643,%,ED patients,percent,ed patients,true,[],CIHI NACRS / Quarter
file_161ce5fbf507dd667d6dc24dad51011bd988de49fcb53fc2805a29335914ff7f:record_644,%,ED patients,percent,ed patients,true,[],CIHI NACRS / Quarter
file_161ce5fbf507dd667d6dc24dad51011bd988de49fcb53fc2805a29335914ff7f:record_645,%,Hospital admitted patients,percent,hospital admitted patients,true,[],CIHI DAD / Quarter
file_161ce5fbf507dd667d6dc24dad51011bd988de49fcb53fc2805a29335914ff7f:record_646,%,Staff,percent,staff,false,"[""incompatible_indicator_unit""]",Local data collection / Other
file_161ce5fbf507dd667d6dc24dad51011bd988de49fcb53fc2805a29335914ff7f:record_647,%,Staff,percent,staff,false,"[""incompatible_indicator_unit""]",Local data collection / Other
file_161ce5fbf507dd667d6dc24dad51011bd988de49fcb53fc2805a29335914ff7f:record_648,%,Staff,percent,staff,false,"[""incompatible_indicator_unit""]",Local data collection / Other
file_161ce5fbf507dd667d6dc24dad51011bd988de49fcb53fc2805a29335914ff7f:record_649,%,Staff,percent,staff,false,"[""incompatible_indicator_unit""]",Local data collection / Other
file_161ce5fbf507dd667d6dc24dad51011bd988de49fcb53fc2805a29335914ff7f:record_650,%,Staff,percent,staff,true,[],Local data collection / Other
file_161ce5fbf507dd667d6dc24dad51011bd988de49fcb53fc2805a29335914ff7f:record_651,%,Staff,percent,staff,true,[],Local data collection / Other
file_161ce5fbf507dd667d6dc24dad51011bd988de49fcb53fc2805a29335914ff7f:record_652,Hours,ED patients,hours,ed patients,true,[],CIHI NACRS / Other
file_161ce5fbf507dd667d6dc24dad51011bd988de49fcb53fc2805a29335914ff7f:record_653,Hours,ED patients,hours,ed patients,true,[],CIHI NACRS / Other
file_161ce5fbf507dd667d6dc24dad51011bd988de49fcb53fc2805a29335914ff7f:record_654,Hours,ED patients,hours,ed patients,true,[],CIHI NACRS / Other
file_161ce5fbf507dd667d6dc24dad51011bd988de49fcb53fc2805a29335914ff7f:record_655,Hours,ED patients,hours,ed patients,true,[],CIHI NACRS / Other
file_161ce5fbf507dd667d6dc24dad51011bd988de49fcb53fc2805a29335914ff7f:record_656,%,All inpatients,percent,all inpatients,true,[],Other / 25/26
file_161ce5fbf507dd667d6dc24dad51011bd988de49fcb53fc2805a29335914ff7f:record_657,%,All inpatients,percent,all inpatients,true,[],Other / 25/26
file_161ce5fbf507dd667d6dc24dad51011bd988de49fcb53fc2805a29335914ff7f:record_658,Other,Patients,unknown,patients,false,"[""unknown_unit_or_population""]",Other / 25/26
file_161ce5fbf507dd667d6dc24dad51011bd988de49fcb53fc2805a29335914ff7f:record_659,Other,Patients,unknown,patients,false,"[""unknown_unit_or_population""]",Other / 25/26
file_161ce5fbf507dd667d6dc24dad51011bd988de49fcb53fc2805a29335914ff7f:record_660,Other,Patients,unknown,patients,false,"[""unknown_unit_or_population""]",Other / 25/26
file_161ce5fbf507dd667d6dc24dad51011bd988de49fcb53fc2805a29335914ff7f:record_661,%,ED patients,percent,ed patients,true,[],Other / 25/26
file_161ce5fbf507dd667d6dc24dad51011bd988de49fcb53fc2805a29335914ff7f:record_662,%,ED patients,percent,ed patients,true,[],Other / 25/26
file_161ce5fbf507dd667d6dc24dad51011bd988de49fcb53fc2805a29335914ff7f:record_663,%,Other,percent,unknown,false,"[""unknown_unit_or_population""]",Other / 25/26
file_161ce5fbf507dd667d6dc24dad51011bd988de49fcb53fc2805a29335914ff7f:record_664,Rate,Other,unknown,unknown,false,"[""unknown_unit_or_population""]",In house data collection  / 2025/26
file_161ce5fbf507dd667d6dc24dad51011bd988de49fcb53fc2805a29335914ff7f:record_665,Rate,Other,unknown,unknown,false,"[""unknown_unit_or_population""]",In house data collection  / 2025/26
file_161ce5fbf507dd667d6dc24dad51011bd988de49fcb53fc2805a29335914ff7f:record_666,Rate,Other,unknown,unknown,false,"[""unknown_unit_or_population""]",In house data collection  / 2025/26
file_161ce5fbf507dd667d6dc24dad51011bd988de49fcb53fc2805a29335914ff7f:record_667,Number,All inpatients,count,all inpatients,true,[],In house data collection  / April 2024-March 2025
file_161ce5fbf507dd667d6dc24dad51011bd988de49fcb53fc2805a29335914ff7f:record_668,Number,All inpatients,count,all inpatients,true,[],In house data collection  / April 2024-March 2025
file_161ce5fbf507dd667d6dc24dad51011bd988de49fcb53fc2805a29335914ff7f:record_669,%,Population,percent,population,true,[],Other / 5-year average 2019-2024
file_161ce5fbf507dd667d6dc24dad51011bd988de49fcb53fc2805a29335914ff7f:record_670,Minutes,Other,minutes,unknown,false,"[""unknown_unit_or_population""]",Other / Dec 2024-Nov 2025
file_161ce5fbf507dd667d6dc24dad51011bd988de49fcb53fc2805a29335914ff7f:record_671,Minutes,Other,minutes,unknown,false,"[""unknown_unit_or_population""]",Other / Dec 2024-Nov 2025
file_161ce5fbf507dd667d6dc24dad51011bd988de49fcb53fc2805a29335914ff7f:record_672,Minutes,Other,minutes,unknown,false,"[""unknown_unit_or_population""]",Other / Dec 2024-Nov 2025
file_161ce5fbf507dd667d6dc24dad51011bd988de49fcb53fc2805a29335914ff7f:record_673,Number,ED patients,count,ed patients,true,[],Other / Dec 2024 to Nov 2025
file_161ce5fbf507dd667d6dc24dad51011bd988de49fcb53fc2805a29335914ff7f:record_674,Number,ED patients,count,ed patients,true,[],Other / Dec 2024 to Nov 2025
file_161ce5fbf507dd667d6dc24dad51011bd988de49fcb53fc2805a29335914ff7f:record_675,Number,ED patients,count,ed patients,true,[],Other / Dec 2024 to Nov 2025
file_161ce5fbf507dd667d6dc24dad51011bd988de49fcb53fc2805a29335914ff7f:record_676,%,Other,percent,unknown,false,"[""unknown_unit_or_population""]",Other / April  2025- March 2026
file_161ce5fbf507dd667d6dc24dad51011bd988de49fcb53fc2805a29335914ff7f:record_677,%,Other,percent,unknown,false,"[""unknown_unit_or_population""]",Other / April  2025- March 2026
file_161ce5fbf507dd667d6dc24dad51011bd988de49fcb53fc2805a29335914ff7f:record_678,%,Other,percent,unknown,false,"[""unknown_unit_or_population""]",Other / April  2025- March 2026
file_161ce5fbf507dd667d6dc24dad51011bd988de49fcb53fc2805a29335914ff7f:record_679,%,Staff,percent,staff,true,[],Local data collection / April 2023-March 2024
file_161ce5fbf507dd667d6dc24dad51011bd988de49fcb53fc2805a29335914ff7f:record_680,%,Staff,percent,staff,true,[],Local data collection / April 2023-March 2024
file_161ce5fbf507dd667d6dc24dad51011bd988de49fcb53fc2805a29335914ff7f:record_681,%,Other,percent,unknown,false,"[""unknown_unit_or_population""]",In house data collection  / January 2024-December 2024
file_161ce5fbf507dd667d6dc24dad51011bd988de49fcb53fc2805a29335914ff7f:record_682,%,Other,percent,unknown,false,"[""unknown_unit_or_population""]",In house data collection  / January 2024-December 2024
file_161ce5fbf507dd667d6dc24dad51011bd988de49fcb53fc2805a29335914ff7f:record_683,%,Survey respondents,percent,survey respondents,true,[],Local data collection / Other
file_161ce5fbf507dd667d6dc24dad51011bd988de49fcb53fc2805a29335914ff7f:record_684,%,Survey respondents,percent,survey respondents,true,[],Local data collection / Other
file_161ce5fbf507dd667d6dc24dad51011bd988de49fcb53fc2805a29335914ff7f:record_685,%,Hospital admitted patients,percent,hospital admitted patients,true,[],CIHI DAD / Quarter
file_161ce5fbf507dd667d6dc24dad51011bd988de49fcb53fc2805a29335914ff7f:record_686,%,Hospital admitted patients,percent,hospital admitted patients,true,[],CIHI DAD / Quarter
file_161ce5fbf507dd667d6dc24dad51011bd988de49fcb53fc2805a29335914ff7f:record_687,%,Hospital admitted patients,percent,hospital admitted patients,true,[],CIHI DAD / Quarter
file_161ce5fbf507dd667d6dc24dad51011bd988de49fcb53fc2805a29335914ff7f:record_688,Hours,ED patients,hours,ed patients,true,[],CIHI NACRS / Other
file_161ce5fbf507dd667d6dc24dad51011bd988de49fcb53fc2805a29335914ff7f:record_689,Hours,ED patients,hours,ed patients,true,[],CIHI NACRS / Other
file_161ce5fbf507dd667d6dc24dad51011bd988de49fcb53fc2805a29335914ff7f:record_690,Hours,ED patients,hours,ed patients,true,[],CIHI NACRS / Other
file_161ce5fbf507dd667d6dc24dad51011bd988de49fcb53fc2805a29335914ff7f:record_691,Hours,ED patients,hours,ed patients,true,[],CIHI NACRS / Other
file_161ce5fbf507dd667d6dc24dad51011bd988de49fcb53fc2805a29335914ff7f:record_692,Other,Population,unknown,population,false,"[""unknown_unit_or_population""]",In house data collection  / January 2024-December 2024
file_161ce5fbf507dd667d6dc24dad51011bd988de49fcb53fc2805a29335914ff7f:record_693,%,Survey respondents,percent,survey respondents,true,[],Local data collection / Other
file_161ce5fbf507dd667d6dc24dad51011bd988de49fcb53fc2805a29335914ff7f:record_694,%,Survey respondents,percent,survey respondents,true,[],Local data collection / Other
file_161ce5fbf507dd667d6dc24dad51011bd988de49fcb53fc2805a29335914ff7f:record_695,%,Survey respondents,percent,survey respondents,true,[],Local data collection / Other
file_161ce5fbf507dd667d6dc24dad51011bd988de49fcb53fc2805a29335914ff7f:record_696,Hours,ED patients,hours,ed patients,true,[],CIHI NACRS / Other
file_161ce5fbf507dd667d6dc24dad51011bd988de49fcb53fc2805a29335914ff7f:record_697,Hours,ED patients,hours,ed patients,true,[],CIHI NACRS / Other
file_161ce5fbf507dd667d6dc24dad51011bd988de49fcb53fc2805a29335914ff7f:record_698,Hours,ED patients,hours,ed patients,true,[],CIHI NACRS / Other
file_161ce5fbf507dd667d6dc24dad51011bd988de49fcb53fc2805a29335914ff7f:record_699,Hours,ED patients,hours,ed patients,true,[],CIHI NACRS / Other
file_161ce5fbf507dd667d6dc24dad51011bd988de49fcb53fc2805a29335914ff7f:record_700,Hours,ED patients,hours,ed patients,true,[],CIHI NACRS / Other
file_161ce5fbf507dd667d6dc24dad51011bd988de49fcb53fc2805a29335914ff7f:record_701,Hours,ED patients,hours,ed patients,true,[],CIHI NACRS / Other
file_161ce5fbf507dd667d6dc24dad51011bd988de49fcb53fc2805a29335914ff7f:record_702,Hours,ED patients,hours,ed patients,true,[],CIHI NACRS / Other
file_161ce5fbf507dd667d6dc24dad51011bd988de49fcb53fc2805a29335914ff7f:record_703,%,Staff,percent,staff,false,"[""incompatible_indicator_unit""]",Local data collection / Other
file_161ce5fbf507dd667d6dc24dad51011bd988de49fcb53fc2805a29335914ff7f:record_704,%,Staff,percent,staff,false,"[""incompatible_indicator_unit""]",Local data collection / Other
file_161ce5fbf507dd667d6dc24dad51011bd988de49fcb53fc2805a29335914ff7f:record_705,%,Staff,percent,staff,true,[],Local data collection / Other
file_161ce5fbf507dd667d6dc24dad51011bd988de49fcb53fc2805a29335914ff7f:record_706,%,Survey respondents,percent,survey respondents,true,[],Local data collection / Other
file_161ce5fbf507dd667d6dc24dad51011bd988de49fcb53fc2805a29335914ff7f:record_707,%,Survey respondents,percent,survey respondents,true,[],Local data collection / Other
file_161ce5fbf507dd667d6dc24dad51011bd988de49fcb53fc2805a29335914ff7f:record_708,%,Survey respondents,percent,survey respondents,true,[],Local data collection / Other
file_161ce5fbf507dd667d6dc24dad51011bd988de49fcb53fc2805a29335914ff7f:record_709,%,Survey respondents,percent,survey respondents,true,[],Local data collection / Other
file_161ce5fbf507dd667d6dc24dad51011bd988de49fcb53fc2805a29335914ff7f:record_710,%,Staff,percent,staff,true,[],Local data collection / Other
file_161ce5fbf507dd667d6dc24dad51011bd988de49fcb53fc2805a29335914ff7f:record_711,%,Staff,percent,staff,true,[],Local data collection / Other
file_161ce5fbf507dd667d6dc24dad51011bd988de49fcb53fc2805a29335914ff7f:record_712,Hours,ED patients,hours,ed patients,true,[],CIHI NACRS / Other
file_161ce5fbf507dd667d6dc24dad51011bd988de49fcb53fc2805a29335914ff7f:record_713,Hours,ED patients,hours,ed patients,true,[],CIHI NACRS / Other
file_161ce5fbf507dd667d6dc24dad51011bd988de49fcb53fc2805a29335914ff7f:record_714,Hours,ED patients,hours,ed patients,true,[],CIHI NACRS / Other
file_161ce5fbf507dd667d6dc24dad51011bd988de49fcb53fc2805a29335914ff7f:record_715,Hours,ED patients,hours,ed patients,true,[],CIHI NACRS / Other
file_161ce5fbf507dd667d6dc24dad51011bd988de49fcb53fc2805a29335914ff7f:record_716,Count,All patients,count,all patients,true,[],EMR/Chart Review / January 2025-December 2025
file_161ce5fbf507dd667d6dc24dad51011bd988de49fcb53fc2805a29335914ff7f:record_717,Count,All patients,count,all patients,true,[],EMR/Chart Review / January 2025-December 2025
file_161ce5fbf507dd667d6dc24dad51011bd988de49fcb53fc2805a29335914ff7f:record_718,Count,All patients,count,all patients,true,[],EMR/Chart Review / January 2025-December 2025
file_161ce5fbf507dd667d6dc24dad51011bd988de49fcb53fc2805a29335914ff7f:record_719,Count,All patients,count,all patients,true,[],EMR/Chart Review / January 2025-December 2025
file_161ce5fbf507dd667d6dc24dad51011bd988de49fcb53fc2805a29335914ff7f:record_720,%,Survey respondents,percent,survey respondents,true,[],Local data collection / Other
file_161ce5fbf507dd667d6dc24dad51011bd988de49fcb53fc2805a29335914ff7f:record_721,%,Survey respondents,percent,survey respondents,true,[],Local data collection / Other
file_161ce5fbf507dd667d6dc24dad51011bd988de49fcb53fc2805a29335914ff7f:record_722,Minutes,Patients,minutes,patients,true,[],CIHI NACRS / Other
file_161ce5fbf507dd667d6dc24dad51011bd988de49fcb53fc2805a29335914ff7f:record_723,Minutes,Patients,minutes,patients,true,[],CIHI NACRS / Other
file_161ce5fbf507dd667d6dc24dad51011bd988de49fcb53fc2805a29335914ff7f:record_724,Hours,ED patients,hours,ed patients,true,[],CIHI NACRS / Other
file_161ce5fbf507dd667d6dc24dad51011bd988de49fcb53fc2805a29335914ff7f:record_725,Hours,ED patients,hours,ed patients,true,[],CIHI NACRS / Other
file_161ce5fbf507dd667d6dc24dad51011bd988de49fcb53fc2805a29335914ff7f:record_726,Number,ED patients,count,ed patients,true,[],CIHI NACRS / Fiscal Year
file_161ce5fbf507dd667d6dc24dad51011bd988de49fcb53fc2805a29335914ff7f:record_727,Number,ED patients,count,ed patients,true,[],CIHI NACRS / Fiscal Year
file_161ce5fbf507dd667d6dc24dad51011bd988de49fcb53fc2805a29335914ff7f:record_728,Number,ED patients,count,ed patients,true,[],CIHI NACRS / Fiscal Year
file_161ce5fbf507dd667d6dc24dad51011bd988de49fcb53fc2805a29335914ff7f:record_729,Number,All inpatients,count,all inpatients,true,[],"Local data collection / April 1, 2025 to March 31, 2026"
file_161ce5fbf507dd667d6dc24dad51011bd988de49fcb53fc2805a29335914ff7f:record_730,Number,All inpatients,count,all inpatients,true,[],"Local data collection / April 1, 2025 to March 31, 2026"
file_161ce5fbf507dd667d6dc24dad51011bd988de49fcb53fc2805a29335914ff7f:record_731,Number,All inpatients,count,all inpatients,true,[],"Local data collection / April 1, 2025 to March 31, 2026"
file_161ce5fbf507dd667d6dc24dad51011bd988de49fcb53fc2805a29335914ff7f:record_732,Number,All inpatients,count,all inpatients,true,[],"Local data collection / April 1, 2025 to March 31, 2026"
file_161ce5fbf507dd667d6dc24dad51011bd988de49fcb53fc2805a29335914ff7f:record_733,%,Other,percent,unknown,false,"[""unknown_unit_or_population""]",Local data collection / 2025-26
file_161ce5fbf507dd667d6dc24dad51011bd988de49fcb53fc2805a29335914ff7f:record_734,%,Other,percent,unknown,false,"[""unknown_unit_or_population""]",Local data collection / 2025-26
file_161ce5fbf507dd667d6dc24dad51011bd988de49fcb53fc2805a29335914ff7f:record_735,Number,Staff,count,staff,true,[],Local data collection / 2025-26
file_161ce5fbf507dd667d6dc24dad51011bd988de49fcb53fc2805a29335914ff7f:record_736,Number,Staff,count,staff,true,[],Local data collection / 2025-26
file_161ce5fbf507dd667d6dc24dad51011bd988de49fcb53fc2805a29335914ff7f:record_737,%,Staff,percent,staff,true,[],"Staff survey / April 1, 2025 to March 31, 2026"
file_161ce5fbf507dd667d6dc24dad51011bd988de49fcb53fc2805a29335914ff7f:record_738,%,Staff,percent,staff,true,[],"Staff survey / April 1, 2025 to March 31, 2026"
file_161ce5fbf507dd667d6dc24dad51011bd988de49fcb53fc2805a29335914ff7f:record_739,%,Staff,percent,staff,true,[],"Staff survey / April 1, 2025 to March 31, 2026"
file_161ce5fbf507dd667d6dc24dad51011bd988de49fcb53fc2805a29335914ff7f:record_740,%,Other,percent,unknown,false,"[""unknown_unit_or_population""]",Local data collection / Apr 1 to Mar 31
file_161ce5fbf507dd667d6dc24dad51011bd988de49fcb53fc2805a29335914ff7f:record_741,%,Other,percent,unknown,false,"[""unknown_unit_or_population""]",Local data collection / Apr 1 to Mar 31
file_161ce5fbf507dd667d6dc24dad51011bd988de49fcb53fc2805a29335914ff7f:record_742,%,Staff,percent,staff,false,"[""incompatible_indicator_unit""]",Local data collection / Other
file_161ce5fbf507dd667d6dc24dad51011bd988de49fcb53fc2805a29335914ff7f:record_743,%,Staff,percent,staff,true,[],Local data collection / Other
file_161ce5fbf507dd667d6dc24dad51011bd988de49fcb53fc2805a29335914ff7f:record_744,Other,Other,unknown,unknown,false,"[""unknown_unit_or_population""]",Other / 12-month period (January - December 2024)
file_161ce5fbf507dd667d6dc24dad51011bd988de49fcb53fc2805a29335914ff7f:record_745,Number,ED patients,count,ed patients,true,[],CIHI NACRS / Fiscal Year
file_161ce5fbf507dd667d6dc24dad51011bd988de49fcb53fc2805a29335914ff7f:record_746,Count,Staff,count,staff,true,[],In house data collection  / 2024
file_161ce5fbf507dd667d6dc24dad51011bd988de49fcb53fc2805a29335914ff7f:record_747,Count,Staff,count,staff,true,[],In house data collection  / 2024
file_161ce5fbf507dd667d6dc24dad51011bd988de49fcb53fc2805a29335914ff7f:record_748,Count,Staff,count,staff,true,[],In house data collection  / 2024
file_161ce5fbf507dd667d6dc24dad51011bd988de49fcb53fc2805a29335914ff7f:record_749,%,Patients,percent,patients,true,[],In-house survey / Apr 2024-Jan 2025
file_161ce5fbf507dd667d6dc24dad51011bd988de49fcb53fc2805a29335914ff7f:record_750,%,Patients,percent,patients,true,[],In-house survey / Apr 2024-Jan 2025
file_161ce5fbf507dd667d6dc24dad51011bd988de49fcb53fc2805a29335914ff7f:record_751,%,Patients,percent,patients,true,[],In-house survey / Apr 2024-Jan 2025
file_161ce5fbf507dd667d6dc24dad51011bd988de49fcb53fc2805a29335914ff7f:record_752,%,Staff,percent,staff,true,[],In house data collection  / NA
file_161ce5fbf507dd667d6dc24dad51011bd988de49fcb53fc2805a29335914ff7f:record_753,%,Staff,percent,staff,true,[],In house data collection  / NA
file_161ce5fbf507dd667d6dc24dad51011bd988de49fcb53fc2805a29335914ff7f:record_754,%,Survey respondents,percent,survey respondents,true,[],Local data collection / Other
file_161ce5fbf507dd667d6dc24dad51011bd988de49fcb53fc2805a29335914ff7f:record_755,Minutes,Patients,minutes,patients,true,[],CIHI NACRS / Other
file_161ce5fbf507dd667d6dc24dad51011bd988de49fcb53fc2805a29335914ff7f:record_756,Hours,ED patients,hours,ed patients,true,[],CIHI NACRS / Other
file_161ce5fbf507dd667d6dc24dad51011bd988de49fcb53fc2805a29335914ff7f:record_757,Hours,ED patients,hours,ed patients,true,[],CIHI NACRS / Other
file_161ce5fbf507dd667d6dc24dad51011bd988de49fcb53fc2805a29335914ff7f:record_758,%,ED patients,percent,ed patients,true,[],CIHI NACRS / Fiscal Year
file_161ce5fbf507dd667d6dc24dad51011bd988de49fcb53fc2805a29335914ff7f:record_759,%,Hospital admitted patients,percent,hospital admitted patients,true,[],CIHI DAD / Quarter
file_161ce5fbf507dd667d6dc24dad51011bd988de49fcb53fc2805a29335914ff7f:record_760,%,Staff,percent,staff,true,[],Local data collection / Other
file_161ce5fbf507dd667d6dc24dad51011bd988de49fcb53fc2805a29335914ff7f:record_761,Other,Other,unknown,unknown,false,"[""unknown_unit_or_population""]",CIHI NACRS / April - March
file_161ce5fbf507dd667d6dc24dad51011bd988de49fcb53fc2805a29335914ff7f:record_762,Hours,ED patients,hours,ed patients,true,[],CIHI NACRS / Other
file_161ce5fbf507dd667d6dc24dad51011bd988de49fcb53fc2805a29335914ff7f:record_763,Hours,ED patients,hours,ed patients,true,[],CIHI NACRS / Other
file_161ce5fbf507dd667d6dc24dad51011bd988de49fcb53fc2805a29335914ff7f:record_764,Hours,ED patients,hours,ed patients,true,[],CIHI NACRS / Other
file_161ce5fbf507dd667d6dc24dad51011bd988de49fcb53fc2805a29335914ff7f:record_765,Number,ED patients,count,ed patients,true,[],CIHI NACRS / Fiscal Year
file_161ce5fbf507dd667d6dc24dad51011bd988de49fcb53fc2805a29335914ff7f:record_766,Hours,ED patients,hours,ed patients,true,[],CIHI NACRS / Other
file_161ce5fbf507dd667d6dc24dad51011bd988de49fcb53fc2805a29335914ff7f:record_767,Other,ED patients,unknown,ed patients,false,"[""unknown_unit_or_population""]",CIHI NACRS / April - March
file_161ce5fbf507dd667d6dc24dad51011bd988de49fcb53fc2805a29335914ff7f:record_768,Hours,All inpatients,hours,all inpatients,true,[],"EMR/Chart Review / April 1, 2025 - March 31, 2026"
file_161ce5fbf507dd667d6dc24dad51011bd988de49fcb53fc2805a29335914ff7f:record_769,Hours,All inpatients,hours,all inpatients,true,[],"EMR/Chart Review / April 1, 2025 - March 31, 2026"
file_161ce5fbf507dd667d6dc24dad51011bd988de49fcb53fc2805a29335914ff7f:record_770,%,Other,percent,unknown,false,"[""unknown_unit_or_population""]","Other / April 1, 2025 - March 31, 2026"
file_161ce5fbf507dd667d6dc24dad51011bd988de49fcb53fc2805a29335914ff7f:record_771,%,Other,percent,unknown,false,"[""unknown_unit_or_population""]","Other / April 1, 2025 - March 31, 2026"
file_161ce5fbf507dd667d6dc24dad51011bd988de49fcb53fc2805a29335914ff7f:record_772,%,Other,percent,unknown,false,"[""unknown_unit_or_population""]","EMR/Chart Review / April 1, 2025 - March 31, 2026"
file_161ce5fbf507dd667d6dc24dad51011bd988de49fcb53fc2805a29335914ff7f:record_773,%,Other,percent,unknown,false,"[""unknown_unit_or_population""]","EMR/Chart Review / April 1, 2025 - March 31, 2026"
file_161ce5fbf507dd667d6dc24dad51011bd988de49fcb53fc2805a29335914ff7f:record_774,%,Other,percent,unknown,false,"[""unknown_unit_or_population""]","EMR/Chart Review / April 1, 2025 - March 31, 2026"
file_161ce5fbf507dd667d6dc24dad51011bd988de49fcb53fc2805a29335914ff7f:record_775,%,Other,percent,unknown,false,"[""unknown_unit_or_population""]","EMR/Chart Review / April 1, 2025 - March 31, 2026"
file_161ce5fbf507dd667d6dc24dad51011bd988de49fcb53fc2805a29335914ff7f:record_776,%,Other,percent,unknown,false,"[""unknown_unit_or_population""]","EMR/Chart Review / April 1, 2025 - March 31, 2026"
file_161ce5fbf507dd667d6dc24dad51011bd988de49fcb53fc2805a29335914ff7f:record_777,%,Other,percent,unknown,false,"[""unknown_unit_or_population""]","EMR/Chart Review / April 1, 2025 - March 31, 2026"
file_161ce5fbf507dd667d6dc24dad51011bd988de49fcb53fc2805a29335914ff7f:record_778,%,Other,percent,unknown,false,"[""unknown_unit_or_population""]","EMR/Chart Review / April 1, 2025 - March 31, 2026"
file_161ce5fbf507dd667d6dc24dad51011bd988de49fcb53fc2805a29335914ff7f:record_779,%,Other,percent,unknown,false,"[""unknown_unit_or_population""]","EMR/Chart Review / April 1, 2025 - March 31, 2026"
file_161ce5fbf507dd667d6dc24dad51011bd988de49fcb53fc2805a29335914ff7f:record_780,%,Other,percent,unknown,false,"[""unknown_unit_or_population""]","EMR/Chart Review / April 1, 2025 - March 31, 2026"
file_161ce5fbf507dd667d6dc24dad51011bd988de49fcb53fc2805a29335914ff7f:record_781,%,Other,percent,unknown,false,"[""unknown_unit_or_population"",""incompatible_indicator_population""]",Other / 2024-2025 Q3
file_161ce5fbf507dd667d6dc24dad51011bd988de49fcb53fc2805a29335914ff7f:record_782,%,Other,percent,unknown,false,"[""unknown_unit_or_population"",""incompatible_indicator_population""]",Other / 2024-2025 Q3
file_161ce5fbf507dd667d6dc24dad51011bd988de49fcb53fc2805a29335914ff7f:record_783,%,Other,percent,unknown,false,"[""unknown_unit_or_population""]",Hospital collected data / 2024-25 Year to Date
file_161ce5fbf507dd667d6dc24dad51011bd988de49fcb53fc2805a29335914ff7f:record_784,%,Other,percent,unknown,false,"[""unknown_unit_or_population""]",Hospital collected data / 2024-25 Year to Date
file_161ce5fbf507dd667d6dc24dad51011bd988de49fcb53fc2805a29335914ff7f:record_785,%,Other,percent,unknown,false,"[""unknown_unit_or_population""]",EMR/Chart Review / 2024-25 Year to Date
file_161ce5fbf507dd667d6dc24dad51011bd988de49fcb53fc2805a29335914ff7f:record_786,%,Other,percent,unknown,false,"[""unknown_unit_or_population""]",EMR/Chart Review / 2024-25 Year to Date
file_161ce5fbf507dd667d6dc24dad51011bd988de49fcb53fc2805a29335914ff7f:record_787,%,Other,percent,unknown,false,"[""unknown_unit_or_population""]",EMR/Chart Review / 2024-25 Year to Date
file_161ce5fbf507dd667d6dc24dad51011bd988de49fcb53fc2805a29335914ff7f:record_788,%,Other,percent,unknown,false,"[""unknown_unit_or_population""]",Other / New indicator - data collection will begin 2025-2026
file_161ce5fbf507dd667d6dc24dad51011bd988de49fcb53fc2805a29335914ff7f:record_789,%,Other,percent,unknown,false,"[""unknown_unit_or_population""]",Other / New indicator - data collection will begin 2025-2026
file_161ce5fbf507dd667d6dc24dad51011bd988de49fcb53fc2805a29335914ff7f:record_790,%,Other,percent,unknown,false,"[""unknown_unit_or_population""]",Other / New indicator - data collection will begin 2025-2026
file_161ce5fbf507dd667d6dc24dad51011bd988de49fcb53fc2805a29335914ff7f:record_791,%,Other,percent,unknown,false,"[""unknown_unit_or_population""]",Other / New indicator - data collection will begin 2025-2026
file_161ce5fbf507dd667d6dc24dad51011bd988de49fcb53fc2805a29335914ff7f:record_792,%,Other,percent,unknown,false,"[""unknown_unit_or_population""]",Other / New indicator - data collection will begin 2025-2026
file_161ce5fbf507dd667d6dc24dad51011bd988de49fcb53fc2805a29335914ff7f:record_793,%,Other,percent,unknown,false,"[""unknown_unit_or_population""]",Other / 2024-25 Q3
file_161ce5fbf507dd667d6dc24dad51011bd988de49fcb53fc2805a29335914ff7f:record_794,%,Other,percent,unknown,false,"[""unknown_unit_or_population""]",Other / 2024-25 Q3
file_161ce5fbf507dd667d6dc24dad51011bd988de49fcb53fc2805a29335914ff7f:record_795,%,Survey respondents,percent,survey respondents,true,[],Local data collection / Other
file_161ce5fbf507dd667d6dc24dad51011bd988de49fcb53fc2805a29335914ff7f:record_796,%,Survey respondents,percent,survey respondents,true,[],Local data collection / Other
file_161ce5fbf507dd667d6dc24dad51011bd988de49fcb53fc2805a29335914ff7f:record_797,%,ED patients,percent,ed patients,true,[],CIHI NACRS / Fiscal Year
file_161ce5fbf507dd667d6dc24dad51011bd988de49fcb53fc2805a29335914ff7f:record_798,%,ED patients,percent,ed patients,true,[],CIHI NACRS / Fiscal Year
file_161ce5fbf507dd667d6dc24dad51011bd988de49fcb53fc2805a29335914ff7f:record_799,%,Hospital admitted patients,percent,hospital admitted patients,true,[],CIHI DAD / Quarter
file_161ce5fbf507dd667d6dc24dad51011bd988de49fcb53fc2805a29335914ff7f:record_800,%,Staff,percent,staff,false,"[""incompatible_indicator_unit""]",Local data collection / Other
file_161ce5fbf507dd667d6dc24dad51011bd988de49fcb53fc2805a29335914ff7f:record_801,%,Staff,percent,staff,false,"[""incompatible_indicator_unit""]",Local data collection / Other
file_161ce5fbf507dd667d6dc24dad51011bd988de49fcb53fc2805a29335914ff7f:record_802,%,Staff,percent,staff,false,"[""incompatible_indicator_unit""]",Local data collection / Other
file_161ce5fbf507dd667d6dc24dad51011bd988de49fcb53fc2805a29335914ff7f:record_803,%,Staff,percent,staff,false,"[""incompatible_indicator_unit""]",Local data collection / Other
file_161ce5fbf507dd667d6dc24dad51011bd988de49fcb53fc2805a29335914ff7f:record_804,%,Staff,percent,staff,false,"[""incompatible_indicator_unit""]",Local data collection / Other
file_161ce5fbf507dd667d6dc24dad51011bd988de49fcb53fc2805a29335914ff7f:record_805,%,Staff,percent,staff,true,[],Local data collection / Other
file_161ce5fbf507dd667d6dc24dad51011bd988de49fcb53fc2805a29335914ff7f:record_806,%,Staff,percent,staff,true,[],Local data collection / Other
file_161ce5fbf507dd667d6dc24dad51011bd988de49fcb53fc2805a29335914ff7f:record_807,Hours,ED patients,hours,ed patients,true,[],CIHI NACRS / Other
file_161ce5fbf507dd667d6dc24dad51011bd988de49fcb53fc2805a29335914ff7f:record_808,Hours,ED patients,hours,ed patients,true,[],CIHI NACRS / Other
file_161ce5fbf507dd667d6dc24dad51011bd988de49fcb53fc2805a29335914ff7f:record_809,Count,All patients,count,all patients,true,[],Hospital collected data / Jan 1 - Dec 31st
file_161ce5fbf507dd667d6dc24dad51011bd988de49fcb53fc2805a29335914ff7f:record_810,%,Survey respondents,percent,survey respondents,true,[],Local data collection / Other
file_161ce5fbf507dd667d6dc24dad51011bd988de49fcb53fc2805a29335914ff7f:record_811,%,Survey respondents,percent,survey respondents,true,[],Local data collection / Other
file_161ce5fbf507dd667d6dc24dad51011bd988de49fcb53fc2805a29335914ff7f:record_812,%,Survey respondents,percent,survey respondents,true,[],Local data collection / Other
file_161ce5fbf507dd667d6dc24dad51011bd988de49fcb53fc2805a29335914ff7f:record_813,%,Hospital admitted patients,percent,hospital admitted patients,true,[],CIHI DAD / Quarter
file_161ce5fbf507dd667d6dc24dad51011bd988de49fcb53fc2805a29335914ff7f:record_814,%,Hospital admitted patients,percent,hospital admitted patients,true,[],CIHI DAD / Quarter
file_161ce5fbf507dd667d6dc24dad51011bd988de49fcb53fc2805a29335914ff7f:record_815,%,Hospital admitted patients,percent,hospital admitted patients,true,[],CIHI DAD / Quarter
file_161ce5fbf507dd667d6dc24dad51011bd988de49fcb53fc2805a29335914ff7f:record_816,%,Hospital admitted patients,percent,hospital admitted patients,true,[],CIHI DAD / Quarter
file_161ce5fbf507dd667d6dc24dad51011bd988de49fcb53fc2805a29335914ff7f:record_817,%,Staff,percent,staff,true,[],Local data collection / Other
file_161ce5fbf507dd667d6dc24dad51011bd988de49fcb53fc2805a29335914ff7f:record_818,%,Staff,percent,staff,true,[],Local data collection / Other
file_161ce5fbf507dd667d6dc24dad51011bd988de49fcb53fc2805a29335914ff7f:record_819,%,Staff,percent,staff,true,[],Local data collection / Other
file_161ce5fbf507dd667d6dc24dad51011bd988de49fcb53fc2805a29335914ff7f:record_820,%,Staff,percent,staff,true,[],Local data collection / Other
file_161ce5fbf507dd667d6dc24dad51011bd988de49fcb53fc2805a29335914ff7f:record_821,Hours,ED patients,hours,ed patients,true,[],CIHI NACRS / Other
file_161ce5fbf507dd667d6dc24dad51011bd988de49fcb53fc2805a29335914ff7f:record_822,Hours,ED patients,hours,ed patients,true,[],CIHI NACRS / Other
file_161ce5fbf507dd667d6dc24dad51011bd988de49fcb53fc2805a29335914ff7f:record_823,Hours,ED patients,hours,ed patients,true,[],CIHI NACRS / Other
file_161ce5fbf507dd667d6dc24dad51011bd988de49fcb53fc2805a29335914ff7f:record_824,Hours,ED patients,hours,ed patients,true,[],CIHI NACRS / Other
file_161ce5fbf507dd667d6dc24dad51011bd988de49fcb53fc2805a29335914ff7f:record_825,%,Discharged patients ,percent,discharged patients,true,[],Local data collection / Other
file_161ce5fbf507dd667d6dc24dad51011bd988de49fcb53fc2805a29335914ff7f:record_826,%,Survey respondents,percent,survey respondents,true,[],Local data collection / Other
file_161ce5fbf507dd667d6dc24dad51011bd988de49fcb53fc2805a29335914ff7f:record_827,Minutes,Patients,minutes,patients,true,[],CIHI NACRS / Other
file_161ce5fbf507dd667d6dc24dad51011bd988de49fcb53fc2805a29335914ff7f:record_828,Hours,ED patients,hours,ed patients,true,[],CIHI NACRS / Other
file_161ce5fbf507dd667d6dc24dad51011bd988de49fcb53fc2805a29335914ff7f:record_829,%,ED patients,percent,ed patients,true,[],CIHI NACRS / Fiscal Year
file_161ce5fbf507dd667d6dc24dad51011bd988de49fcb53fc2805a29335914ff7f:record_830,Minutes,ED patients,minutes,ed patients,true,[],CIHI NACRS / Quarter
file_161ce5fbf507dd667d6dc24dad51011bd988de49fcb53fc2805a29335914ff7f:record_831,Hours,ED patients,hours,ed patients,true,[],CIHI NACRS / Other
file_161ce5fbf507dd667d6dc24dad51011bd988de49fcb53fc2805a29335914ff7f:record_832,Hours,ED patients,hours,ed patients,true,[],CIHI NACRS / Other
file_161ce5fbf507dd667d6dc24dad51011bd988de49fcb53fc2805a29335914ff7f:record_833,Number,ED patients,count,ed patients,true,[],CIHI NACRS / Fiscal Year
file_161ce5fbf507dd667d6dc24dad51011bd988de49fcb53fc2805a29335914ff7f:record_834,Hours,ED patients,hours,ed patients,true,[],CIHI NACRS / Other
file_161ce5fbf507dd667d6dc24dad51011bd988de49fcb53fc2805a29335914ff7f:record_835,%,ED patients,percent,ed patients,true,[],CIHI NACRS / Quarter
file_161ce5fbf507dd667d6dc24dad51011bd988de49fcb53fc2805a29335914ff7f:record_836,%,ED patients,percent,ed patients,true,[],CIHI NACRS / Quarter
file_161ce5fbf507dd667d6dc24dad51011bd988de49fcb53fc2805a29335914ff7f:record_837,%,Hospital admitted patients,percent,hospital admitted patients,true,[],CIHI DAD / Quarter
file_161ce5fbf507dd667d6dc24dad51011bd988de49fcb53fc2805a29335914ff7f:record_838,%,Staff,percent,staff,false,"[""incompatible_indicator_unit""]",Local data collection / Other
file_161ce5fbf507dd667d6dc24dad51011bd988de49fcb53fc2805a29335914ff7f:record_839,%,Staff,percent,staff,true,[],Local data collection / Other
file_161ce5fbf507dd667d6dc24dad51011bd988de49fcb53fc2805a29335914ff7f:record_840,Hours,ED patients,hours,ed patients,true,[],CIHI NACRS / Other
file_161ce5fbf507dd667d6dc24dad51011bd988de49fcb53fc2805a29335914ff7f:record_841,%,Survey respondents,percent,survey respondents,true,[],Local data collection / Other
file_161ce5fbf507dd667d6dc24dad51011bd988de49fcb53fc2805a29335914ff7f:record_842,%,Survey respondents,percent,survey respondents,true,[],Local data collection / Other
file_161ce5fbf507dd667d6dc24dad51011bd988de49fcb53fc2805a29335914ff7f:record_843,Minutes,Patients,minutes,patients,true,[],CIHI NACRS / Other
file_161ce5fbf507dd667d6dc24dad51011bd988de49fcb53fc2805a29335914ff7f:record_844,Minutes,Patients,minutes,patients,true,[],CIHI NACRS / Other
file_161ce5fbf507dd667d6dc24dad51011bd988de49fcb53fc2805a29335914ff7f:record_845,Minutes,Patients,minutes,patients,true,[],CIHI NACRS / Other
file_161ce5fbf507dd667d6dc24dad51011bd988de49fcb53fc2805a29335914ff7f:record_846,Minutes,Patients,minutes,patients,true,[],CIHI NACRS / Other
file_161ce5fbf507dd667d6dc24dad51011bd988de49fcb53fc2805a29335914ff7f:record_847,Hours,ED patients,hours,ed patients,true,[],CIHI NACRS / Other
file_161ce5fbf507dd667d6dc24dad51011bd988de49fcb53fc2805a29335914ff7f:record_848,Hours,ED patients,hours,ed patients,true,[],CIHI NACRS / Other
file_161ce5fbf507dd667d6dc24dad51011bd988de49fcb53fc2805a29335914ff7f:record_849,Hours,ED patients,hours,ed patients,true,[],CIHI NACRS / Other
file_161ce5fbf507dd667d6dc24dad51011bd988de49fcb53fc2805a29335914ff7f:record_850,Hours,ED patients,hours,ed patients,true,[],CIHI NACRS / Other
file_161ce5fbf507dd667d6dc24dad51011bd988de49fcb53fc2805a29335914ff7f:record_851,Hours,ED patients,hours,ed patients,true,[],CIHI NACRS / Other
file_161ce5fbf507dd667d6dc24dad51011bd988de49fcb53fc2805a29335914ff7f:record_852,Hours,ED patients,hours,ed patients,true,[],CIHI NACRS / Other
file_161ce5fbf507dd667d6dc24dad51011bd988de49fcb53fc2805a29335914ff7f:record_853,Hours,ED patients,hours,ed patients,true,[],CIHI NACRS / Other
file_161ce5fbf507dd667d6dc24dad51011bd988de49fcb53fc2805a29335914ff7f:record_854,%,Hospital admitted patients,percent,hospital admitted patients,true,[],CIHI DAD / Quarter
file_161ce5fbf507dd667d6dc24dad51011bd988de49fcb53fc2805a29335914ff7f:record_855,%,Hospital admitted patients,percent,hospital admitted patients,true,[],CIHI DAD / Quarter
file_161ce5fbf507dd667d6dc24dad51011bd988de49fcb53fc2805a29335914ff7f:record_856,%,Hospital admitted patients,percent,hospital admitted patients,true,[],CIHI DAD / Quarter
file_161ce5fbf507dd667d6dc24dad51011bd988de49fcb53fc2805a29335914ff7f:record_857,%,Hospital admitted patients,percent,hospital admitted patients,true,[],CIHI DAD / Quarter
file_161ce5fbf507dd667d6dc24dad51011bd988de49fcb53fc2805a29335914ff7f:record_858,%,Staff,percent,staff,false,"[""incompatible_indicator_unit""]",Local data collection / Other
file_161ce5fbf507dd667d6dc24dad51011bd988de49fcb53fc2805a29335914ff7f:record_859,%,Staff,percent,staff,false,"[""incompatible_indicator_unit""]",Local data collection / Other
file_161ce5fbf507dd667d6dc24dad51011bd988de49fcb53fc2805a29335914ff7f:record_860,%,Staff,percent,staff,false,"[""incompatible_indicator_unit""]",Local data collection / Other
file_161ce5fbf507dd667d6dc24dad51011bd988de49fcb53fc2805a29335914ff7f:record_861,%,Staff,percent,staff,true,[],Local data collection / Other
file_161ce5fbf507dd667d6dc24dad51011bd988de49fcb53fc2805a29335914ff7f:record_862,%,Staff,percent,staff,true,[],Local data collection / Other
file_161ce5fbf507dd667d6dc24dad51011bd988de49fcb53fc2805a29335914ff7f:record_863,%,Staff,percent,staff,true,[],Local data collection / Other
file_161ce5fbf507dd667d6dc24dad51011bd988de49fcb53fc2805a29335914ff7f:record_864,%,Staff,percent,staff,true,[],Local data collection / Other
file_161ce5fbf507dd667d6dc24dad51011bd988de49fcb53fc2805a29335914ff7f:record_865,%,Staff,percent,staff,true,[],Local data collection / Other
file_161ce5fbf507dd667d6dc24dad51011bd988de49fcb53fc2805a29335914ff7f:record_866,%,Staff,percent,staff,true,[],Local data collection / Other
file_161ce5fbf507dd667d6dc24dad51011bd988de49fcb53fc2805a29335914ff7f:record_867,%,Staff,percent,staff,true,[],Local data collection / Other
file_161ce5fbf507dd667d6dc24dad51011bd988de49fcb53fc2805a29335914ff7f:record_868,Hours,ED patients,hours,ed patients,true,[],CIHI NACRS / Other
file_161ce5fbf507dd667d6dc24dad51011bd988de49fcb53fc2805a29335914ff7f:record_869,Hours,ED patients,hours,ed patients,true,[],CIHI NACRS / Other
file_161ce5fbf507dd667d6dc24dad51011bd988de49fcb53fc2805a29335914ff7f:record_870,Hours,ED patients,hours,ed patients,true,[],CIHI NACRS / Other
file_161ce5fbf507dd667d6dc24dad51011bd988de49fcb53fc2805a29335914ff7f:record_871,Hours,ED patients,hours,ed patients,true,[],CIHI NACRS / Other
file_161ce5fbf507dd667d6dc24dad51011bd988de49fcb53fc2805a29335914ff7f:record_872,Hours,ED patients,hours,ed patients,true,[],CIHI NACRS / Other
file_161ce5fbf507dd667d6dc24dad51011bd988de49fcb53fc2805a29335914ff7f:record_873,Number,ED patients,count,ed patients,true,[],CIHI NACRS / Fiscal Year
file_161ce5fbf507dd667d6dc24dad51011bd988de49fcb53fc2805a29335914ff7f:record_874,Number,ED patients,count,ed patients,true,[],CIHI NACRS / Fiscal Year
file_161ce5fbf507dd667d6dc24dad51011bd988de49fcb53fc2805a29335914ff7f:record_875,%,All inpatients,percent,all inpatients,true,[],In-house survey / 2025-26
file_161ce5fbf507dd667d6dc24dad51011bd988de49fcb53fc2805a29335914ff7f:record_876,%,All inpatients,percent,all inpatients,true,[],In-house survey / 2025-26
file_161ce5fbf507dd667d6dc24dad51011bd988de49fcb53fc2805a29335914ff7f:record_877,%,All inpatients,percent,all inpatients,true,[],In-house survey / 2025-26
file_161ce5fbf507dd667d6dc24dad51011bd988de49fcb53fc2805a29335914ff7f:record_878,%,Other,percent,unknown,false,"[""unknown_unit_or_population""]",In house data collection  / 2025-26
file_161ce5fbf507dd667d6dc24dad51011bd988de49fcb53fc2805a29335914ff7f:record_879,%,Other,percent,unknown,false,"[""unknown_unit_or_population""]",In house data collection  / 2025-26
file_161ce5fbf507dd667d6dc24dad51011bd988de49fcb53fc2805a29335914ff7f:record_880,%,Other,percent,unknown,false,"[""unknown_unit_or_population""]",In house data collection  / 2025-26
file_161ce5fbf507dd667d6dc24dad51011bd988de49fcb53fc2805a29335914ff7f:record_881,Number,Other,count,unknown,false,"[""unknown_unit_or_population""]",In house data collection  / 2025-26
file_161ce5fbf507dd667d6dc24dad51011bd988de49fcb53fc2805a29335914ff7f:record_882,Number,Other,count,unknown,false,"[""unknown_unit_or_population""]",In house data collection  / 2025-26
file_161ce5fbf507dd667d6dc24dad51011bd988de49fcb53fc2805a29335914ff7f:record_883,Number,Other,count,unknown,false,"[""unknown_unit_or_population""]",In house data collection  / 2025-26
file_161ce5fbf507dd667d6dc24dad51011bd988de49fcb53fc2805a29335914ff7f:record_884,%,Other,percent,unknown,false,"[""unknown_unit_or_population""]",Other / 2025-26
file_161ce5fbf507dd667d6dc24dad51011bd988de49fcb53fc2805a29335914ff7f:record_885,%,Other,percent,unknown,false,"[""unknown_unit_or_population""]",Other / 2025-26
file_161ce5fbf507dd667d6dc24dad51011bd988de49fcb53fc2805a29335914ff7f:record_886,%,Other,percent,unknown,false,"[""unknown_unit_or_population""]",Other / 2025-26
file_161ce5fbf507dd667d6dc24dad51011bd988de49fcb53fc2805a29335914ff7f:record_887,Rate,Other,unknown,unknown,false,"[""unknown_unit_or_population""]",Other / Fiscal Year 2025-26
file_161ce5fbf507dd667d6dc24dad51011bd988de49fcb53fc2805a29335914ff7f:record_888,Rate,Other,unknown,unknown,false,"[""unknown_unit_or_population""]",Other / Fiscal Year 2025-26
file_161ce5fbf507dd667d6dc24dad51011bd988de49fcb53fc2805a29335914ff7f:record_889,Rate,Other,unknown,unknown,false,"[""unknown_unit_or_population""]",Other / Fiscal Year 2025-26
file_161ce5fbf507dd667d6dc24dad51011bd988de49fcb53fc2805a29335914ff7f:record_890,Days,Other,days,unknown,false,"[""unknown_unit_or_population""]",Local data collection / January to December 2025
file_161ce5fbf507dd667d6dc24dad51011bd988de49fcb53fc2805a29335914ff7f:record_891,Days,Other,days,unknown,false,"[""unknown_unit_or_population""]",Local data collection / January to December 2025
file_161ce5fbf507dd667d6dc24dad51011bd988de49fcb53fc2805a29335914ff7f:record_892,Days,Other,days,unknown,false,"[""unknown_unit_or_population""]",Local data collection / January to December 2025
file_161ce5fbf507dd667d6dc24dad51011bd988de49fcb53fc2805a29335914ff7f:record_893,Other,Worker,unknown,worker,false,"[""unknown_unit_or_population""]",Local data collection / January to December 2025
file_161ce5fbf507dd667d6dc24dad51011bd988de49fcb53fc2805a29335914ff7f:record_894,Other,Worker,unknown,worker,false,"[""unknown_unit_or_population""]",Local data collection / January to December 2025
file_161ce5fbf507dd667d6dc24dad51011bd988de49fcb53fc2805a29335914ff7f:record_895,Other,Worker,unknown,worker,false,"[""unknown_unit_or_population""]",Local data collection / January to December 2025
file_161ce5fbf507dd667d6dc24dad51011bd988de49fcb53fc2805a29335914ff7f:record_896,Other,Worker,unknown,worker,false,"[""unknown_unit_or_population""]",Local data collection / January to December 2025
file_161ce5fbf507dd667d6dc24dad51011bd988de49fcb53fc2805a29335914ff7f:record_897,Other,Worker,unknown,worker,false,"[""unknown_unit_or_population""]",Local data collection / January to December 2025
file_161ce5fbf507dd667d6dc24dad51011bd988de49fcb53fc2805a29335914ff7f:record_898,%,All inpatients,percent,all inpatients,true,[],Local data collection / January to December 2025
file_161ce5fbf507dd667d6dc24dad51011bd988de49fcb53fc2805a29335914ff7f:record_899,%,All inpatients,percent,all inpatients,true,[],Local data collection / January to December 2025
file_161ce5fbf507dd667d6dc24dad51011bd988de49fcb53fc2805a29335914ff7f:record_900,%,All inpatients,percent,all inpatients,true,[],Local data collection / January to December 2025
file_161ce5fbf507dd667d6dc24dad51011bd988de49fcb53fc2805a29335914ff7f:record_901,%,All inpatients,percent,all inpatients,true,[],Local data collection / January to December 2025
file_161ce5fbf507dd667d6dc24dad51011bd988de49fcb53fc2805a29335914ff7f:record_902,%,All inpatients,percent,all inpatients,true,[],Local data collection / January to December 2025
file_161ce5fbf507dd667d6dc24dad51011bd988de49fcb53fc2805a29335914ff7f:record_903,%,All inpatients,percent,all inpatients,true,[],Local data collection / January to December 2025
file_161ce5fbf507dd667d6dc24dad51011bd988de49fcb53fc2805a29335914ff7f:record_904,%,All inpatients,percent,all inpatients,true,[],Local data collection / January to December 2025
file_161ce5fbf507dd667d6dc24dad51011bd988de49fcb53fc2805a29335914ff7f:record_905,Other,All inpatients,unknown,all inpatients,false,"[""unknown_unit_or_population""]",Local data collection / January to December 2025
file_161ce5fbf507dd667d6dc24dad51011bd988de49fcb53fc2805a29335914ff7f:record_906,Rate,All inpatients,unknown,all inpatients,false,"[""unknown_unit_or_population""]",Local data collection / January to December 2025
file_161ce5fbf507dd667d6dc24dad51011bd988de49fcb53fc2805a29335914ff7f:record_907,Number,Other,count,unknown,false,"[""unknown_unit_or_population""]",Local data collection / January to December 2025
file_161ce5fbf507dd667d6dc24dad51011bd988de49fcb53fc2805a29335914ff7f:record_908,Count,All patients,count,all patients,true,[],Hospital collected data / Jan-Dec
file_161ce5fbf507dd667d6dc24dad51011bd988de49fcb53fc2805a29335914ff7f:record_909,Count,All patients,count,all patients,true,[],Hospital collected data / Jan-Dec
file_161ce5fbf507dd667d6dc24dad51011bd988de49fcb53fc2805a29335914ff7f:record_910,Days,All patients,days,all patients,true,[],In house data collection  / Jan - Dec
file_161ce5fbf507dd667d6dc24dad51011bd988de49fcb53fc2805a29335914ff7f:record_911,Days,All patients,days,all patients,true,[],In house data collection  / Jan - Dec
file_161ce5fbf507dd667d6dc24dad51011bd988de49fcb53fc2805a29335914ff7f:record_912,%,All patients,percent,all patients,true,[],Hospital collected data / Jan-Dec
file_161ce5fbf507dd667d6dc24dad51011bd988de49fcb53fc2805a29335914ff7f:record_913,%,All patients,percent,all patients,true,[],Hospital collected data / Jan-Dec
file_161ce5fbf507dd667d6dc24dad51011bd988de49fcb53fc2805a29335914ff7f:record_914,%,Staff,percent,staff,true,[],Hospital collected data / Jan-Dec
file_161ce5fbf507dd667d6dc24dad51011bd988de49fcb53fc2805a29335914ff7f:record_915,"Rate per 1,000 patient days",All inpatients,rate_per_1000_patient_days,all inpatients,true,[],Hospital collected data / Jan-Dec
file_161ce5fbf507dd667d6dc24dad51011bd988de49fcb53fc2805a29335914ff7f:record_916,"Rate per 1,000 patient days",All inpatients,rate_per_1000_patient_days,all inpatients,true,[],Hospital collected data / Jan-Dec
file_161ce5fbf507dd667d6dc24dad51011bd988de49fcb53fc2805a29335914ff7f:record_917,%,All inpatients,percent,all inpatients,true,[],Hospital collected data / Jan-Dec
file_161ce5fbf507dd667d6dc24dad51011bd988de49fcb53fc2805a29335914ff7f:record_918,%,Staff,percent,staff,true,[],Local data collection / Other
file_161ce5fbf507dd667d6dc24dad51011bd988de49fcb53fc2805a29335914ff7f:record_919,%,Staff,percent,staff,true,[],Local data collection / Other
file_161ce5fbf507dd667d6dc24dad51011bd988de49fcb53fc2805a29335914ff7f:record_920,Other,ED patients,unknown,ed patients,false,"[""unknown_unit_or_population""]",In house data collection  / 2025
file_161ce5fbf507dd667d6dc24dad51011bd988de49fcb53fc2805a29335914ff7f:record_921,Other,ED patients,unknown,ed patients,false,"[""unknown_unit_or_population""]",In house data collection  / 2025
file_161ce5fbf507dd667d6dc24dad51011bd988de49fcb53fc2805a29335914ff7f:record_922,Other,ED patients,unknown,ed patients,false,"[""unknown_unit_or_population""]",In house data collection  / 2025
file_161ce5fbf507dd667d6dc24dad51011bd988de49fcb53fc2805a29335914ff7f:record_923,%,Survey respondents,percent,survey respondents,true,[],In house data collection  / 2025
file_161ce5fbf507dd667d6dc24dad51011bd988de49fcb53fc2805a29335914ff7f:record_924,%,Survey respondents,percent,survey respondents,true,[],In house data collection  / 2025
file_161ce5fbf507dd667d6dc24dad51011bd988de49fcb53fc2805a29335914ff7f:record_925,Count,Staff,count,staff,true,[],In house data collection  / 2025
file_161ce5fbf507dd667d6dc24dad51011bd988de49fcb53fc2805a29335914ff7f:record_926,Count,Staff,count,staff,true,[],In house data collection  / 2025
file_161ce5fbf507dd667d6dc24dad51011bd988de49fcb53fc2805a29335914ff7f:record_927,Other,Patients,unknown,patients,false,"[""unknown_unit_or_population""]",In house data collection  / 2025
file_161ce5fbf507dd667d6dc24dad51011bd988de49fcb53fc2805a29335914ff7f:record_928,Other,Patients,unknown,patients,false,"[""unknown_unit_or_population""]",In house data collection  / 2025
file_161ce5fbf507dd667d6dc24dad51011bd988de49fcb53fc2805a29335914ff7f:record_929,Other,Patients,unknown,patients,false,"[""unknown_unit_or_population""]",In house data collection  / 2025
file_161ce5fbf507dd667d6dc24dad51011bd988de49fcb53fc2805a29335914ff7f:record_930,Number,Patients,count,patients,true,[],In house data collection  / 2025
file_161ce5fbf507dd667d6dc24dad51011bd988de49fcb53fc2805a29335914ff7f:record_931,Number,Patients,count,patients,true,[],In house data collection  / 2025
file_161ce5fbf507dd667d6dc24dad51011bd988de49fcb53fc2805a29335914ff7f:record_932,Number,Patients,count,patients,true,[],In house data collection  / 2025
file_161ce5fbf507dd667d6dc24dad51011bd988de49fcb53fc2805a29335914ff7f:record_933,%,Discharged patients ,percent,discharged patients,true,[],Local data collection / Other
file_161ce5fbf507dd667d6dc24dad51011bd988de49fcb53fc2805a29335914ff7f:record_934,%,Survey respondents,percent,survey respondents,true,[],Local data collection / Other
file_161ce5fbf507dd667d6dc24dad51011bd988de49fcb53fc2805a29335914ff7f:record_935,Hours,ED patients,hours,ed patients,true,[],CIHI NACRS / Other
file_161ce5fbf507dd667d6dc24dad51011bd988de49fcb53fc2805a29335914ff7f:record_936,%,ED patients,percent,ed patients,true,[],CIHI NACRS / Fiscal Year
file_161ce5fbf507dd667d6dc24dad51011bd988de49fcb53fc2805a29335914ff7f:record_937,%,Staff,percent,staff,false,"[""incompatible_indicator_unit""]",Local data collection / Other
file_161ce5fbf507dd667d6dc24dad51011bd988de49fcb53fc2805a29335914ff7f:record_938,%,Staff,percent,staff,true,[],Local data collection / Other
file_161ce5fbf507dd667d6dc24dad51011bd988de49fcb53fc2805a29335914ff7f:record_939,Hours,ED patients,hours,ed patients,true,[],CIHI NACRS / Other
file_161ce5fbf507dd667d6dc24dad51011bd988de49fcb53fc2805a29335914ff7f:record_940,Number,ED patients,count,ed patients,true,[],CIHI NACRS / Fiscal Year
file_161ce5fbf507dd667d6dc24dad51011bd988de49fcb53fc2805a29335914ff7f:record_941,%,Staff,percent,staff,false,"[""incompatible_indicator_unit""]",Local data collection / Other
file_161ce5fbf507dd667d6dc24dad51011bd988de49fcb53fc2805a29335914ff7f:record_942,%,Staff,percent,staff,false,"[""incompatible_indicator_unit""]",Local data collection / Other
file_161ce5fbf507dd667d6dc24dad51011bd988de49fcb53fc2805a29335914ff7f:record_943,%,All inpatients,percent,all inpatients,true,[],In house data collection  / Monthly
file_161ce5fbf507dd667d6dc24dad51011bd988de49fcb53fc2805a29335914ff7f:record_944,%,All inpatients,percent,all inpatients,true,[],In house data collection  / Monthly
file_161ce5fbf507dd667d6dc24dad51011bd988de49fcb53fc2805a29335914ff7f:record_945,%,All inpatients,percent,all inpatients,true,[],In house data collection  / Monthly
file_161ce5fbf507dd667d6dc24dad51011bd988de49fcb53fc2805a29335914ff7f:record_946,%,Other,percent,unknown,false,"[""unknown_unit_or_population""]",In house data collection  / Monthly
file_161ce5fbf507dd667d6dc24dad51011bd988de49fcb53fc2805a29335914ff7f:record_947,%,Other,percent,unknown,false,"[""unknown_unit_or_population""]",In house data collection  / Monthly
file_161ce5fbf507dd667d6dc24dad51011bd988de49fcb53fc2805a29335914ff7f:record_948,%,Other,percent,unknown,false,"[""unknown_unit_or_population""]",In house data collection  / Monthly
file_161ce5fbf507dd667d6dc24dad51011bd988de49fcb53fc2805a29335914ff7f:record_949,%,Staff,percent,staff,true,[],In house data collection  / Quaterly
file_161ce5fbf507dd667d6dc24dad51011bd988de49fcb53fc2805a29335914ff7f:record_950,%,All inpatients,percent,all inpatients,true,[],In house data collection  / Monthly
file_161ce5fbf507dd667d6dc24dad51011bd988de49fcb53fc2805a29335914ff7f:record_951,%,All inpatients,percent,all inpatients,true,[],In house data collection  / Monthly
file_161ce5fbf507dd667d6dc24dad51011bd988de49fcb53fc2805a29335914ff7f:record_952,%,All inpatients,percent,all inpatients,true,[],Local data collection / Quarterly
file_161ce5fbf507dd667d6dc24dad51011bd988de49fcb53fc2805a29335914ff7f:record_953,%,Survey respondents,percent,survey respondents,true,[],Local data collection / Other
file_161ce5fbf507dd667d6dc24dad51011bd988de49fcb53fc2805a29335914ff7f:record_954,%,Survey respondents,percent,survey respondents,true,[],Local data collection / Other
file_161ce5fbf507dd667d6dc24dad51011bd988de49fcb53fc2805a29335914ff7f:record_955,%,Survey respondents,percent,survey respondents,true,[],Local data collection / Other
file_161ce5fbf507dd667d6dc24dad51011bd988de49fcb53fc2805a29335914ff7f:record_956,%,Hospital admitted patients,percent,hospital admitted patients,true,[],CIHI DAD / Quarter
file_161ce5fbf507dd667d6dc24dad51011bd988de49fcb53fc2805a29335914ff7f:record_957,%,Hospital admitted patients,percent,hospital admitted patients,true,[],CIHI DAD / Quarter
file_161ce5fbf507dd667d6dc24dad51011bd988de49fcb53fc2805a29335914ff7f:record_958,%,Hospital admitted patients,percent,hospital admitted patients,true,[],CIHI DAD / Quarter
file_161ce5fbf507dd667d6dc24dad51011bd988de49fcb53fc2805a29335914ff7f:record_959,%,Hospital admitted patients,percent,hospital admitted patients,true,[],CIHI DAD / Quarter
file_161ce5fbf507dd667d6dc24dad51011bd988de49fcb53fc2805a29335914ff7f:record_960,%,Staff,percent,staff,true,[],Local data collection / Other
file_161ce5fbf507dd667d6dc24dad51011bd988de49fcb53fc2805a29335914ff7f:record_961,%,Staff,percent,staff,true,[],Local data collection / Other
file_161ce5fbf507dd667d6dc24dad51011bd988de49fcb53fc2805a29335914ff7f:record_962,%,Staff,percent,staff,true,[],Local data collection / Other
file_161ce5fbf507dd667d6dc24dad51011bd988de49fcb53fc2805a29335914ff7f:record_963,%,Staff,percent,staff,true,[],Local data collection / Other
file_161ce5fbf507dd667d6dc24dad51011bd988de49fcb53fc2805a29335914ff7f:record_964,Hours,ED patients,hours,ed patients,true,[],CIHI NACRS / Other
file_161ce5fbf507dd667d6dc24dad51011bd988de49fcb53fc2805a29335914ff7f:record_965,Hours,ED patients,hours,ed patients,true,[],CIHI NACRS / Other
file_161ce5fbf507dd667d6dc24dad51011bd988de49fcb53fc2805a29335914ff7f:record_966,Hours,ED patients,hours,ed patients,true,[],CIHI NACRS / Other
file_161ce5fbf507dd667d6dc24dad51011bd988de49fcb53fc2805a29335914ff7f:record_967,Hours,ED patients,hours,ed patients,true,[],CIHI NACRS / Other
file_161ce5fbf507dd667d6dc24dad51011bd988de49fcb53fc2805a29335914ff7f:record_968,Minutes,Patients,minutes,patients,true,[],CIHI NACRS / Other
file_161ce5fbf507dd667d6dc24dad51011bd988de49fcb53fc2805a29335914ff7f:record_969,%,Staff,percent,staff,true,[],Local data collection / Other
file_161ce5fbf507dd667d6dc24dad51011bd988de49fcb53fc2805a29335914ff7f:record_970,Hours,ED patients,hours,ed patients,true,[],CIHI NACRS / Other
file_161ce5fbf507dd667d6dc24dad51011bd988de49fcb53fc2805a29335914ff7f:record_971,%,ED patients,percent,ed patients,true,[],"Local data collection / Jan 1, 2025-Dec 31, 2025"
file_161ce5fbf507dd667d6dc24dad51011bd988de49fcb53fc2805a29335914ff7f:record_972,%,ED patients,percent,ed patients,true,[],"Local data collection / Jan 1, 2025-Dec 31, 2025"
file_161ce5fbf507dd667d6dc24dad51011bd988de49fcb53fc2805a29335914ff7f:record_973,%,Discharged patients ,percent,discharged patients,true,[],"Local data collection / Jan 1, 2025-Dec 31, 2025"
file_161ce5fbf507dd667d6dc24dad51011bd988de49fcb53fc2805a29335914ff7f:record_974,%,Discharged patients ,percent,discharged patients,true,[],"Local data collection / Jan 1, 2025-Dec 31, 2025"
file_161ce5fbf507dd667d6dc24dad51011bd988de49fcb53fc2805a29335914ff7f:record_975,%,Discharged patients ,percent,discharged patients,true,[],Hospital collected data / 3rd Quarter (FY 25/26)
file_161ce5fbf507dd667d6dc24dad51011bd988de49fcb53fc2805a29335914ff7f:record_976,%,ED patients,percent,ed patients,true,[],Hospital collected data / 3rd Quarter (FY 25/26)
file_161ce5fbf507dd667d6dc24dad51011bd988de49fcb53fc2805a29335914ff7f:record_977,%,Staff,percent,staff,true,[],Local data collection / January 1 to December 31 2025
file_161ce5fbf507dd667d6dc24dad51011bd988de49fcb53fc2805a29335914ff7f:record_978,%,Staff,percent,staff,true,[],Local data collection / January 1 to December 31 2025
file_161ce5fbf507dd667d6dc24dad51011bd988de49fcb53fc2805a29335914ff7f:record_979,%,Staff,percent,staff,true,[],Local data collection / January 1 to December 31 2025
file_161ce5fbf507dd667d6dc24dad51011bd988de49fcb53fc2805a29335914ff7f:record_980,%,Staff,percent,staff,true,[],Local data collection / January 1 to December 31 2025
file_161ce5fbf507dd667d6dc24dad51011bd988de49fcb53fc2805a29335914ff7f:record_981,%,Staff,percent,staff,true,[],Local data collection / January 1 to December 31 2025
file_161ce5fbf507dd667d6dc24dad51011bd988de49fcb53fc2805a29335914ff7f:record_982,%,Staff,percent,staff,true,[],Local data collection / January 1 to December 31 2025
file_161ce5fbf507dd667d6dc24dad51011bd988de49fcb53fc2805a29335914ff7f:record_983,%,Staff,percent,staff,true,[],Local data collection / January 1 to December 31 2025
file_161ce5fbf507dd667d6dc24dad51011bd988de49fcb53fc2805a29335914ff7f:record_984,%,Other,percent,unknown,false,"[""unknown_unit_or_population""]","Local data collection / Q4,Q1,Q2"
file_161ce5fbf507dd667d6dc24dad51011bd988de49fcb53fc2805a29335914ff7f:record_985,Minutes,Patients,minutes,patients,true,[],CIHI NACRS / January 1 to December 31 2025
file_161ce5fbf507dd667d6dc24dad51011bd988de49fcb53fc2805a29335914ff7f:record_986,Minutes,Patients,minutes,patients,true,[],CIHI NACRS / January 1 to December 31 2025
file_161ce5fbf507dd667d6dc24dad51011bd988de49fcb53fc2805a29335914ff7f:record_987,Minutes,Patients,minutes,patients,true,[],CIHI NACRS / January 1 to December 31 2025
file_161ce5fbf507dd667d6dc24dad51011bd988de49fcb53fc2805a29335914ff7f:record_988,%,Staff,percent,staff,false,"[""incompatible_indicator_unit""]",Local data collection / Other
file_161ce5fbf507dd667d6dc24dad51011bd988de49fcb53fc2805a29335914ff7f:record_989,%,Staff,percent,staff,false,"[""incompatible_indicator_unit""]",Local data collection / Other
file_161ce5fbf507dd667d6dc24dad51011bd988de49fcb53fc2805a29335914ff7f:record_990,%,Staff,percent,staff,false,"[""incompatible_indicator_unit""]",Local data collection / Other
file_161ce5fbf507dd667d6dc24dad51011bd988de49fcb53fc2805a29335914ff7f:record_991,%,Staff,percent,staff,false,"[""incompatible_indicator_unit""]",Local data collection / Other
file_161ce5fbf507dd667d6dc24dad51011bd988de49fcb53fc2805a29335914ff7f:record_992,%,Staff,percent,staff,false,"[""incompatible_indicator_unit""]",Local data collection / Other
file_161ce5fbf507dd667d6dc24dad51011bd988de49fcb53fc2805a29335914ff7f:record_993,%,Staff,percent,staff,false,"[""incompatible_indicator_unit""]",Local data collection / Other
file_161ce5fbf507dd667d6dc24dad51011bd988de49fcb53fc2805a29335914ff7f:record_994,90th percentile,Hospital admitted patients,unknown,hospital admitted patients,false,"[""unknown_unit_or_population""]",CIHI NACRS / January 1 to December 31 2025
file_161ce5fbf507dd667d6dc24dad51011bd988de49fcb53fc2805a29335914ff7f:record_995,90th percentile,Hospital admitted patients,unknown,hospital admitted patients,false,"[""unknown_unit_or_population""]",CIHI NACRS / January 1 to December 31 2025
file_161ce5fbf507dd667d6dc24dad51011bd988de49fcb53fc2805a29335914ff7f:record_996,%,Patients,percent,patients,true,[],Local data collection / Most recent consecutive 12 month period
file_161ce5fbf507dd667d6dc24dad51011bd988de49fcb53fc2805a29335914ff7f:record_997,%,Patients,percent,patients,true,[],Local data collection / Most recent consecutive 12 month period
file_161ce5fbf507dd667d6dc24dad51011bd988de49fcb53fc2805a29335914ff7f:record_998,%,Patients,percent,patients,true,[],Local data collection / Most recent consecutive 12 month period
file_161ce5fbf507dd667d6dc24dad51011bd988de49fcb53fc2805a29335914ff7f:record_999,%,Patients,percent,patients,true,[],Local data collection / Most recent consecutive 12 month period
file_161ce5fbf507dd667d6dc24dad51011bd988de49fcb53fc2805a29335914ff7f:record_1000,%,Patients,percent,patients,true,[],Local data collection / Most recent consecutive 12 month period
file_161ce5fbf507dd667d6dc24dad51011bd988de49fcb53fc2805a29335914ff7f:record_1001,%,Patients,percent,patients,true,[],Local data collection / Most recent consecutive 12 month period
file_161ce5fbf507dd667d6dc24dad51011bd988de49fcb53fc2805a29335914ff7f:record_1002,%,Patients,percent,patients,true,[],Local data collection / Most recent consecutive 12 month period
file_161ce5fbf507dd667d6dc24dad51011bd988de49fcb53fc2805a29335914ff7f:record_1003,%,Patients,percent,patients,true,[],Local data collection / Most recent consecutive 12 month period
file_161ce5fbf507dd667d6dc24dad51011bd988de49fcb53fc2805a29335914ff7f:record_1004,%,Patients,percent,patients,true,[],Local data collection / Most recent consecutive 12 month period
file_161ce5fbf507dd667d6dc24dad51011bd988de49fcb53fc2805a29335914ff7f:record_1005,%,Hospital admitted patients,percent,hospital admitted patients,true,[],CIHI DAD / Quarter
file_161ce5fbf507dd667d6dc24dad51011bd988de49fcb53fc2805a29335914ff7f:record_1006,%,Hospital admitted patients,percent,hospital admitted patients,true,[],CIHI DAD / Quarter
file_161ce5fbf507dd667d6dc24dad51011bd988de49fcb53fc2805a29335914ff7f:record_1007,%,Hospital admitted patients,percent,hospital admitted patients,true,[],CIHI DAD / Quarter
file_161ce5fbf507dd667d6dc24dad51011bd988de49fcb53fc2805a29335914ff7f:record_1008,%,Hospital admitted patients,percent,hospital admitted patients,true,[],CIHI DAD / Quarter
file_161ce5fbf507dd667d6dc24dad51011bd988de49fcb53fc2805a29335914ff7f:record_1009,%,Hospital admitted patients,percent,hospital admitted patients,true,[],CIHI DAD / Quarter
file_161ce5fbf507dd667d6dc24dad51011bd988de49fcb53fc2805a29335914ff7f:record_1010,%,Hospital admitted patients,percent,hospital admitted patients,true,[],CIHI DAD / Quarter
file_161ce5fbf507dd667d6dc24dad51011bd988de49fcb53fc2805a29335914ff7f:record_1011,%,Hospital admitted patients,percent,hospital admitted patients,true,[],CIHI DAD / Quarter
file_161ce5fbf507dd667d6dc24dad51011bd988de49fcb53fc2805a29335914ff7f:record_1012,Hours,ED patients,hours,ed patients,true,[],CIHI NACRS / Other
file_161ce5fbf507dd667d6dc24dad51011bd988de49fcb53fc2805a29335914ff7f:record_1013,Hours,ED patients,hours,ed patients,true,[],CIHI NACRS / Other
file_161ce5fbf507dd667d6dc24dad51011bd988de49fcb53fc2805a29335914ff7f:record_1014,Hours,ED patients,hours,ed patients,true,[],CIHI NACRS / Other
file_161ce5fbf507dd667d6dc24dad51011bd988de49fcb53fc2805a29335914ff7f:record_1015,%,Other,percent,unknown,false,"[""unknown_unit_or_population""]",In house data collection  / July 2025-March 2026
file_161ce5fbf507dd667d6dc24dad51011bd988de49fcb53fc2805a29335914ff7f:record_1016,%,Survey respondents,percent,survey respondents,true,[],Other / April 2025-March 2026
file_161ce5fbf507dd667d6dc24dad51011bd988de49fcb53fc2805a29335914ff7f:record_1017,%,Survey respondents,percent,survey respondents,true,[],Other / April 2025-March 2026
file_161ce5fbf507dd667d6dc24dad51011bd988de49fcb53fc2805a29335914ff7f:record_1018,%,Survey respondents,percent,survey respondents,true,[],Other / April 2025-March 2026
file_161ce5fbf507dd667d6dc24dad51011bd988de49fcb53fc2805a29335914ff7f:record_1019,Hours,ED patients,hours,ed patients,true,[],CIHI NACRS / Other
file_161ce5fbf507dd667d6dc24dad51011bd988de49fcb53fc2805a29335914ff7f:record_1020,Hours,ED patients,hours,ed patients,true,[],CIHI NACRS / Other
file_161ce5fbf507dd667d6dc24dad51011bd988de49fcb53fc2805a29335914ff7f:record_1021,Hours,ED patients,hours,ed patients,true,[],CIHI NACRS / Other
file_161ce5fbf507dd667d6dc24dad51011bd988de49fcb53fc2805a29335914ff7f:record_1022,%,Staff,percent,staff,true,[],Local data collection / Q1 to Q3 FY 24/25
file_161ce5fbf507dd667d6dc24dad51011bd988de49fcb53fc2805a29335914ff7f:record_1023,%,Staff,percent,staff,true,[],Local data collection / Q1 to Q3 FY 24/25
file_161ce5fbf507dd667d6dc24dad51011bd988de49fcb53fc2805a29335914ff7f:record_1024,%,ED patients,percent,ed patients,true,[],In house data collection  / FY 2025/2026
file_161ce5fbf507dd667d6dc24dad51011bd988de49fcb53fc2805a29335914ff7f:record_1025,Rate,All surgical procedures,unknown,all surgical procedures,false,"[""unknown_unit_or_population""]","Other / Apr 1 - Oct 31, 2024"
file_161ce5fbf507dd667d6dc24dad51011bd988de49fcb53fc2805a29335914ff7f:record_1026,Rate,All surgical procedures,unknown,all surgical procedures,false,"[""unknown_unit_or_population""]","Other / Apr 1 - Oct 31, 2024"
file_161ce5fbf507dd667d6dc24dad51011bd988de49fcb53fc2805a29335914ff7f:record_1027,%,All inpatients,percent,all inpatients,true,[],Local data collection / Fiscal Year 2025/2026
file_161ce5fbf507dd667d6dc24dad51011bd988de49fcb53fc2805a29335914ff7f:record_1028,%,All inpatients,percent,all inpatients,true,[],Local data collection / Fiscal Year 2025/2026
file_161ce5fbf507dd667d6dc24dad51011bd988de49fcb53fc2805a29335914ff7f:record_1029,%,ED patients,percent,ed patients,true,[],Local data collection / Fiscal Year 2025/2026
file_161ce5fbf507dd667d6dc24dad51011bd988de49fcb53fc2805a29335914ff7f:record_1030,%,ED patients,percent,ed patients,true,[],Local data collection / Fiscal Year 2025/2026
file_161ce5fbf507dd667d6dc24dad51011bd988de49fcb53fc2805a29335914ff7f:record_1031,%,Survey respondents,percent,survey respondents,true,[],Local data collection / Other
file_161ce5fbf507dd667d6dc24dad51011bd988de49fcb53fc2805a29335914ff7f:record_1032,Minutes,Patients,minutes,patients,true,[],CIHI NACRS / Other
file_161ce5fbf507dd667d6dc24dad51011bd988de49fcb53fc2805a29335914ff7f:record_1033,Minutes,Patients,minutes,patients,true,[],CIHI NACRS / Other
file_161ce5fbf507dd667d6dc24dad51011bd988de49fcb53fc2805a29335914ff7f:record_1034,Minutes,Patients,minutes,patients,true,[],CIHI NACRS / Other
file_161ce5fbf507dd667d6dc24dad51011bd988de49fcb53fc2805a29335914ff7f:record_1035,%,Hospital admitted patients,percent,hospital admitted patients,true,[],CIHI DAD / Quarter
file_161ce5fbf507dd667d6dc24dad51011bd988de49fcb53fc2805a29335914ff7f:record_1036,%,Staff,percent,staff,true,[],Local data collection / Other
file_161ce5fbf507dd667d6dc24dad51011bd988de49fcb53fc2805a29335914ff7f:record_1037,Hours,ED patients,hours,ed patients,true,[],CIHI NACRS / Other
file_161ce5fbf507dd667d6dc24dad51011bd988de49fcb53fc2805a29335914ff7f:record_1038,Hours,ED patients,hours,ed patients,true,[],CIHI NACRS / Other
file_161ce5fbf507dd667d6dc24dad51011bd988de49fcb53fc2805a29335914ff7f:record_1039,Number,ED patients,count,ed patients,true,[],CIHI NACRS / Fiscal Year
file_161ce5fbf507dd667d6dc24dad51011bd988de49fcb53fc2805a29335914ff7f:record_1040,Number,ED patients,count,ed patients,true,[],CIHI NACRS / Fiscal Year
file_161ce5fbf507dd667d6dc24dad51011bd988de49fcb53fc2805a29335914ff7f:record_1041,Number,ED patients,count,ed patients,true,[],CIHI NACRS / Fiscal Year
file_161ce5fbf507dd667d6dc24dad51011bd988de49fcb53fc2805a29335914ff7f:record_1042,Number,ED patients,count,ed patients,true,[],CIHI NACRS / Fiscal Year
file_161ce5fbf507dd667d6dc24dad51011bd988de49fcb53fc2805a29335914ff7f:record_1043,%,Discharged patients ,percent,discharged patients,true,[],Local data collection / Other
file_161ce5fbf507dd667d6dc24dad51011bd988de49fcb53fc2805a29335914ff7f:record_1044,%,Survey respondents,percent,survey respondents,true,[],Local data collection / Other
file_161ce5fbf507dd667d6dc24dad51011bd988de49fcb53fc2805a29335914ff7f:record_1045,%,Staff,percent,staff,false,"[""incompatible_indicator_unit""]",Local data collection / Other
file_161ce5fbf507dd667d6dc24dad51011bd988de49fcb53fc2805a29335914ff7f:record_1046,%,Staff,percent,staff,true,[],Local data collection / Other
file_161ce5fbf507dd667d6dc24dad51011bd988de49fcb53fc2805a29335914ff7f:record_1047,%,All inpatients,percent,all inpatients,true,[],In house data collection  / 24-25
file_161ce5fbf507dd667d6dc24dad51011bd988de49fcb53fc2805a29335914ff7f:record_1048,Rate,Mental health patients,unknown,mental health patients,false,"[""unknown_unit_or_population""]",In house data collection  / 24-25
file_161ce5fbf507dd667d6dc24dad51011bd988de49fcb53fc2805a29335914ff7f:record_1049,Ratio (No unit),All patients,ratio,all patients,true,[],"WTIS, CCO, BCS, MOHLTC / 24-25"
file_161ce5fbf507dd667d6dc24dad51011bd988de49fcb53fc2805a29335914ff7f:record_1050,Rate,Mental health patients,unknown,mental health patients,false,"[""unknown_unit_or_population""]",Other / 24-25
file_161ce5fbf507dd667d6dc24dad51011bd988de49fcb53fc2805a29335914ff7f:record_1051,%,ED patients,percent,ed patients,true,[],EMR/Chart Review / 2025/26
file_161ce5fbf507dd667d6dc24dad51011bd988de49fcb53fc2805a29335914ff7f:record_1052,Minutes,All inpatients,minutes,all inpatients,true,[],In house data collection  / 2025/26
file_161ce5fbf507dd667d6dc24dad51011bd988de49fcb53fc2805a29335914ff7f:record_1053,%,Staff,percent,staff,true,[],In house data collection  / 2025/26
file_161ce5fbf507dd667d6dc24dad51011bd988de49fcb53fc2805a29335914ff7f:record_1054,%,Staff,percent,staff,true,[],In house data collection  / 2025/26
file_161ce5fbf507dd667d6dc24dad51011bd988de49fcb53fc2805a29335914ff7f:record_1055,"Rate per 1,000 patient days",All inpatients,rate_per_1000_patient_days,all inpatients,true,[],In house data collection  / 2025/26
file_161ce5fbf507dd667d6dc24dad51011bd988de49fcb53fc2805a29335914ff7f:record_1056,"Rate per 1,000 patient days",All inpatients,rate_per_1000_patient_days,all inpatients,true,[],In house data collection  / 2025/26
file_161ce5fbf507dd667d6dc24dad51011bd988de49fcb53fc2805a29335914ff7f:record_1057,Number,All inpatients,count,all inpatients,true,[],In house data collection  / 2025/26
file_161ce5fbf507dd667d6dc24dad51011bd988de49fcb53fc2805a29335914ff7f:record_1058,%,Survey respondents,percent,survey respondents,true,[],Local data collection / Other
file_161ce5fbf507dd667d6dc24dad51011bd988de49fcb53fc2805a29335914ff7f:record_1059,Minutes,Patients,minutes,patients,true,[],CIHI NACRS / Other
file_161ce5fbf507dd667d6dc24dad51011bd988de49fcb53fc2805a29335914ff7f:record_1060,Hours,ED patients,hours,ed patients,true,[],CIHI NACRS / Other
file_161ce5fbf507dd667d6dc24dad51011bd988de49fcb53fc2805a29335914ff7f:record_1061,Hours,ED patients,hours,ed patients,true,[],CIHI NACRS / Other
file_161ce5fbf507dd667d6dc24dad51011bd988de49fcb53fc2805a29335914ff7f:record_1062,Hours,ED patients,hours,ed patients,true,[],CIHI NACRS / Other
file_161ce5fbf507dd667d6dc24dad51011bd988de49fcb53fc2805a29335914ff7f:record_1063,Number,ED patients,count,ed patients,true,[],CIHI NACRS / Fiscal Year
file_161ce5fbf507dd667d6dc24dad51011bd988de49fcb53fc2805a29335914ff7f:record_1064,Ratio (No unit),ALC patients,ratio,alc patients,true,[],EMR/Chart Review / Q1-Q4
file_161ce5fbf507dd667d6dc24dad51011bd988de49fcb53fc2805a29335914ff7f:record_1065,Ratio (No unit),ALC patients,ratio,alc patients,true,[],EMR/Chart Review / Q1-Q4
file_161ce5fbf507dd667d6dc24dad51011bd988de49fcb53fc2805a29335914ff7f:record_1066,%,Survey respondents,percent,survey respondents,true,[],In house data collection  / Q1-Q4
file_161ce5fbf507dd667d6dc24dad51011bd988de49fcb53fc2805a29335914ff7f:record_1067,%,Survey respondents,percent,survey respondents,true,[],In house data collection  / Q1-Q3
file_161ce5fbf507dd667d6dc24dad51011bd988de49fcb53fc2805a29335914ff7f:record_1068,Count,All patients,count,all patients,true,[],In house data collection  / Q1-Q4
file_161ce5fbf507dd667d6dc24dad51011bd988de49fcb53fc2805a29335914ff7f:record_1069,Count,All patients,count,all patients,true,[],In house data collection  / Q1-Q4
file_161ce5fbf507dd667d6dc24dad51011bd988de49fcb53fc2805a29335914ff7f:record_1070,%,Discharged patients ,percent,discharged patients,true,[],Local data collection / Other
file_161ce5fbf507dd667d6dc24dad51011bd988de49fcb53fc2805a29335914ff7f:record_1071,%,Survey respondents,percent,survey respondents,true,[],Local data collection / Other
file_161ce5fbf507dd667d6dc24dad51011bd988de49fcb53fc2805a29335914ff7f:record_1072,%,ED patients,percent,ed patients,true,[],CIHI NACRS / Fiscal Year
file_161ce5fbf507dd667d6dc24dad51011bd988de49fcb53fc2805a29335914ff7f:record_1073,%,Hospital admitted patients,percent,hospital admitted patients,true,[],CIHI DAD / Quarter
file_161ce5fbf507dd667d6dc24dad51011bd988de49fcb53fc2805a29335914ff7f:record_1074,%,Staff,percent,staff,false,"[""incompatible_indicator_unit""]",Local data collection / Other
file_161ce5fbf507dd667d6dc24dad51011bd988de49fcb53fc2805a29335914ff7f:record_1075,%,Staff,percent,staff,true,[],Local data collection / Other
file_161ce5fbf507dd667d6dc24dad51011bd988de49fcb53fc2805a29335914ff7f:record_1076,Hours,ED patients,hours,ed patients,true,[],CIHI NACRS / Other
file_161ce5fbf507dd667d6dc24dad51011bd988de49fcb53fc2805a29335914ff7f:record_1077,Number,ED patients,count,ed patients,true,[],CIHI NACRS / Fiscal Year
file_161ce5fbf507dd667d6dc24dad51011bd988de49fcb53fc2805a29335914ff7f:record_1078,%,Survey respondents,percent,survey respondents,true,[],Local data collection / Other
file_161ce5fbf507dd667d6dc24dad51011bd988de49fcb53fc2805a29335914ff7f:record_1079,%,Survey respondents,percent,survey respondents,true,[],Local data collection / Other
file_161ce5fbf507dd667d6dc24dad51011bd988de49fcb53fc2805a29335914ff7f:record_1080,%,Survey respondents,percent,survey respondents,true,[],Local data collection / Other
file_161ce5fbf507dd667d6dc24dad51011bd988de49fcb53fc2805a29335914ff7f:record_1081,Minutes,Patients,minutes,patients,true,[],CIHI NACRS / Other
file_161ce5fbf507dd667d6dc24dad51011bd988de49fcb53fc2805a29335914ff7f:record_1082,Hours,ED patients,hours,ed patients,true,[],CIHI NACRS / Other
file_161ce5fbf507dd667d6dc24dad51011bd988de49fcb53fc2805a29335914ff7f:record_1083,Number,ED patients,count,ed patients,true,[],CIHI NACRS / Fiscal Year
file_161ce5fbf507dd667d6dc24dad51011bd988de49fcb53fc2805a29335914ff7f:record_1084,Ratio (No unit),ALC patients,ratio,alc patients,true,[],WTIS / 2024-2025
file_161ce5fbf507dd667d6dc24dad51011bd988de49fcb53fc2805a29335914ff7f:record_1085,%,Discharged patients ,percent,discharged patients,true,[],CIHI portal / 2026-2027
file_161ce5fbf507dd667d6dc24dad51011bd988de49fcb53fc2805a29335914ff7f:record_1086,Minutes,Patients,minutes,patients,true,[],CIHI NACRS / Other
file_161ce5fbf507dd667d6dc24dad51011bd988de49fcb53fc2805a29335914ff7f:record_1087,Minutes,Patients,minutes,patients,true,[],CIHI NACRS / Other
file_161ce5fbf507dd667d6dc24dad51011bd988de49fcb53fc2805a29335914ff7f:record_1088,Minutes,Patients,minutes,patients,true,[],CIHI NACRS / Other
file_161ce5fbf507dd667d6dc24dad51011bd988de49fcb53fc2805a29335914ff7f:record_1089,Minutes,Patients,minutes,patients,true,[],CIHI NACRS / Other
file_161ce5fbf507dd667d6dc24dad51011bd988de49fcb53fc2805a29335914ff7f:record_1090,Rate,ALC patients,unknown,alc patients,false,"[""unknown_unit_or_population""]",WTIS / FY 2025-26
file_161ce5fbf507dd667d6dc24dad51011bd988de49fcb53fc2805a29335914ff7f:record_1091,Rate,ALC patients,unknown,alc patients,false,"[""unknown_unit_or_population""]",WTIS / FY 2025-26
file_161ce5fbf507dd667d6dc24dad51011bd988de49fcb53fc2805a29335914ff7f:record_1092,Rate,ALC patients,unknown,alc patients,false,"[""unknown_unit_or_population""]",WTIS / FY 2025-26
file_161ce5fbf507dd667d6dc24dad51011bd988de49fcb53fc2805a29335914ff7f:record_1093,Rate,ALC patients,unknown,alc patients,false,"[""unknown_unit_or_population""]",WTIS / FY 2025-26
file_161ce5fbf507dd667d6dc24dad51011bd988de49fcb53fc2805a29335914ff7f:record_1094,%,Other,percent,unknown,false,"[""unknown_unit_or_population""]",Other / FY 2025-26
file_161ce5fbf507dd667d6dc24dad51011bd988de49fcb53fc2805a29335914ff7f:record_1095,%,Other,percent,unknown,false,"[""unknown_unit_or_population""]",Other / FY 2025-26
file_161ce5fbf507dd667d6dc24dad51011bd988de49fcb53fc2805a29335914ff7f:record_1096,%,All inpatients,percent,all inpatients,true,[],Other / FY 2025-26
file_161ce5fbf507dd667d6dc24dad51011bd988de49fcb53fc2805a29335914ff7f:record_1097,%,All inpatients,percent,all inpatients,true,[],Other / FY 2025-26
file_161ce5fbf507dd667d6dc24dad51011bd988de49fcb53fc2805a29335914ff7f:record_1098,%,All inpatients,percent,all inpatients,true,[],Other / FY 2025-26
file_161ce5fbf507dd667d6dc24dad51011bd988de49fcb53fc2805a29335914ff7f:record_1099,%,All inpatients,percent,all inpatients,true,[],Other / FY 2025-26
file_161ce5fbf507dd667d6dc24dad51011bd988de49fcb53fc2805a29335914ff7f:record_1100,Rate,Other,unknown,unknown,false,"[""unknown_unit_or_population""]",Other / FY 2025-26
file_161ce5fbf507dd667d6dc24dad51011bd988de49fcb53fc2805a29335914ff7f:record_1101,Rate,Other,unknown,unknown,false,"[""unknown_unit_or_population""]",Other / FY 2025-26
file_161ce5fbf507dd667d6dc24dad51011bd988de49fcb53fc2805a29335914ff7f:record_1102,Rate,Other,unknown,unknown,false,"[""unknown_unit_or_population""]",Other / FY 2025-26
file_161ce5fbf507dd667d6dc24dad51011bd988de49fcb53fc2805a29335914ff7f:record_1103,Rate,Other,unknown,unknown,false,"[""unknown_unit_or_population""]",Other / FY 2025-26
file_161ce5fbf507dd667d6dc24dad51011bd988de49fcb53fc2805a29335914ff7f:record_1104,Minutes,Patients,minutes,patients,true,[],CIHI NACRS / Other
file_161ce5fbf507dd667d6dc24dad51011bd988de49fcb53fc2805a29335914ff7f:record_1105,Hours,ED patients,hours,ed patients,true,[],CIHI NACRS / Other
file_161ce5fbf507dd667d6dc24dad51011bd988de49fcb53fc2805a29335914ff7f:record_1106,Number,ED patients,count,ed patients,true,[],CIHI NACRS / Fiscal Year
file_161ce5fbf507dd667d6dc24dad51011bd988de49fcb53fc2805a29335914ff7f:record_1107,%,Survey respondents,percent,survey respondents,true,[],Local data collection / Other
file_161ce5fbf507dd667d6dc24dad51011bd988de49fcb53fc2805a29335914ff7f:record_1108,%,Survey respondents,percent,survey respondents,true,[],Local data collection / Other
file_161ce5fbf507dd667d6dc24dad51011bd988de49fcb53fc2805a29335914ff7f:record_1109,Minutes,Patients,minutes,patients,true,[],CIHI NACRS / Other
file_161ce5fbf507dd667d6dc24dad51011bd988de49fcb53fc2805a29335914ff7f:record_1110,Minutes,Patients,minutes,patients,true,[],CIHI NACRS / Other
file_161ce5fbf507dd667d6dc24dad51011bd988de49fcb53fc2805a29335914ff7f:record_1111,%,Staff,percent,staff,false,"[""incompatible_indicator_unit""]",Local data collection / Other
file_161ce5fbf507dd667d6dc24dad51011bd988de49fcb53fc2805a29335914ff7f:record_1112,%,Staff,percent,staff,false,"[""incompatible_indicator_unit""]",Local data collection / Other
file_161ce5fbf507dd667d6dc24dad51011bd988de49fcb53fc2805a29335914ff7f:record_1113,%,Staff,percent,staff,true,[],Local data collection / Other
file_161ce5fbf507dd667d6dc24dad51011bd988de49fcb53fc2805a29335914ff7f:record_1114,%,Staff,percent,staff,true,[],Local data collection / Other
file_161ce5fbf507dd667d6dc24dad51011bd988de49fcb53fc2805a29335914ff7f:record_1115,%,Staff,percent,staff,true,[],Local data collection / Other
file_161ce5fbf507dd667d6dc24dad51011bd988de49fcb53fc2805a29335914ff7f:record_1116,%,Staff,percent,staff,true,[],Local data collection / Other
file_161ce5fbf507dd667d6dc24dad51011bd988de49fcb53fc2805a29335914ff7f:record_1117,Number,ED patients,count,ed patients,true,[],CIHI NACRS / Fiscal Year
file_161ce5fbf507dd667d6dc24dad51011bd988de49fcb53fc2805a29335914ff7f:record_1118,Number,ED patients,count,ed patients,true,[],CIHI NACRS / Fiscal Year
file_161ce5fbf507dd667d6dc24dad51011bd988de49fcb53fc2805a29335914ff7f:record_1119,Number,ED patients,count,ed patients,true,[],CIHI NACRS / Fiscal Year
file_161ce5fbf507dd667d6dc24dad51011bd988de49fcb53fc2805a29335914ff7f:record_1120,Hours,ED patients,hours,ed patients,true,[],CIHI NACRS / Other
file_161ce5fbf507dd667d6dc24dad51011bd988de49fcb53fc2805a29335914ff7f:record_1121,%,Survey respondents,percent,survey respondents,true,[],In-house survey / April 2025- March 2026
file_161ce5fbf507dd667d6dc24dad51011bd988de49fcb53fc2805a29335914ff7f:record_1122,Count,Other,count,unknown,false,"[""unknown_unit_or_population""]",Local data collection / April 2025-March 2026
file_161ce5fbf507dd667d6dc24dad51011bd988de49fcb53fc2805a29335914ff7f:record_1123,Count,Other,count,unknown,false,"[""unknown_unit_or_population""]",Local data collection / April 2025-March 2026
file_161ce5fbf507dd667d6dc24dad51011bd988de49fcb53fc2805a29335914ff7f:record_1124,%,Pediatric Patients,percent,pediatric patients,false,"[""incompatible_indicator_population""]",Hospital collected data / April 2025-March 2026
file_161ce5fbf507dd667d6dc24dad51011bd988de49fcb53fc2805a29335914ff7f:record_1125,%,Pediatric Patients,percent,pediatric patients,false,"[""incompatible_indicator_population""]",Hospital collected data / April 2025-March 2026
file_161ce5fbf507dd667d6dc24dad51011bd988de49fcb53fc2805a29335914ff7f:record_1126,%,Pediatric Patients,percent,pediatric patients,false,"[""incompatible_indicator_population""]",Hospital collected data / April 2025-March 2026
file_161ce5fbf507dd667d6dc24dad51011bd988de49fcb53fc2805a29335914ff7f:record_1127,%,Pediatric Patients,percent,pediatric patients,false,"[""incompatible_indicator_population""]",Hospital collected data / April 2025-March 2026
file_161ce5fbf507dd667d6dc24dad51011bd988de49fcb53fc2805a29335914ff7f:record_1128,90th percentile,All inpatients,unknown,all inpatients,false,"[""unknown_unit_or_population""]",CIHI NACRS / April 2025-March 2026
file_161ce5fbf507dd667d6dc24dad51011bd988de49fcb53fc2805a29335914ff7f:record_1129,90th percentile,All inpatients,unknown,all inpatients,false,"[""unknown_unit_or_population""]",CIHI NACRS / April 2025-March 2026
file_161ce5fbf507dd667d6dc24dad51011bd988de49fcb53fc2805a29335914ff7f:record_1130,90th percentile,All inpatients,unknown,all inpatients,false,"[""unknown_unit_or_population""]",CIHI NACRS / April 2025-March 2026
file_161ce5fbf507dd667d6dc24dad51011bd988de49fcb53fc2805a29335914ff7f:record_1131,90th percentile,All inpatients,unknown,all inpatients,false,"[""unknown_unit_or_population""]",CIHI NACRS / April 2025-March 2026
file_161ce5fbf507dd667d6dc24dad51011bd988de49fcb53fc2805a29335914ff7f:record_1132,%,Other,percent,unknown,false,"[""unknown_unit_or_population""]",In house data collection  / April 2025-March 2026
file_161ce5fbf507dd667d6dc24dad51011bd988de49fcb53fc2805a29335914ff7f:record_1133,%,Other,percent,unknown,false,"[""unknown_unit_or_population""]",Staff survey / April 2025-March 2026
file_161ce5fbf507dd667d6dc24dad51011bd988de49fcb53fc2805a29335914ff7f:record_1134,%,Other,percent,unknown,false,"[""unknown_unit_or_population""]",Staff survey / April 2025-March 2026
file_161ce5fbf507dd667d6dc24dad51011bd988de49fcb53fc2805a29335914ff7f:record_1135,%,Other,percent,unknown,false,"[""unknown_unit_or_population""]",In house data collection  / April 2025-March 2026
file_161ce5fbf507dd667d6dc24dad51011bd988de49fcb53fc2805a29335914ff7f:record_1136,%,Other,percent,unknown,false,"[""unknown_unit_or_population""]",In house data collection  / April 2026-March 2025
file_161ce5fbf507dd667d6dc24dad51011bd988de49fcb53fc2805a29335914ff7f:record_1137,Count,Pediatric Patients,count,pediatric patients,true,[],In house data collection  / April 2025-March 2026
file_161ce5fbf507dd667d6dc24dad51011bd988de49fcb53fc2805a29335914ff7f:record_1138,Minutes,Patients,minutes,patients,true,[],CIHI NACRS / Other
file_161ce5fbf507dd667d6dc24dad51011bd988de49fcb53fc2805a29335914ff7f:record_1139,%,Staff,percent,staff,true,[],Local data collection / Other
file_161ce5fbf507dd667d6dc24dad51011bd988de49fcb53fc2805a29335914ff7f:record_1140,%,Staff,percent,staff,true,[],Local data collection / Other
file_161ce5fbf507dd667d6dc24dad51011bd988de49fcb53fc2805a29335914ff7f:record_1141,%,Staff,percent,staff,true,[],Local data collection / Other
file_161ce5fbf507dd667d6dc24dad51011bd988de49fcb53fc2805a29335914ff7f:record_1142,Hours,ED patients,hours,ed patients,true,[],CIHI NACRS / Other
file_161ce5fbf507dd667d6dc24dad51011bd988de49fcb53fc2805a29335914ff7f:record_1143,Hours,ED patients,hours,ed patients,true,[],CIHI NACRS / Other
file_161ce5fbf507dd667d6dc24dad51011bd988de49fcb53fc2805a29335914ff7f:record_1144,Hours,ED patients,hours,ed patients,true,[],CIHI NACRS / Other
file_161ce5fbf507dd667d6dc24dad51011bd988de49fcb53fc2805a29335914ff7f:record_1145,%,Other,percent,unknown,false,"[""unknown_unit_or_population""]",In house data collection  / fiscal year
file_161ce5fbf507dd667d6dc24dad51011bd988de49fcb53fc2805a29335914ff7f:record_1146,%,Other,percent,unknown,false,"[""unknown_unit_or_population""]",In house data collection  / fiscal year
file_161ce5fbf507dd667d6dc24dad51011bd988de49fcb53fc2805a29335914ff7f:record_1147,%,Other,percent,unknown,false,"[""unknown_unit_or_population""]",In house data collection  / fiscal year
file_161ce5fbf507dd667d6dc24dad51011bd988de49fcb53fc2805a29335914ff7f:record_1148,%,Survey respondents,percent,survey respondents,true,[],Hospital collected data / fiscal
file_161ce5fbf507dd667d6dc24dad51011bd988de49fcb53fc2805a29335914ff7f:record_1149,%,Survey respondents,percent,survey respondents,true,[],Hospital collected data / fiscal
file_161ce5fbf507dd667d6dc24dad51011bd988de49fcb53fc2805a29335914ff7f:record_1150,%,Survey respondents,percent,survey respondents,true,[],Local data collection / Other
file_161ce5fbf507dd667d6dc24dad51011bd988de49fcb53fc2805a29335914ff7f:record_1151,%,Survey respondents,percent,survey respondents,true,[],Local data collection / Other
file_161ce5fbf507dd667d6dc24dad51011bd988de49fcb53fc2805a29335914ff7f:record_1152,Minutes,Patients,minutes,patients,true,[],CIHI NACRS / Other
file_161ce5fbf507dd667d6dc24dad51011bd988de49fcb53fc2805a29335914ff7f:record_1153,Minutes,Patients,minutes,patients,true,[],CIHI NACRS / Other
file_161ce5fbf507dd667d6dc24dad51011bd988de49fcb53fc2805a29335914ff7f:record_1154,%,Staff,percent,staff,false,"[""incompatible_indicator_unit""]",Local data collection / Other
file_161ce5fbf507dd667d6dc24dad51011bd988de49fcb53fc2805a29335914ff7f:record_1155,%,Staff,percent,staff,false,"[""incompatible_indicator_unit""]",Local data collection / Other
file_161ce5fbf507dd667d6dc24dad51011bd988de49fcb53fc2805a29335914ff7f:record_1156,%,Staff,percent,staff,false,"[""incompatible_indicator_unit""]",Local data collection / Other
file_161ce5fbf507dd667d6dc24dad51011bd988de49fcb53fc2805a29335914ff7f:record_1157,%,Staff,percent,staff,true,[],Local data collection / Other
file_161ce5fbf507dd667d6dc24dad51011bd988de49fcb53fc2805a29335914ff7f:record_1158,Hours,ED patients,hours,ed patients,true,[],CIHI NACRS / Other
file_161ce5fbf507dd667d6dc24dad51011bd988de49fcb53fc2805a29335914ff7f:record_1159,%,All inpatients,percent,all inpatients,true,[],EMR/Chart Review / 25/26
file_161ce5fbf507dd667d6dc24dad51011bd988de49fcb53fc2805a29335914ff7f:record_1160,%,All inpatients,percent,all inpatients,true,[],EMR/Chart Review / 25/26
file_161ce5fbf507dd667d6dc24dad51011bd988de49fcb53fc2805a29335914ff7f:record_1161,%,All inpatients,percent,all inpatients,true,[],EMR/Chart Review / 25/26
file_161ce5fbf507dd667d6dc24dad51011bd988de49fcb53fc2805a29335914ff7f:record_1162,%,All inpatients,percent,all inpatients,true,[],EMR/Chart Review / 25/26
file_161ce5fbf507dd667d6dc24dad51011bd988de49fcb53fc2805a29335914ff7f:record_1163,Count,All patients,count,all patients,true,[],Local data collection / Monthly
file_161ce5fbf507dd667d6dc24dad51011bd988de49fcb53fc2805a29335914ff7f:record_1164,Count,All patients,count,all patients,true,[],Local data collection / Monthly
file_161ce5fbf507dd667d6dc24dad51011bd988de49fcb53fc2805a29335914ff7f:record_1165,Count,All patients,count,all patients,true,[],Local data collection / Monthly
file_161ce5fbf507dd667d6dc24dad51011bd988de49fcb53fc2805a29335914ff7f:record_1166,Count,All patients,count,all patients,true,[],Local data collection / Monthly
file_161ce5fbf507dd667d6dc24dad51011bd988de49fcb53fc2805a29335914ff7f:record_1167,Count,All patients,count,all patients,true,[],Local data collection / Monthly
file_161ce5fbf507dd667d6dc24dad51011bd988de49fcb53fc2805a29335914ff7f:record_1168,Count,All patients,count,all patients,true,[],Local data collection / Monthly
file_161ce5fbf507dd667d6dc24dad51011bd988de49fcb53fc2805a29335914ff7f:record_1169,Count,All patients,count,all patients,true,[],Local data collection / Monthly
file_161ce5fbf507dd667d6dc24dad51011bd988de49fcb53fc2805a29335914ff7f:record_1170,%,Survey respondents,percent,survey respondents,true,[],Local data collection / Other
file_161ce5fbf507dd667d6dc24dad51011bd988de49fcb53fc2805a29335914ff7f:record_1171,%,Survey respondents,percent,survey respondents,true,[],Local data collection / Other
file_161ce5fbf507dd667d6dc24dad51011bd988de49fcb53fc2805a29335914ff7f:record_1172,%,Survey respondents,percent,survey respondents,true,[],Local data collection / Other
file_161ce5fbf507dd667d6dc24dad51011bd988de49fcb53fc2805a29335914ff7f:record_1173,%,Staff,percent,staff,true,[],Local data collection / Other
file_161ce5fbf507dd667d6dc24dad51011bd988de49fcb53fc2805a29335914ff7f:record_1174,"Rate per 1,000 patient days",All inpatients,rate_per_1000_patient_days,all inpatients,true,[],"Local data collection / April 1, 2025- March 31, 2026"
file_161ce5fbf507dd667d6dc24dad51011bd988de49fcb53fc2805a29335914ff7f:record_1175,"Rate per 1,000 patient days",All inpatients,rate_per_1000_patient_days,all inpatients,true,[],"Local data collection / April 1, 2025- March 31, 2026"
file_161ce5fbf507dd667d6dc24dad51011bd988de49fcb53fc2805a29335914ff7f:record_1176,"Rate per 1,000 patient days",All inpatients,rate_per_1000_patient_days,all inpatients,true,[],"Local data collection / April 1, 2025- March 31, 2026"
file_161ce5fbf507dd667d6dc24dad51011bd988de49fcb53fc2805a29335914ff7f:record_1177,%,All inpatients,percent,all inpatients,true,[],"Local data collection / April 1, 2025- March 31, 2025"
file_161ce5fbf507dd667d6dc24dad51011bd988de49fcb53fc2805a29335914ff7f:record_1178,%,All inpatients,percent,all inpatients,true,[],"Local data collection / April 1, 2025- March 31, 2025"
file_161ce5fbf507dd667d6dc24dad51011bd988de49fcb53fc2805a29335914ff7f:record_1179,%,All inpatients,percent,all inpatients,true,[],"Local data collection / April 1, 2025- March 31, 2025"
file_161ce5fbf507dd667d6dc24dad51011bd988de49fcb53fc2805a29335914ff7f:record_1180,Count,All patients,count,all patients,true,[],"In house data collection  / April 1 2025- March 31, 2026"
file_161ce5fbf507dd667d6dc24dad51011bd988de49fcb53fc2805a29335914ff7f:record_1181,Count,All patients,count,all patients,true,[],"In house data collection  / April 1 2025- March 31, 2026"
file_161ce5fbf507dd667d6dc24dad51011bd988de49fcb53fc2805a29335914ff7f:record_1182,Count,All patients,count,all patients,true,[],"In house data collection  / April 1 2025- March 31, 2026"
file_161ce5fbf507dd667d6dc24dad51011bd988de49fcb53fc2805a29335914ff7f:record_1183,Count,All patients,count,all patients,true,[],"In house data collection  / April 1 2025- March 31, 2026"
file_161ce5fbf507dd667d6dc24dad51011bd988de49fcb53fc2805a29335914ff7f:record_1184,Count,All patients,count,all patients,true,[],"In house data collection  / April 1 2025- March 31, 2026"
file_161ce5fbf507dd667d6dc24dad51011bd988de49fcb53fc2805a29335914ff7f:record_1185,Count,All patients,count,all patients,true,[],"In house data collection  / April 1 2025- March 31, 2026"
file_161ce5fbf507dd667d6dc24dad51011bd988de49fcb53fc2805a29335914ff7f:record_1186,%,Staff,percent,staff,true,[],"In house data collection  / April 1 2025- March 31, 2026"
file_161ce5fbf507dd667d6dc24dad51011bd988de49fcb53fc2805a29335914ff7f:record_1187,%,Staff,percent,staff,true,[],"In house data collection  / April 1 2025- March 31, 2026"
file_161ce5fbf507dd667d6dc24dad51011bd988de49fcb53fc2805a29335914ff7f:record_1188,%,Staff,percent,staff,true,[],"In house data collection  / April 1 2025- March 31, 2026"
file_161ce5fbf507dd667d6dc24dad51011bd988de49fcb53fc2805a29335914ff7f:record_1189,Count,All patients,count,all patients,true,[],"In house data collection  / April 1, 2025- March 31 2026"
file_161ce5fbf507dd667d6dc24dad51011bd988de49fcb53fc2805a29335914ff7f:record_1190,Count,All patients,count,all patients,true,[],"In house data collection  / April 1, 2025- March 31 2026"
file_161ce5fbf507dd667d6dc24dad51011bd988de49fcb53fc2805a29335914ff7f:record_1191,%,Staff,percent,staff,true,[],"In house data collection  / April 1 2025- March 31, 2026"
file_161ce5fbf507dd667d6dc24dad51011bd988de49fcb53fc2805a29335914ff7f:record_1192,%,Staff,percent,staff,true,[],"In house data collection  / April 1 2025- March 31, 2026"
file_161ce5fbf507dd667d6dc24dad51011bd988de49fcb53fc2805a29335914ff7f:record_1193,%,Other,percent,unknown,false,"[""unknown_unit_or_population""]","Other / April 1, 2025 March 31 2026"
file_161ce5fbf507dd667d6dc24dad51011bd988de49fcb53fc2805a29335914ff7f:record_1194,%,Other,percent,unknown,false,"[""unknown_unit_or_population""]","Other / April 1, 2025 March 31 2026"
file_161ce5fbf507dd667d6dc24dad51011bd988de49fcb53fc2805a29335914ff7f:record_1195,%,Other,percent,unknown,false,"[""unknown_unit_or_population""]","Other / April 1, 2025 March 31 2026"
file_161ce5fbf507dd667d6dc24dad51011bd988de49fcb53fc2805a29335914ff7f:record_1196,%,Other,percent,unknown,false,"[""unknown_unit_or_population""]","Other / April 1, 2025 March 31 2026"
file_161ce5fbf507dd667d6dc24dad51011bd988de49fcb53fc2805a29335914ff7f:record_1197,%,Other,percent,unknown,false,"[""unknown_unit_or_population""]","Other / April 1, 2025 March 31 2026"
file_161ce5fbf507dd667d6dc24dad51011bd988de49fcb53fc2805a29335914ff7f:record_1198,%,Other,percent,unknown,false,"[""unknown_unit_or_population""]","Other / April 1, 2025 March 31 2026"
file_161ce5fbf507dd667d6dc24dad51011bd988de49fcb53fc2805a29335914ff7f:record_1199,%,Other,percent,unknown,false,"[""unknown_unit_or_population""]","Other / April 1, 2025 March 31 2026"
file_161ce5fbf507dd667d6dc24dad51011bd988de49fcb53fc2805a29335914ff7f:record_1200,%,Other,percent,unknown,false,"[""unknown_unit_or_population""]","Other / April 1, 2025 March 31 2026"
file_161ce5fbf507dd667d6dc24dad51011bd988de49fcb53fc2805a29335914ff7f:record_1201,%,Other,percent,unknown,false,"[""unknown_unit_or_population""]","Other / April 1, 2025 March 31 2026"
file_161ce5fbf507dd667d6dc24dad51011bd988de49fcb53fc2805a29335914ff7f:record_1202,Number,ED patients,count,ed patients,true,[],"In house data collection  / April 1 2025- March 31, 2026"
file_161ce5fbf507dd667d6dc24dad51011bd988de49fcb53fc2805a29335914ff7f:record_1203,Number,ED patients,count,ed patients,true,[],"In house data collection  / April 1 2025- March 31, 2026"
file_161ce5fbf507dd667d6dc24dad51011bd988de49fcb53fc2805a29335914ff7f:record_1204,%,All patients,percent,all patients,true,[],"In-home audit / April 1 2025- March 31, 2026"
file_161ce5fbf507dd667d6dc24dad51011bd988de49fcb53fc2805a29335914ff7f:record_1205,%,All patients,percent,all patients,true,[],"In-home audit / April 1 2025- March 31, 2026"
file_161ce5fbf507dd667d6dc24dad51011bd988de49fcb53fc2805a29335914ff7f:record_1206,%,All patients,percent,all patients,true,[],"In-home audit / April 1 2025- March 31, 2026"
file_161ce5fbf507dd667d6dc24dad51011bd988de49fcb53fc2805a29335914ff7f:record_1207,%,All patients,percent,all patients,true,[],"In house data collection  / April 1, 2025- March 31, 2026"
file_161ce5fbf507dd667d6dc24dad51011bd988de49fcb53fc2805a29335914ff7f:record_1208,%,All patients,percent,all patients,true,[],"In house data collection  / April 1, 2025- March 31, 2026"
file_161ce5fbf507dd667d6dc24dad51011bd988de49fcb53fc2805a29335914ff7f:record_1209,%,All patients,percent,all patients,true,[],"In house data collection  / April 1, 2025- March 31, 2026"
file_161ce5fbf507dd667d6dc24dad51011bd988de49fcb53fc2805a29335914ff7f:record_1210,%,All patients,percent,all patients,true,[],"In house data collection  / April 1, 2025- March 31, 2026"
file_161ce5fbf507dd667d6dc24dad51011bd988de49fcb53fc2805a29335914ff7f:record_1211,%,All patients,percent,all patients,true,[],"In house data collection  / April 1, 2025- March 31, 2026"
file_161ce5fbf507dd667d6dc24dad51011bd988de49fcb53fc2805a29335914ff7f:record_1212,Number,All patients,count,all patients,true,[],In house data collection  / April 1 2025 - March 31 2026
file_161ce5fbf507dd667d6dc24dad51011bd988de49fcb53fc2805a29335914ff7f:record_1213,Number,All patients,count,all patients,true,[],In house data collection  / April 1 2025 - March 31 2026
file_161ce5fbf507dd667d6dc24dad51011bd988de49fcb53fc2805a29335914ff7f:record_1214,Number,All patients,count,all patients,true,[],In house data collection  / April 1 2025 - March 31 2026
file_161ce5fbf507dd667d6dc24dad51011bd988de49fcb53fc2805a29335914ff7f:record_1215,Number,All patients,count,all patients,true,[],In house data collection  / April 1 2025 - March 31 2026
file_161ce5fbf507dd667d6dc24dad51011bd988de49fcb53fc2805a29335914ff7f:record_1216,Number,All patients,count,all patients,true,[],In house data collection  / April 1 2025 - March 31 2026
file_161ce5fbf507dd667d6dc24dad51011bd988de49fcb53fc2805a29335914ff7f:record_1217,Number,All patients,count,all patients,true,[],"In house data collection  / April 1 2025- March 31, 2026"
file_161ce5fbf507dd667d6dc24dad51011bd988de49fcb53fc2805a29335914ff7f:record_1218,Number,All patients,count,all patients,true,[],"In house data collection  / April 1 2025- March 31, 2026"
file_161ce5fbf507dd667d6dc24dad51011bd988de49fcb53fc2805a29335914ff7f:record_1219,Number,All patients,count,all patients,true,[],"In house data collection  / April 1 2025- March 31, 2026"
file_161ce5fbf507dd667d6dc24dad51011bd988de49fcb53fc2805a29335914ff7f:record_1220,Number,All patients,count,all patients,true,[],"In house data collection  / April 1 2025- March 31, 2026"
file_161ce5fbf507dd667d6dc24dad51011bd988de49fcb53fc2805a29335914ff7f:record_1221,Number,All patients,count,all patients,true,[],"In house data collection  / April 1 2025- March 31, 2026"
file_161ce5fbf507dd667d6dc24dad51011bd988de49fcb53fc2805a29335914ff7f:record_1222,Hours,ED patients,hours,ed patients,true,[],"In house data collection  / April 1 2025- March 31, 2025"
file_161ce5fbf507dd667d6dc24dad51011bd988de49fcb53fc2805a29335914ff7f:record_1223,Hours,ED patients,hours,ed patients,true,[],"In house data collection  / April 1 2025- March 31, 2025"
file_161ce5fbf507dd667d6dc24dad51011bd988de49fcb53fc2805a29335914ff7f:record_1224,Minutes,All patients,minutes,all patients,true,[],"In house data collection  / April 1 2025- March 31, 2026"
file_161ce5fbf507dd667d6dc24dad51011bd988de49fcb53fc2805a29335914ff7f:record_1225,Minutes,All patients,minutes,all patients,true,[],"In house data collection  / April 1 2025- March 31, 2026"
file_161ce5fbf507dd667d6dc24dad51011bd988de49fcb53fc2805a29335914ff7f:record_1226,%,Survey respondents,percent,survey respondents,true,[],Local data collection / Other
file_161ce5fbf507dd667d6dc24dad51011bd988de49fcb53fc2805a29335914ff7f:record_1227,%,Survey respondents,percent,survey respondents,true,[],Local data collection / Other
file_161ce5fbf507dd667d6dc24dad51011bd988de49fcb53fc2805a29335914ff7f:record_1228,%,Survey respondents,percent,survey respondents,true,[],Local data collection / Other
file_161ce5fbf507dd667d6dc24dad51011bd988de49fcb53fc2805a29335914ff7f:record_1229,Number,Patients,count,patients,true,[],In house data collection  / From April 2025
file_161ce5fbf507dd667d6dc24dad51011bd988de49fcb53fc2805a29335914ff7f:record_1230,Number,Patients,count,patients,true,[],In house data collection  / From April 2025
file_161ce5fbf507dd667d6dc24dad51011bd988de49fcb53fc2805a29335914ff7f:record_1231,Number,Patients,count,patients,true,[],In house data collection  / From April 2025
file_161ce5fbf507dd667d6dc24dad51011bd988de49fcb53fc2805a29335914ff7f:record_1232,Hours,ED patients,hours,ed patients,true,[],CIHI NACRS / Other
file_161ce5fbf507dd667d6dc24dad51011bd988de49fcb53fc2805a29335914ff7f:record_1233,Hours,ED patients,hours,ed patients,true,[],CIHI NACRS / Other
file_161ce5fbf507dd667d6dc24dad51011bd988de49fcb53fc2805a29335914ff7f:record_1234,Hours,ED patients,hours,ed patients,true,[],CIHI NACRS / Other
file_161ce5fbf507dd667d6dc24dad51011bd988de49fcb53fc2805a29335914ff7f:record_1235,Hours,ED patients,hours,ed patients,true,[],CIHI NACRS / Other
file_161ce5fbf507dd667d6dc24dad51011bd988de49fcb53fc2805a29335914ff7f:record_1236,Hours,ED patients,hours,ed patients,true,[],CIHI NACRS / Other
file_161ce5fbf507dd667d6dc24dad51011bd988de49fcb53fc2805a29335914ff7f:record_1237,Hours,ED patients,hours,ed patients,true,[],CIHI NACRS / Other
file_161ce5fbf507dd667d6dc24dad51011bd988de49fcb53fc2805a29335914ff7f:record_1238,Hours,ED patients,hours,ed patients,true,[],CIHI NACRS / Other
file_161ce5fbf507dd667d6dc24dad51011bd988de49fcb53fc2805a29335914ff7f:record_1239,Proportion,Staff,proportion,staff,true,[],Hospital collected data / From April 2025
file_161ce5fbf507dd667d6dc24dad51011bd988de49fcb53fc2805a29335914ff7f:record_1240,Proportion,Staff,proportion,staff,true,[],Hospital collected data / From April 2025
file_161ce5fbf507dd667d6dc24dad51011bd988de49fcb53fc2805a29335914ff7f:record_1241,Proportion,Staff,proportion,staff,true,[],Hospital collected data / From April 2025
file_161ce5fbf507dd667d6dc24dad51011bd988de49fcb53fc2805a29335914ff7f:record_1242,Proportion,Staff,proportion,staff,true,[],Hospital collected data / From April 2025
file_161ce5fbf507dd667d6dc24dad51011bd988de49fcb53fc2805a29335914ff7f:record_1243,Rate,Patients,unknown,patients,false,"[""unknown_unit_or_population""]",In house data collection  / From April 2025
file_161ce5fbf507dd667d6dc24dad51011bd988de49fcb53fc2805a29335914ff7f:record_1244,Rate,Patients,unknown,patients,false,"[""unknown_unit_or_population""]",In house data collection  / From April 2025
file_161ce5fbf507dd667d6dc24dad51011bd988de49fcb53fc2805a29335914ff7f:record_1245,Rate,Patients,unknown,patients,false,"[""unknown_unit_or_population""]",In house data collection  / From April 2025
file_161ce5fbf507dd667d6dc24dad51011bd988de49fcb53fc2805a29335914ff7f:record_1246,Rate,Patients,unknown,patients,false,"[""unknown_unit_or_population""]",In house data collection  / From April 2025
file_161ce5fbf507dd667d6dc24dad51011bd988de49fcb53fc2805a29335914ff7f:record_1247,Number,Staff,count,staff,true,[],Hospital collected data / From April 2025
file_161ce5fbf507dd667d6dc24dad51011bd988de49fcb53fc2805a29335914ff7f:record_1248,Number,Staff,count,staff,true,[],Hospital collected data / From April 2025
file_161ce5fbf507dd667d6dc24dad51011bd988de49fcb53fc2805a29335914ff7f:record_1249,Number,Staff,count,staff,true,[],Hospital collected data / From April 2025
file_161ce5fbf507dd667d6dc24dad51011bd988de49fcb53fc2805a29335914ff7f:record_1250,Number,Staff,count,staff,true,[],Hospital collected data / From April 2025
file_161ce5fbf507dd667d6dc24dad51011bd988de49fcb53fc2805a29335914ff7f:record_1251,Rate,ED patients,unknown,ed patients,false,"[""unknown_unit_or_population""]",In house data collection  / from April 2025
file_161ce5fbf507dd667d6dc24dad51011bd988de49fcb53fc2805a29335914ff7f:record_1252,Rate,ED patients,unknown,ed patients,false,"[""unknown_unit_or_population""]",In house data collection  / from April 2025
file_161ce5fbf507dd667d6dc24dad51011bd988de49fcb53fc2805a29335914ff7f:record_1253,Rate,ED patients,unknown,ed patients,false,"[""unknown_unit_or_population""]",In house data collection  / from April 2025
file_161ce5fbf507dd667d6dc24dad51011bd988de49fcb53fc2805a29335914ff7f:record_1254,%,Hospital admitted patients,percent,hospital admitted patients,true,[],CIHI DAD / Quarter
file_161ce5fbf507dd667d6dc24dad51011bd988de49fcb53fc2805a29335914ff7f:record_1255,%,Hospital admitted patients,percent,hospital admitted patients,true,[],CIHI DAD / Quarter
file_161ce5fbf507dd667d6dc24dad51011bd988de49fcb53fc2805a29335914ff7f:record_1256,%,Hospital admitted patients,percent,hospital admitted patients,true,[],CIHI DAD / Quarter
file_161ce5fbf507dd667d6dc24dad51011bd988de49fcb53fc2805a29335914ff7f:record_1257,%,Survey respondents,percent,survey respondents,true,[],Local data collection / most recent consecutive 12 month period
file_161ce5fbf507dd667d6dc24dad51011bd988de49fcb53fc2805a29335914ff7f:record_1258,%,Survey respondents,percent,survey respondents,true,[],Local data collection / most recent consecutive 12 month period
file_161ce5fbf507dd667d6dc24dad51011bd988de49fcb53fc2805a29335914ff7f:record_1259,%,Survey respondents,percent,survey respondents,true,[],Local data collection / most recent consecutive 12 month period
file_161ce5fbf507dd667d6dc24dad51011bd988de49fcb53fc2805a29335914ff7f:record_1260,%,Survey respondents,percent,survey respondents,true,[],Local data collection / most recent consecutive 12 month period
file_161ce5fbf507dd667d6dc24dad51011bd988de49fcb53fc2805a29335914ff7f:record_1261,Other,Other,unknown,unknown,false,"[""unknown_unit_or_population""]",Local data collection / most recent 12 month period
file_161ce5fbf507dd667d6dc24dad51011bd988de49fcb53fc2805a29335914ff7f:record_1262,Number,Staff,count,staff,true,[],In house data collection  / most recent 12 month period
file_161ce5fbf507dd667d6dc24dad51011bd988de49fcb53fc2805a29335914ff7f:record_1263,Number,Staff,count,staff,true,[],In house data collection  / most recent 12 month period
file_161ce5fbf507dd667d6dc24dad51011bd988de49fcb53fc2805a29335914ff7f:record_1264,%,Staff,percent,staff,true,[],In house data collection  / most recent 12 months
file_161ce5fbf507dd667d6dc24dad51011bd988de49fcb53fc2805a29335914ff7f:record_1265,%,Survey respondents,percent,survey respondents,true,[],Local data collection / Other
file_161ce5fbf507dd667d6dc24dad51011bd988de49fcb53fc2805a29335914ff7f:record_1266,Minutes,Patients,minutes,patients,true,[],CIHI NACRS / Other
file_161ce5fbf507dd667d6dc24dad51011bd988de49fcb53fc2805a29335914ff7f:record_1267,%,Staff,percent,staff,false,"[""incompatible_indicator_unit""]",Local data collection / Other
file_161ce5fbf507dd667d6dc24dad51011bd988de49fcb53fc2805a29335914ff7f:record_1268,Hours,ED patients,hours,ed patients,true,[],CIHI NACRS / Other
file_161ce5fbf507dd667d6dc24dad51011bd988de49fcb53fc2805a29335914ff7f:record_1269,Number,ED patients,count,ed patients,true,[],CIHI NACRS / Fiscal Year
file_161ce5fbf507dd667d6dc24dad51011bd988de49fcb53fc2805a29335914ff7f:record_1270,Rate,Other,unknown,unknown,false,"[""unknown_unit_or_population""]","WTIS / Q3, FY 24/25"
file_161ce5fbf507dd667d6dc24dad51011bd988de49fcb53fc2805a29335914ff7f:record_1271,%,All patients,percent,all patients,true,[],Hospital collected data / 24/25
file_161ce5fbf507dd667d6dc24dad51011bd988de49fcb53fc2805a29335914ff7f:record_1272,Other,Other,unknown,unknown,false,"[""unknown_unit_or_population""]",EMR/Chart Review / 2025.26
file_161ce5fbf507dd667d6dc24dad51011bd988de49fcb53fc2805a29335914ff7f:record_1273,Other,Other,unknown,unknown,false,"[""unknown_unit_or_population""]",EMR/Chart Review / 2025.26
file_161ce5fbf507dd667d6dc24dad51011bd988de49fcb53fc2805a29335914ff7f:record_1274,Other,Other,unknown,unknown,false,"[""unknown_unit_or_population""]",Other / 2025.26
file_161ce5fbf507dd667d6dc24dad51011bd988de49fcb53fc2805a29335914ff7f:record_1275,Other,Other,unknown,unknown,false,"[""unknown_unit_or_population""]",Other / 2025.26
file_161ce5fbf507dd667d6dc24dad51011bd988de49fcb53fc2805a29335914ff7f:record_1276,Other,Other,unknown,unknown,false,"[""unknown_unit_or_population""]",Other / 2025.26
file_161ce5fbf507dd667d6dc24dad51011bd988de49fcb53fc2805a29335914ff7f:record_1277,Other,Other,unknown,unknown,false,"[""unknown_unit_or_population""]",Other / 2025.26
file_161ce5fbf507dd667d6dc24dad51011bd988de49fcb53fc2805a29335914ff7f:record_1278,Other,Other,unknown,unknown,false,"[""unknown_unit_or_population""]",Other / 2025.26
file_161ce5fbf507dd667d6dc24dad51011bd988de49fcb53fc2805a29335914ff7f:record_1279,%,Other,percent,unknown,false,"[""unknown_unit_or_population""]",Other / 2025.26
file_161ce5fbf507dd667d6dc24dad51011bd988de49fcb53fc2805a29335914ff7f:record_1280,%,Other,percent,unknown,false,"[""unknown_unit_or_population""]",Other / 2025.26
file_161ce5fbf507dd667d6dc24dad51011bd988de49fcb53fc2805a29335914ff7f:record_1281,Count,Worker,count,worker,true,[],Other / 2025.26
file_161ce5fbf507dd667d6dc24dad51011bd988de49fcb53fc2805a29335914ff7f:record_1282,Count,Worker,count,worker,true,[],Other / 2025.26
file_161ce5fbf507dd667d6dc24dad51011bd988de49fcb53fc2805a29335914ff7f:record_1283,Minutes,Patients,minutes,patients,true,[],CIHI NACRS / Other
file_161ce5fbf507dd667d6dc24dad51011bd988de49fcb53fc2805a29335914ff7f:record_1284,Hours,ED patients,hours,ed patients,true,[],CIHI NACRS / Other
file_161ce5fbf507dd667d6dc24dad51011bd988de49fcb53fc2805a29335914ff7f:record_1285,Number,ED patients,count,ed patients,true,[],CIHI NACRS / Fiscal Year
file_161ce5fbf507dd667d6dc24dad51011bd988de49fcb53fc2805a29335914ff7f:record_1286,90th percentile,ED patients,unknown,ed patients,false,"[""unknown_unit_or_population""]",In house data collection  / P4R Year
file_161ce5fbf507dd667d6dc24dad51011bd988de49fcb53fc2805a29335914ff7f:record_1287,%,Hospital admitted patients,percent,hospital admitted patients,true,[],CIHI DAD / Quarter
file_161ce5fbf507dd667d6dc24dad51011bd988de49fcb53fc2805a29335914ff7f:record_1288,Hours,ED patients,hours,ed patients,true,[],CIHI NACRS / Other
file_161ce5fbf507dd667d6dc24dad51011bd988de49fcb53fc2805a29335914ff7f:record_1289,Hours,ED patients,hours,ed patients,true,[],CIHI NACRS / Other
file_161ce5fbf507dd667d6dc24dad51011bd988de49fcb53fc2805a29335914ff7f:record_1290,Hours,ED patients,hours,ed patients,true,[],CIHI NACRS / Other
file_161ce5fbf507dd667d6dc24dad51011bd988de49fcb53fc2805a29335914ff7f:record_1291,%,Patients,percent,patients,true,[],In house data collection  / Not applicable
file_161ce5fbf507dd667d6dc24dad51011bd988de49fcb53fc2805a29335914ff7f:record_1292,%,Survey respondents,percent,survey respondents,true,[],Local data collection / YTD Q3 24/25 (April 2024 - Dec 2024)
file_161ce5fbf507dd667d6dc24dad51011bd988de49fcb53fc2805a29335914ff7f:record_1293,%,Survey respondents,percent,survey respondents,true,[],Local data collection / YTD Q3 24/25 (April 2024 - Dec 2024)
file_161ce5fbf507dd667d6dc24dad51011bd988de49fcb53fc2805a29335914ff7f:record_1294,Hours,ED patients,hours,ed patients,true,[],CIHI NACRS / Other
file_161ce5fbf507dd667d6dc24dad51011bd988de49fcb53fc2805a29335914ff7f:record_1295,%,Staff,percent,staff,true,[],In house data collection  / 2025
file_161ce5fbf507dd667d6dc24dad51011bd988de49fcb53fc2805a29335914ff7f:record_1296,%,Survey respondents,percent,survey respondents,true,[],Other / 2025
file_161ce5fbf507dd667d6dc24dad51011bd988de49fcb53fc2805a29335914ff7f:record_1297,Count,Staff,count,staff,true,[],Hospital collected data / 2025
file_161ce5fbf507dd667d6dc24dad51011bd988de49fcb53fc2805a29335914ff7f:record_1298,%,Staff,percent,staff,true,[],Hospital collected data / 2025
file_161ce5fbf507dd667d6dc24dad51011bd988de49fcb53fc2805a29335914ff7f:record_1299,%,Survey respondents,percent,survey respondents,true,[],Local data collection / Other
file_161ce5fbf507dd667d6dc24dad51011bd988de49fcb53fc2805a29335914ff7f:record_1300,Hours,ED patients,hours,ed patients,true,[],CIHI NACRS / Other
file_161ce5fbf507dd667d6dc24dad51011bd988de49fcb53fc2805a29335914ff7f:record_1301,%,Staff,percent,staff,false,"[""incompatible_indicator_unit""]",Local data collection / Other
file_161ce5fbf507dd667d6dc24dad51011bd988de49fcb53fc2805a29335914ff7f:record_1302,%,Staff,percent,staff,false,"[""incompatible_indicator_unit""]",Local data collection / Other
file_161ce5fbf507dd667d6dc24dad51011bd988de49fcb53fc2805a29335914ff7f:record_1303,%,Staff,percent,staff,true,[],Local data collection / Other
file_161ce5fbf507dd667d6dc24dad51011bd988de49fcb53fc2805a29335914ff7f:record_1304,Hours,ED patients,hours,ed patients,true,[],CIHI NACRS / Other
file_161ce5fbf507dd667d6dc24dad51011bd988de49fcb53fc2805a29335914ff7f:record_1305,%,Staff,percent,staff,true,[],In house data collection  / 2025
file_161ce5fbf507dd667d6dc24dad51011bd988de49fcb53fc2805a29335914ff7f:record_1306,%,Survey respondents,percent,survey respondents,true,[],Other / 2025
file_161ce5fbf507dd667d6dc24dad51011bd988de49fcb53fc2805a29335914ff7f:record_1307,%,Staff,percent,staff,true,[],Hospital collected data / 2025
file_161ce5fbf507dd667d6dc24dad51011bd988de49fcb53fc2805a29335914ff7f:record_1308,Count,Staff,count,staff,true,[],Hospital collected data / 2025
file_161ce5fbf507dd667d6dc24dad51011bd988de49fcb53fc2805a29335914ff7f:record_1309,Other,Other,unknown,unknown,false,"[""unknown_unit_or_population""]",Other / End of fiscal year
file_161ce5fbf507dd667d6dc24dad51011bd988de49fcb53fc2805a29335914ff7f:record_1310,Other,Other,unknown,unknown,false,"[""unknown_unit_or_population""]",Other / End of fiscal year
file_161ce5fbf507dd667d6dc24dad51011bd988de49fcb53fc2805a29335914ff7f:record_1311,%,Other,percent,unknown,false,"[""unknown_unit_or_population""]",In-house survey / End of fiscal year
file_161ce5fbf507dd667d6dc24dad51011bd988de49fcb53fc2805a29335914ff7f:record_1312,%,Other,percent,unknown,false,"[""unknown_unit_or_population""]",In-house survey / End of fiscal year
file_161ce5fbf507dd667d6dc24dad51011bd988de49fcb53fc2805a29335914ff7f:record_1313,Other,Other,unknown,unknown,false,"[""unknown_unit_or_population""]",Other / End of fiscal year
file_161ce5fbf507dd667d6dc24dad51011bd988de49fcb53fc2805a29335914ff7f:record_1314,Other,Other,unknown,unknown,false,"[""unknown_unit_or_population""]",Other / End of fiscal year
file_161ce5fbf507dd667d6dc24dad51011bd988de49fcb53fc2805a29335914ff7f:record_1315,Other,Other,unknown,unknown,false,"[""unknown_unit_or_population""]",Other / End of fiscal year
file_161ce5fbf507dd667d6dc24dad51011bd988de49fcb53fc2805a29335914ff7f:record_1316,%,Hospital admitted patients,percent,hospital admitted patients,true,[],CIHI DAD / Quarter
file_161ce5fbf507dd667d6dc24dad51011bd988de49fcb53fc2805a29335914ff7f:record_1317,Hours,ED patients,hours,ed patients,true,[],CIHI NACRS / Other
file_161ce5fbf507dd667d6dc24dad51011bd988de49fcb53fc2805a29335914ff7f:record_1318,Hours,ED patients,hours,ed patients,true,[],CIHI NACRS / Other
file_161ce5fbf507dd667d6dc24dad51011bd988de49fcb53fc2805a29335914ff7f:record_1319,Hours,ED patients,hours,ed patients,true,[],CIHI NACRS / Other
file_161ce5fbf507dd667d6dc24dad51011bd988de49fcb53fc2805a29335914ff7f:record_1320,%,Patients,percent,patients,true,[],In house data collection  / Not applicable
file_161ce5fbf507dd667d6dc24dad51011bd988de49fcb53fc2805a29335914ff7f:record_1321,%,Survey respondents,percent,survey respondents,true,[],Local data collection / YTD Q3 24/25 (April 2024 - Dec 2024)
file_161ce5fbf507dd667d6dc24dad51011bd988de49fcb53fc2805a29335914ff7f:record_1322,%,Survey respondents,percent,survey respondents,true,[],Local data collection / YTD Q3 24/25 (April 2024 - Dec 2024)
file_161ce5fbf507dd667d6dc24dad51011bd988de49fcb53fc2805a29335914ff7f:record_1323,Minutes,Patients,minutes,patients,true,[],CIHI NACRS / Other
file_161ce5fbf507dd667d6dc24dad51011bd988de49fcb53fc2805a29335914ff7f:record_1324,Hours,ED patients,hours,ed patients,true,[],CIHI NACRS / Other
file_161ce5fbf507dd667d6dc24dad51011bd988de49fcb53fc2805a29335914ff7f:record_1325,Hours,ED patients,hours,ed patients,true,[],CIHI NACRS / Other
file_161ce5fbf507dd667d6dc24dad51011bd988de49fcb53fc2805a29335914ff7f:record_1326,Hours,ED patients,hours,ed patients,true,[],CIHI NACRS / Other
file_161ce5fbf507dd667d6dc24dad51011bd988de49fcb53fc2805a29335914ff7f:record_1327,Hours,ED patients,hours,ed patients,true,[],CIHI NACRS / Other
file_161ce5fbf507dd667d6dc24dad51011bd988de49fcb53fc2805a29335914ff7f:record_1328,%,Staff,percent,staff,false,"[""incompatible_indicator_unit""]",Local data collection / Other
file_161ce5fbf507dd667d6dc24dad51011bd988de49fcb53fc2805a29335914ff7f:record_1329,%,Staff,percent,staff,false,"[""incompatible_indicator_unit""]",Local data collection / Other
file_161ce5fbf507dd667d6dc24dad51011bd988de49fcb53fc2805a29335914ff7f:record_1330,%,Staff,percent,staff,false,"[""incompatible_indicator_unit""]",Local data collection / Other
file_161ce5fbf507dd667d6dc24dad51011bd988de49fcb53fc2805a29335914ff7f:record_1331,%,Staff,percent,staff,true,[],Local data collection / Other
file_161ce5fbf507dd667d6dc24dad51011bd988de49fcb53fc2805a29335914ff7f:record_1332,%,Staff,percent,staff,true,[],Local data collection / Other
file_161ce5fbf507dd667d6dc24dad51011bd988de49fcb53fc2805a29335914ff7f:record_1333,%,Staff,percent,staff,true,[],Local data collection / Other
file_161ce5fbf507dd667d6dc24dad51011bd988de49fcb53fc2805a29335914ff7f:record_1334,Hours,ED patients,hours,ed patients,true,[],CIHI NACRS / Other
file_161ce5fbf507dd667d6dc24dad51011bd988de49fcb53fc2805a29335914ff7f:record_1335,Hours,ED patients,hours,ed patients,true,[],CIHI NACRS / Other
file_161ce5fbf507dd667d6dc24dad51011bd988de49fcb53fc2805a29335914ff7f:record_1336,%,Hospital admitted patients,percent,hospital admitted patients,true,[],"In house data collection  / April 1, 2025 - March 31, 2026"
file_161ce5fbf507dd667d6dc24dad51011bd988de49fcb53fc2805a29335914ff7f:record_1337,"Rate per 1,000 patient days",N/a,rate_per_1000_patient_days,unknown,false,"[""unknown_unit_or_population""]","In house data collection  / April 1, 2025- March 31, 2026"
file_161ce5fbf507dd667d6dc24dad51011bd988de49fcb53fc2805a29335914ff7f:record_1338,%,Staff,percent,staff,true,[],"In house data collection  / April 1, 2025- March 31, 2026"
file_161ce5fbf507dd667d6dc24dad51011bd988de49fcb53fc2805a29335914ff7f:record_1339,%,Discharged patients ,percent,discharged patients,true,[],Local data collection / Other
file_161ce5fbf507dd667d6dc24dad51011bd988de49fcb53fc2805a29335914ff7f:record_1340,%,Survey respondents,percent,survey respondents,true,[],Local data collection / Other
file_161ce5fbf507dd667d6dc24dad51011bd988de49fcb53fc2805a29335914ff7f:record_1341,Hours,ED patients,hours,ed patients,true,[],CIHI NACRS / Other
file_161ce5fbf507dd667d6dc24dad51011bd988de49fcb53fc2805a29335914ff7f:record_1342,Hours,ED patients,hours,ed patients,true,[],CIHI NACRS / Other
file_161ce5fbf507dd667d6dc24dad51011bd988de49fcb53fc2805a29335914ff7f:record_1343,%,ED patients,percent,ed patients,true,[],"In house data collection  / April 1, 2025- March 31, 2026"
file_161ce5fbf507dd667d6dc24dad51011bd988de49fcb53fc2805a29335914ff7f:record_1344,Minutes,Patients,minutes,patients,true,[],CIHI NACRS / Other
file_161ce5fbf507dd667d6dc24dad51011bd988de49fcb53fc2805a29335914ff7f:record_1345,Minutes,Patients,minutes,patients,true,[],CIHI NACRS / Other
file_161ce5fbf507dd667d6dc24dad51011bd988de49fcb53fc2805a29335914ff7f:record_1346,Hours,ED patients,hours,ed patients,true,[],CIHI NACRS / Other
file_161ce5fbf507dd667d6dc24dad51011bd988de49fcb53fc2805a29335914ff7f:record_1347,Hours,ED patients,hours,ed patients,true,[],CIHI NACRS / Other
file_161ce5fbf507dd667d6dc24dad51011bd988de49fcb53fc2805a29335914ff7f:record_1348,Hours,ED patients,hours,ed patients,true,[],CIHI NACRS / Other
file_161ce5fbf507dd667d6dc24dad51011bd988de49fcb53fc2805a29335914ff7f:record_1349,Hours,ED patients,hours,ed patients,true,[],CIHI NACRS / Other
file_161ce5fbf507dd667d6dc24dad51011bd988de49fcb53fc2805a29335914ff7f:record_1350,Hours,ED patients,hours,ed patients,true,[],CIHI NACRS / Other
file_161ce5fbf507dd667d6dc24dad51011bd988de49fcb53fc2805a29335914ff7f:record_1351,Hours,ED patients,hours,ed patients,true,[],CIHI NACRS / Other
file_161ce5fbf507dd667d6dc24dad51011bd988de49fcb53fc2805a29335914ff7f:record_1352,Hours,ED patients,hours,ed patients,true,[],CIHI NACRS / Other
file_161ce5fbf507dd667d6dc24dad51011bd988de49fcb53fc2805a29335914ff7f:record_1353,Number,Staff,count,staff,true,[],Local data collection / Avril 2025 - Mars 2026
file_161ce5fbf507dd667d6dc24dad51011bd988de49fcb53fc2805a29335914ff7f:record_1354,Number,Staff,count,staff,true,[],Local data collection / Avril 2025 - Mars 2026
file_161ce5fbf507dd667d6dc24dad51011bd988de49fcb53fc2805a29335914ff7f:record_1355,%,Survey respondents,percent,survey respondents,true,[],In house data collection  / Période de 12 mois consécutifs la plus récente
file_161ce5fbf507dd667d6dc24dad51011bd988de49fcb53fc2805a29335914ff7f:record_1356,%,Survey respondents,percent,survey respondents,true,[],In house data collection  / Période de 12 mois consécutifs la plus récente
file_161ce5fbf507dd667d6dc24dad51011bd988de49fcb53fc2805a29335914ff7f:record_1357,%,Survey respondents,percent,survey respondents,true,[],In house data collection  / Période de 12 mois consécutifs la plus récente
file_161ce5fbf507dd667d6dc24dad51011bd988de49fcb53fc2805a29335914ff7f:record_1358,%,Survey respondents,percent,survey respondents,true,[],In house data collection  / Période de 12 mois consécutifs la plus récente
file_161ce5fbf507dd667d6dc24dad51011bd988de49fcb53fc2805a29335914ff7f:record_1359,Hours,ED patients,hours,ed patients,true,[],CIHI NACRS / Other
file_161ce5fbf507dd667d6dc24dad51011bd988de49fcb53fc2805a29335914ff7f:record_1360,Hours,ED patients,hours,ed patients,true,[],CIHI NACRS / Other
file_161ce5fbf507dd667d6dc24dad51011bd988de49fcb53fc2805a29335914ff7f:record_1361,Hours,ED patients,hours,ed patients,true,[],CIHI NACRS / Other
file_161ce5fbf507dd667d6dc24dad51011bd988de49fcb53fc2805a29335914ff7f:record_1362,Days,Clients,days,clients,true,[],In house data collection  / Q1-Q3
file_161ce5fbf507dd667d6dc24dad51011bd988de49fcb53fc2805a29335914ff7f:record_1363,Days,Clients,days,clients,true,[],In house data collection  / Q1-Q3
file_161ce5fbf507dd667d6dc24dad51011bd988de49fcb53fc2805a29335914ff7f:record_1364,Days,Clients,days,clients,true,[],In house data collection  / Q1-Q3
file_161ce5fbf507dd667d6dc24dad51011bd988de49fcb53fc2805a29335914ff7f:record_1365,%,Staff,percent,staff,true,[],In house data collection  / Q1-Q3
file_161ce5fbf507dd667d6dc24dad51011bd988de49fcb53fc2805a29335914ff7f:record_1366,%,Staff,percent,staff,true,[],In house data collection  / Q1-Q3
file_161ce5fbf507dd667d6dc24dad51011bd988de49fcb53fc2805a29335914ff7f:record_1367,%,Staff,percent,staff,true,[],In house data collection  / Q1-Q3
file_161ce5fbf507dd667d6dc24dad51011bd988de49fcb53fc2805a29335914ff7f:record_1368,%,Survey respondents,percent,survey respondents,true,[],In house data collection  / Q1 - Q3
file_161ce5fbf507dd667d6dc24dad51011bd988de49fcb53fc2805a29335914ff7f:record_1369,%,Survey respondents,percent,survey respondents,true,[],In house data collection  / Q1 - Q3
file_161ce5fbf507dd667d6dc24dad51011bd988de49fcb53fc2805a29335914ff7f:record_1370,%,Survey respondents,percent,survey respondents,true,[],In house data collection  / Q1 - Q3
file_161ce5fbf507dd667d6dc24dad51011bd988de49fcb53fc2805a29335914ff7f:record_1371,%,Patients,percent,patients,true,[],In house data collection  / Q1-Q3
file_161ce5fbf507dd667d6dc24dad51011bd988de49fcb53fc2805a29335914ff7f:record_1372,%,Patients,percent,patients,true,[],In house data collection  / Q1-Q3
file_161ce5fbf507dd667d6dc24dad51011bd988de49fcb53fc2805a29335914ff7f:record_1373,%,Other,percent,unknown,false,"[""unknown_unit_or_population""]",In house data collection  / Q1-Q3
file_161ce5fbf507dd667d6dc24dad51011bd988de49fcb53fc2805a29335914ff7f:record_1374,%,Other,percent,unknown,false,"[""unknown_unit_or_population""]",In house data collection  / Q1-Q3
file_161ce5fbf507dd667d6dc24dad51011bd988de49fcb53fc2805a29335914ff7f:record_1375,%,Other,percent,unknown,false,"[""unknown_unit_or_population""]",In house data collection  / Q1-Q3
file_161ce5fbf507dd667d6dc24dad51011bd988de49fcb53fc2805a29335914ff7f:record_1376,%,Other,percent,unknown,false,"[""unknown_unit_or_population""]",In house data collection  / Q1-Q3
file_161ce5fbf507dd667d6dc24dad51011bd988de49fcb53fc2805a29335914ff7f:record_1377,%,Survey respondents,percent,survey respondents,true,[],Local data collection / Other
file_161ce5fbf507dd667d6dc24dad51011bd988de49fcb53fc2805a29335914ff7f:record_1378,%,ALC patients,percent,alc patients,true,[],In house data collection  / April 2025 to March 2026
file_161ce5fbf507dd667d6dc24dad51011bd988de49fcb53fc2805a29335914ff7f:record_1379,%,Health providers in the entire facility,percent,health providers in the entire facility,true,[],In house data collection  / April 2025 to March 2026
file_161ce5fbf507dd667d6dc24dad51011bd988de49fcb53fc2805a29335914ff7f:record_1380,%,Health providers in the entire facility,percent,health providers in the entire facility,true,[],In house data collection  / April 2025 to March 2026
file_161ce5fbf507dd667d6dc24dad51011bd988de49fcb53fc2805a29335914ff7f:record_1381,%,Other,percent,unknown,false,"[""unknown_unit_or_population""]",In house data collection  / Q1-Q4 target met by fiscal year end
file_161ce5fbf507dd667d6dc24dad51011bd988de49fcb53fc2805a29335914ff7f:record_1382,%,Other,percent,unknown,false,"[""unknown_unit_or_population""]",In house data collection  / Q1-Q4 target met by fiscal year end
file_161ce5fbf507dd667d6dc24dad51011bd988de49fcb53fc2805a29335914ff7f:record_1383,%,Other,percent,unknown,false,"[""unknown_unit_or_population""]",In house data collection  / Q1-Q4 target met by fiscal year end
file_161ce5fbf507dd667d6dc24dad51011bd988de49fcb53fc2805a29335914ff7f:record_1384,%,Other,percent,unknown,false,"[""unknown_unit_or_population""]",In house data collection  / Q1-Q4 target met by fiscal year end
file_161ce5fbf507dd667d6dc24dad51011bd988de49fcb53fc2805a29335914ff7f:record_1385,%,Staff,percent,staff,true,[],In house data collection  / Q1-Q4 quarterly target
file_161ce5fbf507dd667d6dc24dad51011bd988de49fcb53fc2805a29335914ff7f:record_1386,%,Staff,percent,staff,true,[],In house data collection  / Q1-Q4 quarterly target
file_161ce5fbf507dd667d6dc24dad51011bd988de49fcb53fc2805a29335914ff7f:record_1387,%,Staff,percent,staff,true,[],In house data collection  / Q1-Q4 quarterly target
file_161ce5fbf507dd667d6dc24dad51011bd988de49fcb53fc2805a29335914ff7f:record_1388,%,Other,percent,unknown,false,"[""unknown_unit_or_population""]",In house data collection  / Q1-Q4 target met by fiscal year end
file_161ce5fbf507dd667d6dc24dad51011bd988de49fcb53fc2805a29335914ff7f:record_1389,%,Other,percent,unknown,false,"[""unknown_unit_or_population""]",In house data collection  / Q1-Q4 target met by fiscal year end
file_161ce5fbf507dd667d6dc24dad51011bd988de49fcb53fc2805a29335914ff7f:record_1390,%,Other,percent,unknown,false,"[""unknown_unit_or_population""]",In house data collection  / Q1-Q4 target met by fiscal year end
file_161ce5fbf507dd667d6dc24dad51011bd988de49fcb53fc2805a29335914ff7f:record_1391,%,Other,percent,unknown,false,"[""unknown_unit_or_population""]",In house data collection  / Q1-Q4 target met by fiscal year end
file_161ce5fbf507dd667d6dc24dad51011bd988de49fcb53fc2805a29335914ff7f:record_1392,%,Discharged patients ,percent,discharged patients,true,[],Local data collection / Other
file_161ce5fbf507dd667d6dc24dad51011bd988de49fcb53fc2805a29335914ff7f:record_1393,%,Discharged patients ,percent,discharged patients,true,[],Local data collection / Other
file_161ce5fbf507dd667d6dc24dad51011bd988de49fcb53fc2805a29335914ff7f:record_1394,%,Discharged patients ,percent,discharged patients,true,[],Local data collection / Other
file_161ce5fbf507dd667d6dc24dad51011bd988de49fcb53fc2805a29335914ff7f:record_1395,%,Survey respondents,percent,survey respondents,true,[],Local data collection / Other
file_161ce5fbf507dd667d6dc24dad51011bd988de49fcb53fc2805a29335914ff7f:record_1396,%,Survey respondents,percent,survey respondents,true,[],Local data collection / Other
file_161ce5fbf507dd667d6dc24dad51011bd988de49fcb53fc2805a29335914ff7f:record_1397,%,Survey respondents,percent,survey respondents,true,[],Local data collection / Other
file_161ce5fbf507dd667d6dc24dad51011bd988de49fcb53fc2805a29335914ff7f:record_1398,%,Survey respondents,percent,survey respondents,true,[],Local data collection / Other
file_161ce5fbf507dd667d6dc24dad51011bd988de49fcb53fc2805a29335914ff7f:record_1399,%,Survey respondents,percent,survey respondents,true,[],Local data collection / Other
file_161ce5fbf507dd667d6dc24dad51011bd988de49fcb53fc2805a29335914ff7f:record_1400,Minutes,Patients,minutes,patients,true,[],CIHI NACRS / Other
file_161ce5fbf507dd667d6dc24dad51011bd988de49fcb53fc2805a29335914ff7f:record_1401,Minutes,Patients,minutes,patients,true,[],CIHI NACRS / Other
file_161ce5fbf507dd667d6dc24dad51011bd988de49fcb53fc2805a29335914ff7f:record_1402,Minutes,Patients,minutes,patients,true,[],CIHI NACRS / Other
file_161ce5fbf507dd667d6dc24dad51011bd988de49fcb53fc2805a29335914ff7f:record_1403,Hours,ED patients,hours,ed patients,true,[],CIHI NACRS / Other
file_161ce5fbf507dd667d6dc24dad51011bd988de49fcb53fc2805a29335914ff7f:record_1404,Hours,ED patients,hours,ed patients,true,[],CIHI NACRS / Other
file_161ce5fbf507dd667d6dc24dad51011bd988de49fcb53fc2805a29335914ff7f:record_1405,Hours,ED patients,hours,ed patients,true,[],CIHI NACRS / Other
file_161ce5fbf507dd667d6dc24dad51011bd988de49fcb53fc2805a29335914ff7f:record_1406,%,Hospital admitted patients,percent,hospital admitted patients,true,[],CIHI DAD / Quarter
file_161ce5fbf507dd667d6dc24dad51011bd988de49fcb53fc2805a29335914ff7f:record_1407,%,Hospital admitted patients,percent,hospital admitted patients,true,[],CIHI DAD / Quarter
file_161ce5fbf507dd667d6dc24dad51011bd988de49fcb53fc2805a29335914ff7f:record_1408,%,Hospital admitted patients,percent,hospital admitted patients,true,[],CIHI DAD / Quarter
file_161ce5fbf507dd667d6dc24dad51011bd988de49fcb53fc2805a29335914ff7f:record_1409,%,Staff,percent,staff,false,"[""incompatible_indicator_unit""]",Local data collection / Other
file_161ce5fbf507dd667d6dc24dad51011bd988de49fcb53fc2805a29335914ff7f:record_1410,%,Staff,percent,staff,false,"[""incompatible_indicator_unit""]",Local data collection / Other
file_161ce5fbf507dd667d6dc24dad51011bd988de49fcb53fc2805a29335914ff7f:record_1411,%,Staff,percent,staff,false,"[""incompatible_indicator_unit""]",Local data collection / Other
file_161ce5fbf507dd667d6dc24dad51011bd988de49fcb53fc2805a29335914ff7f:record_1412,%,Staff,percent,staff,false,"[""incompatible_indicator_unit""]",Local data collection / Other
file_161ce5fbf507dd667d6dc24dad51011bd988de49fcb53fc2805a29335914ff7f:record_1413,%,Staff,percent,staff,false,"[""incompatible_indicator_unit""]",Local data collection / Other
file_161ce5fbf507dd667d6dc24dad51011bd988de49fcb53fc2805a29335914ff7f:record_1414,%,Staff,percent,staff,false,"[""incompatible_indicator_unit""]",Local data collection / Other
file_161ce5fbf507dd667d6dc24dad51011bd988de49fcb53fc2805a29335914ff7f:record_1415,%,Staff,percent,staff,false,"[""incompatible_indicator_unit""]",Local data collection / Other
file_161ce5fbf507dd667d6dc24dad51011bd988de49fcb53fc2805a29335914ff7f:record_1416,%,Staff,percent,staff,true,[],Local data collection / Other
file_161ce5fbf507dd667d6dc24dad51011bd988de49fcb53fc2805a29335914ff7f:record_1417,%,Staff,percent,staff,true,[],Local data collection / Other
file_161ce5fbf507dd667d6dc24dad51011bd988de49fcb53fc2805a29335914ff7f:record_1418,%,Staff,percent,staff,true,[],Local data collection / Other
file_161ce5fbf507dd667d6dc24dad51011bd988de49fcb53fc2805a29335914ff7f:record_1419,Hours,ED patients,hours,ed patients,true,[],CIHI NACRS / Other
file_161ce5fbf507dd667d6dc24dad51011bd988de49fcb53fc2805a29335914ff7f:record_1420,Hours,ED patients,hours,ed patients,true,[],CIHI NACRS / Other
file_161ce5fbf507dd667d6dc24dad51011bd988de49fcb53fc2805a29335914ff7f:record_1421,%,Hospital admitted patients,percent,hospital admitted patients,true,[],CIHI DAD / Quarter
file_161ce5fbf507dd667d6dc24dad51011bd988de49fcb53fc2805a29335914ff7f:record_1422,%,Hospital admitted patients,percent,hospital admitted patients,true,[],CIHI DAD / Quarter
file_161ce5fbf507dd667d6dc24dad51011bd988de49fcb53fc2805a29335914ff7f:record_1423,%,Hospital admitted patients,percent,hospital admitted patients,true,[],CIHI DAD / Quarter
file_161ce5fbf507dd667d6dc24dad51011bd988de49fcb53fc2805a29335914ff7f:record_1424,%,Hospital admitted patients,percent,hospital admitted patients,true,[],CIHI DAD / Quarter
file_161ce5fbf507dd667d6dc24dad51011bd988de49fcb53fc2805a29335914ff7f:record_1425,%,Staff,percent,staff,true,[],Local data collection / Other
file_161ce5fbf507dd667d6dc24dad51011bd988de49fcb53fc2805a29335914ff7f:record_1426,%,Staff,percent,staff,true,[],Local data collection / Other
file_161ce5fbf507dd667d6dc24dad51011bd988de49fcb53fc2805a29335914ff7f:record_1427,Other,ED patients,unknown,ed patients,false,"[""unknown_unit_or_population""]",CIHI NACRS / Jan - Sept 2024
file_161ce5fbf507dd667d6dc24dad51011bd988de49fcb53fc2805a29335914ff7f:record_1428,Other,ED patients,unknown,ed patients,false,"[""unknown_unit_or_population""]",CIHI NACRS / Jan - Sept 2024
file_161ce5fbf507dd667d6dc24dad51011bd988de49fcb53fc2805a29335914ff7f:record_1429,Other,ED patients,unknown,ed patients,false,"[""unknown_unit_or_population""]",CIHI NACRS / Jan - Sept 2024
file_161ce5fbf507dd667d6dc24dad51011bd988de49fcb53fc2805a29335914ff7f:record_1430,Other,ED patients,unknown,ed patients,false,"[""unknown_unit_or_population""]",CIHI NACRS / Jan - Sept 2024
file_161ce5fbf507dd667d6dc24dad51011bd988de49fcb53fc2805a29335914ff7f:record_1431,Other,ED patients,unknown,ed patients,false,"[""unknown_unit_or_population""]",CIHI NACRS / Jan - Sept 2024
file_161ce5fbf507dd667d6dc24dad51011bd988de49fcb53fc2805a29335914ff7f:record_1432,Other,ED patients,unknown,ed patients,false,"[""unknown_unit_or_population""]",CIHI NACRS / Jan - Sept 2024
file_161ce5fbf507dd667d6dc24dad51011bd988de49fcb53fc2805a29335914ff7f:record_1433,Other,ED patients,unknown,ed patients,false,"[""unknown_unit_or_population""]",CIHI NACRS / Jan - Sept 2024
file_161ce5fbf507dd667d6dc24dad51011bd988de49fcb53fc2805a29335914ff7f:record_1434,Other,ED patients,unknown,ed patients,false,"[""unknown_unit_or_population""]",CIHI NACRS / Jan - Sept 2024
file_161ce5fbf507dd667d6dc24dad51011bd988de49fcb53fc2805a29335914ff7f:record_1435,Days,All patients,days,all patients,true,[],WTIS / Apr 1 2025 - Mar 31 2026
file_161ce5fbf507dd667d6dc24dad51011bd988de49fcb53fc2805a29335914ff7f:record_1436,Days,All patients,days,all patients,true,[],WTIS / Apr 1 2025 - Mar 31 2026
file_161ce5fbf507dd667d6dc24dad51011bd988de49fcb53fc2805a29335914ff7f:record_1437,Days,All patients,days,all patients,true,[],WTIS / Apr 1 2025 - Mar 31 2026
file_161ce5fbf507dd667d6dc24dad51011bd988de49fcb53fc2805a29335914ff7f:record_1438,Days,All patients,days,all patients,true,[],WTIS / Apr 1 2025 - Mar 31 2026
file_161ce5fbf507dd667d6dc24dad51011bd988de49fcb53fc2805a29335914ff7f:record_1439,Hours,All inpatients,hours,all inpatients,true,[],"Local data collection / Apr 1 2025 - Mar 31, 2026"
file_161ce5fbf507dd667d6dc24dad51011bd988de49fcb53fc2805a29335914ff7f:record_1440,Hours,All inpatients,hours,all inpatients,true,[],"Local data collection / Apr 1 2025 - Mar 31, 2026"
file_161ce5fbf507dd667d6dc24dad51011bd988de49fcb53fc2805a29335914ff7f:record_1441,Hours,All inpatients,hours,all inpatients,true,[],"Local data collection / Apr 1 2025 - Mar 31, 2026"
file_161ce5fbf507dd667d6dc24dad51011bd988de49fcb53fc2805a29335914ff7f:record_1442,Other,Staff,unknown,staff,false,"[""unknown_unit_or_population""]","In house data collection  / Apr 1 2025 - Mar 31, 2026"
file_161ce5fbf507dd667d6dc24dad51011bd988de49fcb53fc2805a29335914ff7f:record_1443,Other,Staff,unknown,staff,false,"[""unknown_unit_or_population""]","In house data collection  / Apr 1 2025 - Mar 31, 2026"
file_161ce5fbf507dd667d6dc24dad51011bd988de49fcb53fc2805a29335914ff7f:record_1444,Minutes,Patients,minutes,patients,true,[],CIHI NACRS / Other
file_161ce5fbf507dd667d6dc24dad51011bd988de49fcb53fc2805a29335914ff7f:record_1445,%,ED patients,percent,ed patients,true,[],CIHI NACRS / Fiscal Year
file_161ce5fbf507dd667d6dc24dad51011bd988de49fcb53fc2805a29335914ff7f:record_1446,%,Staff,percent,staff,false,"[""incompatible_indicator_unit""]",Local data collection / Other
file_161ce5fbf507dd667d6dc24dad51011bd988de49fcb53fc2805a29335914ff7f:record_1447,%,Staff,percent,staff,false,"[""incompatible_indicator_unit""]",Local data collection / Other
file_161ce5fbf507dd667d6dc24dad51011bd988de49fcb53fc2805a29335914ff7f:record_1448,Hours,ED patients,hours,ed patients,true,[],CIHI NACRS / Other
file_161ce5fbf507dd667d6dc24dad51011bd988de49fcb53fc2805a29335914ff7f:record_1449,Number,ED patients,count,ed patients,true,[],CIHI NACRS / Fiscal Year
file_161ce5fbf507dd667d6dc24dad51011bd988de49fcb53fc2805a29335914ff7f:record_1450,%,Other,percent,unknown,false,"[""unknown_unit_or_population""]","In house data collection  / April 1, 2025- May 31, 2026"
file_161ce5fbf507dd667d6dc24dad51011bd988de49fcb53fc2805a29335914ff7f:record_1451,%,Discharged patients ,percent,discharged patients,true,[],"In house data collection  / April 1, 2025- March 31, 2026"
file_161ce5fbf507dd667d6dc24dad51011bd988de49fcb53fc2805a29335914ff7f:record_1452,%,Discharged patients ,percent,discharged patients,true,[],"In house data collection  / April 1, 2025- March 31, 2026"
file_161ce5fbf507dd667d6dc24dad51011bd988de49fcb53fc2805a29335914ff7f:record_1453,%,Discharged patients ,percent,discharged patients,true,[],"In house data collection  / April 1, 2025- March 31, 2026"
file_161ce5fbf507dd667d6dc24dad51011bd988de49fcb53fc2805a29335914ff7f:record_1454,%,Discharged patients ,percent,discharged patients,true,[],"In house data collection  / April 1, 2025- March 31, 2026"
file_161ce5fbf507dd667d6dc24dad51011bd988de49fcb53fc2805a29335914ff7f:record_1455,%,Discharged patients ,percent,discharged patients,true,[],"In house data collection  / April 1, 2025- March 31, 2026"
file_161ce5fbf507dd667d6dc24dad51011bd988de49fcb53fc2805a29335914ff7f:record_1456,%,Discharged patients ,percent,discharged patients,true,[],"In house data collection  / April 1, 2025- March 31, 2026"
file_161ce5fbf507dd667d6dc24dad51011bd988de49fcb53fc2805a29335914ff7f:record_1457,%,All inpatients,percent,all inpatients,true,[],"Hospital collected data / April 1. 2025- March 31, 2026"
file_161ce5fbf507dd667d6dc24dad51011bd988de49fcb53fc2805a29335914ff7f:record_1458,%,All inpatients,percent,all inpatients,true,[],"Hospital collected data / April 1. 2025- March 31, 2026"
file_161ce5fbf507dd667d6dc24dad51011bd988de49fcb53fc2805a29335914ff7f:record_1459,%,All inpatients,percent,all inpatients,true,[],"Hospital collected data / April 1. 2025- March 31, 2026"
file_161ce5fbf507dd667d6dc24dad51011bd988de49fcb53fc2805a29335914ff7f:record_1460,%,All inpatients,percent,all inpatients,true,[],"Hospital collected data / April 1. 2025- March 31, 2026"
file_161ce5fbf507dd667d6dc24dad51011bd988de49fcb53fc2805a29335914ff7f:record_1461,"Rate per 1,000",All inpatients,rate_per_1000,all inpatients,true,[],"Hospital collected data / April 1. 2025- March 31, 2026"
file_161ce5fbf507dd667d6dc24dad51011bd988de49fcb53fc2805a29335914ff7f:record_1462,"Rate per 1,000",All inpatients,rate_per_1000,all inpatients,true,[],"Hospital collected data / April 1. 2025- March 31, 2026"
file_161ce5fbf507dd667d6dc24dad51011bd988de49fcb53fc2805a29335914ff7f:record_1463,"Rate per 1,000",All inpatients,rate_per_1000,all inpatients,true,[],"Hospital collected data / April 1. 2025- March 31, 2026"
file_161ce5fbf507dd667d6dc24dad51011bd988de49fcb53fc2805a29335914ff7f:record_1464,%,Staff,percent,staff,true,[],Local data collection / 2023 and 2024 calendar years
file_161ce5fbf507dd667d6dc24dad51011bd988de49fcb53fc2805a29335914ff7f:record_1465,%,Staff,percent,staff,true,[],Local data collection / 2023 and 2024 calendar years
file_161ce5fbf507dd667d6dc24dad51011bd988de49fcb53fc2805a29335914ff7f:record_1466,%,Staff,percent,staff,true,[],Local data collection / 2023 and 2024 calendar years
file_161ce5fbf507dd667d6dc24dad51011bd988de49fcb53fc2805a29335914ff7f:record_1467,Hours,ED patients,hours,ed patients,true,[],CIHI NACRS / Other
file_161ce5fbf507dd667d6dc24dad51011bd988de49fcb53fc2805a29335914ff7f:record_1468,Number,ED patients,count,ed patients,true,[],Local data collection / Sep 2024 to Feb 2025 (seasonal surge period)
file_161ce5fbf507dd667d6dc24dad51011bd988de49fcb53fc2805a29335914ff7f:record_1469,Number,ED patients,count,ed patients,true,[],Local data collection / Sep 2024 to Feb 2025 (seasonal surge period)
file_161ce5fbf507dd667d6dc24dad51011bd988de49fcb53fc2805a29335914ff7f:record_1470,Number,ED patients,count,ed patients,true,[],Local data collection / Sep 2024 to Feb 2025 (seasonal surge period)
file_161ce5fbf507dd667d6dc24dad51011bd988de49fcb53fc2805a29335914ff7f:record_1471,Number,ED patients,count,ed patients,true,[],Local data collection / Sep 2024 to Feb 2025 (seasonal surge period)
file_161ce5fbf507dd667d6dc24dad51011bd988de49fcb53fc2805a29335914ff7f:record_1472,Number,Other,count,unknown,false,"[""unknown_unit_or_population""]",Local data collection / April to March
file_161ce5fbf507dd667d6dc24dad51011bd988de49fcb53fc2805a29335914ff7f:record_1473,%,Other,percent,unknown,false,"[""unknown_unit_or_population""]",Local data collection / Jan 2024
file_161ce5fbf507dd667d6dc24dad51011bd988de49fcb53fc2805a29335914ff7f:record_1474,Other,All patients,unknown,all patients,false,"[""unknown_unit_or_population""]",Local data collection / Apr to Mar
file_161ce5fbf507dd667d6dc24dad51011bd988de49fcb53fc2805a29335914ff7f:record_1475,%,Other,percent,unknown,false,"[""unknown_unit_or_population"",""incompatible_indicator_population""]",Local data collection / Jan to Dec 2024
file_161ce5fbf507dd667d6dc24dad51011bd988de49fcb53fc2805a29335914ff7f:record_1476,%,Other,percent,unknown,false,"[""unknown_unit_or_population"",""incompatible_indicator_population""]",Local data collection / Jan to Dec 2024
file_161ce5fbf507dd667d6dc24dad51011bd988de49fcb53fc2805a29335914ff7f:record_1477,%,Discharged patients ,percent,discharged patients,true,[],Local data collection / Other
file_161ce5fbf507dd667d6dc24dad51011bd988de49fcb53fc2805a29335914ff7f:record_1478,%,Discharged patients ,percent,discharged patients,true,[],Local data collection / Other
file_161ce5fbf507dd667d6dc24dad51011bd988de49fcb53fc2805a29335914ff7f:record_1479,%,Survey respondents,percent,survey respondents,true,[],Local data collection / Other
file_161ce5fbf507dd667d6dc24dad51011bd988de49fcb53fc2805a29335914ff7f:record_1480,%,Survey respondents,percent,survey respondents,true,[],Local data collection / Other
file_161ce5fbf507dd667d6dc24dad51011bd988de49fcb53fc2805a29335914ff7f:record_1481,%,Survey respondents,percent,survey respondents,true,[],Local data collection / Other
file_161ce5fbf507dd667d6dc24dad51011bd988de49fcb53fc2805a29335914ff7f:record_1482,Minutes,Patients,minutes,patients,true,[],CIHI NACRS / Other
file_161ce5fbf507dd667d6dc24dad51011bd988de49fcb53fc2805a29335914ff7f:record_1483,Minutes,Patients,minutes,patients,true,[],CIHI NACRS / Other
file_161ce5fbf507dd667d6dc24dad51011bd988de49fcb53fc2805a29335914ff7f:record_1484,%,Staff,percent,staff,false,"[""incompatible_indicator_unit""]",Local data collection / Other
file_161ce5fbf507dd667d6dc24dad51011bd988de49fcb53fc2805a29335914ff7f:record_1485,%,Staff,percent,staff,false,"[""incompatible_indicator_unit""]",Local data collection / Other
file_161ce5fbf507dd667d6dc24dad51011bd988de49fcb53fc2805a29335914ff7f:record_1486,%,Staff,percent,staff,false,"[""incompatible_indicator_unit""]",Local data collection / Other
file_161ce5fbf507dd667d6dc24dad51011bd988de49fcb53fc2805a29335914ff7f:record_1487,%,Staff,percent,staff,true,[],Local data collection / Other
file_161ce5fbf507dd667d6dc24dad51011bd988de49fcb53fc2805a29335914ff7f:record_1488,Hours,ED patients,hours,ed patients,true,[],CIHI NACRS / Other
file_161ce5fbf507dd667d6dc24dad51011bd988de49fcb53fc2805a29335914ff7f:record_1489,Hours,ED patients,hours,ed patients,true,[],CIHI NACRS / Other
file_161ce5fbf507dd667d6dc24dad51011bd988de49fcb53fc2805a29335914ff7f:record_1490,%,ED patients,percent,ed patients,true,[],CIHI NACRS / 2025
file_161ce5fbf507dd667d6dc24dad51011bd988de49fcb53fc2805a29335914ff7f:record_1491,%,ED patients,percent,ed patients,true,[],CIHI NACRS / 2025
file_161ce5fbf507dd667d6dc24dad51011bd988de49fcb53fc2805a29335914ff7f:record_1492,Days,Other,days,unknown,false,"[""unknown_unit_or_population""]",CCO iPort Access / 2025
file_161ce5fbf507dd667d6dc24dad51011bd988de49fcb53fc2805a29335914ff7f:record_1493,Days,Other,days,unknown,false,"[""unknown_unit_or_population""]",CCO iPort Access / 2025
file_161ce5fbf507dd667d6dc24dad51011bd988de49fcb53fc2805a29335914ff7f:record_1494,%,Discharged patients ,percent,discharged patients,true,[],Local data collection / Other
file_161ce5fbf507dd667d6dc24dad51011bd988de49fcb53fc2805a29335914ff7f:record_1495,%,Survey respondents,percent,survey respondents,true,[],Local data collection / Other
file_161ce5fbf507dd667d6dc24dad51011bd988de49fcb53fc2805a29335914ff7f:record_1496,Minutes,Patients,minutes,patients,true,[],CIHI NACRS / Other
file_161ce5fbf507dd667d6dc24dad51011bd988de49fcb53fc2805a29335914ff7f:record_1497,%,Hospital admitted patients,percent,hospital admitted patients,true,[],CIHI DAD / Quarter
file_161ce5fbf507dd667d6dc24dad51011bd988de49fcb53fc2805a29335914ff7f:record_1498,%,Staff,percent,staff,true,[],Local data collection / Other
file_161ce5fbf507dd667d6dc24dad51011bd988de49fcb53fc2805a29335914ff7f:record_1499,Hours,ED patients,hours,ed patients,true,[],CIHI NACRS / Other
file_161ce5fbf507dd667d6dc24dad51011bd988de49fcb53fc2805a29335914ff7f:record_1500,%,Staff,percent,staff,true,[],In house data collection  / 2024/2025
file_161ce5fbf507dd667d6dc24dad51011bd988de49fcb53fc2805a29335914ff7f:record_1501,%,Discharged patients ,percent,discharged patients,true,[],Local data collection / Other
file_161ce5fbf507dd667d6dc24dad51011bd988de49fcb53fc2805a29335914ff7f:record_1502,%,Discharged patients ,percent,discharged patients,true,[],Local data collection / Other
file_161ce5fbf507dd667d6dc24dad51011bd988de49fcb53fc2805a29335914ff7f:record_1503,%,Survey respondents,percent,survey respondents,true,[],Local data collection / Other
file_161ce5fbf507dd667d6dc24dad51011bd988de49fcb53fc2805a29335914ff7f:record_1504,%,Survey respondents,percent,survey respondents,true,[],Local data collection / Other
file_161ce5fbf507dd667d6dc24dad51011bd988de49fcb53fc2805a29335914ff7f:record_1505,Hours,ED patients,hours,ed patients,true,[],CIHI NACRS / Other
file_161ce5fbf507dd667d6dc24dad51011bd988de49fcb53fc2805a29335914ff7f:record_1506,Hours,ED patients,hours,ed patients,true,[],CIHI NACRS / Other
file_161ce5fbf507dd667d6dc24dad51011bd988de49fcb53fc2805a29335914ff7f:record_1507,Hours,ED patients,hours,ed patients,true,[],CIHI NACRS / Other
file_161ce5fbf507dd667d6dc24dad51011bd988de49fcb53fc2805a29335914ff7f:record_1508,Hours,ED patients,hours,ed patients,true,[],CIHI NACRS / Other
file_161ce5fbf507dd667d6dc24dad51011bd988de49fcb53fc2805a29335914ff7f:record_1509,Minutes,ED patients,minutes,ed patients,true,[],Local data collection / recent 3 month period
file_161ce5fbf507dd667d6dc24dad51011bd988de49fcb53fc2805a29335914ff7f:record_1510,Minutes,ED patients,minutes,ed patients,true,[],Local data collection / recent 3 month period
file_161ce5fbf507dd667d6dc24dad51011bd988de49fcb53fc2805a29335914ff7f:record_1511,Minutes,Patients,minutes,patients,true,[],CIHI NACRS / Other
file_161ce5fbf507dd667d6dc24dad51011bd988de49fcb53fc2805a29335914ff7f:record_1512,%,Staff,percent,staff,true,[],Local data collection / Other
file_161ce5fbf507dd667d6dc24dad51011bd988de49fcb53fc2805a29335914ff7f:record_1513,Hours,ED patients,hours,ed patients,true,[],CIHI NACRS / Other
file_161ce5fbf507dd667d6dc24dad51011bd988de49fcb53fc2805a29335914ff7f:record_1514,%,ED patients,percent,ed patients,true,[],"Local data collection / Jan 1, 2025-Dec 31, 2025"
file_161ce5fbf507dd667d6dc24dad51011bd988de49fcb53fc2805a29335914ff7f:record_1515,%,ED patients,percent,ed patients,true,[],"Local data collection / Jan 1, 2025-Dec 31, 2025"
file_161ce5fbf507dd667d6dc24dad51011bd988de49fcb53fc2805a29335914ff7f:record_1516,%,Discharged patients ,percent,discharged patients,true,[],"Hospital collected data / Jan 1, 2025-Dec 31, 2025"
file_161ce5fbf507dd667d6dc24dad51011bd988de49fcb53fc2805a29335914ff7f:record_1517,%,Discharged patients ,percent,discharged patients,true,[],"Hospital collected data / Jan 1, 2025-Dec 31, 2025"
file_161ce5fbf507dd667d6dc24dad51011bd988de49fcb53fc2805a29335914ff7f:record_1518,%,Discharged patients ,percent,discharged patients,true,[],Hospital collected data / 3rd Quarter (FY 25/26)
file_161ce5fbf507dd667d6dc24dad51011bd988de49fcb53fc2805a29335914ff7f:record_1519,%,ED patients,percent,ed patients,true,[],Hospital collected data / 3rd Quarter (FY 25/26)
file_161ce5fbf507dd667d6dc24dad51011bd988de49fcb53fc2805a29335914ff7f:record_1520,%,Survey respondents,percent,survey respondents,true,[],Local data collection / Other
file_161ce5fbf507dd667d6dc24dad51011bd988de49fcb53fc2805a29335914ff7f:record_1521,%,Survey respondents,percent,survey respondents,true,[],Local data collection / Other
file_161ce5fbf507dd667d6dc24dad51011bd988de49fcb53fc2805a29335914ff7f:record_1522,%,Survey respondents,percent,survey respondents,true,[],Local data collection / Other
file_161ce5fbf507dd667d6dc24dad51011bd988de49fcb53fc2805a29335914ff7f:record_1523,%,Survey respondents,percent,survey respondents,true,[],Local data collection / Other
file_161ce5fbf507dd667d6dc24dad51011bd988de49fcb53fc2805a29335914ff7f:record_1524,Minutes,Patients,minutes,patients,true,[],CIHI NACRS / Other
file_161ce5fbf507dd667d6dc24dad51011bd988de49fcb53fc2805a29335914ff7f:record_1525,Minutes,Patients,minutes,patients,true,[],CIHI NACRS / Other
file_161ce5fbf507dd667d6dc24dad51011bd988de49fcb53fc2805a29335914ff7f:record_1526,Minutes,Patients,minutes,patients,true,[],CIHI NACRS / Other
file_161ce5fbf507dd667d6dc24dad51011bd988de49fcb53fc2805a29335914ff7f:record_1527,Hours,ED patients,hours,ed patients,true,[],CIHI NACRS / Other
file_161ce5fbf507dd667d6dc24dad51011bd988de49fcb53fc2805a29335914ff7f:record_1528,Hours,ED patients,hours,ed patients,true,[],CIHI NACRS / Other
file_161ce5fbf507dd667d6dc24dad51011bd988de49fcb53fc2805a29335914ff7f:record_1529,Hours,ED patients,hours,ed patients,true,[],CIHI NACRS / Other
file_161ce5fbf507dd667d6dc24dad51011bd988de49fcb53fc2805a29335914ff7f:record_1530,Hours,ED patients,hours,ed patients,true,[],CIHI NACRS / Other
file_161ce5fbf507dd667d6dc24dad51011bd988de49fcb53fc2805a29335914ff7f:record_1531,%,Staff,percent,staff,true,[],Local data collection / Other
file_161ce5fbf507dd667d6dc24dad51011bd988de49fcb53fc2805a29335914ff7f:record_1532,%,Staff,percent,staff,true,[],Local data collection / Other
file_161ce5fbf507dd667d6dc24dad51011bd988de49fcb53fc2805a29335914ff7f:record_1533,%,Staff,percent,staff,true,[],Local data collection / Other
file_161ce5fbf507dd667d6dc24dad51011bd988de49fcb53fc2805a29335914ff7f:record_1534,Hours,ED patients,hours,ed patients,true,[],CIHI NACRS / Other
file_161ce5fbf507dd667d6dc24dad51011bd988de49fcb53fc2805a29335914ff7f:record_1535,Hours,ED patients,hours,ed patients,true,[],CIHI NACRS / Other
file_161ce5fbf507dd667d6dc24dad51011bd988de49fcb53fc2805a29335914ff7f:record_1536,Hours,ED patients,hours,ed patients,true,[],CIHI NACRS / Other
file_161ce5fbf507dd667d6dc24dad51011bd988de49fcb53fc2805a29335914ff7f:record_1537,Rate,ALC patients,unknown,alc patients,false,"[""unknown_unit_or_population""]",CIHI DAD / 2024-2025
file_161ce5fbf507dd667d6dc24dad51011bd988de49fcb53fc2805a29335914ff7f:record_1538,Rate,ALC patients,unknown,alc patients,false,"[""unknown_unit_or_population""]",CIHI DAD / 2024-2025
file_161ce5fbf507dd667d6dc24dad51011bd988de49fcb53fc2805a29335914ff7f:record_1539,Rate,ALC patients,unknown,alc patients,false,"[""unknown_unit_or_population""]",CIHI DAD / 2024-2025
file_161ce5fbf507dd667d6dc24dad51011bd988de49fcb53fc2805a29335914ff7f:record_1540,Rate,ALC patients,unknown,alc patients,false,"[""unknown_unit_or_population""]",CIHI DAD / 2024-2025
file_161ce5fbf507dd667d6dc24dad51011bd988de49fcb53fc2805a29335914ff7f:record_1541,Rate,ALC patients,unknown,alc patients,false,"[""unknown_unit_or_population""]",CIHI DAD / 2024-2025
file_161ce5fbf507dd667d6dc24dad51011bd988de49fcb53fc2805a29335914ff7f:record_1542,Rate,ALC patients,unknown,alc patients,false,"[""unknown_unit_or_population""]",CIHI DAD / 2024-2025
file_161ce5fbf507dd667d6dc24dad51011bd988de49fcb53fc2805a29335914ff7f:record_1543,%,All inpatients,percent,all inpatients,true,[],EMR/Chart Review / 2024-2025
file_161ce5fbf507dd667d6dc24dad51011bd988de49fcb53fc2805a29335914ff7f:record_1544,%,All inpatients,percent,all inpatients,true,[],EMR/Chart Review / 2024-2025
file_161ce5fbf507dd667d6dc24dad51011bd988de49fcb53fc2805a29335914ff7f:record_1545,%,All inpatients,percent,all inpatients,true,[],EMR/Chart Review / 2024-2025
file_161ce5fbf507dd667d6dc24dad51011bd988de49fcb53fc2805a29335914ff7f:record_1546,%,All inpatients,percent,all inpatients,true,[],EMR/Chart Review / 2024-2025
file_161ce5fbf507dd667d6dc24dad51011bd988de49fcb53fc2805a29335914ff7f:record_1547,%,All patients,percent,all patients,true,[],CIHI NACRS / 2024-2025
file_161ce5fbf507dd667d6dc24dad51011bd988de49fcb53fc2805a29335914ff7f:record_1548,%,All patients,percent,all patients,true,[],CIHI NACRS / 2024-2025
file_161ce5fbf507dd667d6dc24dad51011bd988de49fcb53fc2805a29335914ff7f:record_1549,%,All patients,percent,all patients,true,[],CIHI NACRS / 2024-2025
file_161ce5fbf507dd667d6dc24dad51011bd988de49fcb53fc2805a29335914ff7f:record_1550,%,All patients,percent,all patients,true,[],CIHI NACRS / 2024-2025
file_161ce5fbf507dd667d6dc24dad51011bd988de49fcb53fc2805a29335914ff7f:record_1551,%,Discharged patients ,percent,discharged patients,true,[],Local data collection / Other
file_161ce5fbf507dd667d6dc24dad51011bd988de49fcb53fc2805a29335914ff7f:record_1552,Minutes,Patients,minutes,patients,true,[],CIHI NACRS / Other
file_161ce5fbf507dd667d6dc24dad51011bd988de49fcb53fc2805a29335914ff7f:record_1553,%,Staff,percent,staff,true,[],Local data collection / Other
file_161ce5fbf507dd667d6dc24dad51011bd988de49fcb53fc2805a29335914ff7f:record_1554,Hours,ED patients,hours,ed patients,true,[],CIHI NACRS / Other
file_161ce5fbf507dd667d6dc24dad51011bd988de49fcb53fc2805a29335914ff7f:record_1555,Hours,ED patients,hours,ed patients,true,[],CIHI NACRS / Other
file_161ce5fbf507dd667d6dc24dad51011bd988de49fcb53fc2805a29335914ff7f:record_1556,Hours,ED patients,hours,ed patients,true,[],CIHI NACRS / Other
file_161ce5fbf507dd667d6dc24dad51011bd988de49fcb53fc2805a29335914ff7f:record_1557,Hours,ED patients,hours,ed patients,true,[],CIHI NACRS / Other
file_161ce5fbf507dd667d6dc24dad51011bd988de49fcb53fc2805a29335914ff7f:record_1558,"Rate per 1,000 patient days",All acute patients,rate_per_1000_patient_days,all acute patients,true,[],In house data collection  / 2025/2026
file_161ce5fbf507dd667d6dc24dad51011bd988de49fcb53fc2805a29335914ff7f:record_1559,"Rate per 1,000 patient days",All acute patients,rate_per_1000_patient_days,all acute patients,true,[],In house data collection  / 2025/2026
file_161ce5fbf507dd667d6dc24dad51011bd988de49fcb53fc2805a29335914ff7f:record_1560,Other,Other,unknown,unknown,false,"[""unknown_unit_or_population""]",In house data collection  / 2025/26
file_161ce5fbf507dd667d6dc24dad51011bd988de49fcb53fc2805a29335914ff7f:record_1561,%,Other,percent,unknown,false,"[""unknown_unit_or_population""]",In house data collection  / 2025/26
file_161ce5fbf507dd667d6dc24dad51011bd988de49fcb53fc2805a29335914ff7f:record_1562,%,Other,percent,unknown,false,"[""unknown_unit_or_population""]",In house data collection  / 2025/26
file_161ce5fbf507dd667d6dc24dad51011bd988de49fcb53fc2805a29335914ff7f:record_1563,%,All patients with major surgery,percent,all patients with major surgery,true,[],CIHI DAD / 2025/26
file_161ce5fbf507dd667d6dc24dad51011bd988de49fcb53fc2805a29335914ff7f:record_1564,Other,Other,unknown,unknown,false,"[""unknown_unit_or_population""]",In house data collection  / 2025/26
file_161ce5fbf507dd667d6dc24dad51011bd988de49fcb53fc2805a29335914ff7f:record_1565,"Rate per 1,000",All inpatients,rate_per_1000,all inpatients,true,[],CIHI DAD / 2025/26
file_161ce5fbf507dd667d6dc24dad51011bd988de49fcb53fc2805a29335914ff7f:record_1566,%,Other,percent,unknown,false,"[""unknown_unit_or_population""]",In house data collection  / 2025/26
file_161ce5fbf507dd667d6dc24dad51011bd988de49fcb53fc2805a29335914ff7f:record_1567,Ratio (No unit),ALC patients,ratio,alc patients,true,[],In house data collection  / July 1 2024 - September 30 2024 (Q2)
file_161ce5fbf507dd667d6dc24dad51011bd988de49fcb53fc2805a29335914ff7f:record_1568,Ratio (No unit),ALC patients,ratio,alc patients,true,[],In house data collection  / July 1 2024 - September 30 2024 (Q2)
file_161ce5fbf507dd667d6dc24dad51011bd988de49fcb53fc2805a29335914ff7f:record_1569,Days,Other,days,unknown,false,"[""unknown_unit_or_population""]",In house data collection  / January - December 2024
file_161ce5fbf507dd667d6dc24dad51011bd988de49fcb53fc2805a29335914ff7f:record_1570,%,Staff,percent,staff,true,[],In house data collection  / April 1 2025 - March 31 2026
file_161ce5fbf507dd667d6dc24dad51011bd988de49fcb53fc2805a29335914ff7f:record_1571,Count,Staff,count,staff,true,[],In house data collection  / January - December 2024
file_161ce5fbf507dd667d6dc24dad51011bd988de49fcb53fc2805a29335914ff7f:record_1572,%,People,percent,people,true,[],In house data collection  / January - December 2024
file_161ce5fbf507dd667d6dc24dad51011bd988de49fcb53fc2805a29335914ff7f:record_1573,%,People,percent,people,true,[],In house data collection  / January - December 2024
file_161ce5fbf507dd667d6dc24dad51011bd988de49fcb53fc2805a29335914ff7f:record_1574,%,Survey respondents,percent,survey respondents,true,[],In-house survey / January - December 2024
file_161ce5fbf507dd667d6dc24dad51011bd988de49fcb53fc2805a29335914ff7f:record_1575,%,Survey respondents,percent,survey respondents,true,[],In-house survey / January - December 2024
file_161ce5fbf507dd667d6dc24dad51011bd988de49fcb53fc2805a29335914ff7f:record_1576,%,Survey respondents,percent,survey respondents,true,[],In-house survey / January - December 2024
file_161ce5fbf507dd667d6dc24dad51011bd988de49fcb53fc2805a29335914ff7f:record_1577,%,Discharged patients ,percent,discharged patients,true,[],Local data collection / Other
file_161ce5fbf507dd667d6dc24dad51011bd988de49fcb53fc2805a29335914ff7f:record_1578,%,Survey respondents,percent,survey respondents,true,[],Local data collection / Other
file_161ce5fbf507dd667d6dc24dad51011bd988de49fcb53fc2805a29335914ff7f:record_1579,%,Survey respondents,percent,survey respondents,true,[],Local data collection / Other
file_161ce5fbf507dd667d6dc24dad51011bd988de49fcb53fc2805a29335914ff7f:record_1580,Rate per 100 inpatient days,All inpatients,rate_per_100_inpatient_days,all inpatients,true,[],"WTIS, CCO, BCS, MOHLTC / April 1, 2025 to March 31, 2026"
file_161ce5fbf507dd667d6dc24dad51011bd988de49fcb53fc2805a29335914ff7f:record_1581,Rate per 100 inpatient days,All inpatients,rate_per_100_inpatient_days,all inpatients,true,[],"WTIS, CCO, BCS, MOHLTC / April 1, 2025 to March 31, 2026"
file_161ce5fbf507dd667d6dc24dad51011bd988de49fcb53fc2805a29335914ff7f:record_1582,%,Other,percent,unknown,false,"[""unknown_unit_or_population""]",In house data collection  / April 1 2025 to March 31 2026
file_161ce5fbf507dd667d6dc24dad51011bd988de49fcb53fc2805a29335914ff7f:record_1583,%,Other,percent,unknown,false,"[""unknown_unit_or_population""]","In house data collection  / April 1, 2025 to March 31, 2026"
file_161ce5fbf507dd667d6dc24dad51011bd988de49fcb53fc2805a29335914ff7f:record_1584,%,Other,percent,unknown,false,"[""unknown_unit_or_population""]","In house data collection  / April 1, 2025 to March 31, 2026"
file_161ce5fbf507dd667d6dc24dad51011bd988de49fcb53fc2805a29335914ff7f:record_1585,Rate,All inpatients,unknown,all inpatients,false,"[""unknown_unit_or_population""]","In house data collection  / April 1, 2025 to March 31, 2026"
file_161ce5fbf507dd667d6dc24dad51011bd988de49fcb53fc2805a29335914ff7f:record_1586,Rate,All inpatients,unknown,all inpatients,false,"[""unknown_unit_or_population""]","In house data collection  / April 1, 2025 to March 31, 2026"
file_161ce5fbf507dd667d6dc24dad51011bd988de49fcb53fc2805a29335914ff7f:record_1587,%,Survey respondents,percent,survey respondents,true,[],Local data collection / Other
file_161ce5fbf507dd667d6dc24dad51011bd988de49fcb53fc2805a29335914ff7f:record_1588,%,Survey respondents,percent,survey respondents,true,[],Local data collection / Other
file_161ce5fbf507dd667d6dc24dad51011bd988de49fcb53fc2805a29335914ff7f:record_1589,Minutes,Patients,minutes,patients,true,[],CIHI NACRS / Other
file_161ce5fbf507dd667d6dc24dad51011bd988de49fcb53fc2805a29335914ff7f:record_1590,Minutes,Patients,minutes,patients,true,[],CIHI NACRS / Other
file_161ce5fbf507dd667d6dc24dad51011bd988de49fcb53fc2805a29335914ff7f:record_1591,Minutes,Patients,minutes,patients,true,[],CIHI NACRS / Other
file_161ce5fbf507dd667d6dc24dad51011bd988de49fcb53fc2805a29335914ff7f:record_1592,%,ED patients,percent,ed patients,true,[],CIHI NACRS / Quarter
file_161ce5fbf507dd667d6dc24dad51011bd988de49fcb53fc2805a29335914ff7f:record_1593,%,Staff,percent,staff,true,[],Local data collection / Other
file_161ce5fbf507dd667d6dc24dad51011bd988de49fcb53fc2805a29335914ff7f:record_1594,%,Discharged patients ,percent,discharged patients,true,[],"CIHI DAD / April 1 to September 30, 2024 (Q1 and Q2)"
file_161ce5fbf507dd667d6dc24dad51011bd988de49fcb53fc2805a29335914ff7f:record_1595,%,Survey respondents,percent,survey respondents,true,[],Local data collection / Other
file_161ce5fbf507dd667d6dc24dad51011bd988de49fcb53fc2805a29335914ff7f:record_1596,%,Staff,percent,staff,true,[],Local data collection / Other
file_161ce5fbf507dd667d6dc24dad51011bd988de49fcb53fc2805a29335914ff7f:record_1597,Hours,ED patients,hours,ed patients,true,[],CIHI NACRS / Other
file_161ce5fbf507dd667d6dc24dad51011bd988de49fcb53fc2805a29335914ff7f:record_1598,Number,Staff,count,staff,true,[],"Hospital collected data / April 1, 2024-December 31, 2024"
file_161ce5fbf507dd667d6dc24dad51011bd988de49fcb53fc2805a29335914ff7f:record_1599,Number,ED patients,count,ed patients,true,[],"CIHI NACRS / April 1, 2024-December 31, 2024"
file_161ce5fbf507dd667d6dc24dad51011bd988de49fcb53fc2805a29335914ff7f:record_1600,Minutes,Patients,minutes,patients,true,[],"CIHI NACRS / April 1, 2024-Novemeber 30, 2024"
file_161ce5fbf507dd667d6dc24dad51011bd988de49fcb53fc2805a29335914ff7f:record_1601,Rate,Patients,unknown,patients,false,"[""unknown_unit_or_population""]","Other / April 1, 2025-March 31, 2026"
file_161ce5fbf507dd667d6dc24dad51011bd988de49fcb53fc2805a29335914ff7f:record_1602,Rate,Patients,unknown,patients,false,"[""unknown_unit_or_population""]","Other / April 1, 2025-March 31, 2026"
file_161ce5fbf507dd667d6dc24dad51011bd988de49fcb53fc2805a29335914ff7f:record_1603,Rate,Patients,unknown,patients,false,"[""unknown_unit_or_population""]","Other / April 1, 2025-March 31, 2026"
file_161ce5fbf507dd667d6dc24dad51011bd988de49fcb53fc2805a29335914ff7f:record_1604,Rate,Patients,unknown,patients,false,"[""unknown_unit_or_population""]","Other / April 1, 2025-March 31, 2026"
file_161ce5fbf507dd667d6dc24dad51011bd988de49fcb53fc2805a29335914ff7f:record_1605,%,All inpatients,percent,all inpatients,true,[],"Other / April 1, 2025-March 31, 2026"
file_161ce5fbf507dd667d6dc24dad51011bd988de49fcb53fc2805a29335914ff7f:record_1606,%,All inpatients,percent,all inpatients,true,[],"Other / April 1, 2025-March 31, 2026"
file_161ce5fbf507dd667d6dc24dad51011bd988de49fcb53fc2805a29335914ff7f:record_1607,%,All inpatients,percent,all inpatients,true,[],"Other / April 1, 2025-March 31, 2026"
file_161ce5fbf507dd667d6dc24dad51011bd988de49fcb53fc2805a29335914ff7f:record_1608,%,All inpatients,percent,all inpatients,true,[],"Other / April 1, 2025-March 31, 2026"
file_161ce5fbf507dd667d6dc24dad51011bd988de49fcb53fc2805a29335914ff7f:record_1609,%,All inpatients,percent,all inpatients,true,[],"Other / April 1, 2025-March 31, 2026"
file_161ce5fbf507dd667d6dc24dad51011bd988de49fcb53fc2805a29335914ff7f:record_1610,Hours,Other,hours,unknown,false,"[""unknown_unit_or_population""]","EMR/Chart Review / April 1, 2025-March 31, 2026"
file_161ce5fbf507dd667d6dc24dad51011bd988de49fcb53fc2805a29335914ff7f:record_1611,Hours,Other,hours,unknown,false,"[""unknown_unit_or_population""]","EMR/Chart Review / April 1, 2025-March 31, 2026"
file_161ce5fbf507dd667d6dc24dad51011bd988de49fcb53fc2805a29335914ff7f:record_1612,Hours,Other,hours,unknown,false,"[""unknown_unit_or_population""]","EMR/Chart Review / April 1, 2025-March 31, 2026"
file_161ce5fbf507dd667d6dc24dad51011bd988de49fcb53fc2805a29335914ff7f:record_1613,Hours,Other,hours,unknown,false,"[""unknown_unit_or_population""]","EMR/Chart Review / April 1, 2025-March 31, 2026"
file_161ce5fbf507dd667d6dc24dad51011bd988de49fcb53fc2805a29335914ff7f:record_1614,Hours,Other,hours,unknown,false,"[""unknown_unit_or_population""]","EMR/Chart Review / April 1, 2025-March 31, 2026"
file_161ce5fbf507dd667d6dc24dad51011bd988de49fcb53fc2805a29335914ff7f:record_1615,Hours,Other,hours,unknown,false,"[""unknown_unit_or_population""]","EMR/Chart Review / April 1, 2025-March 31, 2026"
file_161ce5fbf507dd667d6dc24dad51011bd988de49fcb53fc2805a29335914ff7f:record_1616,Hours,Other,hours,unknown,false,"[""unknown_unit_or_population""]","EMR/Chart Review / April 1, 2025-March 31, 2026"
file_161ce5fbf507dd667d6dc24dad51011bd988de49fcb53fc2805a29335914ff7f:record_1617,Hours,Other,hours,unknown,false,"[""unknown_unit_or_population""]","EMR/Chart Review / April 1, 2025-March 31, 2026"
file_161ce5fbf507dd667d6dc24dad51011bd988de49fcb53fc2805a29335914ff7f:record_1618,Count,All inpatients,count,all inpatients,true,[],"Hospital collected data / April 1, 2025-March 31, 2026"
file_161ce5fbf507dd667d6dc24dad51011bd988de49fcb53fc2805a29335914ff7f:record_1619,Count,All inpatients,count,all inpatients,true,[],"Hospital collected data / April 1, 2025-March 31, 2026"
file_161ce5fbf507dd667d6dc24dad51011bd988de49fcb53fc2805a29335914ff7f:record_1620,Count,All inpatients,count,all inpatients,true,[],"Hospital collected data / April 1, 2025-March 31, 2026"
file_161ce5fbf507dd667d6dc24dad51011bd988de49fcb53fc2805a29335914ff7f:record_1621,%,All inpatients,percent,all inpatients,true,[],"EMR/Chart Review / April 1, 2025-March 31, 2026"
file_161ce5fbf507dd667d6dc24dad51011bd988de49fcb53fc2805a29335914ff7f:record_1622,%,All inpatients,percent,all inpatients,true,[],"EMR/Chart Review / April 1, 2025-March 31, 2026"
file_161ce5fbf507dd667d6dc24dad51011bd988de49fcb53fc2805a29335914ff7f:record_1623,%,All inpatients,percent,all inpatients,true,[],"EMR/Chart Review / April 1, 2025-March 31, 2026"
file_161ce5fbf507dd667d6dc24dad51011bd988de49fcb53fc2805a29335914ff7f:record_1624,%,All inpatients,percent,all inpatients,true,[],"EMR/Chart Review / April 1, 2025-March 31, 2026"
file_161ce5fbf507dd667d6dc24dad51011bd988de49fcb53fc2805a29335914ff7f:record_1625,%,All inpatients,percent,all inpatients,true,[],"EMR/Chart Review / April 1, 2025-March 31, 2026"
file_161ce5fbf507dd667d6dc24dad51011bd988de49fcb53fc2805a29335914ff7f:record_1626,%,All inpatients,percent,all inpatients,true,[],"EMR/Chart Review / April 1, 2025-March 31, 2026"
file_161ce5fbf507dd667d6dc24dad51011bd988de49fcb53fc2805a29335914ff7f:record_1627,%,Patients,percent,patients,true,[],"Other / April 1, 2025-March 31, 2026"
file_161ce5fbf507dd667d6dc24dad51011bd988de49fcb53fc2805a29335914ff7f:record_1628,%,Patients,percent,patients,true,[],"Other / April 1, 2025-March 31, 2026"
file_161ce5fbf507dd667d6dc24dad51011bd988de49fcb53fc2805a29335914ff7f:record_1629,%,Patients,percent,patients,true,[],"Other / April 1, 2025-March 31, 2026"
file_161ce5fbf507dd667d6dc24dad51011bd988de49fcb53fc2805a29335914ff7f:record_1630,%,Survey respondents,percent,survey respondents,true,[],Local data collection / Other
file_161ce5fbf507dd667d6dc24dad51011bd988de49fcb53fc2805a29335914ff7f:record_1631,Minutes,Patients,minutes,patients,true,[],CIHI NACRS / Other
file_161ce5fbf507dd667d6dc24dad51011bd988de49fcb53fc2805a29335914ff7f:record_1632,%,Staff,percent,staff,true,[],Local data collection / Other
file_161ce5fbf507dd667d6dc24dad51011bd988de49fcb53fc2805a29335914ff7f:record_1633,Hours,ED patients,hours,ed patients,true,[],CIHI NACRS / Other
file_161ce5fbf507dd667d6dc24dad51011bd988de49fcb53fc2805a29335914ff7f:record_1634,Number,ED patients,count,ed patients,true,[],"CIHI NACRS / April 1, 2024-December 31, 2024"
file_161ce5fbf507dd667d6dc24dad51011bd988de49fcb53fc2805a29335914ff7f:record_1635,Number,Staff,count,staff,true,[],"Hospital collected data / April 1, 2024-December 31, 2024"
file_161ce5fbf507dd667d6dc24dad51011bd988de49fcb53fc2805a29335914ff7f:record_1636,%,Hospital admitted patients,percent,hospital admitted patients,true,[],CIHI DAD / Quarter
file_161ce5fbf507dd667d6dc24dad51011bd988de49fcb53fc2805a29335914ff7f:record_1637,Hours,ED patients,hours,ed patients,true,[],CIHI NACRS / Other
file_161ce5fbf507dd667d6dc24dad51011bd988de49fcb53fc2805a29335914ff7f:record_1638,Number,ED patients,count,ed patients,true,[],CIHI NACRS / Fiscal Year
file_161ce5fbf507dd667d6dc24dad51011bd988de49fcb53fc2805a29335914ff7f:record_1639,Number,ED patients,count,ed patients,true,[],CIHI NACRS / Fiscal Year
file_161ce5fbf507dd667d6dc24dad51011bd988de49fcb53fc2805a29335914ff7f:record_1640,%,Patients,percent,patients,true,[],In house data collection  / IPUP 2024 results
file_161ce5fbf507dd667d6dc24dad51011bd988de49fcb53fc2805a29335914ff7f:record_1641,%,Patients,percent,patients,true,[],In house data collection  / IPUP 2024 results
file_161ce5fbf507dd667d6dc24dad51011bd988de49fcb53fc2805a29335914ff7f:record_1642,Number,Other,count,unknown,false,"[""unknown_unit_or_population""]",Other / April 1 2024 to Jan 31 2025
file_161ce5fbf507dd667d6dc24dad51011bd988de49fcb53fc2805a29335914ff7f:record_1643,Number,Other,count,unknown,false,"[""unknown_unit_or_population""]",Other / April 1 2024 to Jan 31 2025
file_161ce5fbf507dd667d6dc24dad51011bd988de49fcb53fc2805a29335914ff7f:record_1644,Hours,All inpatients,hours,all inpatients,true,[],Local data collection / April 1 2024 - Dec 31 2024 Q3 YTD
file_161ce5fbf507dd667d6dc24dad51011bd988de49fcb53fc2805a29335914ff7f:record_1645,Hours,All inpatients,hours,all inpatients,true,[],Local data collection / April 1 2024 - Dec 31 2024 Q3 YTD
file_161ce5fbf507dd667d6dc24dad51011bd988de49fcb53fc2805a29335914ff7f:record_1646,%,N/a,percent,unknown,false,"[""unknown_unit_or_population""]",In house data collection  / Apr 1 2024-Dec 31 2024
file_161ce5fbf507dd667d6dc24dad51011bd988de49fcb53fc2805a29335914ff7f:record_1647,%,N/a,percent,unknown,false,"[""unknown_unit_or_population""]",In house data collection  / Apr 1 2024-Dec 31 2024
file_161ce5fbf507dd667d6dc24dad51011bd988de49fcb53fc2805a29335914ff7f:record_1648,%,N/a,percent,unknown,false,"[""unknown_unit_or_population""]",In house data collection  / Apr 1 2024-Dec 31 2024
file_161ce5fbf507dd667d6dc24dad51011bd988de49fcb53fc2805a29335914ff7f:record_1649,%,Staff,percent,staff,true,[],Staff survey / 2024/25
file_161ce5fbf507dd667d6dc24dad51011bd988de49fcb53fc2805a29335914ff7f:record_1650,%,Other,percent,unknown,false,"[""unknown_unit_or_population""]",Other / September 2024 Audit
file_161ce5fbf507dd667d6dc24dad51011bd988de49fcb53fc2805a29335914ff7f:record_1651,%,Other,percent,unknown,false,"[""unknown_unit_or_population""]",Other / September 2024 Audit
file_161ce5fbf507dd667d6dc24dad51011bd988de49fcb53fc2805a29335914ff7f:record_1652,Count,Worker,count,worker,true,[],Local data collection / Apr 1 2024 - Dec 31 2024
file_161ce5fbf507dd667d6dc24dad51011bd988de49fcb53fc2805a29335914ff7f:record_1653,%,ED patients,percent,ed patients,true,[],CIHI NACRS / Fiscal Year
file_161ce5fbf507dd667d6dc24dad51011bd988de49fcb53fc2805a29335914ff7f:record_1654,%,ED patients,percent,ed patients,true,[],CIHI NACRS / Fiscal Year
file_161ce5fbf507dd667d6dc24dad51011bd988de49fcb53fc2805a29335914ff7f:record_1655,%,ED patients,percent,ed patients,true,[],CIHI NACRS / Fiscal Year
file_161ce5fbf507dd667d6dc24dad51011bd988de49fcb53fc2805a29335914ff7f:record_1656,%,ED patients,percent,ed patients,true,[],CIHI NACRS / Fiscal Year
file_161ce5fbf507dd667d6dc24dad51011bd988de49fcb53fc2805a29335914ff7f:record_1657,%,Staff,percent,staff,false,"[""incompatible_indicator_unit""]",Local data collection / Other
file_161ce5fbf507dd667d6dc24dad51011bd988de49fcb53fc2805a29335914ff7f:record_1658,%,Staff,percent,staff,false,"[""incompatible_indicator_unit""]",Local data collection / Other
file_161ce5fbf507dd667d6dc24dad51011bd988de49fcb53fc2805a29335914ff7f:record_1659,%,Staff,percent,staff,false,"[""incompatible_indicator_unit""]",Local data collection / Other
file_161ce5fbf507dd667d6dc24dad51011bd988de49fcb53fc2805a29335914ff7f:record_1660,%,Staff,percent,staff,true,[],Local data collection / Jan-Dec 2025
file_161ce5fbf507dd667d6dc24dad51011bd988de49fcb53fc2805a29335914ff7f:record_1661,%,Staff,percent,staff,true,[],Local data collection / Jan-Dec 2025
file_161ce5fbf507dd667d6dc24dad51011bd988de49fcb53fc2805a29335914ff7f:record_1662,%,Staff,percent,staff,true,[],Local data collection / Jan-Dec 2025
file_161ce5fbf507dd667d6dc24dad51011bd988de49fcb53fc2805a29335914ff7f:record_1663,%,ED patients,percent,ed patients,true,[],Local data collection / Jan-Dec 2025
file_161ce5fbf507dd667d6dc24dad51011bd988de49fcb53fc2805a29335914ff7f:record_1664,%,ED patients,percent,ed patients,true,[],Local data collection / Jan-Dec 2025
file_161ce5fbf507dd667d6dc24dad51011bd988de49fcb53fc2805a29335914ff7f:record_1665,%,ED patients,percent,ed patients,true,[],CIHI NACRS / Fiscal Year
file_161ce5fbf507dd667d6dc24dad51011bd988de49fcb53fc2805a29335914ff7f:record_1666,%,ED patients,percent,ed patients,true,[],CIHI NACRS / Fiscal Year
file_161ce5fbf507dd667d6dc24dad51011bd988de49fcb53fc2805a29335914ff7f:record_1667,%,ED patients,percent,ed patients,true,[],CIHI NACRS / Fiscal Year
file_161ce5fbf507dd667d6dc24dad51011bd988de49fcb53fc2805a29335914ff7f:record_1668,%,ED patients,percent,ed patients,true,[],CIHI NACRS / Fiscal Year
file_161ce5fbf507dd667d6dc24dad51011bd988de49fcb53fc2805a29335914ff7f:record_1669,%,Staff,percent,staff,false,"[""incompatible_indicator_unit""]",Local data collection / Other
file_161ce5fbf507dd667d6dc24dad51011bd988de49fcb53fc2805a29335914ff7f:record_1670,%,Staff,percent,staff,false,"[""incompatible_indicator_unit""]",Local data collection / Other
file_161ce5fbf507dd667d6dc24dad51011bd988de49fcb53fc2805a29335914ff7f:record_1671,%,Staff,percent,staff,false,"[""incompatible_indicator_unit""]",Local data collection / Other
file_161ce5fbf507dd667d6dc24dad51011bd988de49fcb53fc2805a29335914ff7f:record_1672,%,Staff,percent,staff,true,[],In house data collection  / Jan-Dec 2025
file_161ce5fbf507dd667d6dc24dad51011bd988de49fcb53fc2805a29335914ff7f:record_1673,%,ED patients,percent,ed patients,true,[],Local data collection / Jan-Dec 2025
file_161ce5fbf507dd667d6dc24dad51011bd988de49fcb53fc2805a29335914ff7f:record_1674,%,ED patients,percent,ed patients,true,[],Local data collection / Jan-Dec 2025
file_161ce5fbf507dd667d6dc24dad51011bd988de49fcb53fc2805a29335914ff7f:record_1675,%,Staff,percent,staff,true,[],In house data collection  / Jan-Dec 2025
file_161ce5fbf507dd667d6dc24dad51011bd988de49fcb53fc2805a29335914ff7f:record_1676,%,Staff,percent,staff,true,[],In house data collection  / Jan-Dec 2025
file_161ce5fbf507dd667d6dc24dad51011bd988de49fcb53fc2805a29335914ff7f:record_1677,%,Survey respondents,percent,survey respondents,true,[],Local data collection / Other
file_161ce5fbf507dd667d6dc24dad51011bd988de49fcb53fc2805a29335914ff7f:record_1678,%,Survey respondents,percent,survey respondents,true,[],Local data collection / Other
file_161ce5fbf507dd667d6dc24dad51011bd988de49fcb53fc2805a29335914ff7f:record_1679,%,Survey respondents,percent,survey respondents,true,[],Local data collection / Other
file_161ce5fbf507dd667d6dc24dad51011bd988de49fcb53fc2805a29335914ff7f:record_1680,%,Staff,percent,staff,true,[],Local data collection / Other
file_161ce5fbf507dd667d6dc24dad51011bd988de49fcb53fc2805a29335914ff7f:record_1681,%,Staff,percent,staff,true,[],Local data collection / Other
file_161ce5fbf507dd667d6dc24dad51011bd988de49fcb53fc2805a29335914ff7f:record_1682,%,Staff,percent,staff,true,[],Local data collection / Other
file_161ce5fbf507dd667d6dc24dad51011bd988de49fcb53fc2805a29335914ff7f:record_1683,%,All inpatients,percent,all inpatients,true,[],"Hospital collected data / April 1 to Dec 31, 2025"
file_161ce5fbf507dd667d6dc24dad51011bd988de49fcb53fc2805a29335914ff7f:record_1684,%,All inpatients,percent,all inpatients,true,[],"Hospital collected data / April 1 to Dec 31, 2025"
file_161ce5fbf507dd667d6dc24dad51011bd988de49fcb53fc2805a29335914ff7f:record_1685,Minutes,Patients,minutes,patients,true,[],CIHI NACRS / Other
file_161ce5fbf507dd667d6dc24dad51011bd988de49fcb53fc2805a29335914ff7f:record_1686,Hours,ED patients,hours,ed patients,true,[],CIHI NACRS / Other
file_161ce5fbf507dd667d6dc24dad51011bd988de49fcb53fc2805a29335914ff7f:record_1687,Number,ED patients,count,ed patients,true,[],CIHI NACRS / Fiscal Year
file_161ce5fbf507dd667d6dc24dad51011bd988de49fcb53fc2805a29335914ff7f:record_1688,%,ED patients,percent,ed patients,true,[],CIHI NACRS / Fiscal Year
file_161ce5fbf507dd667d6dc24dad51011bd988de49fcb53fc2805a29335914ff7f:record_1689,%,ED patients,percent,ed patients,true,[],CIHI NACRS / Fiscal Year
file_161ce5fbf507dd667d6dc24dad51011bd988de49fcb53fc2805a29335914ff7f:record_1690,%,ED patients,percent,ed patients,true,[],CIHI NACRS / Fiscal Year
file_161ce5fbf507dd667d6dc24dad51011bd988de49fcb53fc2805a29335914ff7f:record_1691,%,Staff,percent,staff,true,[],Local data collection / Other
file_161ce5fbf507dd667d6dc24dad51011bd988de49fcb53fc2805a29335914ff7f:record_1692,%,Staff,percent,staff,true,[],Local data collection / Other
file_161ce5fbf507dd667d6dc24dad51011bd988de49fcb53fc2805a29335914ff7f:record_1693,%,Staff,percent,staff,true,[],Local data collection / Other
file_161ce5fbf507dd667d6dc24dad51011bd988de49fcb53fc2805a29335914ff7f:record_1694,Hours,ED patients,hours,ed patients,true,[],CIHI NACRS / Other
file_161ce5fbf507dd667d6dc24dad51011bd988de49fcb53fc2805a29335914ff7f:record_1695,Hours,ED patients,hours,ed patients,true,[],CIHI NACRS / Other
file_161ce5fbf507dd667d6dc24dad51011bd988de49fcb53fc2805a29335914ff7f:record_1696,Hours,ED patients,hours,ed patients,true,[],CIHI NACRS / Other
file_161ce5fbf507dd667d6dc24dad51011bd988de49fcb53fc2805a29335914ff7f:record_1697,%,Other,percent,unknown,false,"[""unknown_unit_or_population""]","Other / April 1, 2025 - March 31, 2026"
file_161ce5fbf507dd667d6dc24dad51011bd988de49fcb53fc2805a29335914ff7f:record_1698,%,Other,percent,unknown,false,"[""unknown_unit_or_population""]","Other / April 1, 2025 - March 31, 2026"
file_161ce5fbf507dd667d6dc24dad51011bd988de49fcb53fc2805a29335914ff7f:record_1699,%,Other,percent,unknown,false,"[""unknown_unit_or_population""]","Other / April 1, 2025 - March 31, 2026"
file_161ce5fbf507dd667d6dc24dad51011bd988de49fcb53fc2805a29335914ff7f:record_1700,%,All acute patients,percent,all acute patients,true,[],Local data collection / 01/04/25 to 31/03/25
file_161ce5fbf507dd667d6dc24dad51011bd988de49fcb53fc2805a29335914ff7f:record_1701,%,All acute patients,percent,all acute patients,true,[],Local data collection / 01/04/25 to 31/03/25
file_161ce5fbf507dd667d6dc24dad51011bd988de49fcb53fc2805a29335914ff7f:record_1702,%,ED patients,percent,ed patients,true,[],Local data collection / 01/04/25 to 31/03/2026
file_161ce5fbf507dd667d6dc24dad51011bd988de49fcb53fc2805a29335914ff7f:record_1703,%,ED patients,percent,ed patients,true,[],Local data collection / 01/04/25 to 31/03/2026
file_161ce5fbf507dd667d6dc24dad51011bd988de49fcb53fc2805a29335914ff7f:record_1704,%,ED patients,percent,ed patients,true,[],CIHI NACRS / 01/04/25 to 31/03/26
file_161ce5fbf507dd667d6dc24dad51011bd988de49fcb53fc2805a29335914ff7f:record_1705,%,ED patients,percent,ed patients,true,[],CIHI NACRS / 01/04/25 to 31/03/26
file_161ce5fbf507dd667d6dc24dad51011bd988de49fcb53fc2805a29335914ff7f:record_1706,Ratio (No unit),ALC patients,ratio,alc patients,true,[],CIHI DAD / 01/04/25 to 31/03/26
file_161ce5fbf507dd667d6dc24dad51011bd988de49fcb53fc2805a29335914ff7f:record_1707,Ratio (No unit),ALC patients,ratio,alc patients,true,[],CIHI DAD / 01/04/25 to 31/03/26
file_161ce5fbf507dd667d6dc24dad51011bd988de49fcb53fc2805a29335914ff7f:record_1708,Ratio (No unit),ALC patients,ratio,alc patients,true,[],CIHI DAD / 01/04/25 to 31/03/26
file_161ce5fbf507dd667d6dc24dad51011bd988de49fcb53fc2805a29335914ff7f:record_1709,Ratio (No unit),ALC patients,ratio,alc patients,true,[],CIHI DAD / 01/04/25 to 31/03/26
file_161ce5fbf507dd667d6dc24dad51011bd988de49fcb53fc2805a29335914ff7f:record_1710,%,Discharged patients with mental health & addiction,percent,discharged patients with mental health & addiction,true,[],CIHI NACRS / 01/04/25 to 31/03/26
file_161ce5fbf507dd667d6dc24dad51011bd988de49fcb53fc2805a29335914ff7f:record_1711,%,Discharged patients with mental health & addiction,percent,discharged patients with mental health & addiction,true,[],CIHI NACRS / 01/04/25 to 31/03/26
file_161ce5fbf507dd667d6dc24dad51011bd988de49fcb53fc2805a29335914ff7f:record_1712,%,Discharged patients with mental health & addiction,percent,discharged patients with mental health & addiction,true,[],CIHI NACRS / 01/04/25 to 31/03/26
file_161ce5fbf507dd667d6dc24dad51011bd988de49fcb53fc2805a29335914ff7f:record_1713,%,Discharged patients ,percent,discharged patients,true,[],CIHI DAD / 01/04/25 to 31/03/26
file_161ce5fbf507dd667d6dc24dad51011bd988de49fcb53fc2805a29335914ff7f:record_1714,%,Discharged patients ,percent,discharged patients,true,[],CIHI DAD / 01/04/25 to 31/03/26
file_161ce5fbf507dd667d6dc24dad51011bd988de49fcb53fc2805a29335914ff7f:record_1715,Number,ED patients,count,ed patients,true,[],CIHI NACRS / Fiscal Year
file_161ce5fbf507dd667d6dc24dad51011bd988de49fcb53fc2805a29335914ff7f:record_1716,%,Survey respondents,percent,survey respondents,true,[],Local data collection / Other
file_161ce5fbf507dd667d6dc24dad51011bd988de49fcb53fc2805a29335914ff7f:record_1717,%,Survey respondents,percent,survey respondents,true,[],Local data collection / Other
file_161ce5fbf507dd667d6dc24dad51011bd988de49fcb53fc2805a29335914ff7f:record_1718,%,Staff,percent,staff,true,[],Local data collection / Other
file_161ce5fbf507dd667d6dc24dad51011bd988de49fcb53fc2805a29335914ff7f:record_1719,%,All inpatients,percent,all inpatients,true,[],EMR/Chart Review / Apr 2025 - March 2026
file_161ce5fbf507dd667d6dc24dad51011bd988de49fcb53fc2805a29335914ff7f:record_1720,%,Survey respondents,percent,survey respondents,true,[],Local data collection / Other
file_161ce5fbf507dd667d6dc24dad51011bd988de49fcb53fc2805a29335914ff7f:record_1721,%,Survey respondents,percent,survey respondents,true,[],Local data collection / Other
file_161ce5fbf507dd667d6dc24dad51011bd988de49fcb53fc2805a29335914ff7f:record_1722,Minutes,Patients,minutes,patients,true,[],CIHI NACRS / Other
file_161ce5fbf507dd667d6dc24dad51011bd988de49fcb53fc2805a29335914ff7f:record_1723,%,ED patients,percent,ed patients,true,[],CIHI NACRS / Fiscal Year
file_161ce5fbf507dd667d6dc24dad51011bd988de49fcb53fc2805a29335914ff7f:record_1724,%,ED patients,percent,ed patients,true,[],CIHI NACRS / Fiscal Year
file_161ce5fbf507dd667d6dc24dad51011bd988de49fcb53fc2805a29335914ff7f:record_1725,%,Staff,percent,staff,false,"[""incompatible_indicator_unit""]",Local data collection / Other
file_161ce5fbf507dd667d6dc24dad51011bd988de49fcb53fc2805a29335914ff7f:record_1726,%,Staff,percent,staff,false,"[""incompatible_indicator_unit""]",Local data collection / Other
file_161ce5fbf507dd667d6dc24dad51011bd988de49fcb53fc2805a29335914ff7f:record_1727,%,Staff,percent,staff,true,[],Local data collection / Other
file_161ce5fbf507dd667d6dc24dad51011bd988de49fcb53fc2805a29335914ff7f:record_1728,%,Staff,percent,staff,true,[],Local data collection / Other
file_161ce5fbf507dd667d6dc24dad51011bd988de49fcb53fc2805a29335914ff7f:record_1729,%,Staff,percent,staff,true,[],Local data collection / Other
file_161ce5fbf507dd667d6dc24dad51011bd988de49fcb53fc2805a29335914ff7f:record_1730,Hours,ED patients,hours,ed patients,true,[],CIHI NACRS / Other
file_161ce5fbf507dd667d6dc24dad51011bd988de49fcb53fc2805a29335914ff7f:record_1731,%,Patients,percent,patients,true,[],In house data collection  / Q3
file_161ce5fbf507dd667d6dc24dad51011bd988de49fcb53fc2805a29335914ff7f:record_1732,%,Patients,percent,patients,true,[],In house data collection  / Q3
file_161ce5fbf507dd667d6dc24dad51011bd988de49fcb53fc2805a29335914ff7f:record_1733,%,Patients,percent,patients,true,[],In house data collection  / Q3
file_161ce5fbf507dd667d6dc24dad51011bd988de49fcb53fc2805a29335914ff7f:record_1734,Hours,ED patients,hours,ed patients,true,[],CIHI NACRS / Other
file_161ce5fbf507dd667d6dc24dad51011bd988de49fcb53fc2805a29335914ff7f:record_1735,Number,ED patients,count,ed patients,true,[],CIHI NACRS / Fiscal Year
file_161ce5fbf507dd667d6dc24dad51011bd988de49fcb53fc2805a29335914ff7f:record_1736,Number,ED patients,count,ed patients,true,[],CIHI NACRS / Fiscal Year
file_161ce5fbf507dd667d6dc24dad51011bd988de49fcb53fc2805a29335914ff7f:record_1737,%,Mental health patients,percent,mental health patients,true,[],CIHI NACRS / Q3
file_161ce5fbf507dd667d6dc24dad51011bd988de49fcb53fc2805a29335914ff7f:record_1738,%,Mental health patients,percent,mental health patients,true,[],CIHI NACRS / Q3
file_161ce5fbf507dd667d6dc24dad51011bd988de49fcb53fc2805a29335914ff7f:record_1739,Number,Staff,count,staff,true,[],In house data collection  / 12 month period Jan 1-Dec 31
file_161ce5fbf507dd667d6dc24dad51011bd988de49fcb53fc2805a29335914ff7f:record_1740,Number,Staff,count,staff,true,[],In house data collection  / 12 month period Jan 1-Dec 31
file_161ce5fbf507dd667d6dc24dad51011bd988de49fcb53fc2805a29335914ff7f:record_1741,Number,Staff,count,staff,true,[],In house data collection  / 12 month period Jan 1-Dec 31
file_161ce5fbf507dd667d6dc24dad51011bd988de49fcb53fc2805a29335914ff7f:record_1742,Rate,Worker,unknown,worker,false,"[""unknown_unit_or_population""]",In house data collection  / Q3
file_161ce5fbf507dd667d6dc24dad51011bd988de49fcb53fc2805a29335914ff7f:record_1743,Rate,Worker,unknown,worker,false,"[""unknown_unit_or_population""]",In house data collection  / Q3
file_fd960952b94a17c6133039e5515cdb29b133b2905b36909786e69941eb196f09:record_2,%,Discharged patients ,percent,discharged patients,true,[],Local data collection / Other
file_fd960952b94a17c6133039e5515cdb29b133b2905b36909786e69941eb196f09:record_3,%,Survey respondents,percent,survey respondents,true,[],Local data collection / Other
file_fd960952b94a17c6133039e5515cdb29b133b2905b36909786e69941eb196f09:record_4,%,Staff,percent,staff,true,[],Local data collection / Other
file_fd960952b94a17c6133039e5515cdb29b133b2905b36909786e69941eb196f09:record_5,Hours,ED patients,hours,ed patients,true,[],CIHI NACRS / Other
file_fd960952b94a17c6133039e5515cdb29b133b2905b36909786e69941eb196f09:record_6,Hours,ED patients,hours,ed patients,true,[],CIHI NACRS / Other
file_fd960952b94a17c6133039e5515cdb29b133b2905b36909786e69941eb196f09:record_7,%,Survey respondents,percent,survey respondents,true,[],Local data collection / Other
file_fd960952b94a17c6133039e5515cdb29b133b2905b36909786e69941eb196f09:record_8,%,Survey respondents,percent,survey respondents,true,[],Local data collection / Other
file_fd960952b94a17c6133039e5515cdb29b133b2905b36909786e69941eb196f09:record_9,%,Survey respondents,percent,survey respondents,true,[],Local data collection / Other
file_fd960952b94a17c6133039e5515cdb29b133b2905b36909786e69941eb196f09:record_10,%,Hospital admitted patients,percent,hospital admitted patients,true,[],CIHI DAD / Quarter
file_fd960952b94a17c6133039e5515cdb29b133b2905b36909786e69941eb196f09:record_11,%,Hospital admitted patients,percent,hospital admitted patients,true,[],CIHI DAD / Quarter
file_fd960952b94a17c6133039e5515cdb29b133b2905b36909786e69941eb196f09:record_12,%,Hospital admitted patients,percent,hospital admitted patients,true,[],CIHI DAD / Quarter
file_fd960952b94a17c6133039e5515cdb29b133b2905b36909786e69941eb196f09:record_13,Hours,ED patients,hours,ed patients,true,[],CIHI NACRS / Other
file_fd960952b94a17c6133039e5515cdb29b133b2905b36909786e69941eb196f09:record_14,Hours,ED patients,hours,ed patients,true,[],CIHI NACRS / Other
file_fd960952b94a17c6133039e5515cdb29b133b2905b36909786e69941eb196f09:record_15,Hours,ED patients,hours,ed patients,true,[],CIHI NACRS / Other
file_fd960952b94a17c6133039e5515cdb29b133b2905b36909786e69941eb196f09:record_16,"Rate per 1,000 patient days",All inpatients,rate_per_1000_patient_days,all inpatients,true,[],Hospital collected data / April 1 2025- March 31 2026
file_fd960952b94a17c6133039e5515cdb29b133b2905b36909786e69941eb196f09:record_17,"Rate per 1,000 patient days",All inpatients,rate_per_1000_patient_days,all inpatients,true,[],Hospital collected data / April 1 2025- March 31 2026
file_fd960952b94a17c6133039e5515cdb29b133b2905b36909786e69941eb196f09:record_18,"Rate per 1,000 patient days",All inpatients,rate_per_1000_patient_days,all inpatients,true,[],Hospital collected data / April 1 2025- March 31 2026
file_fd960952b94a17c6133039e5515cdb29b133b2905b36909786e69941eb196f09:record_19,"Rate per 1,000 patient days",All inpatients,rate_per_1000_patient_days,all inpatients,true,[],Hospital collected data / April 1 2025- March 31 2026
file_fd960952b94a17c6133039e5515cdb29b133b2905b36909786e69941eb196f09:record_20,%,Staff,percent,staff,true,[],Local data collection / April 1st 2026 to March 31st 2027
file_fd960952b94a17c6133039e5515cdb29b133b2905b36909786e69941eb196f09:record_21,%,Staff,percent,staff,true,[],Local data collection / April 1st 2026 to March 31st 2027
file_fd960952b94a17c6133039e5515cdb29b133b2905b36909786e69941eb196f09:record_22,%,Staff,percent,staff,true,[],Local data collection / April 1st 2026 to March 31st 2027
file_fd960952b94a17c6133039e5515cdb29b133b2905b36909786e69941eb196f09:record_23,%,Discharged patients ,percent,discharged patients,true,[],Local data collection / Other
file_fd960952b94a17c6133039e5515cdb29b133b2905b36909786e69941eb196f09:record_24,%,Discharged patients ,percent,discharged patients,true,[],Local data collection / Other
file_fd960952b94a17c6133039e5515cdb29b133b2905b36909786e69941eb196f09:record_25,%,Staff,percent,staff,true,[],Local data collection / Other
file_fd960952b94a17c6133039e5515cdb29b133b2905b36909786e69941eb196f09:record_26,Other,Other,unknown,unknown,false,"[""unknown_unit_or_population""]",Hospital collected data / Jan - Dec
file_fd960952b94a17c6133039e5515cdb29b133b2905b36909786e69941eb196f09:record_27,Other,Other,unknown,unknown,false,"[""unknown_unit_or_population""]",Hospital collected data / Jan - Dec
file_fd960952b94a17c6133039e5515cdb29b133b2905b36909786e69941eb196f09:record_28,%,All inpatients,percent,all inpatients,true,[],Hospital collected data / Jan - Dec
file_fd960952b94a17c6133039e5515cdb29b133b2905b36909786e69941eb196f09:record_29,%,All inpatients,percent,all inpatients,true,[],Hospital collected data / Jan - Dec
file_fd960952b94a17c6133039e5515cdb29b133b2905b36909786e69941eb196f09:record_30,Minutes,Patients,minutes,patients,true,[],CIHI NACRS / Other
file_fd960952b94a17c6133039e5515cdb29b133b2905b36909786e69941eb196f09:record_31,Minutes,Patients,minutes,patients,true,[],CIHI NACRS / Other
file_fd960952b94a17c6133039e5515cdb29b133b2905b36909786e69941eb196f09:record_32,Hours,ED patients,hours,ed patients,true,[],CIHI NACRS / Other
file_fd960952b94a17c6133039e5515cdb29b133b2905b36909786e69941eb196f09:record_33,Hours,ED patients,hours,ed patients,true,[],CIHI NACRS / Other
file_fd960952b94a17c6133039e5515cdb29b133b2905b36909786e69941eb196f09:record_34,Hours,ED patients,hours,ed patients,true,[],CIHI NACRS / Other
file_fd960952b94a17c6133039e5515cdb29b133b2905b36909786e69941eb196f09:record_35,Hours,ED patients,hours,ed patients,true,[],CIHI NACRS / Other
file_fd960952b94a17c6133039e5515cdb29b133b2905b36909786e69941eb196f09:record_36,Hours,ED patients,hours,ed patients,true,[],CIHI NACRS / Other
file_fd960952b94a17c6133039e5515cdb29b133b2905b36909786e69941eb196f09:record_37,Rate,All patients,unknown,all patients,false,"[""unknown_unit_or_population""]",Local data collection / April 2026 to March 2027
file_fd960952b94a17c6133039e5515cdb29b133b2905b36909786e69941eb196f09:record_38,%,Staff,percent,staff,true,[],Local data collection / April 2026 to March 2027
file_fd960952b94a17c6133039e5515cdb29b133b2905b36909786e69941eb196f09:record_39,Rate,Patients,unknown,patients,false,"[""unknown_unit_or_population""]",Local data collection / April 2026 to March 2027
file_fd960952b94a17c6133039e5515cdb29b133b2905b36909786e69941eb196f09:record_40,%,Staff,percent,staff,true,[],Local data collection / Other
file_fd960952b94a17c6133039e5515cdb29b133b2905b36909786e69941eb196f09:record_41,Hours,All surgical procedures,hours,all surgical procedures,true,[],In house data collection  / Q3 2026/27
file_fd960952b94a17c6133039e5515cdb29b133b2905b36909786e69941eb196f09:record_42,Hours,All surgical procedures,hours,all surgical procedures,true,[],In house data collection  / Q3 2026/27
file_fd960952b94a17c6133039e5515cdb29b133b2905b36909786e69941eb196f09:record_43,%,All surgical procedures,percent,all surgical procedures,true,[],In house data collection  / Q3 2026/27
file_fd960952b94a17c6133039e5515cdb29b133b2905b36909786e69941eb196f09:record_44,%,All surgical procedures,percent,all surgical procedures,true,[],In house data collection  / Q3 2026/27
file_fd960952b94a17c6133039e5515cdb29b133b2905b36909786e69941eb196f09:record_45,%,All surgical procedures,percent,all surgical procedures,true,[],In house data collection  / Q3 2026/27
file_fd960952b94a17c6133039e5515cdb29b133b2905b36909786e69941eb196f09:record_46,%,Maternity Patients,percent,maternity patients,true,[],In house data collection  / Q3 2026/27
file_fd960952b94a17c6133039e5515cdb29b133b2905b36909786e69941eb196f09:record_47,%,Maternity Patients,percent,maternity patients,true,[],In house data collection  / Q3 2026/27
file_fd960952b94a17c6133039e5515cdb29b133b2905b36909786e69941eb196f09:record_48,Dollars,All patients,dollars,all patients,true,[],In house data collection  / Q1 2026/27- Q4 2026/27
file_fd960952b94a17c6133039e5515cdb29b133b2905b36909786e69941eb196f09:record_49,Dollars,All patients,dollars,all patients,true,[],In house data collection  / Q1 2026/27- Q4 2026/27
file_fd960952b94a17c6133039e5515cdb29b133b2905b36909786e69941eb196f09:record_50,Dollars,All patients,dollars,all patients,true,[],In house data collection  / Q1 2026/27- Q4 2026/27
file_fd960952b94a17c6133039e5515cdb29b133b2905b36909786e69941eb196f09:record_51,Dollars,All patients,dollars,all patients,true,[],In house data collection  / Q1 2026/27- Q4 2026/27
file_fd960952b94a17c6133039e5515cdb29b133b2905b36909786e69941eb196f09:record_52,Dollars,All patients,dollars,all patients,true,[],In house data collection  / Q1 2026/27- Q4 2026/27
file_fd960952b94a17c6133039e5515cdb29b133b2905b36909786e69941eb196f09:record_53,Count,ED patients,count,ed patients,true,[],Hospital collected data / Q3 2026/27
file_fd960952b94a17c6133039e5515cdb29b133b2905b36909786e69941eb196f09:record_54,Count,ED patients,count,ed patients,true,[],Hospital collected data / Q3 2026/27
file_fd960952b94a17c6133039e5515cdb29b133b2905b36909786e69941eb196f09:record_55,Count,ED patients,count,ed patients,true,[],Hospital collected data / Q3 2026/27
file_fd960952b94a17c6133039e5515cdb29b133b2905b36909786e69941eb196f09:record_56,Minutes,ED patients,minutes,ed patients,true,[],Hospital collected data / Q3 2026/27
file_fd960952b94a17c6133039e5515cdb29b133b2905b36909786e69941eb196f09:record_57,Minutes,ED patients,minutes,ed patients,true,[],Hospital collected data / Q3 2026/27
file_fd960952b94a17c6133039e5515cdb29b133b2905b36909786e69941eb196f09:record_58,Days,ALC patients,days,alc patients,true,[],Hospital collected data / Q3 2026/27
file_fd960952b94a17c6133039e5515cdb29b133b2905b36909786e69941eb196f09:record_59,Days,ALC patients,days,alc patients,true,[],Hospital collected data / Q3 2026/27
file_fd960952b94a17c6133039e5515cdb29b133b2905b36909786e69941eb196f09:record_60,Days,ALC patients,days,alc patients,true,[],Hospital collected data / Q3 2026/27
file_fd960952b94a17c6133039e5515cdb29b133b2905b36909786e69941eb196f09:record_61,Days,ALC patients,days,alc patients,true,[],Hospital collected data / Q3 2026/27
file_fd960952b94a17c6133039e5515cdb29b133b2905b36909786e69941eb196f09:record_62,Days,ALC patients,days,alc patients,true,[],Hospital collected data / Q3 2026/27
file_fd960952b94a17c6133039e5515cdb29b133b2905b36909786e69941eb196f09:record_63,Days,ALC patients,days,alc patients,true,[],Hospital collected data / Q3 2026/27
file_fd960952b94a17c6133039e5515cdb29b133b2905b36909786e69941eb196f09:record_64,Count,All patients,count,all patients,true,[],Other / Q3 2026/27
file_fd960952b94a17c6133039e5515cdb29b133b2905b36909786e69941eb196f09:record_65,Count,All patients,count,all patients,true,[],Other / Q3 2026/27
file_fd960952b94a17c6133039e5515cdb29b133b2905b36909786e69941eb196f09:record_66,Number,Staff,count,staff,true,[],Hospital collected data / Q3 2026/27
file_fd960952b94a17c6133039e5515cdb29b133b2905b36909786e69941eb196f09:record_67,Number,Staff,count,staff,true,[],Hospital collected data / Q3 2026/27
file_fd960952b94a17c6133039e5515cdb29b133b2905b36909786e69941eb196f09:record_68,Number,Staff,count,staff,true,[],Hospital collected data / Q3 2026/27
file_fd960952b94a17c6133039e5515cdb29b133b2905b36909786e69941eb196f09:record_69,Number,Staff,count,staff,true,[],Hospital collected data / Q3 2026/27
file_fd960952b94a17c6133039e5515cdb29b133b2905b36909786e69941eb196f09:record_70,Number,Staff,count,staff,true,[],Hospital collected data / Q3 2026/27
file_fd960952b94a17c6133039e5515cdb29b133b2905b36909786e69941eb196f09:record_71,Number,Staff,count,staff,true,[],Hospital collected data / Q3 2026/27
file_fd960952b94a17c6133039e5515cdb29b133b2905b36909786e69941eb196f09:record_72,%,Staff,percent,staff,true,[],Local data collection / Other
file_fd960952b94a17c6133039e5515cdb29b133b2905b36909786e69941eb196f09:record_73,%,Hospital admitted patients,percent,hospital admitted patients,true,[],CIHI DAD / Quarter
file_fd960952b94a17c6133039e5515cdb29b133b2905b36909786e69941eb196f09:record_74,%,Staff,percent,staff,true,[],Local data collection / Other
file_fd960952b94a17c6133039e5515cdb29b133b2905b36909786e69941eb196f09:record_75,%,Other,percent,unknown,false,"[""unknown_unit_or_population""]",In house data collection  / January to December
file_fd960952b94a17c6133039e5515cdb29b133b2905b36909786e69941eb196f09:record_76,%,Patients,percent,patients,true,[],In house data collection  / January to December
file_fd960952b94a17c6133039e5515cdb29b133b2905b36909786e69941eb196f09:record_77,%,All patients,percent,all patients,true,[],In house data collection  / January to December
file_fd960952b94a17c6133039e5515cdb29b133b2905b36909786e69941eb196f09:record_78,%,Staff,percent,staff,true,[],In-house survey / January to December
file_fd960952b94a17c6133039e5515cdb29b133b2905b36909786e69941eb196f09:record_79,%,Discharged patients ,percent,discharged patients,true,[],Local data collection / Other
file_fd960952b94a17c6133039e5515cdb29b133b2905b36909786e69941eb196f09:record_80,%,Discharged patients ,percent,discharged patients,true,[],Local data collection / Other
file_fd960952b94a17c6133039e5515cdb29b133b2905b36909786e69941eb196f09:record_81,%,All patients,percent,all patients,true,[],Other / April 2026 - March 2027
file_fd960952b94a17c6133039e5515cdb29b133b2905b36909786e69941eb196f09:record_82,%,All inpatients,percent,all inpatients,true,[],In house data collection  / April 2026 - March 2027
file_fd960952b94a17c6133039e5515cdb29b133b2905b36909786e69941eb196f09:record_83,%,ED patients,percent,ed patients,true,[],Hospital collected data / monthly for fiscal year
file_fd960952b94a17c6133039e5515cdb29b133b2905b36909786e69941eb196f09:record_84,%,Survey respondents,percent,survey respondents,true,[],Local data collection / Other
file_fd960952b94a17c6133039e5515cdb29b133b2905b36909786e69941eb196f09:record_85,%,Survey respondents,percent,survey respondents,true,[],Local data collection / Other
file_fd960952b94a17c6133039e5515cdb29b133b2905b36909786e69941eb196f09:record_86,%,Survey respondents,percent,survey respondents,true,[],Local data collection / Other
file_fd960952b94a17c6133039e5515cdb29b133b2905b36909786e69941eb196f09:record_87,Hours,ED patients,hours,ed patients,true,[],CIHI NACRS / Other
file_fd960952b94a17c6133039e5515cdb29b133b2905b36909786e69941eb196f09:record_88,Hours,ED patients,hours,ed patients,true,[],CIHI NACRS / Other
file_fd960952b94a17c6133039e5515cdb29b133b2905b36909786e69941eb196f09:record_89,Hours,ED patients,hours,ed patients,true,[],CIHI NACRS / Other
file_fd960952b94a17c6133039e5515cdb29b133b2905b36909786e69941eb196f09:record_90,Hours,ED patients,hours,ed patients,true,[],CIHI NACRS / Other
file_fd960952b94a17c6133039e5515cdb29b133b2905b36909786e69941eb196f09:record_91,Hours,ED patients,hours,ed patients,true,[],CIHI NACRS / Other
file_fd960952b94a17c6133039e5515cdb29b133b2905b36909786e69941eb196f09:record_92,Hours,ED patients,hours,ed patients,true,[],CIHI NACRS / Other
file_fd960952b94a17c6133039e5515cdb29b133b2905b36909786e69941eb196f09:record_93,Hours,ED patients,hours,ed patients,true,[],CIHI NACRS / Other
file_fd960952b94a17c6133039e5515cdb29b133b2905b36909786e69941eb196f09:record_94,Hours,ED patients,hours,ed patients,true,[],CIHI NACRS / Other
file_fd960952b94a17c6133039e5515cdb29b133b2905b36909786e69941eb196f09:record_95,Hours,ED patients,hours,ed patients,true,[],CIHI NACRS / Other
file_fd960952b94a17c6133039e5515cdb29b133b2905b36909786e69941eb196f09:record_96,Hours,ED patients,hours,ed patients,true,[],CIHI NACRS / Other
file_fd960952b94a17c6133039e5515cdb29b133b2905b36909786e69941eb196f09:record_97,Minutes,Patients,minutes,patients,true,[],CIHI NACRS / Other
file_fd960952b94a17c6133039e5515cdb29b133b2905b36909786e69941eb196f09:record_98,Minutes,Patients,minutes,patients,true,[],CIHI NACRS / Other
file_fd960952b94a17c6133039e5515cdb29b133b2905b36909786e69941eb196f09:record_99,%,Hospital admitted patients,percent,hospital admitted patients,true,[],CIHI DAD / Quarter
file_fd960952b94a17c6133039e5515cdb29b133b2905b36909786e69941eb196f09:record_100,%,Hospital admitted patients,percent,hospital admitted patients,true,[],CIHI DAD / Quarter
file_fd960952b94a17c6133039e5515cdb29b133b2905b36909786e69941eb196f09:record_101,Hours,ED patients,hours,ed patients,true,[],CIHI NACRS / Other
file_fd960952b94a17c6133039e5515cdb29b133b2905b36909786e69941eb196f09:record_102,Hours,ED patients,hours,ed patients,true,[],CIHI NACRS / Other
file_fd960952b94a17c6133039e5515cdb29b133b2905b36909786e69941eb196f09:record_103,Hours,ED patients,hours,ed patients,true,[],CIHI NACRS / Other
file_fd960952b94a17c6133039e5515cdb29b133b2905b36909786e69941eb196f09:record_104,%,Other,percent,unknown,false,"[""unknown_unit_or_population""]",EMR/Chart Review / Monthly
file_fd960952b94a17c6133039e5515cdb29b133b2905b36909786e69941eb196f09:record_105,%,Other,percent,unknown,false,"[""unknown_unit_or_population""]",EMR/Chart Review / Monthly
file_fd960952b94a17c6133039e5515cdb29b133b2905b36909786e69941eb196f09:record_106,%,Other,percent,unknown,false,"[""unknown_unit_or_population""]",EMR/Chart Review / Monthly
file_fd960952b94a17c6133039e5515cdb29b133b2905b36909786e69941eb196f09:record_107,%,All acute patients,percent,all acute patients,true,[],EMR/Chart Review / monthly
file_fd960952b94a17c6133039e5515cdb29b133b2905b36909786e69941eb196f09:record_108,%,All acute patients,percent,all acute patients,true,[],EMR/Chart Review / monthly
file_fd960952b94a17c6133039e5515cdb29b133b2905b36909786e69941eb196f09:record_109,%,All acute patients,percent,all acute patients,true,[],EMR/Chart Review / monthly
file_fd960952b94a17c6133039e5515cdb29b133b2905b36909786e69941eb196f09:record_110,%,All acute patients,percent,all acute patients,true,[],EMR/Chart Review / monthly
file_fd960952b94a17c6133039e5515cdb29b133b2905b36909786e69941eb196f09:record_111,%,Discharged patients ,percent,discharged patients,true,[],Local data collection / Other
file_fd960952b94a17c6133039e5515cdb29b133b2905b36909786e69941eb196f09:record_112,%,Discharged patients ,percent,discharged patients,true,[],Local data collection / Other
file_fd960952b94a17c6133039e5515cdb29b133b2905b36909786e69941eb196f09:record_113,%,Discharged patients ,percent,discharged patients,true,[],Local data collection / Other
file_fd960952b94a17c6133039e5515cdb29b133b2905b36909786e69941eb196f09:record_114,%,Survey respondents,percent,survey respondents,true,[],Local data collection / Other
file_fd960952b94a17c6133039e5515cdb29b133b2905b36909786e69941eb196f09:record_115,%,Survey respondents,percent,survey respondents,true,[],Local data collection / Other
file_fd960952b94a17c6133039e5515cdb29b133b2905b36909786e69941eb196f09:record_116,%,Survey respondents,percent,survey respondents,true,[],Local data collection / Other
file_fd960952b94a17c6133039e5515cdb29b133b2905b36909786e69941eb196f09:record_117,%,ED patients,percent,ed patients,true,[],CIHI NACRS / Fiscal Year
file_fd960952b94a17c6133039e5515cdb29b133b2905b36909786e69941eb196f09:record_118,%,Staff,percent,staff,false,"[""incompatible_indicator_unit""]",Local data collection / Other
file_fd960952b94a17c6133039e5515cdb29b133b2905b36909786e69941eb196f09:record_119,%,Staff,percent,staff,false,"[""incompatible_indicator_unit""]",Local data collection / Other
file_fd960952b94a17c6133039e5515cdb29b133b2905b36909786e69941eb196f09:record_120,%,Staff,percent,staff,false,"[""incompatible_indicator_unit""]",Local data collection / Other
file_fd960952b94a17c6133039e5515cdb29b133b2905b36909786e69941eb196f09:record_121,%,Staff,percent,staff,false,"[""incompatible_indicator_unit""]",Local data collection / Other
file_fd960952b94a17c6133039e5515cdb29b133b2905b36909786e69941eb196f09:record_122,%,Staff,percent,staff,false,"[""incompatible_indicator_unit""]",Local data collection / Other
file_fd960952b94a17c6133039e5515cdb29b133b2905b36909786e69941eb196f09:record_123,%,All inpatients,percent,all inpatients,true,[],Local data collection / January-December
file_fd960952b94a17c6133039e5515cdb29b133b2905b36909786e69941eb196f09:record_124,%,All inpatients,percent,all inpatients,true,[],Local data collection / January-December
file_fd960952b94a17c6133039e5515cdb29b133b2905b36909786e69941eb196f09:record_125,Hours,ED patients,hours,ed patients,true,[],CIHI NACRS / Other
file_fd960952b94a17c6133039e5515cdb29b133b2905b36909786e69941eb196f09:record_126,Hours,ED patients,hours,ed patients,true,[],CIHI NACRS / Other
file_fd960952b94a17c6133039e5515cdb29b133b2905b36909786e69941eb196f09:record_127,Hours,ED patients,hours,ed patients,true,[],CIHI NACRS / Other
file_fd960952b94a17c6133039e5515cdb29b133b2905b36909786e69941eb196f09:record_128,%,Staff,percent,staff,true,[],Local data collection / Fiscal Year - 2026
file_fd960952b94a17c6133039e5515cdb29b133b2905b36909786e69941eb196f09:record_129,%,Staff,percent,staff,true,[],Local data collection / Fiscal Year - 2026
file_fd960952b94a17c6133039e5515cdb29b133b2905b36909786e69941eb196f09:record_130,Minutes,Patients,minutes,patients,true,[],CIHI NACRS / Other
file_fd960952b94a17c6133039e5515cdb29b133b2905b36909786e69941eb196f09:record_131,Hours,ED patients,hours,ed patients,true,[],CIHI NACRS / Other
file_fd960952b94a17c6133039e5515cdb29b133b2905b36909786e69941eb196f09:record_132,Hours,ED patients,hours,ed patients,true,[],CIHI NACRS / Other
file_fd960952b94a17c6133039e5515cdb29b133b2905b36909786e69941eb196f09:record_133,Hours,ED patients,hours,ed patients,true,[],CIHI NACRS / Other
file_fd960952b94a17c6133039e5515cdb29b133b2905b36909786e69941eb196f09:record_134,Hours,ED patients,hours,ed patients,true,[],CIHI NACRS / Other
file_fd960952b94a17c6133039e5515cdb29b133b2905b36909786e69941eb196f09:record_135,Number,ED patients,count,ed patients,true,[],CIHI NACRS / Fiscal Year
file_fd960952b94a17c6133039e5515cdb29b133b2905b36909786e69941eb196f09:record_136,%,Patients,percent,patients,true,[],"CIHI DAD, NACRS / Quarter"
file_fd960952b94a17c6133039e5515cdb29b133b2905b36909786e69941eb196f09:record_137,Number,All inpatients,count,all inpatients,true,[],In house data collection  / Meditech
file_fd960952b94a17c6133039e5515cdb29b133b2905b36909786e69941eb196f09:record_138,Number,All inpatients,count,all inpatients,true,[],In house data collection  / Meditech
file_fd960952b94a17c6133039e5515cdb29b133b2905b36909786e69941eb196f09:record_139,Number,All acute patients,count,all acute patients,true,[],In house data collection  / manual data
file_fd960952b94a17c6133039e5515cdb29b133b2905b36909786e69941eb196f09:record_140,%,Discharged patients ,percent,discharged patients,true,[],Local data collection / Other
file_fd960952b94a17c6133039e5515cdb29b133b2905b36909786e69941eb196f09:record_141,%,Discharged patients ,percent,discharged patients,true,[],Local data collection / Other
file_fd960952b94a17c6133039e5515cdb29b133b2905b36909786e69941eb196f09:record_142,%,Discharged patients ,percent,discharged patients,true,[],Local data collection / Other
file_fd960952b94a17c6133039e5515cdb29b133b2905b36909786e69941eb196f09:record_143,%,Discharged patients ,percent,discharged patients,true,[],Local data collection / Other
file_fd960952b94a17c6133039e5515cdb29b133b2905b36909786e69941eb196f09:record_144,Minutes,Patients,minutes,patients,true,[],CIHI NACRS / Other
file_fd960952b94a17c6133039e5515cdb29b133b2905b36909786e69941eb196f09:record_145,Minutes,Patients,minutes,patients,true,[],CIHI NACRS / Other
file_fd960952b94a17c6133039e5515cdb29b133b2905b36909786e69941eb196f09:record_146,Minutes,Patients,minutes,patients,true,[],CIHI NACRS / Other
file_fd960952b94a17c6133039e5515cdb29b133b2905b36909786e69941eb196f09:record_147,%,Staff,percent,staff,false,"[""incompatible_indicator_unit""]",Local data collection / Other
file_fd960952b94a17c6133039e5515cdb29b133b2905b36909786e69941eb196f09:record_148,%,Staff,percent,staff,false,"[""incompatible_indicator_unit""]",Local data collection / Other
file_fd960952b94a17c6133039e5515cdb29b133b2905b36909786e69941eb196f09:record_149,%,Staff,percent,staff,false,"[""incompatible_indicator_unit""]",Local data collection / Other
file_fd960952b94a17c6133039e5515cdb29b133b2905b36909786e69941eb196f09:record_150,%,Staff,percent,staff,false,"[""incompatible_indicator_unit""]",Local data collection / Other
file_fd960952b94a17c6133039e5515cdb29b133b2905b36909786e69941eb196f09:record_151,%,Staff,percent,staff,false,"[""incompatible_indicator_unit""]",Local data collection / Other
file_fd960952b94a17c6133039e5515cdb29b133b2905b36909786e69941eb196f09:record_152,%,Staff,percent,staff,false,"[""incompatible_indicator_unit""]",Local data collection / Other
file_fd960952b94a17c6133039e5515cdb29b133b2905b36909786e69941eb196f09:record_153,%,Staff,percent,staff,true,[],Local data collection / Other
file_fd960952b94a17c6133039e5515cdb29b133b2905b36909786e69941eb196f09:record_154,%,Staff,percent,staff,true,[],Local data collection / Other
file_fd960952b94a17c6133039e5515cdb29b133b2905b36909786e69941eb196f09:record_155,%,Staff,percent,staff,true,[],Local data collection / Other
file_fd960952b94a17c6133039e5515cdb29b133b2905b36909786e69941eb196f09:record_156,%,Staff,percent,staff,true,[],Local data collection / Other
file_fd960952b94a17c6133039e5515cdb29b133b2905b36909786e69941eb196f09:record_157,%,Staff,percent,staff,true,[],Local data collection / Other
file_fd960952b94a17c6133039e5515cdb29b133b2905b36909786e69941eb196f09:record_158,Hours,ED patients,hours,ed patients,true,[],CIHI NACRS / Other
file_fd960952b94a17c6133039e5515cdb29b133b2905b36909786e69941eb196f09:record_159,Hours,ED patients,hours,ed patients,true,[],CIHI NACRS / Other
file_fd960952b94a17c6133039e5515cdb29b133b2905b36909786e69941eb196f09:record_160,Hours,ED patients,hours,ed patients,true,[],CIHI NACRS / Other
file_fd960952b94a17c6133039e5515cdb29b133b2905b36909786e69941eb196f09:record_161,Hours,ED patients,hours,ed patients,true,[],CIHI NACRS / Other
file_fd960952b94a17c6133039e5515cdb29b133b2905b36909786e69941eb196f09:record_162,Hours,ED patients,hours,ed patients,true,[],CIHI NACRS / Other
file_fd960952b94a17c6133039e5515cdb29b133b2905b36909786e69941eb196f09:record_163,Hours,ED patients,hours,ed patients,true,[],CIHI NACRS / Other
file_fd960952b94a17c6133039e5515cdb29b133b2905b36909786e69941eb196f09:record_164,Hours,ED patients,hours,ed patients,true,[],CIHI NACRS / Other
file_fd960952b94a17c6133039e5515cdb29b133b2905b36909786e69941eb196f09:record_165,Hours,ED patients,hours,ed patients,true,[],CIHI NACRS / Other
file_fd960952b94a17c6133039e5515cdb29b133b2905b36909786e69941eb196f09:record_166,Hours,ED patients,hours,ed patients,true,[],CIHI NACRS / Other
file_fd960952b94a17c6133039e5515cdb29b133b2905b36909786e69941eb196f09:record_167,Hours,ED patients,hours,ed patients,true,[],CIHI NACRS / Other
file_fd960952b94a17c6133039e5515cdb29b133b2905b36909786e69941eb196f09:record_168,Hours,ED patients,hours,ed patients,true,[],CIHI NACRS / Other
file_fd960952b94a17c6133039e5515cdb29b133b2905b36909786e69941eb196f09:record_169,Hours,ED patients,hours,ed patients,true,[],CIHI NACRS / Other
file_fd960952b94a17c6133039e5515cdb29b133b2905b36909786e69941eb196f09:record_170,Hours,ED patients,hours,ed patients,true,[],CIHI NACRS / Other
file_fd960952b94a17c6133039e5515cdb29b133b2905b36909786e69941eb196f09:record_171,Number,ED patients,count,ed patients,true,[],CIHI NACRS / Fiscal Year
file_fd960952b94a17c6133039e5515cdb29b133b2905b36909786e69941eb196f09:record_172,Number,ED patients,count,ed patients,true,[],CIHI NACRS / Fiscal Year
file_fd960952b94a17c6133039e5515cdb29b133b2905b36909786e69941eb196f09:record_173,Number,ED patients,count,ed patients,true,[],CIHI NACRS / Fiscal Year
file_fd960952b94a17c6133039e5515cdb29b133b2905b36909786e69941eb196f09:record_174,Number,ED patients,count,ed patients,true,[],CIHI NACRS / Fiscal Year
file_fd960952b94a17c6133039e5515cdb29b133b2905b36909786e69941eb196f09:record_175,Number,ED patients,count,ed patients,true,[],CIHI NACRS / Fiscal Year
file_fd960952b94a17c6133039e5515cdb29b133b2905b36909786e69941eb196f09:record_176,Number,Patients,count,patients,true,[],"Hospital collected data / April 1, 2026 - March 31, 2027"
file_fd960952b94a17c6133039e5515cdb29b133b2905b36909786e69941eb196f09:record_177,Number,Patients,count,patients,true,[],"Hospital collected data / April 1, 2026 - March 31, 2027"
file_fd960952b94a17c6133039e5515cdb29b133b2905b36909786e69941eb196f09:record_178,Number,Patients,count,patients,true,[],"Hospital collected data / April 1, 2026 - March 31, 2027"
file_fd960952b94a17c6133039e5515cdb29b133b2905b36909786e69941eb196f09:record_179,Number,Patients,count,patients,true,[],"Hospital collected data / April 1, 2026 - March 31, 2027"
file_fd960952b94a17c6133039e5515cdb29b133b2905b36909786e69941eb196f09:record_180,Number,Patients,count,patients,true,[],"Hospital collected data / April 1, 2026 - March 31, 2027"
file_fd960952b94a17c6133039e5515cdb29b133b2905b36909786e69941eb196f09:record_181,Other,Other,unknown,unknown,false,"[""unknown_unit_or_population""]",Other / FY 2026-27
file_fd960952b94a17c6133039e5515cdb29b133b2905b36909786e69941eb196f09:record_182,Other,Other,unknown,unknown,false,"[""unknown_unit_or_population""]",Other / FY 2026-27
file_fd960952b94a17c6133039e5515cdb29b133b2905b36909786e69941eb196f09:record_183,Other,Other,unknown,unknown,false,"[""unknown_unit_or_population""]",Other / FY 2026-27
file_fd960952b94a17c6133039e5515cdb29b133b2905b36909786e69941eb196f09:record_184,Other,Other,unknown,unknown,false,"[""unknown_unit_or_population""]",Other / FY 2026-27
file_fd960952b94a17c6133039e5515cdb29b133b2905b36909786e69941eb196f09:record_185,Other,Other,unknown,unknown,false,"[""unknown_unit_or_population""]",Other / FY 2026-27
file_fd960952b94a17c6133039e5515cdb29b133b2905b36909786e69941eb196f09:record_186,Other,Other,unknown,unknown,false,"[""unknown_unit_or_population""]",Other / FY 2026-27
file_fd960952b94a17c6133039e5515cdb29b133b2905b36909786e69941eb196f09:record_187,Other,Other,unknown,unknown,false,"[""unknown_unit_or_population""]",Other / FY 2026-27
file_fd960952b94a17c6133039e5515cdb29b133b2905b36909786e69941eb196f09:record_188,Other,Other,unknown,unknown,false,"[""unknown_unit_or_population""]",Other / FY 2026-27
file_fd960952b94a17c6133039e5515cdb29b133b2905b36909786e69941eb196f09:record_189,Other,Other,unknown,unknown,false,"[""unknown_unit_or_population""]",Other / FY 2026-27
file_fd960952b94a17c6133039e5515cdb29b133b2905b36909786e69941eb196f09:record_190,Other,Other,unknown,unknown,false,"[""unknown_unit_or_population""]",Other / FY 2026-27
file_fd960952b94a17c6133039e5515cdb29b133b2905b36909786e69941eb196f09:record_191,%,Other,percent,unknown,false,"[""unknown_unit_or_population""]",Other / FY 2026-27
file_fd960952b94a17c6133039e5515cdb29b133b2905b36909786e69941eb196f09:record_192,%,Other,percent,unknown,false,"[""unknown_unit_or_population""]",Other / FY 2026-27
file_fd960952b94a17c6133039e5515cdb29b133b2905b36909786e69941eb196f09:record_193,Other,Other,unknown,unknown,false,"[""unknown_unit_or_population""]",Other / FY 2026-27
file_fd960952b94a17c6133039e5515cdb29b133b2905b36909786e69941eb196f09:record_194,Days,Staff,days,staff,true,[],"Hospital collected data / April 1, 2026 - March 31, 2027"
file_fd960952b94a17c6133039e5515cdb29b133b2905b36909786e69941eb196f09:record_195,Days,Staff,days,staff,true,[],"Hospital collected data / April 1, 2026 - March 31, 2027"
file_fd960952b94a17c6133039e5515cdb29b133b2905b36909786e69941eb196f09:record_196,Days,Staff,days,staff,true,[],"Hospital collected data / April 1, 2026 - March 31, 2027"
file_fd960952b94a17c6133039e5515cdb29b133b2905b36909786e69941eb196f09:record_197,Days,Staff,days,staff,true,[],"Hospital collected data / April 1, 2026 - March 31, 2027"
file_fd960952b94a17c6133039e5515cdb29b133b2905b36909786e69941eb196f09:record_198,Days,Staff,days,staff,true,[],"Hospital collected data / April 1, 2026 - March 31, 2027"
file_fd960952b94a17c6133039e5515cdb29b133b2905b36909786e69941eb196f09:record_199,%,Staff,percent,staff,true,[],"Hospital collected data / April 1, 2026 - March 31, 2027"
file_fd960952b94a17c6133039e5515cdb29b133b2905b36909786e69941eb196f09:record_200,%,Staff,percent,staff,true,[],"Hospital collected data / April 1, 2026 - March 31, 2027"
file_fd960952b94a17c6133039e5515cdb29b133b2905b36909786e69941eb196f09:record_201,%,Staff,percent,staff,true,[],"Hospital collected data / April 1, 2026 - March 31, 2027"
file_fd960952b94a17c6133039e5515cdb29b133b2905b36909786e69941eb196f09:record_202,%,Staff,percent,staff,true,[],"Hospital collected data / April 1, 2026 - March 31, 2027"
file_fd960952b94a17c6133039e5515cdb29b133b2905b36909786e69941eb196f09:record_203,%,Staff,percent,staff,true,[],"Hospital collected data / April 1, 2026 - March 31, 2027"
file_fd960952b94a17c6133039e5515cdb29b133b2905b36909786e69941eb196f09:record_204,%,N/a,percent,unknown,false,"[""unknown_unit_or_population""]","Hospital collected data / April 1, 2026 - March 31, 2027"
file_fd960952b94a17c6133039e5515cdb29b133b2905b36909786e69941eb196f09:record_205,%,Patients,percent,patients,true,[],"Hospital collected data / April 1, 2026 - March 31, 2027"
file_fd960952b94a17c6133039e5515cdb29b133b2905b36909786e69941eb196f09:record_206,%,Patients,percent,patients,true,[],"Hospital collected data / April 1, 2026 - March 31, 2027"
file_fd960952b94a17c6133039e5515cdb29b133b2905b36909786e69941eb196f09:record_207,%,Patients,percent,patients,true,[],"Hospital collected data / April 1, 2026 - March 31, 2027"
file_fd960952b94a17c6133039e5515cdb29b133b2905b36909786e69941eb196f09:record_208,90th percentile,ED patients,unknown,ed patients,false,"[""unknown_unit_or_population""]","Hospital collected data / April 1, 2026 - March 31, 2027"
file_fd960952b94a17c6133039e5515cdb29b133b2905b36909786e69941eb196f09:record_209,90th percentile,ED patients,unknown,ed patients,false,"[""unknown_unit_or_population""]","Hospital collected data / April 1, 2026 - March 31, 2027"
file_fd960952b94a17c6133039e5515cdb29b133b2905b36909786e69941eb196f09:record_210,90th percentile,ED patients,unknown,ed patients,false,"[""unknown_unit_or_population""]","Hospital collected data / April 1, 2026 - March 31, 2027"
file_fd960952b94a17c6133039e5515cdb29b133b2905b36909786e69941eb196f09:record_211,90th percentile,ED patients,unknown,ed patients,false,"[""unknown_unit_or_population""]","Hospital collected data / April 1, 2026 - March 31, 2027"
file_fd960952b94a17c6133039e5515cdb29b133b2905b36909786e69941eb196f09:record_212,Rate,ALC patients,unknown,alc patients,false,"[""unknown_unit_or_population""]","Hospital collected data / April 1, 2026 - March 31, 2027"
file_fd960952b94a17c6133039e5515cdb29b133b2905b36909786e69941eb196f09:record_213,Rate,ALC patients,unknown,alc patients,false,"[""unknown_unit_or_population""]","Hospital collected data / April 1, 2026 - March 31, 2027"
file_fd960952b94a17c6133039e5515cdb29b133b2905b36909786e69941eb196f09:record_214,Rate,ALC patients,unknown,alc patients,false,"[""unknown_unit_or_population""]","Hospital collected data / April 1, 2026 - March 31, 2027"
file_fd960952b94a17c6133039e5515cdb29b133b2905b36909786e69941eb196f09:record_215,Number,Patients,count,patients,true,[],"Hospital collected data / April 1, 2026 - March 31, 2027"
file_fd960952b94a17c6133039e5515cdb29b133b2905b36909786e69941eb196f09:record_216,%,Survey respondents,percent,survey respondents,true,[],Local data collection / Other
file_fd960952b94a17c6133039e5515cdb29b133b2905b36909786e69941eb196f09:record_217,%,Survey respondents,percent,survey respondents,true,[],Local data collection / Other
file_fd960952b94a17c6133039e5515cdb29b133b2905b36909786e69941eb196f09:record_218,%,Survey respondents,percent,survey respondents,true,[],Local data collection / Other
file_fd960952b94a17c6133039e5515cdb29b133b2905b36909786e69941eb196f09:record_219,%,ED patients,percent,ed patients,true,[],CIHI NACRS / Fiscal Year
file_fd960952b94a17c6133039e5515cdb29b133b2905b36909786e69941eb196f09:record_220,%,ED patients,percent,ed patients,true,[],CIHI NACRS / Fiscal Year
file_fd960952b94a17c6133039e5515cdb29b133b2905b36909786e69941eb196f09:record_221,%,ED patients,percent,ed patients,true,[],CIHI NACRS / Fiscal Year
file_fd960952b94a17c6133039e5515cdb29b133b2905b36909786e69941eb196f09:record_222,%,ED patients,percent,ed patients,true,[],CIHI NACRS / Fiscal Year
file_fd960952b94a17c6133039e5515cdb29b133b2905b36909786e69941eb196f09:record_223,Hours,ED patients,hours,ed patients,true,[],CIHI NACRS / Other
file_fd960952b94a17c6133039e5515cdb29b133b2905b36909786e69941eb196f09:record_224,Hours,ED patients,hours,ed patients,true,[],CIHI NACRS / Other
file_fd960952b94a17c6133039e5515cdb29b133b2905b36909786e69941eb196f09:record_225,Hours,ED patients,hours,ed patients,true,[],CIHI NACRS / Other
file_fd960952b94a17c6133039e5515cdb29b133b2905b36909786e69941eb196f09:record_226,Hours,ED patients,hours,ed patients,true,[],CIHI NACRS / Other
file_fd960952b94a17c6133039e5515cdb29b133b2905b36909786e69941eb196f09:record_227,Hours,ED patients,hours,ed patients,true,[],CIHI NACRS / Other
file_fd960952b94a17c6133039e5515cdb29b133b2905b36909786e69941eb196f09:record_228,Hours,ED patients,hours,ed patients,true,[],CIHI NACRS / Other
file_fd960952b94a17c6133039e5515cdb29b133b2905b36909786e69941eb196f09:record_229,Hours,ED patients,hours,ed patients,true,[],CIHI NACRS / Other
file_fd960952b94a17c6133039e5515cdb29b133b2905b36909786e69941eb196f09:record_230,Number,ED patients,count,ed patients,true,[],CIHI NACRS / Fiscal Year
file_fd960952b94a17c6133039e5515cdb29b133b2905b36909786e69941eb196f09:record_231,Number,ED patients,count,ed patients,true,[],CIHI NACRS / Fiscal Year
file_fd960952b94a17c6133039e5515cdb29b133b2905b36909786e69941eb196f09:record_232,Number,ED patients,count,ed patients,true,[],CIHI NACRS / Fiscal Year
file_fd960952b94a17c6133039e5515cdb29b133b2905b36909786e69941eb196f09:record_233,Number,ED patients,count,ed patients,true,[],CIHI NACRS / Fiscal Year
file_fd960952b94a17c6133039e5515cdb29b133b2905b36909786e69941eb196f09:record_234,Number,Staff,count,staff,true,[],In house data collection  / 2026-27
file_fd960952b94a17c6133039e5515cdb29b133b2905b36909786e69941eb196f09:record_235,Number,Staff,count,staff,true,[],In house data collection  / 2026-27
file_fd960952b94a17c6133039e5515cdb29b133b2905b36909786e69941eb196f09:record_236,Number,Staff,count,staff,true,[],In house data collection  / 2026-27
file_fd960952b94a17c6133039e5515cdb29b133b2905b36909786e69941eb196f09:record_237,%,All acute patients,percent,all acute patients,true,[],In house data collection  / 2026/27
file_fd960952b94a17c6133039e5515cdb29b133b2905b36909786e69941eb196f09:record_238,%,All acute patients,percent,all acute patients,true,[],In house data collection  / 2026/27
file_fd960952b94a17c6133039e5515cdb29b133b2905b36909786e69941eb196f09:record_239,%,All acute patients,percent,all acute patients,true,[],In house data collection  / 2026/27
file_fd960952b94a17c6133039e5515cdb29b133b2905b36909786e69941eb196f09:record_240,Minutes,Patients,minutes,patients,true,[],CIHI NACRS / Other
file_fd960952b94a17c6133039e5515cdb29b133b2905b36909786e69941eb196f09:record_241,Minutes,Patients,minutes,patients,true,[],CIHI NACRS / Other
file_fd960952b94a17c6133039e5515cdb29b133b2905b36909786e69941eb196f09:record_242,Count,ED patients,count,ed patients,true,[],Other / Fiscal Year
file_fd960952b94a17c6133039e5515cdb29b133b2905b36909786e69941eb196f09:record_243,Count,ED patients,count,ed patients,true,[],Other / Fiscal Year
file_fd960952b94a17c6133039e5515cdb29b133b2905b36909786e69941eb196f09:record_244,%,Other,percent,unknown,false,"[""unknown_unit_or_population""]",Other / Fiscal Year
file_fd960952b94a17c6133039e5515cdb29b133b2905b36909786e69941eb196f09:record_245,%,All patients,percent,all patients,true,[],Other / 12 Month Period
file_fd960952b94a17c6133039e5515cdb29b133b2905b36909786e69941eb196f09:record_246,%,All patients,percent,all patients,true,[],Other / 12 Month Period
file_fd960952b94a17c6133039e5515cdb29b133b2905b36909786e69941eb196f09:record_247,%,Staff,percent,staff,true,[],Other / Fiscal Year
file_fd960952b94a17c6133039e5515cdb29b133b2905b36909786e69941eb196f09:record_248,%,Staff,percent,staff,true,[],Other / Fiscal Year
file_fd960952b94a17c6133039e5515cdb29b133b2905b36909786e69941eb196f09:record_249,%,Staff,percent,staff,true,[],Other / Fiscal Year
file_fd960952b94a17c6133039e5515cdb29b133b2905b36909786e69941eb196f09:record_250,%,Survey respondents,percent,survey respondents,true,[],Local data collection / Other
file_fd960952b94a17c6133039e5515cdb29b133b2905b36909786e69941eb196f09:record_251,%,Survey respondents,percent,survey respondents,true,[],Local data collection / Other
file_fd960952b94a17c6133039e5515cdb29b133b2905b36909786e69941eb196f09:record_252,Number,ED patients,count,ed patients,true,[],CIHI NACRS / Fiscal Year
file_fd960952b94a17c6133039e5515cdb29b133b2905b36909786e69941eb196f09:record_253,Number,ED patients,count,ed patients,true,[],CIHI NACRS / Fiscal Year
file_fd960952b94a17c6133039e5515cdb29b133b2905b36909786e69941eb196f09:record_254,Number,ED patients,count,ed patients,true,[],CIHI NACRS / Fiscal Year
file_fd960952b94a17c6133039e5515cdb29b133b2905b36909786e69941eb196f09:record_255,Count,All patients,count,all patients,true,[],"Local data collection / April 1, 2025 to Sept 30, 2025"
file_fd960952b94a17c6133039e5515cdb29b133b2905b36909786e69941eb196f09:record_256,Count,All patients,count,all patients,true,[],"Local data collection / April 1, 2025 to Sept 30, 2025"
file_fd960952b94a17c6133039e5515cdb29b133b2905b36909786e69941eb196f09:record_257,%,Other,percent,unknown,false,"[""unknown_unit_or_population""]",Hospital collected data / 2026-2027
file_fd960952b94a17c6133039e5515cdb29b133b2905b36909786e69941eb196f09:record_258,%,Other,percent,unknown,false,"[""unknown_unit_or_population""]",Hospital collected data / 2026-2027
file_fd960952b94a17c6133039e5515cdb29b133b2905b36909786e69941eb196f09:record_259,%,Other,percent,unknown,false,"[""unknown_unit_or_population""]",Hospital collected data / 2026-2027
file_fd960952b94a17c6133039e5515cdb29b133b2905b36909786e69941eb196f09:record_260,%,Staff,percent,staff,true,[],"Other / Trailing 12 months at Dec 31, 25"
file_fd960952b94a17c6133039e5515cdb29b133b2905b36909786e69941eb196f09:record_261,%,Staff,percent,staff,true,[],"Other / Trailing 12 months at Dec 31, 25"
file_fd960952b94a17c6133039e5515cdb29b133b2905b36909786e69941eb196f09:record_262,%,Staff,percent,staff,true,[],"Other / Trailing 12 months at Dec 31, 25"
file_fd960952b94a17c6133039e5515cdb29b133b2905b36909786e69941eb196f09:record_263,Count,All patients,count,all patients,true,[],Hospital collected data / 2026-2027
file_fd960952b94a17c6133039e5515cdb29b133b2905b36909786e69941eb196f09:record_264,Count,All patients,count,all patients,true,[],Hospital collected data / 2026-2027
file_fd960952b94a17c6133039e5515cdb29b133b2905b36909786e69941eb196f09:record_265,Count,All patients,count,all patients,true,[],Hospital collected data / 2026-2027
file_fd960952b94a17c6133039e5515cdb29b133b2905b36909786e69941eb196f09:record_266,Count,All patients,count,all patients,true,[],Hospital collected data / 2026-2027
file_fd960952b94a17c6133039e5515cdb29b133b2905b36909786e69941eb196f09:record_267,%,All inpatients,percent,all inpatients,true,[],Hospital collected data / 2026-2027
file_fd960952b94a17c6133039e5515cdb29b133b2905b36909786e69941eb196f09:record_268,%,All inpatients,percent,all inpatients,true,[],Hospital collected data / 2026-2027
file_fd960952b94a17c6133039e5515cdb29b133b2905b36909786e69941eb196f09:record_269,%,All inpatients,percent,all inpatients,true,[],Hospital collected data / 2026-2027
file_fd960952b94a17c6133039e5515cdb29b133b2905b36909786e69941eb196f09:record_270,%,Staff,percent,staff,true,[],"Other / Trailing 12 months at Dec 31, 25"
file_fd960952b94a17c6133039e5515cdb29b133b2905b36909786e69941eb196f09:record_271,%,Staff,percent,staff,true,[],"Other / Trailing 12 months at Dec 31, 25"
file_fd960952b94a17c6133039e5515cdb29b133b2905b36909786e69941eb196f09:record_272,%,Staff,percent,staff,true,[],"Other / Trailing 12 months at Dec 31, 25"
file_fd960952b94a17c6133039e5515cdb29b133b2905b36909786e69941eb196f09:record_273,%,Other,percent,unknown,false,"[""unknown_unit_or_population""]","IntelliHealth, MOH / 2026-2027"
file_fd960952b94a17c6133039e5515cdb29b133b2905b36909786e69941eb196f09:record_274,%,Other,percent,unknown,false,"[""unknown_unit_or_population""]","IntelliHealth, MOH / 2026-2027"
file_fd960952b94a17c6133039e5515cdb29b133b2905b36909786e69941eb196f09:record_275,%,Other,percent,unknown,false,"[""unknown_unit_or_population""]","IntelliHealth, MOH / 2026-2027"
file_fd960952b94a17c6133039e5515cdb29b133b2905b36909786e69941eb196f09:record_276,%,Discharged patients ,percent,discharged patients,true,[],Local data collection / Other
file_fd960952b94a17c6133039e5515cdb29b133b2905b36909786e69941eb196f09:record_277,%,Survey respondents,percent,survey respondents,true,[],Local data collection / Other
file_fd960952b94a17c6133039e5515cdb29b133b2905b36909786e69941eb196f09:record_278,%,Survey respondents,percent,survey respondents,true,[],Local data collection / Other
file_fd960952b94a17c6133039e5515cdb29b133b2905b36909786e69941eb196f09:record_279,Minutes,Patients,minutes,patients,true,[],CIHI NACRS / Other
file_fd960952b94a17c6133039e5515cdb29b133b2905b36909786e69941eb196f09:record_280,Minutes,Patients,minutes,patients,true,[],CIHI NACRS / Other
file_fd960952b94a17c6133039e5515cdb29b133b2905b36909786e69941eb196f09:record_281,%,Staff,percent,staff,false,"[""incompatible_indicator_unit""]",Local data collection / Other
file_fd960952b94a17c6133039e5515cdb29b133b2905b36909786e69941eb196f09:record_282,%,Staff,percent,staff,false,"[""incompatible_indicator_unit""]",Local data collection / Other
file_fd960952b94a17c6133039e5515cdb29b133b2905b36909786e69941eb196f09:record_283,%,Staff,percent,staff,true,[],Local data collection / Other
file_fd960952b94a17c6133039e5515cdb29b133b2905b36909786e69941eb196f09:record_284,Hours,ED patients,hours,ed patients,true,[],CIHI NACRS / Other
file_fd960952b94a17c6133039e5515cdb29b133b2905b36909786e69941eb196f09:record_285,Hours,ED patients,hours,ed patients,true,[],CIHI NACRS / Other
file_fd960952b94a17c6133039e5515cdb29b133b2905b36909786e69941eb196f09:record_286,Rate per total number of discharged patients,Discharged patients ,rate_per_discharged_patient,discharged patients,true,[],"CIHI DAD / Jan 1 2026- Dec 31, 2026"
file_fd960952b94a17c6133039e5515cdb29b133b2905b36909786e69941eb196f09:record_287,Rate per total number of discharged patients,Discharged patients ,rate_per_discharged_patient,discharged patients,true,[],"CIHI DAD / Jan 1 2026- Dec 31, 2026"
file_fd960952b94a17c6133039e5515cdb29b133b2905b36909786e69941eb196f09:record_288,Days,All inpatients,days,all inpatients,true,[],"CIHI DAD / Jan 1 2026- Dec 31, 2026"
file_fd960952b94a17c6133039e5515cdb29b133b2905b36909786e69941eb196f09:record_289,Days,All inpatients,days,all inpatients,true,[],"CIHI DAD / Jan 1 2026- Dec 31, 2026"
file_fd960952b94a17c6133039e5515cdb29b133b2905b36909786e69941eb196f09:record_290,Hours,ED patients,hours,ed patients,true,[],CIHI NACRS / Other
file_fd960952b94a17c6133039e5515cdb29b133b2905b36909786e69941eb196f09:record_291,Hours,ED patients,hours,ed patients,true,[],CIHI NACRS / Other
file_fd960952b94a17c6133039e5515cdb29b133b2905b36909786e69941eb196f09:record_292,Hours,ED patients,hours,ed patients,true,[],CIHI NACRS / Other
file_fd960952b94a17c6133039e5515cdb29b133b2905b36909786e69941eb196f09:record_293,Hours,ED patients,hours,ed patients,true,[],CIHI NACRS / Other
file_fd960952b94a17c6133039e5515cdb29b133b2905b36909786e69941eb196f09:record_294,Hours,ED patients,hours,ed patients,true,[],CIHI NACRS / Other
file_fd960952b94a17c6133039e5515cdb29b133b2905b36909786e69941eb196f09:record_295,Number,ED patients,count,ed patients,true,[],CIHI NACRS / Fiscal Year
file_fd960952b94a17c6133039e5515cdb29b133b2905b36909786e69941eb196f09:record_296,Number,ED patients,count,ed patients,true,[],CIHI NACRS / Fiscal Year
file_fd960952b94a17c6133039e5515cdb29b133b2905b36909786e69941eb196f09:record_297,Number,ED patients,count,ed patients,true,[],CIHI NACRS / Fiscal Year
file_fd960952b94a17c6133039e5515cdb29b133b2905b36909786e69941eb196f09:record_298,Days,All acute patients,days,all acute patients,true,[],"CIHI DAD, NACRS / Jan 1 2026- Dec 31, 2026"
file_fd960952b94a17c6133039e5515cdb29b133b2905b36909786e69941eb196f09:record_299,Days,All acute patients,days,all acute patients,true,[],"CIHI DAD, NACRS / Jan 1 2026- Dec 31, 2026"
file_fd960952b94a17c6133039e5515cdb29b133b2905b36909786e69941eb196f09:record_300,Days,N/a,days,unknown,false,"[""unknown_unit_or_population""]","CIHI DAD / Jan 1 2026- Dec 31, 2026"
file_fd960952b94a17c6133039e5515cdb29b133b2905b36909786e69941eb196f09:record_301,Days,ALC patients,days,alc patients,true,[],"CIHI DAD / Jan 1 2026- Dec 31, 2026"
file_fd960952b94a17c6133039e5515cdb29b133b2905b36909786e69941eb196f09:record_302,Hours,ED patients,hours,ed patients,true,[],CIHI NACRS / Other
file_fd960952b94a17c6133039e5515cdb29b133b2905b36909786e69941eb196f09:record_303,Hours,ED patients,hours,ed patients,true,[],CIHI NACRS / Other
file_fd960952b94a17c6133039e5515cdb29b133b2905b36909786e69941eb196f09:record_304,Hours,ED patients,hours,ed patients,true,[],CIHI NACRS / Other
file_fd960952b94a17c6133039e5515cdb29b133b2905b36909786e69941eb196f09:record_305,Hours,ED patients,hours,ed patients,true,[],CIHI NACRS / Other
file_fd960952b94a17c6133039e5515cdb29b133b2905b36909786e69941eb196f09:record_306,%,Hospital admitted patients,percent,hospital admitted patients,true,[],CIHI DAD / Quarter
file_fd960952b94a17c6133039e5515cdb29b133b2905b36909786e69941eb196f09:record_307,%,Hospital admitted patients,percent,hospital admitted patients,true,[],CIHI DAD / Quarter
file_fd960952b94a17c6133039e5515cdb29b133b2905b36909786e69941eb196f09:record_308,%,Hospital admitted patients,percent,hospital admitted patients,true,[],CIHI DAD / Quarter
file_fd960952b94a17c6133039e5515cdb29b133b2905b36909786e69941eb196f09:record_309,%,Hospital admitted patients,percent,hospital admitted patients,true,[],CIHI DAD / Quarter
file_fd960952b94a17c6133039e5515cdb29b133b2905b36909786e69941eb196f09:record_310,%,Survey respondents,percent,survey respondents,true,[],Local data collection / Fiscal quarters
file_fd960952b94a17c6133039e5515cdb29b133b2905b36909786e69941eb196f09:record_311,%,Survey respondents,percent,survey respondents,true,[],Local data collection / Fiscal quarters
file_fd960952b94a17c6133039e5515cdb29b133b2905b36909786e69941eb196f09:record_312,%,Survey respondents,percent,survey respondents,true,[],Local data collection / Fiscal quarters
file_fd960952b94a17c6133039e5515cdb29b133b2905b36909786e69941eb196f09:record_313,%,Survey respondents,percent,survey respondents,true,[],Local data collection / Fiscal quarters
file_fd960952b94a17c6133039e5515cdb29b133b2905b36909786e69941eb196f09:record_314,%,Survey respondents,percent,survey respondents,true,[],Local data collection / Fiscal quarters
file_fd960952b94a17c6133039e5515cdb29b133b2905b36909786e69941eb196f09:record_315,%,Survey respondents,percent,survey respondents,true,[],Local data collection / Fiscal quarters
file_fd960952b94a17c6133039e5515cdb29b133b2905b36909786e69941eb196f09:record_316,%,Survey respondents,percent,survey respondents,true,[],Local data collection / Fiscal quarters
file_fd960952b94a17c6133039e5515cdb29b133b2905b36909786e69941eb196f09:record_317,%,Survey respondents,percent,survey respondents,true,[],Local data collection / Fiscal quarters
file_fd960952b94a17c6133039e5515cdb29b133b2905b36909786e69941eb196f09:record_318,Other,N/a,unknown,unknown,false,"[""unknown_unit_or_population""]",Local data collection / 2026 2027
file_fd960952b94a17c6133039e5515cdb29b133b2905b36909786e69941eb196f09:record_319,Other,N/a,unknown,unknown,false,"[""unknown_unit_or_population""]",Local data collection / 2026 2027
file_fd960952b94a17c6133039e5515cdb29b133b2905b36909786e69941eb196f09:record_320,Other,N/a,unknown,unknown,false,"[""unknown_unit_or_population""]",Local data collection / 2026 2027
file_fd960952b94a17c6133039e5515cdb29b133b2905b36909786e69941eb196f09:record_321,Other,N/a,unknown,unknown,false,"[""unknown_unit_or_population""]",Local data collection / 2026 2027
file_fd960952b94a17c6133039e5515cdb29b133b2905b36909786e69941eb196f09:record_322,Other,N/a,unknown,unknown,false,"[""unknown_unit_or_population""]",Local data collection / 2026 2027
file_fd960952b94a17c6133039e5515cdb29b133b2905b36909786e69941eb196f09:record_323,Number,Staff,count,staff,true,[],Local data collection / 2026/2027
file_fd960952b94a17c6133039e5515cdb29b133b2905b36909786e69941eb196f09:record_324,Number,Staff,count,staff,true,[],Local data collection / 2026/2027
file_fd960952b94a17c6133039e5515cdb29b133b2905b36909786e69941eb196f09:record_325,Number,Staff,count,staff,true,[],Local data collection / 2026/2027
file_fd960952b94a17c6133039e5515cdb29b133b2905b36909786e69941eb196f09:record_326,Number,Staff,count,staff,true,[],Local data collection / 2026/2027
file_fd960952b94a17c6133039e5515cdb29b133b2905b36909786e69941eb196f09:record_327,%,Survey respondents,percent,survey respondents,true,[],Local data collection / Other
file_fd960952b94a17c6133039e5515cdb29b133b2905b36909786e69941eb196f09:record_328,%,Survey respondents,percent,survey respondents,true,[],Local data collection / Other
file_fd960952b94a17c6133039e5515cdb29b133b2905b36909786e69941eb196f09:record_329,Count,Staff,count,staff,true,[],"In house data collection  / April 1, 2026 to March 31, 2027"
file_fd960952b94a17c6133039e5515cdb29b133b2905b36909786e69941eb196f09:record_330,Count,Staff,count,staff,true,[],"In house data collection  / April 1, 2026 to March 31, 2027"
file_fd960952b94a17c6133039e5515cdb29b133b2905b36909786e69941eb196f09:record_331,%,ED patients,percent,ed patients,true,[],"Local data collection / April 1, 2025 to Sept 30, 2025"
file_fd960952b94a17c6133039e5515cdb29b133b2905b36909786e69941eb196f09:record_332,%,Other,percent,unknown,false,"[""unknown_unit_or_population""]","In house data collection  / April 1, 2026 to March 31, 2027"
file_fd960952b94a17c6133039e5515cdb29b133b2905b36909786e69941eb196f09:record_333,%,Other,percent,unknown,false,"[""unknown_unit_or_population""]","In house data collection  / April 1, 2026 to March 31, 2027"
file_fd960952b94a17c6133039e5515cdb29b133b2905b36909786e69941eb196f09:record_334,%,Discharged patients ,percent,discharged patients,true,[],Local data collection / Other
file_fd960952b94a17c6133039e5515cdb29b133b2905b36909786e69941eb196f09:record_335,Hours,ED patients,hours,ed patients,true,[],CIHI NACRS / Other
file_fd960952b94a17c6133039e5515cdb29b133b2905b36909786e69941eb196f09:record_336,Hours,ED patients,hours,ed patients,true,[],CIHI NACRS / Other
file_fd960952b94a17c6133039e5515cdb29b133b2905b36909786e69941eb196f09:record_337,%,ED patients,percent,ed patients,true,[],CIHI NACRS / Fiscal Year
file_fd960952b94a17c6133039e5515cdb29b133b2905b36909786e69941eb196f09:record_338,%,Staff,percent,staff,true,[],Local data collection / Other
file_fd960952b94a17c6133039e5515cdb29b133b2905b36909786e69941eb196f09:record_339,%,Staff,percent,staff,true,[],Local data collection / Other
file_fd960952b94a17c6133039e5515cdb29b133b2905b36909786e69941eb196f09:record_340,Hours,ED patients,hours,ed patients,true,[],CIHI NACRS / Other
file_fd960952b94a17c6133039e5515cdb29b133b2905b36909786e69941eb196f09:record_341,Hours,ED patients,hours,ed patients,true,[],CIHI NACRS / Other
file_fd960952b94a17c6133039e5515cdb29b133b2905b36909786e69941eb196f09:record_342,Hours,ED patients,hours,ed patients,true,[],CIHI NACRS / Other
file_fd960952b94a17c6133039e5515cdb29b133b2905b36909786e69941eb196f09:record_343,Hours,ED patients,hours,ed patients,true,[],CIHI NACRS / Other
file_fd960952b94a17c6133039e5515cdb29b133b2905b36909786e69941eb196f09:record_344,%,Discharged patients ,percent,discharged patients,true,[],Local data collection / most recent 12 month consecutive period
file_fd960952b94a17c6133039e5515cdb29b133b2905b36909786e69941eb196f09:record_345,%,Discharged patients ,percent,discharged patients,true,[],Local data collection / most recent 12 month consecutive period
file_fd960952b94a17c6133039e5515cdb29b133b2905b36909786e69941eb196f09:record_346,Other,Other,unknown,unknown,false,"[""unknown_unit_or_population""]",Local data collection / Most recent Quarter
file_fd960952b94a17c6133039e5515cdb29b133b2905b36909786e69941eb196f09:record_347,Other,Other,unknown,unknown,false,"[""unknown_unit_or_population""]",Local data collection / most recent 12 month consecutive period
file_fd960952b94a17c6133039e5515cdb29b133b2905b36909786e69941eb196f09:record_348,Other,Other,unknown,unknown,false,"[""unknown_unit_or_population""]",Local data collection / most recent 12 month consecutive period
file_fd960952b94a17c6133039e5515cdb29b133b2905b36909786e69941eb196f09:record_349,Other,Other,unknown,unknown,false,"[""unknown_unit_or_population""]",Local data collection / Q2 & Q3 2026/27
file_fd960952b94a17c6133039e5515cdb29b133b2905b36909786e69941eb196f09:record_350,Other,Other,unknown,unknown,false,"[""unknown_unit_or_population""]",Local data collection / Q2 & Q3 2026/27
file_fd960952b94a17c6133039e5515cdb29b133b2905b36909786e69941eb196f09:record_351,%,ED patients,percent,ed patients,true,[],CIHI NACRS / Fiscal Year
file_fd960952b94a17c6133039e5515cdb29b133b2905b36909786e69941eb196f09:record_352,%,ED patients,percent,ed patients,true,[],CIHI NACRS / Fiscal Year
file_fd960952b94a17c6133039e5515cdb29b133b2905b36909786e69941eb196f09:record_353,%,Staff,percent,staff,false,"[""incompatible_indicator_unit""]",Local data collection / Other
file_fd960952b94a17c6133039e5515cdb29b133b2905b36909786e69941eb196f09:record_354,%,Other,percent,unknown,false,"[""unknown_unit_or_population""]",Other / 2027
file_fd960952b94a17c6133039e5515cdb29b133b2905b36909786e69941eb196f09:record_355,%,Other,percent,unknown,false,"[""unknown_unit_or_population""]",In house data collection  / 2026-2027
file_fd960952b94a17c6133039e5515cdb29b133b2905b36909786e69941eb196f09:record_356,%,Staff,percent,staff,true,[],Local data collection / Other
file_fd960952b94a17c6133039e5515cdb29b133b2905b36909786e69941eb196f09:record_357,%,Staff,percent,staff,true,[],Local data collection / Other
file_fd960952b94a17c6133039e5515cdb29b133b2905b36909786e69941eb196f09:record_358,Hours,ED patients,hours,ed patients,true,[],CIHI NACRS / Other
file_fd960952b94a17c6133039e5515cdb29b133b2905b36909786e69941eb196f09:record_359,Hours,ED patients,hours,ed patients,true,[],CIHI NACRS / Other
file_fd960952b94a17c6133039e5515cdb29b133b2905b36909786e69941eb196f09:record_360,Hours,ED patients,hours,ed patients,true,[],CIHI NACRS / Other
file_fd960952b94a17c6133039e5515cdb29b133b2905b36909786e69941eb196f09:record_361,Hours,ED patients,hours,ed patients,true,[],CIHI NACRS / Other
file_fd960952b94a17c6133039e5515cdb29b133b2905b36909786e69941eb196f09:record_362,%,N/a,percent,unknown,false,"[""unknown_unit_or_population""]",Hospital collected data / 26/27
file_fd960952b94a17c6133039e5515cdb29b133b2905b36909786e69941eb196f09:record_363,%,All acute patients,percent,all acute patients,true,[],In-house survey / 26/27
file_fd960952b94a17c6133039e5515cdb29b133b2905b36909786e69941eb196f09:record_364,%,All acute patients,percent,all acute patients,true,[],In-house survey / 26/27
file_fd960952b94a17c6133039e5515cdb29b133b2905b36909786e69941eb196f09:record_365,Number,Staff,count,staff,true,[],In house data collection  / 26/27
file_fd960952b94a17c6133039e5515cdb29b133b2905b36909786e69941eb196f09:record_366,Number,Staff,count,staff,true,[],In house data collection  / 26/27
file_fd960952b94a17c6133039e5515cdb29b133b2905b36909786e69941eb196f09:record_367,Number,Staff,count,staff,true,[],In house data collection  / 26/27
file_fd960952b94a17c6133039e5515cdb29b133b2905b36909786e69941eb196f09:record_368,%,Survey respondents,percent,survey respondents,true,[],Local data collection / Other
file_fd960952b94a17c6133039e5515cdb29b133b2905b36909786e69941eb196f09:record_369,%,Survey respondents,percent,survey respondents,true,[],Local data collection / Other
file_fd960952b94a17c6133039e5515cdb29b133b2905b36909786e69941eb196f09:record_370,%,Survey respondents,percent,survey respondents,true,[],Local data collection / Other
file_fd960952b94a17c6133039e5515cdb29b133b2905b36909786e69941eb196f09:record_371,%,Survey respondents,percent,survey respondents,true,[],Local data collection / Other
file_fd960952b94a17c6133039e5515cdb29b133b2905b36909786e69941eb196f09:record_372,Hours,ED patients,hours,ed patients,true,[],CIHI NACRS / Other
file_fd960952b94a17c6133039e5515cdb29b133b2905b36909786e69941eb196f09:record_373,Hours,ED patients,hours,ed patients,true,[],CIHI NACRS / Other
file_fd960952b94a17c6133039e5515cdb29b133b2905b36909786e69941eb196f09:record_374,Hours,ED patients,hours,ed patients,true,[],CIHI NACRS / Other
file_fd960952b94a17c6133039e5515cdb29b133b2905b36909786e69941eb196f09:record_375,%,ED patients,percent,ed patients,true,[],CIHI NACRS / Fiscal Year
file_fd960952b94a17c6133039e5515cdb29b133b2905b36909786e69941eb196f09:record_376,%,ED patients,percent,ed patients,true,[],CIHI NACRS / Fiscal Year
file_fd960952b94a17c6133039e5515cdb29b133b2905b36909786e69941eb196f09:record_377,%,ED patients,percent,ed patients,true,[],CIHI NACRS / Fiscal Year
file_fd960952b94a17c6133039e5515cdb29b133b2905b36909786e69941eb196f09:record_378,%,ED patients,percent,ed patients,true,[],CIHI NACRS / Fiscal Year
file_fd960952b94a17c6133039e5515cdb29b133b2905b36909786e69941eb196f09:record_379,%,ED patients,percent,ed patients,true,[],CIHI NACRS / Fiscal Year
file_fd960952b94a17c6133039e5515cdb29b133b2905b36909786e69941eb196f09:record_380,Hours,ED patients,hours,ed patients,true,[],CIHI NACRS / Other
file_fd960952b94a17c6133039e5515cdb29b133b2905b36909786e69941eb196f09:record_381,Hours,ED patients,hours,ed patients,true,[],CIHI NACRS / Other
file_fd960952b94a17c6133039e5515cdb29b133b2905b36909786e69941eb196f09:record_382,Hours,ED patients,hours,ed patients,true,[],CIHI NACRS / Other
file_fd960952b94a17c6133039e5515cdb29b133b2905b36909786e69941eb196f09:record_383,Hours,ED patients,hours,ed patients,true,[],CIHI NACRS / Other
file_fd960952b94a17c6133039e5515cdb29b133b2905b36909786e69941eb196f09:record_384,Hours,ED patients,hours,ed patients,true,[],CIHI NACRS / Other
file_fd960952b94a17c6133039e5515cdb29b133b2905b36909786e69941eb196f09:record_385,Hours,ED patients,hours,ed patients,true,[],CIHI NACRS / Other
file_fd960952b94a17c6133039e5515cdb29b133b2905b36909786e69941eb196f09:record_386,Hours,ED patients,hours,ed patients,true,[],CIHI NACRS / Other
file_fd960952b94a17c6133039e5515cdb29b133b2905b36909786e69941eb196f09:record_387,Hours,ED patients,hours,ed patients,true,[],CIHI NACRS / Other
file_fd960952b94a17c6133039e5515cdb29b133b2905b36909786e69941eb196f09:record_388,Count,N/a,count,unknown,false,"[""unknown_unit_or_population""]",Local data collection / 2026-27
file_fd960952b94a17c6133039e5515cdb29b133b2905b36909786e69941eb196f09:record_389,Count,N/a,count,unknown,false,"[""unknown_unit_or_population""]",Local data collection / 2026-27
file_fd960952b94a17c6133039e5515cdb29b133b2905b36909786e69941eb196f09:record_390,Count,N/a,count,unknown,false,"[""unknown_unit_or_population""]",Local data collection / 2026-27
file_fd960952b94a17c6133039e5515cdb29b133b2905b36909786e69941eb196f09:record_391,Count,N/a,count,unknown,false,"[""unknown_unit_or_population""]",Local data collection / 2026-27
file_fd960952b94a17c6133039e5515cdb29b133b2905b36909786e69941eb196f09:record_392,Count,Worker,count,worker,true,[],Local data collection / 2026-27
file_fd960952b94a17c6133039e5515cdb29b133b2905b36909786e69941eb196f09:record_393,Count,Worker,count,worker,true,[],Local data collection / 2026-27
file_fd960952b94a17c6133039e5515cdb29b133b2905b36909786e69941eb196f09:record_394,Count,Worker,count,worker,true,[],Local data collection / 2026-27
file_fd960952b94a17c6133039e5515cdb29b133b2905b36909786e69941eb196f09:record_395,Count,Worker,count,worker,true,[],Local data collection / 2026-27
file_fd960952b94a17c6133039e5515cdb29b133b2905b36909786e69941eb196f09:record_396,Count,Worker,count,worker,true,[],Local data collection / 2026-27
file_fd960952b94a17c6133039e5515cdb29b133b2905b36909786e69941eb196f09:record_397,%,Mental health patients,percent,mental health patients,true,[],"CIHI DAD,CIHI OHMRS,MOHTLC RPDB / 2026-27"
file_fd960952b94a17c6133039e5515cdb29b133b2905b36909786e69941eb196f09:record_398,%,Mental health patients,percent,mental health patients,true,[],"CIHI DAD,CIHI OHMRS,MOHTLC RPDB / 2026-27"
file_fd960952b94a17c6133039e5515cdb29b133b2905b36909786e69941eb196f09:record_399,%,Mental health patients,percent,mental health patients,true,[],"CIHI DAD,CIHI OHMRS,MOHTLC RPDB / 2026-27"
file_fd960952b94a17c6133039e5515cdb29b133b2905b36909786e69941eb196f09:record_400,%,Patients,percent,patients,true,[],CIHI NACRS / 2026-27
file_fd960952b94a17c6133039e5515cdb29b133b2905b36909786e69941eb196f09:record_401,%,Patients,percent,patients,true,[],CIHI NACRS / 2026-27
file_fd960952b94a17c6133039e5515cdb29b133b2905b36909786e69941eb196f09:record_402,%,Patients,percent,patients,true,[],CIHI NACRS / 2026-27
file_fd960952b94a17c6133039e5515cdb29b133b2905b36909786e69941eb196f09:record_403,%,Patients,percent,patients,true,[],CIHI NACRS / 2026-27
file_fd960952b94a17c6133039e5515cdb29b133b2905b36909786e69941eb196f09:record_404,%,Survey respondents,percent,survey respondents,true,[],Local data collection / Other
file_fd960952b94a17c6133039e5515cdb29b133b2905b36909786e69941eb196f09:record_405,%,ALC patients,percent,alc patients,true,[],In-home audit / 2026-2027
file_fd960952b94a17c6133039e5515cdb29b133b2905b36909786e69941eb196f09:record_406,%,ALC patients,percent,alc patients,true,[],In-home audit / 2026-2027
file_fd960952b94a17c6133039e5515cdb29b133b2905b36909786e69941eb196f09:record_407,%,ALC patients,percent,alc patients,true,[],In-home audit / 2026-2027
file_fd960952b94a17c6133039e5515cdb29b133b2905b36909786e69941eb196f09:record_408,Days,ALC patients,days,alc patients,true,[],In-home audit / 2026-2027
file_fd960952b94a17c6133039e5515cdb29b133b2905b36909786e69941eb196f09:record_409,Days,ALC patients,days,alc patients,true,[],In-home audit / 2026-2027
file_fd960952b94a17c6133039e5515cdb29b133b2905b36909786e69941eb196f09:record_410,Days,ALC patients,days,alc patients,true,[],In-home audit / 2026-2027
file_fd960952b94a17c6133039e5515cdb29b133b2905b36909786e69941eb196f09:record_411,%,Survey respondents,percent,survey respondents,true,[],Local data collection / Other
file_fd960952b94a17c6133039e5515cdb29b133b2905b36909786e69941eb196f09:record_412,%,Survey respondents,percent,survey respondents,true,[],Local data collection / Other
file_fd960952b94a17c6133039e5515cdb29b133b2905b36909786e69941eb196f09:record_413,%,Survey respondents,percent,survey respondents,true,[],Local data collection / Other
file_fd960952b94a17c6133039e5515cdb29b133b2905b36909786e69941eb196f09:record_414,%,Mental health patients,percent,mental health patients,true,[],"In house data, NHCAHPS survey / 2026-2027"
file_fd960952b94a17c6133039e5515cdb29b133b2905b36909786e69941eb196f09:record_415,%,Mental health patients,percent,mental health patients,true,[],"In house data, NHCAHPS survey / 2026-2027"
file_fd960952b94a17c6133039e5515cdb29b133b2905b36909786e69941eb196f09:record_416,%,at-risk cohort,percent,at-risk cohort,true,[],"In house data, NHCAHPS survey / 2026-2027"
file_fd960952b94a17c6133039e5515cdb29b133b2905b36909786e69941eb196f09:record_417,%,at-risk cohort,percent,at-risk cohort,true,[],"In house data, NHCAHPS survey / 2026-2027"
file_fd960952b94a17c6133039e5515cdb29b133b2905b36909786e69941eb196f09:record_418,%,Patients deemed palliative or end of life,percent,patients deemed palliative or end of life,true,[],"In house data, NHCAHPS survey / 2026-2027"
file_fd960952b94a17c6133039e5515cdb29b133b2905b36909786e69941eb196f09:record_419,%,Patients deemed palliative or end of life,percent,patients deemed palliative or end of life,true,[],"In house data, NHCAHPS survey / 2026-2027"
file_fd960952b94a17c6133039e5515cdb29b133b2905b36909786e69941eb196f09:record_420,Hours,ED patients,hours,ed patients,true,[],CIHI NACRS / Other
file_fd960952b94a17c6133039e5515cdb29b133b2905b36909786e69941eb196f09:record_421,%,Other,percent,unknown,false,"[""unknown_unit_or_population""]",In house data collection  / Q4
file_fd960952b94a17c6133039e5515cdb29b133b2905b36909786e69941eb196f09:record_422,%,Other,percent,unknown,false,"[""unknown_unit_or_population""]",In house data collection  / Q4
file_fd960952b94a17c6133039e5515cdb29b133b2905b36909786e69941eb196f09:record_423,%,Worker,percent,worker,true,[],Hospital collected data / 4
file_fd960952b94a17c6133039e5515cdb29b133b2905b36909786e69941eb196f09:record_424,Number,All patients,count,all patients,true,[],In house data collection  / Q3
file_fd960952b94a17c6133039e5515cdb29b133b2905b36909786e69941eb196f09:record_425,%,Survey respondents,percent,survey respondents,true,[],Local data collection / Other
file_fd960952b94a17c6133039e5515cdb29b133b2905b36909786e69941eb196f09:record_426,%,ED patients,percent,ed patients,true,[],CIHI NACRS / Fiscal Year
file_fd960952b94a17c6133039e5515cdb29b133b2905b36909786e69941eb196f09:record_427,%,Staff,percent,staff,false,"[""incompatible_indicator_unit""]",Local data collection / Other
file_fd960952b94a17c6133039e5515cdb29b133b2905b36909786e69941eb196f09:record_428,%,Staff,percent,staff,true,[],Local data collection / Other
file_fd960952b94a17c6133039e5515cdb29b133b2905b36909786e69941eb196f09:record_429,%,Staff,percent,staff,true,[],Local data collection / Other
file_fd960952b94a17c6133039e5515cdb29b133b2905b36909786e69941eb196f09:record_430,%,Staff,percent,staff,true,[],Local data collection / Other
file_fd960952b94a17c6133039e5515cdb29b133b2905b36909786e69941eb196f09:record_431,Hours,ED patients,hours,ed patients,true,[],CIHI NACRS / Other
file_fd960952b94a17c6133039e5515cdb29b133b2905b36909786e69941eb196f09:record_432,Hours,ED patients,hours,ed patients,true,[],CIHI NACRS / Other
file_fd960952b94a17c6133039e5515cdb29b133b2905b36909786e69941eb196f09:record_433,%,Discharged patients ,percent,discharged patients,true,[],Local data collection / Other
file_fd960952b94a17c6133039e5515cdb29b133b2905b36909786e69941eb196f09:record_434,%,Staff,percent,staff,true,[],Local data collection / Other
file_fd960952b94a17c6133039e5515cdb29b133b2905b36909786e69941eb196f09:record_435,Minutes,All patients,minutes,all patients,true,[],CIHI NACRS / April 1 2026-March 31 2027
file_fd960952b94a17c6133039e5515cdb29b133b2905b36909786e69941eb196f09:record_436,Minutes,All patients,minutes,all patients,true,[],CIHI NACRS / April 1 2026-March 31 2027
file_fd960952b94a17c6133039e5515cdb29b133b2905b36909786e69941eb196f09:record_437,90th percentile,All patients,unknown,all patients,false,"[""unknown_unit_or_population""]",CIHI NACRS / April 1 2026-March 31 2027
file_fd960952b94a17c6133039e5515cdb29b133b2905b36909786e69941eb196f09:record_438,Minutes,All patients,minutes,all patients,true,[],CIHI NACRS / April 1 2026-March 31 2027
file_fd960952b94a17c6133039e5515cdb29b133b2905b36909786e69941eb196f09:record_439,%,Other,percent,unknown,false,"[""unknown_unit_or_population""]",Other / April 1 2026-March 31 2027
file_fd960952b94a17c6133039e5515cdb29b133b2905b36909786e69941eb196f09:record_440,%,Other,percent,unknown,false,"[""unknown_unit_or_population""]",Other / April 1 2026-March 31 2027
file_fd960952b94a17c6133039e5515cdb29b133b2905b36909786e69941eb196f09:record_441,%,Other,percent,unknown,false,"[""unknown_unit_or_population""]",CIHI portal / April 1 2026-March 31 2027
file_fd960952b94a17c6133039e5515cdb29b133b2905b36909786e69941eb196f09:record_442,%,Other,percent,unknown,false,"[""unknown_unit_or_population""]",CIHI portal / April 1 2026-March 31 2027
file_fd960952b94a17c6133039e5515cdb29b133b2905b36909786e69941eb196f09:record_443,Count,All acute patients,count,all acute patients,true,[],Other / April 1 2026-March 31 2027
file_fd960952b94a17c6133039e5515cdb29b133b2905b36909786e69941eb196f09:record_444,%,Discharged patients ,percent,discharged patients,true,[],Local data collection / Other
file_fd960952b94a17c6133039e5515cdb29b133b2905b36909786e69941eb196f09:record_445,%,Discharged patients ,percent,discharged patients,true,[],Local data collection / Other
file_fd960952b94a17c6133039e5515cdb29b133b2905b36909786e69941eb196f09:record_446,%,Discharged patients ,percent,discharged patients,true,[],Local data collection / Other
file_fd960952b94a17c6133039e5515cdb29b133b2905b36909786e69941eb196f09:record_447,%,ED patients,percent,ed patients,true,[],CIHI NACRS / Fiscal Year
file_fd960952b94a17c6133039e5515cdb29b133b2905b36909786e69941eb196f09:record_448,%,ED patients,percent,ed patients,true,[],CIHI NACRS / Fiscal Year
file_fd960952b94a17c6133039e5515cdb29b133b2905b36909786e69941eb196f09:record_449,%,ED patients,percent,ed patients,true,[],CIHI NACRS / Fiscal Year
file_fd960952b94a17c6133039e5515cdb29b133b2905b36909786e69941eb196f09:record_450,Number,ED patients,count,ed patients,true,[],Hospital collected data / 2026FY
file_fd960952b94a17c6133039e5515cdb29b133b2905b36909786e69941eb196f09:record_451,Number,ED patients,count,ed patients,true,[],Hospital collected data / 2026FY
file_fd960952b94a17c6133039e5515cdb29b133b2905b36909786e69941eb196f09:record_452,%,ED patients,percent,ed patients,true,[],CIHI NACRS / 2026FY
file_fd960952b94a17c6133039e5515cdb29b133b2905b36909786e69941eb196f09:record_453,%,ED patients,percent,ed patients,true,[],CIHI NACRS / 2026FY
file_fd960952b94a17c6133039e5515cdb29b133b2905b36909786e69941eb196f09:record_454,Hours,ED patients,hours,ed patients,true,[],EMR/Chart Review / 2025FY
file_fd960952b94a17c6133039e5515cdb29b133b2905b36909786e69941eb196f09:record_455,%,ED patients,percent,ed patients,true,[],In house data collection  / 2026FY
file_fd960952b94a17c6133039e5515cdb29b133b2905b36909786e69941eb196f09:record_456,%,ED patients,percent,ed patients,true,[],Hospital collected data / 2026fy
file_fd960952b94a17c6133039e5515cdb29b133b2905b36909786e69941eb196f09:record_457,Days,Rehab,days,rehab,true,[],In house data collection  / Local Data Collection
file_fd960952b94a17c6133039e5515cdb29b133b2905b36909786e69941eb196f09:record_458,Number,Staff,count,staff,true,[],In house data collection  / Local Data Collection
file_fd960952b94a17c6133039e5515cdb29b133b2905b36909786e69941eb196f09:record_459,Days,Mental health patients,days,mental health patients,true,[],Local data collection / Local Data Collection
file_fd960952b94a17c6133039e5515cdb29b133b2905b36909786e69941eb196f09:record_460,%,Staff,percent,staff,true,[],In house data collection  / Local Data Collection
file_fd960952b94a17c6133039e5515cdb29b133b2905b36909786e69941eb196f09:record_461,%,All inpatients,percent,all inpatients,true,[],Local data collection / Local Data Collection
file_fd960952b94a17c6133039e5515cdb29b133b2905b36909786e69941eb196f09:record_462,%,All inpatients,percent,all inpatients,true,[],In-house survey / In House Survey
file_fd960952b94a17c6133039e5515cdb29b133b2905b36909786e69941eb196f09:record_463,%,All inpatients,percent,all inpatients,true,[],In-house survey / In House Survey
file_fd960952b94a17c6133039e5515cdb29b133b2905b36909786e69941eb196f09:record_464,%,All inpatients,percent,all inpatients,true,[],In-house survey / In House Survey
file_fd960952b94a17c6133039e5515cdb29b133b2905b36909786e69941eb196f09:record_465,%,Staff,percent,staff,true,[],Local data collection / Other
file_fd960952b94a17c6133039e5515cdb29b133b2905b36909786e69941eb196f09:record_466,%,Other,percent,unknown,false,"[""unknown_unit_or_population""]",Other / 2025/26
file_fd960952b94a17c6133039e5515cdb29b133b2905b36909786e69941eb196f09:record_467,%,Survey respondents,percent,survey respondents,true,[],Local data collection / Other
file_fd960952b94a17c6133039e5515cdb29b133b2905b36909786e69941eb196f09:record_468,Hours,ED patients,hours,ed patients,true,[],CIHI NACRS / Other
file_fd960952b94a17c6133039e5515cdb29b133b2905b36909786e69941eb196f09:record_469,"Rate per 1,000",All inpatients,rate_per_1000,all inpatients,true,[],In house data collection  / 2026-2027
file_fd960952b94a17c6133039e5515cdb29b133b2905b36909786e69941eb196f09:record_470,%,Other,percent,unknown,false,"[""unknown_unit_or_population""]",Other / 2026-2027
file_fd960952b94a17c6133039e5515cdb29b133b2905b36909786e69941eb196f09:record_471,%,Other,percent,unknown,false,"[""unknown_unit_or_population""]",Other / 2026-2027
file_fd960952b94a17c6133039e5515cdb29b133b2905b36909786e69941eb196f09:record_472,%,Other,percent,unknown,false,"[""unknown_unit_or_population""]",In house data collection  / 2026-2027
file_fd960952b94a17c6133039e5515cdb29b133b2905b36909786e69941eb196f09:record_473,%,Other,percent,unknown,false,"[""unknown_unit_or_population""]",In house data collection  / 2026-2027
file_fd960952b94a17c6133039e5515cdb29b133b2905b36909786e69941eb196f09:record_474,%,Other,percent,unknown,false,"[""unknown_unit_or_population""]",In house data collection  / 2026-2027
file_fd960952b94a17c6133039e5515cdb29b133b2905b36909786e69941eb196f09:record_475,Other,Family,unknown,family,false,"[""unknown_unit_or_population""]",In house data collection  / 2026-2027
file_fd960952b94a17c6133039e5515cdb29b133b2905b36909786e69941eb196f09:record_476,Other,Family,unknown,family,false,"[""unknown_unit_or_population""]",In house data collection  / 2026-2027
file_fd960952b94a17c6133039e5515cdb29b133b2905b36909786e69941eb196f09:record_477,%,Other,percent,unknown,false,"[""unknown_unit_or_population""]",In house data collection  / 2026-2027
file_fd960952b94a17c6133039e5515cdb29b133b2905b36909786e69941eb196f09:record_478,%,Other,percent,unknown,false,"[""unknown_unit_or_population""]",In house data collection  / 2026-2027
file_fd960952b94a17c6133039e5515cdb29b133b2905b36909786e69941eb196f09:record_479,%,Other,percent,unknown,false,"[""unknown_unit_or_population""]",In house data collection  / 2026-2027
file_fd960952b94a17c6133039e5515cdb29b133b2905b36909786e69941eb196f09:record_480,%,Other,percent,unknown,false,"[""unknown_unit_or_population""]",In house data collection  / 2026-2027
file_fd960952b94a17c6133039e5515cdb29b133b2905b36909786e69941eb196f09:record_481,%,Other,percent,unknown,false,"[""unknown_unit_or_population""]",In house data collection  / 2026-2027
file_fd960952b94a17c6133039e5515cdb29b133b2905b36909786e69941eb196f09:record_482,%,Other,percent,unknown,false,"[""unknown_unit_or_population""]",In house data collection  / 2026-2027
file_fd960952b94a17c6133039e5515cdb29b133b2905b36909786e69941eb196f09:record_483,%,Other,percent,unknown,false,"[""unknown_unit_or_population""]",In house data collection  / 2026-2027
file_fd960952b94a17c6133039e5515cdb29b133b2905b36909786e69941eb196f09:record_484,%,Other,percent,unknown,false,"[""unknown_unit_or_population""]",In house data collection  / 2026-2027
file_fd960952b94a17c6133039e5515cdb29b133b2905b36909786e69941eb196f09:record_485,Hours,ED patients,hours,ed patients,true,[],CIHI NACRS / Other
file_fd960952b94a17c6133039e5515cdb29b133b2905b36909786e69941eb196f09:record_486,%,ED patients,percent,ed patients,true,[],CIHI NACRS / Fiscal Year
file_fd960952b94a17c6133039e5515cdb29b133b2905b36909786e69941eb196f09:record_487,%,Staff,percent,staff,true,[],Local data collection / Other
file_fd960952b94a17c6133039e5515cdb29b133b2905b36909786e69941eb196f09:record_488,%,All patients,percent,all patients,true,[],Other / most recent consecutive 12 month period
file_fd960952b94a17c6133039e5515cdb29b133b2905b36909786e69941eb196f09:record_489,Number,All patients,count,all patients,true,[],Local data collection / April 1- December 2025 (Q1-Q3)
file_fd960952b94a17c6133039e5515cdb29b133b2905b36909786e69941eb196f09:record_490,Number,All inpatients,count,all inpatients,true,[],Local data collection / Apr-December 2025 (Q1-Q3)
file_fd960952b94a17c6133039e5515cdb29b133b2905b36909786e69941eb196f09:record_491,Rate per 100 residents,Rehab,rate_per_100_residents,rehab,true,[],"In house data collection  / April 1, 2026 to Dec 31, 2026"
file_fd960952b94a17c6133039e5515cdb29b133b2905b36909786e69941eb196f09:record_492,Rate per 100 residents,Rehab,rate_per_100_residents,rehab,true,[],"In house data collection  / April 1, 2026 to Dec 31, 2026"
file_fd960952b94a17c6133039e5515cdb29b133b2905b36909786e69941eb196f09:record_493,Rate per 100 residents,Rehab,rate_per_100_residents,rehab,true,[],"In house data collection  / April 1, 2026 to Dec 31, 2026"
file_fd960952b94a17c6133039e5515cdb29b133b2905b36909786e69941eb196f09:record_494,Rate per 100 residents,Rehab,rate_per_100_residents,rehab,true,[],"In house data collection  / April 1, 2026 to Dec 31, 2026"
file_fd960952b94a17c6133039e5515cdb29b133b2905b36909786e69941eb196f09:record_495,%,Rehab,percent,rehab,true,[],"In house data collection  / April 1, 2026 to Dec 31, 2026"
file_fd960952b94a17c6133039e5515cdb29b133b2905b36909786e69941eb196f09:record_496,%,Rehab,percent,rehab,true,[],"In house data collection  / April 1, 2026 to Dec 31, 2026"
file_fd960952b94a17c6133039e5515cdb29b133b2905b36909786e69941eb196f09:record_497,%,Rehab,percent,rehab,true,[],"In house data collection  / April 1, 2026 to Dec 31, 2026"
file_fd960952b94a17c6133039e5515cdb29b133b2905b36909786e69941eb196f09:record_498,%,Rehab,percent,rehab,true,[],"In house data collection  / April 1, 2026 to Dec 31, 2026"
file_fd960952b94a17c6133039e5515cdb29b133b2905b36909786e69941eb196f09:record_499,Number,Rehab,count,rehab,true,[],"In house data collection  / April 1, 2026 to Dec 31, 2026"
file_fd960952b94a17c6133039e5515cdb29b133b2905b36909786e69941eb196f09:record_500,Number,Rehab,count,rehab,true,[],"In house data collection  / April 1, 2026 to Dec 31, 2026"
file_fd960952b94a17c6133039e5515cdb29b133b2905b36909786e69941eb196f09:record_501,Number,Rehab,count,rehab,true,[],"In house data collection  / April 1, 2026 to Dec 31, 2026"
file_fd960952b94a17c6133039e5515cdb29b133b2905b36909786e69941eb196f09:record_502,%,Survey respondents,percent,survey respondents,true,[],Local data collection / Other
file_fd960952b94a17c6133039e5515cdb29b133b2905b36909786e69941eb196f09:record_503,%,Survey respondents,percent,survey respondents,true,[],Local data collection / Other
file_fd960952b94a17c6133039e5515cdb29b133b2905b36909786e69941eb196f09:record_504,%,Survey respondents,percent,survey respondents,true,[],Local data collection / Other
file_fd960952b94a17c6133039e5515cdb29b133b2905b36909786e69941eb196f09:record_505,%,Survey respondents,percent,survey respondents,true,[],Local data collection / Other
file_fd960952b94a17c6133039e5515cdb29b133b2905b36909786e69941eb196f09:record_506,Hours,ED patients,hours,ed patients,true,[],EMR/Chart Review / 2026/2027
file_fd960952b94a17c6133039e5515cdb29b133b2905b36909786e69941eb196f09:record_507,Hours,ED patients,hours,ed patients,true,[],EMR/Chart Review / 2026/2027
file_fd960952b94a17c6133039e5515cdb29b133b2905b36909786e69941eb196f09:record_508,Hours,ED patients,hours,ed patients,true,[],EMR/Chart Review / 2026/2027
file_fd960952b94a17c6133039e5515cdb29b133b2905b36909786e69941eb196f09:record_509,Hours,ED patients,hours,ed patients,true,[],EMR/Chart Review / 2026/2027
file_fd960952b94a17c6133039e5515cdb29b133b2905b36909786e69941eb196f09:record_510,%,Staff,percent,staff,true,[],Local data collection / 2026/2027
file_fd960952b94a17c6133039e5515cdb29b133b2905b36909786e69941eb196f09:record_511,%,Hospital admitted patients,percent,hospital admitted patients,true,[],Local data collection / 2026/2027
file_fd960952b94a17c6133039e5515cdb29b133b2905b36909786e69941eb196f09:record_512,%,Hospital admitted patients,percent,hospital admitted patients,true,[],Local data collection / 2026/2027
file_fd960952b94a17c6133039e5515cdb29b133b2905b36909786e69941eb196f09:record_513,%,Hospital admitted patients,percent,hospital admitted patients,true,[],Local data collection / 2026/2027
file_fd960952b94a17c6133039e5515cdb29b133b2905b36909786e69941eb196f09:record_514,%,Hospital admitted patients,percent,hospital admitted patients,true,[],Local data collection / 2026/2027
file_fd960952b94a17c6133039e5515cdb29b133b2905b36909786e69941eb196f09:record_515,%,Discharged patients ,percent,discharged patients,true,[],Local data collection / Other
file_fd960952b94a17c6133039e5515cdb29b133b2905b36909786e69941eb196f09:record_516,%,Survey respondents,percent,survey respondents,true,[],Local data collection / Other
file_fd960952b94a17c6133039e5515cdb29b133b2905b36909786e69941eb196f09:record_517,%,Staff,percent,staff,false,"[""incompatible_indicator_unit""]",Local data collection / Other
file_fd960952b94a17c6133039e5515cdb29b133b2905b36909786e69941eb196f09:record_518,%,Staff,percent,staff,false,"[""incompatible_indicator_unit""]",Local data collection / Other
file_fd960952b94a17c6133039e5515cdb29b133b2905b36909786e69941eb196f09:record_519,Number,N/a,count,unknown,false,"[""unknown_unit_or_population""]",Other / 2026-2027
file_fd960952b94a17c6133039e5515cdb29b133b2905b36909786e69941eb196f09:record_520,Number,N/a,count,unknown,false,"[""unknown_unit_or_population""]",Other / 2026-2027
file_fd960952b94a17c6133039e5515cdb29b133b2905b36909786e69941eb196f09:record_521,%,Other,percent,unknown,false,"[""unknown_unit_or_population""]",EMR/Chart Review / 2026-2027
file_fd960952b94a17c6133039e5515cdb29b133b2905b36909786e69941eb196f09:record_522,%,Other,percent,unknown,false,"[""unknown_unit_or_population""]",EMR/Chart Review / 2026-2027
file_fd960952b94a17c6133039e5515cdb29b133b2905b36909786e69941eb196f09:record_523,Number,Other,count,unknown,false,"[""unknown_unit_or_population""]",In-house survey / 2026-2027
file_fd960952b94a17c6133039e5515cdb29b133b2905b36909786e69941eb196f09:record_524,Number,Other,count,unknown,false,"[""unknown_unit_or_population""]",In-house survey / 2026-2027
file_fd960952b94a17c6133039e5515cdb29b133b2905b36909786e69941eb196f09:record_525,Other,All patients,unknown,all patients,false,"[""unknown_unit_or_population""]",EMR/Chart Review / 2026-2027
file_fd960952b94a17c6133039e5515cdb29b133b2905b36909786e69941eb196f09:record_526,Other,All patients,unknown,all patients,false,"[""unknown_unit_or_population""]",EMR/Chart Review / 2026-2027
file_fd960952b94a17c6133039e5515cdb29b133b2905b36909786e69941eb196f09:record_527,Other,All patients,unknown,all patients,false,"[""unknown_unit_or_population""]",EMR/Chart Review / 2026-2027
file_fd960952b94a17c6133039e5515cdb29b133b2905b36909786e69941eb196f09:record_528,Number,Other,count,unknown,false,"[""unknown_unit_or_population""]",In house data collection  / 2026-2027
file_fd960952b94a17c6133039e5515cdb29b133b2905b36909786e69941eb196f09:record_529,Number,Other,count,unknown,false,"[""unknown_unit_or_population""]",In house data collection  / 2026-2027
file_fd960952b94a17c6133039e5515cdb29b133b2905b36909786e69941eb196f09:record_530,Number,Other,count,unknown,false,"[""unknown_unit_or_population""]",In house data collection  / 2026-2027
file_fd960952b94a17c6133039e5515cdb29b133b2905b36909786e69941eb196f09:record_531,Number,Other,count,unknown,false,"[""unknown_unit_or_population""]",In house data collection  / 2026-2027
file_fd960952b94a17c6133039e5515cdb29b133b2905b36909786e69941eb196f09:record_532,Number,Other,count,unknown,false,"[""unknown_unit_or_population""]",In-house survey / 2026-2027
file_fd960952b94a17c6133039e5515cdb29b133b2905b36909786e69941eb196f09:record_533,Number,Other,count,unknown,false,"[""unknown_unit_or_population""]",In-house survey / 2026-2027
file_fd960952b94a17c6133039e5515cdb29b133b2905b36909786e69941eb196f09:record_534,Number,Other,count,unknown,false,"[""unknown_unit_or_population""]",EMR/Chart Review / 2026-2027
file_fd960952b94a17c6133039e5515cdb29b133b2905b36909786e69941eb196f09:record_535,Number,Other,count,unknown,false,"[""unknown_unit_or_population""]",Other / 2026-2027
file_fd960952b94a17c6133039e5515cdb29b133b2905b36909786e69941eb196f09:record_536,Number,Other,count,unknown,false,"[""unknown_unit_or_population""]",In house data collection  / 2026-2027
file_fd960952b94a17c6133039e5515cdb29b133b2905b36909786e69941eb196f09:record_537,Other,All patients,unknown,all patients,false,"[""unknown_unit_or_population""]",In house data collection  / 2026-2027
file_fd960952b94a17c6133039e5515cdb29b133b2905b36909786e69941eb196f09:record_538,Other,All patients,unknown,all patients,false,"[""unknown_unit_or_population""]",In house data collection  / 2026-2027
file_fd960952b94a17c6133039e5515cdb29b133b2905b36909786e69941eb196f09:record_539,Other,All patients,unknown,all patients,false,"[""unknown_unit_or_population""]",In house data collection  / 2026-2027
file_fd960952b94a17c6133039e5515cdb29b133b2905b36909786e69941eb196f09:record_540,Other,All patients,unknown,all patients,false,"[""unknown_unit_or_population""]",In house data collection  / 2026-2027
file_fd960952b94a17c6133039e5515cdb29b133b2905b36909786e69941eb196f09:record_541,Other,All inpatients,unknown,all inpatients,false,"[""unknown_unit_or_population""]",In house data collection  / 2026-2027
file_fd960952b94a17c6133039e5515cdb29b133b2905b36909786e69941eb196f09:record_542,Other,All inpatients,unknown,all inpatients,false,"[""unknown_unit_or_population""]",In house data collection  / 2026-2027
file_fd960952b94a17c6133039e5515cdb29b133b2905b36909786e69941eb196f09:record_543,%,Other,percent,unknown,false,"[""unknown_unit_or_population""]",EMR/Chart Review / 2026-2027
file_fd960952b94a17c6133039e5515cdb29b133b2905b36909786e69941eb196f09:record_544,%,Other,percent,unknown,false,"[""unknown_unit_or_population""]",EMR/Chart Review / 2026-2027
file_fd960952b94a17c6133039e5515cdb29b133b2905b36909786e69941eb196f09:record_545,Number,Other,count,unknown,false,"[""unknown_unit_or_population""]",In house data collection  / 2026-2027
file_fd960952b94a17c6133039e5515cdb29b133b2905b36909786e69941eb196f09:record_546,Number,Other,count,unknown,false,"[""unknown_unit_or_population""]",In-house survey / 2026-2027
file_fd960952b94a17c6133039e5515cdb29b133b2905b36909786e69941eb196f09:record_547,Number,Other,count,unknown,false,"[""unknown_unit_or_population""]",In-house survey / 2026-2027
file_fd960952b94a17c6133039e5515cdb29b133b2905b36909786e69941eb196f09:record_548,Number,Other,count,unknown,false,"[""unknown_unit_or_population""]",Other / 2026-2027
file_fd960952b94a17c6133039e5515cdb29b133b2905b36909786e69941eb196f09:record_549,Number,Other,count,unknown,false,"[""unknown_unit_or_population""]",In house data collection  / 2026-2027
file_fd960952b94a17c6133039e5515cdb29b133b2905b36909786e69941eb196f09:record_550,Number,Other,count,unknown,false,"[""unknown_unit_or_population""]",In house data collection  / 2026-2027
file_fd960952b94a17c6133039e5515cdb29b133b2905b36909786e69941eb196f09:record_551,Number,Other,count,unknown,false,"[""unknown_unit_or_population""]",In house data collection  / 2026-2027
file_fd960952b94a17c6133039e5515cdb29b133b2905b36909786e69941eb196f09:record_552,Number,Other,count,unknown,false,"[""unknown_unit_or_population""]",In house data collection  / 2026-2027
file_fd960952b94a17c6133039e5515cdb29b133b2905b36909786e69941eb196f09:record_553,%,Staff,percent,staff,false,"[""incompatible_indicator_unit""]",Local data collection / Other
file_fd960952b94a17c6133039e5515cdb29b133b2905b36909786e69941eb196f09:record_554,%,Staff,percent,staff,false,"[""incompatible_indicator_unit""]",Local data collection / Other
file_fd960952b94a17c6133039e5515cdb29b133b2905b36909786e69941eb196f09:record_555,%,All patients,percent,all patients,true,[],In house data collection  / April 2025 - October 2025
file_fd960952b94a17c6133039e5515cdb29b133b2905b36909786e69941eb196f09:record_556,%,Maternity Patients,percent,maternity patients,true,[],In house data collection  / Q1-Q3
file_fd960952b94a17c6133039e5515cdb29b133b2905b36909786e69941eb196f09:record_557,%,Survey respondents,percent,survey respondents,true,[],Local data collection / Jan - Dec 2025
file_fd960952b94a17c6133039e5515cdb29b133b2905b36909786e69941eb196f09:record_558,%,Survey respondents,percent,survey respondents,true,[],Local data collection / Jan - Dec 2025
file_fd960952b94a17c6133039e5515cdb29b133b2905b36909786e69941eb196f09:record_559,Number,ED patients,count,ed patients,true,[],"CIHI NACRS, CCO / Q1-Q3"
file_fd960952b94a17c6133039e5515cdb29b133b2905b36909786e69941eb196f09:record_560,%,Staff,percent,staff,true,[],In house data collection  / December 2025
file_fd960952b94a17c6133039e5515cdb29b133b2905b36909786e69941eb196f09:record_561,%,All inpatients,percent,all inpatients,true,[],In house data collection  / FY 25/26: Q1-Q3
file_fd960952b94a17c6133039e5515cdb29b133b2905b36909786e69941eb196f09:record_562,%,All inpatients,percent,all inpatients,true,[],In house data collection  / FY 25/26: Q1-Q3
file_fd960952b94a17c6133039e5515cdb29b133b2905b36909786e69941eb196f09:record_563,Rate,All inpatients,unknown,all inpatients,false,"[""unknown_unit_or_population""]",In house data collection  / Q1-Q2
file_fd960952b94a17c6133039e5515cdb29b133b2905b36909786e69941eb196f09:record_564,Hours,Hospital admitted patients,hours,hospital admitted patients,true,[],"CIHI NACRS, CCO / Q1-Q3"
file_fd960952b94a17c6133039e5515cdb29b133b2905b36909786e69941eb196f09:record_565,Hours,Hospital admitted patients,hours,hospital admitted patients,true,[],"CIHI NACRS, CCO / Q1-Q3"
file_fd960952b94a17c6133039e5515cdb29b133b2905b36909786e69941eb196f09:record_566,%,All inpatients,percent,all inpatients,true,[],In house data collection  / Q1-Q3 (Apr 2025 to Dec 2025)
file_fd960952b94a17c6133039e5515cdb29b133b2905b36909786e69941eb196f09:record_567,%,All inpatients,percent,all inpatients,true,[],In house data collection  / Q1-Q3 (Apr 2025 to Dec 2025)
file_fd960952b94a17c6133039e5515cdb29b133b2905b36909786e69941eb196f09:record_568,%,All inpatients,percent,all inpatients,true,[],In house data collection  / Q1-Q3 (Apr 2025 to Dec 2025)
file_fd960952b94a17c6133039e5515cdb29b133b2905b36909786e69941eb196f09:record_569,%,All patients,percent,all patients,true,[],Local data collection / Reviewed Monthly
file_fd960952b94a17c6133039e5515cdb29b133b2905b36909786e69941eb196f09:record_570,%,Other,percent,unknown,false,"[""unknown_unit_or_population""]",Local data collection / We review this metric monthly
file_fd960952b94a17c6133039e5515cdb29b133b2905b36909786e69941eb196f09:record_571,%,All inpatients,percent,all inpatients,true,[],Local data collection / This metric is reviewed quarterly
file_fd960952b94a17c6133039e5515cdb29b133b2905b36909786e69941eb196f09:record_572,%,All patients,percent,all patients,true,[],Local data collection / This will be reviewed on a quarterly basis
file_fd960952b94a17c6133039e5515cdb29b133b2905b36909786e69941eb196f09:record_573,Count,Other,count,unknown,false,"[""unknown_unit_or_population""]",Other / Reviewed upon submission and monthly in aggregate
file_fd960952b94a17c6133039e5515cdb29b133b2905b36909786e69941eb196f09:record_574,Count,Other,count,unknown,false,"[""unknown_unit_or_population""]",Other / Reviewed upon submission and monthly in aggregate
file_fd960952b94a17c6133039e5515cdb29b133b2905b36909786e69941eb196f09:record_575,%,Other,percent,unknown,false,"[""unknown_unit_or_population""]",Other / All incidents are reviewed upon submission
file_fd960952b94a17c6133039e5515cdb29b133b2905b36909786e69941eb196f09:record_576,%,Other,percent,unknown,false,"[""unknown_unit_or_population""]",Other / All incidents are reviewed upon submission
file_fd960952b94a17c6133039e5515cdb29b133b2905b36909786e69941eb196f09:record_577,%,Other,percent,unknown,false,"[""unknown_unit_or_population""]",Other / Audits are reviewed quarterly
file_fd960952b94a17c6133039e5515cdb29b133b2905b36909786e69941eb196f09:record_578,%,Other,percent,unknown,false,"[""unknown_unit_or_population""]",Other / Audits are reviewed quarterly
file_fd960952b94a17c6133039e5515cdb29b133b2905b36909786e69941eb196f09:record_579,%,Other,percent,unknown,false,"[""unknown_unit_or_population""]",Local data collection / Reviewed monthly
file_fd960952b94a17c6133039e5515cdb29b133b2905b36909786e69941eb196f09:record_580,Number,Staff,count,staff,true,[],Local data collection / Q1-Q3 2025/26
file_fd960952b94a17c6133039e5515cdb29b133b2905b36909786e69941eb196f09:record_581,%,Hospital admitted patients,percent,hospital admitted patients,true,[],CIHI DAD / Quarter
file_fd960952b94a17c6133039e5515cdb29b133b2905b36909786e69941eb196f09:record_582,%,Hospital admitted patients,percent,hospital admitted patients,true,[],CIHI DAD / Quarter
file_fd960952b94a17c6133039e5515cdb29b133b2905b36909786e69941eb196f09:record_583,Hours,ED patients,hours,ed patients,true,[],CIHI NACRS / Other
file_fd960952b94a17c6133039e5515cdb29b133b2905b36909786e69941eb196f09:record_584,Hours,ED patients,hours,ed patients,true,[],CIHI NACRS / Other
file_fd960952b94a17c6133039e5515cdb29b133b2905b36909786e69941eb196f09:record_585,Hours,ED patients,hours,ed patients,true,[],CIHI NACRS / Other
file_fd960952b94a17c6133039e5515cdb29b133b2905b36909786e69941eb196f09:record_586,%,Survey respondents,percent,survey respondents,true,[],Local data collection / Most recent consecutive 12 month period
file_fd960952b94a17c6133039e5515cdb29b133b2905b36909786e69941eb196f09:record_587,%,Survey respondents,percent,survey respondents,true,[],Local data collection / Most recent consecutive 12 month period
file_fd960952b94a17c6133039e5515cdb29b133b2905b36909786e69941eb196f09:record_588,%,Survey respondents,percent,survey respondents,true,[],Local data collection / Most recent consecutive 12 month period
file_fd960952b94a17c6133039e5515cdb29b133b2905b36909786e69941eb196f09:record_589,%,Other,percent,unknown,false,"[""unknown_unit_or_population""]",Local data collection / Collecting Baseline
file_fd960952b94a17c6133039e5515cdb29b133b2905b36909786e69941eb196f09:record_590,%,Other,percent,unknown,false,"[""unknown_unit_or_population""]",Local data collection / Collecting Baseline
file_fd960952b94a17c6133039e5515cdb29b133b2905b36909786e69941eb196f09:record_591,%,Other,percent,unknown,false,"[""unknown_unit_or_population""]",Local data collection / Collecting Baseline
file_fd960952b94a17c6133039e5515cdb29b133b2905b36909786e69941eb196f09:record_592,Number,Staff,count,staff,true,[],"Hospital collected data / April 1 to March 31, 2027"
file_fd960952b94a17c6133039e5515cdb29b133b2905b36909786e69941eb196f09:record_593,Number,Staff,count,staff,true,[],"Hospital collected data / April 1 to March 31, 2027"
file_fd960952b94a17c6133039e5515cdb29b133b2905b36909786e69941eb196f09:record_594,Number,Staff,count,staff,true,[],"Hospital collected data / April 1 to March 31, 2027"
file_fd960952b94a17c6133039e5515cdb29b133b2905b36909786e69941eb196f09:record_595,Number,Staff,count,staff,true,[],"Hospital collected data / April 1 to March 31, 2027"
file_fd960952b94a17c6133039e5515cdb29b133b2905b36909786e69941eb196f09:record_596,Number,Staff,count,staff,true,[],"Hospital collected data / April 1 to March 31, 2027"
file_fd960952b94a17c6133039e5515cdb29b133b2905b36909786e69941eb196f09:record_597,Number,Staff,count,staff,true,[],"Hospital collected data / April 1 to March 31, 2027"
file_fd960952b94a17c6133039e5515cdb29b133b2905b36909786e69941eb196f09:record_598,Number,Staff,count,staff,true,[],"Hospital collected data / April 1 to March 31, 2027"
file_fd960952b94a17c6133039e5515cdb29b133b2905b36909786e69941eb196f09:record_599,Number,Staff,count,staff,true,[],"Hospital collected data / April 1 to March 31, 2027"
file_fd960952b94a17c6133039e5515cdb29b133b2905b36909786e69941eb196f09:record_600,Number,Staff,count,staff,true,[],"Hospital collected data / April 1 to March 31, 2027"
file_fd960952b94a17c6133039e5515cdb29b133b2905b36909786e69941eb196f09:record_601,Number,Staff,count,staff,true,[],"Hospital collected data / April 1 to March 31, 2027"
file_fd960952b94a17c6133039e5515cdb29b133b2905b36909786e69941eb196f09:record_602,Number,Staff,count,staff,true,[],"Hospital collected data / April 1 to March 31, 2027"
file_fd960952b94a17c6133039e5515cdb29b133b2905b36909786e69941eb196f09:record_603,Number,Staff,count,staff,true,[],"Hospital collected data / April 1 to March 31, 2027"
file_fd960952b94a17c6133039e5515cdb29b133b2905b36909786e69941eb196f09:record_604,Number,Staff,count,staff,true,[],"Hospital collected data / April 1 to March 31, 2027"
file_fd960952b94a17c6133039e5515cdb29b133b2905b36909786e69941eb196f09:record_605,Number,Staff,count,staff,true,[],"Hospital collected data / April 1 to March 31, 2027"
file_fd960952b94a17c6133039e5515cdb29b133b2905b36909786e69941eb196f09:record_606,Number,Staff,count,staff,true,[],"Hospital collected data / April 1 to March 31, 2027"
file_fd960952b94a17c6133039e5515cdb29b133b2905b36909786e69941eb196f09:record_607,Number,Staff,count,staff,true,[],"Hospital collected data / April 1 to March 31, 2027"
file_fd960952b94a17c6133039e5515cdb29b133b2905b36909786e69941eb196f09:record_608,Number,Staff,count,staff,true,[],"Hospital collected data / April 1 to March 31, 2027"
file_fd960952b94a17c6133039e5515cdb29b133b2905b36909786e69941eb196f09:record_609,Number,Staff,count,staff,true,[],"Hospital collected data / April 1 to March 31, 2027"
file_fd960952b94a17c6133039e5515cdb29b133b2905b36909786e69941eb196f09:record_610,Number,Staff,count,staff,true,[],"Hospital collected data / April 1 to March 31, 2027"
file_fd960952b94a17c6133039e5515cdb29b133b2905b36909786e69941eb196f09:record_611,Number,Staff,count,staff,true,[],"Hospital collected data / April 1 to March 31, 2027"
file_fd960952b94a17c6133039e5515cdb29b133b2905b36909786e69941eb196f09:record_612,Number,Staff,count,staff,true,[],"Hospital collected data / April 1 to March 31, 2027"
file_fd960952b94a17c6133039e5515cdb29b133b2905b36909786e69941eb196f09:record_613,Minutes,Patients,minutes,patients,true,[],CIHI NACRS / Other
file_fd960952b94a17c6133039e5515cdb29b133b2905b36909786e69941eb196f09:record_614,Minutes,Patients,minutes,patients,true,[],CIHI NACRS / Other
file_fd960952b94a17c6133039e5515cdb29b133b2905b36909786e69941eb196f09:record_615,Minutes,Patients,minutes,patients,true,[],CIHI NACRS / Other
file_fd960952b94a17c6133039e5515cdb29b133b2905b36909786e69941eb196f09:record_616,Hours,ED patients,hours,ed patients,true,[],CIHI NACRS / Other
file_fd960952b94a17c6133039e5515cdb29b133b2905b36909786e69941eb196f09:record_617,Hours,ED patients,hours,ed patients,true,[],CIHI NACRS / Other
file_fd960952b94a17c6133039e5515cdb29b133b2905b36909786e69941eb196f09:record_618,Hours,ED patients,hours,ed patients,true,[],CIHI NACRS / Other
file_fd960952b94a17c6133039e5515cdb29b133b2905b36909786e69941eb196f09:record_619,Minutes,ED patients,minutes,ed patients,true,[],CIHI NACRS / Quarter
file_fd960952b94a17c6133039e5515cdb29b133b2905b36909786e69941eb196f09:record_620,Minutes,ED patients,minutes,ed patients,true,[],CIHI NACRS / Quarter
file_fd960952b94a17c6133039e5515cdb29b133b2905b36909786e69941eb196f09:record_621,Minutes,ED patients,minutes,ed patients,true,[],CIHI NACRS / Quarter
file_fd960952b94a17c6133039e5515cdb29b133b2905b36909786e69941eb196f09:record_622,%,Hospital admitted patients,percent,hospital admitted patients,true,[],CIHI DAD / Quarter
file_fd960952b94a17c6133039e5515cdb29b133b2905b36909786e69941eb196f09:record_623,%,Hospital admitted patients,percent,hospital admitted patients,true,[],CIHI DAD / Quarter
file_fd960952b94a17c6133039e5515cdb29b133b2905b36909786e69941eb196f09:record_624,%,Hospital admitted patients,percent,hospital admitted patients,true,[],CIHI DAD / Quarter
file_fd960952b94a17c6133039e5515cdb29b133b2905b36909786e69941eb196f09:record_625,%,Staff,percent,staff,false,"[""incompatible_indicator_unit""]",Local data collection / Other
file_fd960952b94a17c6133039e5515cdb29b133b2905b36909786e69941eb196f09:record_626,%,Staff,percent,staff,false,"[""incompatible_indicator_unit""]",Local data collection / Other
file_fd960952b94a17c6133039e5515cdb29b133b2905b36909786e69941eb196f09:record_627,%,Staff,percent,staff,false,"[""incompatible_indicator_unit""]",Local data collection / Other
file_fd960952b94a17c6133039e5515cdb29b133b2905b36909786e69941eb196f09:record_628,Hours,ED patients,hours,ed patients,true,[],CIHI NACRS / Other
file_fd960952b94a17c6133039e5515cdb29b133b2905b36909786e69941eb196f09:record_629,Hours,ED patients,hours,ed patients,true,[],CIHI NACRS / Other
file_fd960952b94a17c6133039e5515cdb29b133b2905b36909786e69941eb196f09:record_630,Hours,ED patients,hours,ed patients,true,[],CIHI NACRS / December 01 2024 to November 30 2025
file_fd960952b94a17c6133039e5515cdb29b133b2905b36909786e69941eb196f09:record_631,Hours,ED patients,hours,ed patients,true,[],CIHI NACRS / December 01 2024 to November 30 2025
file_fd960952b94a17c6133039e5515cdb29b133b2905b36909786e69941eb196f09:record_632,Hours,ED patients,hours,ed patients,true,[],CIHI NACRS / December 01 2024 to November 30 2025
file_fd960952b94a17c6133039e5515cdb29b133b2905b36909786e69941eb196f09:record_633,%,All patients,percent,all patients,true,[],"Other / April 01, 2025 to March 31, 2026"
file_fd960952b94a17c6133039e5515cdb29b133b2905b36909786e69941eb196f09:record_634,%,All patients,percent,all patients,true,[],"Other / April 01, 2025 to March 31, 2026"
file_fd960952b94a17c6133039e5515cdb29b133b2905b36909786e69941eb196f09:record_635,%,All patients,percent,all patients,true,[],"Other / April 01, 2025 to March 31, 2026"
file_fd960952b94a17c6133039e5515cdb29b133b2905b36909786e69941eb196f09:record_636,Minutes,Patients,minutes,patients,true,[],CIHI NACRS / Other
file_fd960952b94a17c6133039e5515cdb29b133b2905b36909786e69941eb196f09:record_637,Minutes,Patients,minutes,patients,true,[],CIHI NACRS / Other
file_fd960952b94a17c6133039e5515cdb29b133b2905b36909786e69941eb196f09:record_638,Minutes,Patients,minutes,patients,true,[],CIHI NACRS / Other
file_fd960952b94a17c6133039e5515cdb29b133b2905b36909786e69941eb196f09:record_639,%,Staff,percent,staff,true,[],Local data collection / Other
file_fd960952b94a17c6133039e5515cdb29b133b2905b36909786e69941eb196f09:record_640,%,Staff,percent,staff,true,[],Local data collection / Other
file_fd960952b94a17c6133039e5515cdb29b133b2905b36909786e69941eb196f09:record_641,%,Staff,percent,staff,true,[],Local data collection / Other
file_fd960952b94a17c6133039e5515cdb29b133b2905b36909786e69941eb196f09:record_642,%,All inpatients,percent,all inpatients,true,[],Hospital collected data / Collecting Baseline
file_fd960952b94a17c6133039e5515cdb29b133b2905b36909786e69941eb196f09:record_643,%,All inpatients,percent,all inpatients,true,[],Hospital collected data / Collecting Baseline
file_fd960952b94a17c6133039e5515cdb29b133b2905b36909786e69941eb196f09:record_644,%,All patients,percent,all patients,true,[],Other / January 2025 - January 2026
file_fd960952b94a17c6133039e5515cdb29b133b2905b36909786e69941eb196f09:record_645,%,All patients,percent,all patients,true,[],Other / January 2025 - January 2026
file_fd960952b94a17c6133039e5515cdb29b133b2905b36909786e69941eb196f09:record_646,%,All patients,percent,all patients,true,[],Other / January 2025 - January 2026
file_fd960952b94a17c6133039e5515cdb29b133b2905b36909786e69941eb196f09:record_647,%,All patients,percent,all patients,true,[],Other / January 2025 - January 2026
file_fd960952b94a17c6133039e5515cdb29b133b2905b36909786e69941eb196f09:record_648,%,All patients,percent,all patients,true,[],Other / January 2025 - January 2026
file_fd960952b94a17c6133039e5515cdb29b133b2905b36909786e69941eb196f09:record_649,Number,Other,count,unknown,false,"[""unknown_unit_or_population""]",Other / Q4 2024/25 – Q3 2025/26
file_fd960952b94a17c6133039e5515cdb29b133b2905b36909786e69941eb196f09:record_650,Number,Other,count,unknown,false,"[""unknown_unit_or_population""]",Other / Q4 2024/25 – Q3 2025/26
file_fd960952b94a17c6133039e5515cdb29b133b2905b36909786e69941eb196f09:record_651,Number,Other,count,unknown,false,"[""unknown_unit_or_population""]",Other / Q4 2024/25 – Q3 2025/26
file_fd960952b94a17c6133039e5515cdb29b133b2905b36909786e69941eb196f09:record_652,%,Other,percent,unknown,false,"[""unknown_unit_or_population""]","Other / January 1, 2025 - December 31, 2025"
file_fd960952b94a17c6133039e5515cdb29b133b2905b36909786e69941eb196f09:record_653,%,Other,percent,unknown,false,"[""unknown_unit_or_population""]","Other / January 1, 2025 - December 31, 2025"
file_fd960952b94a17c6133039e5515cdb29b133b2905b36909786e69941eb196f09:record_654,%,Other,percent,unknown,false,"[""unknown_unit_or_population""]","Other / January 1, 2025 - December 31, 2025"
file_fd960952b94a17c6133039e5515cdb29b133b2905b36909786e69941eb196f09:record_655,%,Other,percent,unknown,false,"[""unknown_unit_or_population""]","Other / January 1, 2025 - December 31, 2025"
file_fd960952b94a17c6133039e5515cdb29b133b2905b36909786e69941eb196f09:record_656,%,Other,percent,unknown,false,"[""unknown_unit_or_population""]","Other / January 1, 2025 - December 31, 2025"
file_fd960952b94a17c6133039e5515cdb29b133b2905b36909786e69941eb196f09:record_657,%,Other,percent,unknown,false,"[""unknown_unit_or_population""]",Other / Q3 2025/2026
file_fd960952b94a17c6133039e5515cdb29b133b2905b36909786e69941eb196f09:record_658,%,Other,percent,unknown,false,"[""unknown_unit_or_population""]",Other / Q3 2025/2026
file_fd960952b94a17c6133039e5515cdb29b133b2905b36909786e69941eb196f09:record_659,%,Other,percent,unknown,false,"[""unknown_unit_or_population""]",Other / Q3 2025/2026
file_fd960952b94a17c6133039e5515cdb29b133b2905b36909786e69941eb196f09:record_660,%,Other,percent,unknown,false,"[""unknown_unit_or_population""]",Other / Q3 2025/2026
file_fd960952b94a17c6133039e5515cdb29b133b2905b36909786e69941eb196f09:record_661,%,Other,percent,unknown,false,"[""unknown_unit_or_population""]",Other / Q3 2025/2026
file_fd960952b94a17c6133039e5515cdb29b133b2905b36909786e69941eb196f09:record_662,%,Other,percent,unknown,false,"[""unknown_unit_or_population""]","Other / January 1, 2025 - December 31, 2025"
file_fd960952b94a17c6133039e5515cdb29b133b2905b36909786e69941eb196f09:record_663,%,Other,percent,unknown,false,"[""unknown_unit_or_population""]","Other / January 1, 2025 - December 31, 2025"
file_fd960952b94a17c6133039e5515cdb29b133b2905b36909786e69941eb196f09:record_664,%,Other,percent,unknown,false,"[""unknown_unit_or_population""]","Other / January 1, 2025 - December 31, 2025"
file_fd960952b94a17c6133039e5515cdb29b133b2905b36909786e69941eb196f09:record_665,%,Other,percent,unknown,false,"[""unknown_unit_or_population""]","Other / January 1, 2025 - December 31, 2025"
file_fd960952b94a17c6133039e5515cdb29b133b2905b36909786e69941eb196f09:record_666,%,Discharged patients ,percent,discharged patients,true,[],Local data collection / Other
file_fd960952b94a17c6133039e5515cdb29b133b2905b36909786e69941eb196f09:record_667,%,Survey respondents,percent,survey respondents,true,[],Local data collection / Other
file_fd960952b94a17c6133039e5515cdb29b133b2905b36909786e69941eb196f09:record_668,%,Survey respondents,percent,survey respondents,true,[],Local data collection / Other
file_fd960952b94a17c6133039e5515cdb29b133b2905b36909786e69941eb196f09:record_669,Hours,ED patients,hours,ed patients,true,[],CIHI NACRS / Other
file_fd960952b94a17c6133039e5515cdb29b133b2905b36909786e69941eb196f09:record_670,Hours,ED patients,hours,ed patients,true,[],CIHI NACRS / Other
file_fd960952b94a17c6133039e5515cdb29b133b2905b36909786e69941eb196f09:record_671,%,ED patients,percent,ed patients,true,[],CIHI NACRS / Fiscal Year
file_fd960952b94a17c6133039e5515cdb29b133b2905b36909786e69941eb196f09:record_672,Hours,ED patients,hours,ed patients,true,[],CIHI NACRS / Other
file_fd960952b94a17c6133039e5515cdb29b133b2905b36909786e69941eb196f09:record_673,%,Staff,percent,staff,true,[],Local data collection / Other
file_fd960952b94a17c6133039e5515cdb29b133b2905b36909786e69941eb196f09:record_674,%,Staff,percent,staff,true,[],Local data collection / Most recent consecutive 12-month period
file_fd960952b94a17c6133039e5515cdb29b133b2905b36909786e69941eb196f09:record_675,%,Survey respondents,percent,survey respondents,true,[],Local data collection / Other
file_fd960952b94a17c6133039e5515cdb29b133b2905b36909786e69941eb196f09:record_676,%,Staff,percent,staff,false,"[""incompatible_indicator_unit""]",Local data collection / Other
file_fd960952b94a17c6133039e5515cdb29b133b2905b36909786e69941eb196f09:record_677,Hours,ED patients,hours,ed patients,true,[],CCO iPort Access / 01/04/2026 - 31/03/2027
file_fd960952b94a17c6133039e5515cdb29b133b2905b36909786e69941eb196f09:record_678,Other,People,unknown,people,false,"[""unknown_unit_or_population""]",Hospital collected data / 01/04/2026 - 31/03/2027
file_fd960952b94a17c6133039e5515cdb29b133b2905b36909786e69941eb196f09:record_679,Hours,ED patients,hours,ed patients,true,[],CIHI NACRS / Other
file_fd960952b94a17c6133039e5515cdb29b133b2905b36909786e69941eb196f09:record_680,Number,ED patients,count,ed patients,true,[],CIHI NACRS / Fiscal Year
file_fd960952b94a17c6133039e5515cdb29b133b2905b36909786e69941eb196f09:record_681,Number,ED patients,count,ed patients,true,[],CIHI NACRS / Fiscal Year
file_fd960952b94a17c6133039e5515cdb29b133b2905b36909786e69941eb196f09:record_682,%,All inpatients,percent,all inpatients,true,[],In-home audit / 2026
file_fd960952b94a17c6133039e5515cdb29b133b2905b36909786e69941eb196f09:record_683,%,All inpatients,percent,all inpatients,true,[],In-home audit / 2026
file_fd960952b94a17c6133039e5515cdb29b133b2905b36909786e69941eb196f09:record_684,%,Staff,percent,staff,true,[],In house data collection  / 202627
file_fd960952b94a17c6133039e5515cdb29b133b2905b36909786e69941eb196f09:record_685,%,Staff,percent,staff,true,[],In house data collection  / 202627
file_fd960952b94a17c6133039e5515cdb29b133b2905b36909786e69941eb196f09:record_686,%,Discharged patients ,percent,discharged patients,true,[],Local data collection / Other
file_fd960952b94a17c6133039e5515cdb29b133b2905b36909786e69941eb196f09:record_687,%,Survey respondents,percent,survey respondents,true,[],Local data collection / Other
file_fd960952b94a17c6133039e5515cdb29b133b2905b36909786e69941eb196f09:record_688,Minutes,Patients,minutes,patients,true,[],CIHI NACRS / Other
file_fd960952b94a17c6133039e5515cdb29b133b2905b36909786e69941eb196f09:record_689,Hours,ED patients,hours,ed patients,true,[],CIHI NACRS / Other
file_fd960952b94a17c6133039e5515cdb29b133b2905b36909786e69941eb196f09:record_690,Hours,ED patients,hours,ed patients,true,[],CIHI NACRS / Other
file_fd960952b94a17c6133039e5515cdb29b133b2905b36909786e69941eb196f09:record_691,Hours,ED patients,hours,ed patients,true,[],CIHI NACRS / Other
file_fd960952b94a17c6133039e5515cdb29b133b2905b36909786e69941eb196f09:record_692,%,Discharged patients ,percent,discharged patients,true,[],Local data collection / Other
file_fd960952b94a17c6133039e5515cdb29b133b2905b36909786e69941eb196f09:record_693,%,Survey respondents,percent,survey respondents,true,[],Local data collection / Other
file_fd960952b94a17c6133039e5515cdb29b133b2905b36909786e69941eb196f09:record_694,Minutes,Patients,minutes,patients,true,[],CIHI NACRS / Other
file_fd960952b94a17c6133039e5515cdb29b133b2905b36909786e69941eb196f09:record_695,Hours,ED patients,hours,ed patients,true,[],CIHI NACRS / Other
file_fd960952b94a17c6133039e5515cdb29b133b2905b36909786e69941eb196f09:record_696,%,ED patients,percent,ed patients,true,[],CIHI NACRS / Fiscal Year
file_fd960952b94a17c6133039e5515cdb29b133b2905b36909786e69941eb196f09:record_697,Minutes,ED patients,minutes,ed patients,true,[],CIHI NACRS / Quarter
file_fd960952b94a17c6133039e5515cdb29b133b2905b36909786e69941eb196f09:record_698,Number,ED patients,count,ed patients,true,[],CIHI NACRS / Fiscal Year
file_fd960952b94a17c6133039e5515cdb29b133b2905b36909786e69941eb196f09:record_699,Hours,ED patients,hours,ed patients,true,[],CIHI NACRS / Other
file_fd960952b94a17c6133039e5515cdb29b133b2905b36909786e69941eb196f09:record_700,%,Patients,percent,patients,true,[],"CIHI DAD, NACRS / Quarter"
file_fd960952b94a17c6133039e5515cdb29b133b2905b36909786e69941eb196f09:record_701,%,Hospital admitted patients,percent,hospital admitted patients,true,[],CIHI DAD / Quarter
file_fd960952b94a17c6133039e5515cdb29b133b2905b36909786e69941eb196f09:record_702,%,Staff,percent,staff,false,"[""incompatible_indicator_unit""]",Local data collection / Other
file_fd960952b94a17c6133039e5515cdb29b133b2905b36909786e69941eb196f09:record_703,%,Staff,percent,staff,true,[],Local data collection / Other
file_fd960952b94a17c6133039e5515cdb29b133b2905b36909786e69941eb196f09:record_704,Hours,ED patients,hours,ed patients,true,[],CIHI NACRS / Other
file_fd960952b94a17c6133039e5515cdb29b133b2905b36909786e69941eb196f09:record_705,Hours,ED patients,hours,ed patients,true,[],CIHI NACRS / Other
file_fd960952b94a17c6133039e5515cdb29b133b2905b36909786e69941eb196f09:record_706,Hours,ED patients,hours,ed patients,true,[],CIHI NACRS / Other
file_fd960952b94a17c6133039e5515cdb29b133b2905b36909786e69941eb196f09:record_707,Minutes,Patients,minutes,patients,true,[],CIHI NACRS / Other
file_fd960952b94a17c6133039e5515cdb29b133b2905b36909786e69941eb196f09:record_708,Minutes,Patients,minutes,patients,true,[],CIHI NACRS / Other
file_fd960952b94a17c6133039e5515cdb29b133b2905b36909786e69941eb196f09:record_709,Minutes,Patients,minutes,patients,true,[],CIHI NACRS / Other
file_fd960952b94a17c6133039e5515cdb29b133b2905b36909786e69941eb196f09:record_710,Hours,ED patients,hours,ed patients,true,[],CIHI NACRS / Other
file_fd960952b94a17c6133039e5515cdb29b133b2905b36909786e69941eb196f09:record_711,Hours,ED patients,hours,ed patients,true,[],CIHI NACRS / Other
file_fd960952b94a17c6133039e5515cdb29b133b2905b36909786e69941eb196f09:record_712,Hours,ED patients,hours,ed patients,true,[],CIHI NACRS / Other
file_fd960952b94a17c6133039e5515cdb29b133b2905b36909786e69941eb196f09:record_713,%,All patients,percent,all patients,true,[],Other / 2026/27
file_fd960952b94a17c6133039e5515cdb29b133b2905b36909786e69941eb196f09:record_714,%,All patients,percent,all patients,true,[],Other / 2026/27
file_fd960952b94a17c6133039e5515cdb29b133b2905b36909786e69941eb196f09:record_715,%,All patients,percent,all patients,true,[],Other / 2026/27
file_fd960952b94a17c6133039e5515cdb29b133b2905b36909786e69941eb196f09:record_716,%,All inpatients,percent,all inpatients,true,[],Other / 2026/27
file_fd960952b94a17c6133039e5515cdb29b133b2905b36909786e69941eb196f09:record_717,%,All inpatients,percent,all inpatients,true,[],Other / 2026/27
file_fd960952b94a17c6133039e5515cdb29b133b2905b36909786e69941eb196f09:record_718,%,ED patients,percent,ed patients,true,[],Other / 2026/27
file_fd960952b94a17c6133039e5515cdb29b133b2905b36909786e69941eb196f09:record_719,%,ED patients,percent,ed patients,true,[],Other / 2026/27
file_fd960952b94a17c6133039e5515cdb29b133b2905b36909786e69941eb196f09:record_720,Rate,Other,unknown,unknown,false,"[""unknown_unit_or_population""]",Other / 2026/27
file_fd960952b94a17c6133039e5515cdb29b133b2905b36909786e69941eb196f09:record_721,Rate,Other,unknown,unknown,false,"[""unknown_unit_or_population""]",Other / 2026/27
file_fd960952b94a17c6133039e5515cdb29b133b2905b36909786e69941eb196f09:record_722,Rate,Other,unknown,unknown,false,"[""unknown_unit_or_population""]",Other / 2026/27
file_fd960952b94a17c6133039e5515cdb29b133b2905b36909786e69941eb196f09:record_723,Other,Population,unknown,population,false,"[""unknown_unit_or_population""]",Local data collection / FY 26-27
file_fd960952b94a17c6133039e5515cdb29b133b2905b36909786e69941eb196f09:record_724,Number,Other,count,unknown,false,"[""unknown_unit_or_population""]",Other / FY 26-27
file_fd960952b94a17c6133039e5515cdb29b133b2905b36909786e69941eb196f09:record_725,Rate,Other,unknown,unknown,false,"[""unknown_unit_or_population""]",Other / April 2026 to March 2027
file_fd960952b94a17c6133039e5515cdb29b133b2905b36909786e69941eb196f09:record_726,Rate,Other,unknown,unknown,false,"[""unknown_unit_or_population""]",Other / April 2026 to March 2027
file_fd960952b94a17c6133039e5515cdb29b133b2905b36909786e69941eb196f09:record_727,Rate,Other,unknown,unknown,false,"[""unknown_unit_or_population""]",Other / April 2026 to March 2027
file_fd960952b94a17c6133039e5515cdb29b133b2905b36909786e69941eb196f09:record_728,%,Other,percent,unknown,false,"[""unknown_unit_or_population""]",In house data collection  / Fiscal Year 2026-27
file_fd960952b94a17c6133039e5515cdb29b133b2905b36909786e69941eb196f09:record_729,%,Other,percent,unknown,false,"[""unknown_unit_or_population""]",In house data collection  / Fiscal Year 2026-27
file_fd960952b94a17c6133039e5515cdb29b133b2905b36909786e69941eb196f09:record_730,%,Other,percent,unknown,false,"[""unknown_unit_or_population""]",In house data collection  / Fiscal Year 2026-27
file_fd960952b94a17c6133039e5515cdb29b133b2905b36909786e69941eb196f09:record_731,Number,All inpatients,count,all inpatients,true,[],In house data collection  / Apr 2026-Mar 2027
file_fd960952b94a17c6133039e5515cdb29b133b2905b36909786e69941eb196f09:record_732,Number,All inpatients,count,all inpatients,true,[],In house data collection  / Apr 2026-Mar 2027
file_fd960952b94a17c6133039e5515cdb29b133b2905b36909786e69941eb196f09:record_733,Number,All inpatients,count,all inpatients,true,[],In house data collection  / Apr 2026-Mar 2027
file_fd960952b94a17c6133039e5515cdb29b133b2905b36909786e69941eb196f09:record_734,%,Staff,percent,staff,true,[],Local data collection / April 2026 - March 2027
file_fd960952b94a17c6133039e5515cdb29b133b2905b36909786e69941eb196f09:record_735,%,Staff,percent,staff,true,[],Local data collection / April 2026 - March 2027
file_fd960952b94a17c6133039e5515cdb29b133b2905b36909786e69941eb196f09:record_736,Other,Other,unknown,unknown,false,"[""unknown_unit_or_population""]",Other / Qualtrics-Patient experience survey data
file_fd960952b94a17c6133039e5515cdb29b133b2905b36909786e69941eb196f09:record_737,Other,Other,unknown,unknown,false,"[""unknown_unit_or_population""]",Other / Qualtrics-Patient experience survey data
file_fd960952b94a17c6133039e5515cdb29b133b2905b36909786e69941eb196f09:record_738,Other,Other,unknown,unknown,false,"[""unknown_unit_or_population""]",Other / Qualtrics-Patient experience survey data
file_fd960952b94a17c6133039e5515cdb29b133b2905b36909786e69941eb196f09:record_739,%,Survey respondents,percent,survey respondents,true,[],Local data collection / Other
file_fd960952b94a17c6133039e5515cdb29b133b2905b36909786e69941eb196f09:record_740,%,Survey respondents,percent,survey respondents,true,[],Local data collection / Other
file_fd960952b94a17c6133039e5515cdb29b133b2905b36909786e69941eb196f09:record_741,%,Survey respondents,percent,survey respondents,true,[],Local data collection / Other
file_fd960952b94a17c6133039e5515cdb29b133b2905b36909786e69941eb196f09:record_742,Hours,ED patients,hours,ed patients,true,[],CIHI NACRS / Other
file_fd960952b94a17c6133039e5515cdb29b133b2905b36909786e69941eb196f09:record_743,Hours,ED patients,hours,ed patients,true,[],CIHI NACRS / Other
file_fd960952b94a17c6133039e5515cdb29b133b2905b36909786e69941eb196f09:record_744,Hours,ED patients,hours,ed patients,true,[],CIHI NACRS / Other
file_fd960952b94a17c6133039e5515cdb29b133b2905b36909786e69941eb196f09:record_745,Hours,ED patients,hours,ed patients,true,[],CIHI NACRS / Other
file_fd960952b94a17c6133039e5515cdb29b133b2905b36909786e69941eb196f09:record_746,Hours,ED patients,hours,ed patients,true,[],CIHI NACRS / Other
file_fd960952b94a17c6133039e5515cdb29b133b2905b36909786e69941eb196f09:record_747,Hours,ED patients,hours,ed patients,true,[],CIHI NACRS / Other
file_fd960952b94a17c6133039e5515cdb29b133b2905b36909786e69941eb196f09:record_748,%,Staff,percent,staff,false,"[""incompatible_indicator_unit""]",Local data collection / Other
file_fd960952b94a17c6133039e5515cdb29b133b2905b36909786e69941eb196f09:record_749,%,Staff,percent,staff,false,"[""incompatible_indicator_unit""]",Local data collection / Other
file_fd960952b94a17c6133039e5515cdb29b133b2905b36909786e69941eb196f09:record_750,%,Patients,percent,patients,true,[],Local data collection / Most recent consecutive 12-month period
file_fd960952b94a17c6133039e5515cdb29b133b2905b36909786e69941eb196f09:record_751,%,Patients,percent,patients,true,[],Local data collection / Most recent consecutive 12-month period
file_fd960952b94a17c6133039e5515cdb29b133b2905b36909786e69941eb196f09:record_752,%,Patients,percent,patients,true,[],Local data collection / Most recent consecutive 12-month period
file_fd960952b94a17c6133039e5515cdb29b133b2905b36909786e69941eb196f09:record_753,%,Survey respondents,percent,survey respondents,true,[],Local data collection / Most recent consecutive 12-month period
file_fd960952b94a17c6133039e5515cdb29b133b2905b36909786e69941eb196f09:record_754,%,Survey respondents,percent,survey respondents,true,[],Local data collection / Most recent consecutive 12-month period
file_fd960952b94a17c6133039e5515cdb29b133b2905b36909786e69941eb196f09:record_755,Hours,ED patients,hours,ed patients,true,[],CIHI NACRS / Other
file_fd960952b94a17c6133039e5515cdb29b133b2905b36909786e69941eb196f09:record_756,Hours,ED patients,hours,ed patients,true,[],CIHI NACRS / Other
file_fd960952b94a17c6133039e5515cdb29b133b2905b36909786e69941eb196f09:record_757,%,All patients,percent,all patients,true,[],In house data collection  / April 2026 - March 2027
file_fd960952b94a17c6133039e5515cdb29b133b2905b36909786e69941eb196f09:record_758,%,All patients,percent,all patients,true,[],In house data collection  / April 2026 - March 2027
file_fd960952b94a17c6133039e5515cdb29b133b2905b36909786e69941eb196f09:record_759,%,All patients,percent,all patients,true,[],In house data collection  / April 2026 - March 2027
file_fd960952b94a17c6133039e5515cdb29b133b2905b36909786e69941eb196f09:record_760,%,All patients,percent,all patients,true,[],In house data collection  / April 2026 - March 2027
file_fd960952b94a17c6133039e5515cdb29b133b2905b36909786e69941eb196f09:record_761,%,All patients,percent,all patients,true,[],In house data collection  / April 2026 - March 2027
file_fd960952b94a17c6133039e5515cdb29b133b2905b36909786e69941eb196f09:record_762,Number,Staff,count,staff,true,[],In house data collection  / April 2026 - March 2027
file_fd960952b94a17c6133039e5515cdb29b133b2905b36909786e69941eb196f09:record_763,Number,Staff,count,staff,true,[],In house data collection  / April 2026 - March 2027
file_fd960952b94a17c6133039e5515cdb29b133b2905b36909786e69941eb196f09:record_764,Number,Staff,count,staff,true,[],In house data collection  / April 2026 - March 2027
file_fd960952b94a17c6133039e5515cdb29b133b2905b36909786e69941eb196f09:record_765,%,Survey respondents,percent,survey respondents,true,[],Local data collection / Other
file_fd960952b94a17c6133039e5515cdb29b133b2905b36909786e69941eb196f09:record_766,Minutes,Patients,minutes,patients,true,[],CIHI NACRS / Other
file_fd960952b94a17c6133039e5515cdb29b133b2905b36909786e69941eb196f09:record_767,Hours,ED patients,hours,ed patients,true,[],CIHI NACRS / Other
file_fd960952b94a17c6133039e5515cdb29b133b2905b36909786e69941eb196f09:record_768,Hours,ED patients,hours,ed patients,true,[],CIHI NACRS / Other
file_fd960952b94a17c6133039e5515cdb29b133b2905b36909786e69941eb196f09:record_769,Hours,ED patients,hours,ed patients,true,[],CIHI NACRS / Other
file_fd960952b94a17c6133039e5515cdb29b133b2905b36909786e69941eb196f09:record_770,Hours,ED patients,hours,ed patients,true,[],CIHI NACRS / Other
file_fd960952b94a17c6133039e5515cdb29b133b2905b36909786e69941eb196f09:record_771,%,All inpatients,percent,all inpatients,true,[],"In-house survey / April 1, 2026 - Mar 31, 2027"
file_fd960952b94a17c6133039e5515cdb29b133b2905b36909786e69941eb196f09:record_772,%,All inpatients,percent,all inpatients,true,[],Local data collection / April 2026 to March 2027
file_fd960952b94a17c6133039e5515cdb29b133b2905b36909786e69941eb196f09:record_773,%,All inpatients,percent,all inpatients,true,[],Local data collection / April 2026 to March 2027
file_fd960952b94a17c6133039e5515cdb29b133b2905b36909786e69941eb196f09:record_774,Proportion,at-risk cohort,proportion,at-risk cohort,true,[],Local data collection / April 2026 to March 2027
file_fd960952b94a17c6133039e5515cdb29b133b2905b36909786e69941eb196f09:record_775,%,Staff,percent,staff,true,[],Local data collection / April 2026 to March 2027
file_fd960952b94a17c6133039e5515cdb29b133b2905b36909786e69941eb196f09:record_776,Hours,All inpatients,hours,all inpatients,false,"[""incompatible_indicator_population""]",CIHI NACRS / fiscal quarter
file_fd960952b94a17c6133039e5515cdb29b133b2905b36909786e69941eb196f09:record_777,Hours,All inpatients,hours,all inpatients,false,"[""incompatible_indicator_population""]",CIHI NACRS / fiscal quarter
file_fd960952b94a17c6133039e5515cdb29b133b2905b36909786e69941eb196f09:record_778,%,Other,percent,unknown,false,"[""unknown_unit_or_population""]",Local data collection / 2026-2027
file_fd960952b94a17c6133039e5515cdb29b133b2905b36909786e69941eb196f09:record_779,%,Patients,percent,patients,true,[],Local data collection / 2026-2027
file_fd960952b94a17c6133039e5515cdb29b133b2905b36909786e69941eb196f09:record_780,%,Other,percent,unknown,false,"[""unknown_unit_or_population""]",Local data collection / 2026-2027
file_fd960952b94a17c6133039e5515cdb29b133b2905b36909786e69941eb196f09:record_781,Minutes,Patients,minutes,patients,true,[],CIHI NACRS / Other
file_fd960952b94a17c6133039e5515cdb29b133b2905b36909786e69941eb196f09:record_782,Hours,ED patients,hours,ed patients,true,[],CIHI NACRS / Other
file_fd960952b94a17c6133039e5515cdb29b133b2905b36909786e69941eb196f09:record_783,Hours,ED patients,hours,ed patients,true,[],CIHI NACRS / Other
file_fd960952b94a17c6133039e5515cdb29b133b2905b36909786e69941eb196f09:record_784,Hours,ED patients,hours,ed patients,true,[],CIHI NACRS / Other
file_fd960952b94a17c6133039e5515cdb29b133b2905b36909786e69941eb196f09:record_785,Hours,ED patients,hours,ed patients,true,[],CIHI NACRS / Other
file_fd960952b94a17c6133039e5515cdb29b133b2905b36909786e69941eb196f09:record_786,Number,ED patients,count,ed patients,true,[],CIHI NACRS / Fiscal Year
file_fd960952b94a17c6133039e5515cdb29b133b2905b36909786e69941eb196f09:record_787,%,Discharged patients ,percent,discharged patients,true,[],Local data collection / Other
file_fd960952b94a17c6133039e5515cdb29b133b2905b36909786e69941eb196f09:record_788,%,Survey respondents,percent,survey respondents,true,[],Local data collection / Other
file_fd960952b94a17c6133039e5515cdb29b133b2905b36909786e69941eb196f09:record_789,%,Survey respondents,percent,survey respondents,true,[],Local data collection / Other
file_fd960952b94a17c6133039e5515cdb29b133b2905b36909786e69941eb196f09:record_790,Minutes,Patients,minutes,patients,true,[],CIHI NACRS / Other
file_fd960952b94a17c6133039e5515cdb29b133b2905b36909786e69941eb196f09:record_791,Minutes,Patients,minutes,patients,true,[],CIHI NACRS / Other
file_fd960952b94a17c6133039e5515cdb29b133b2905b36909786e69941eb196f09:record_792,Hours,ED patients,hours,ed patients,true,[],CIHI NACRS / Other
file_fd960952b94a17c6133039e5515cdb29b133b2905b36909786e69941eb196f09:record_793,%,ED patients,percent,ed patients,true,[],CIHI NACRS / Fiscal Year
file_fd960952b94a17c6133039e5515cdb29b133b2905b36909786e69941eb196f09:record_794,%,Staff,percent,staff,false,"[""incompatible_indicator_unit""]",Local data collection / Other
file_fd960952b94a17c6133039e5515cdb29b133b2905b36909786e69941eb196f09:record_795,%,Staff,percent,staff,false,"[""incompatible_indicator_unit""]",Local data collection / Other
file_fd960952b94a17c6133039e5515cdb29b133b2905b36909786e69941eb196f09:record_796,%,Staff,percent,staff,false,"[""incompatible_indicator_unit""]",Local data collection / Other
file_fd960952b94a17c6133039e5515cdb29b133b2905b36909786e69941eb196f09:record_797,%,Staff,percent,staff,true,[],Local data collection / Other
file_fd960952b94a17c6133039e5515cdb29b133b2905b36909786e69941eb196f09:record_798,Hours,ED patients,hours,ed patients,true,[],CIHI NACRS / Other
file_fd960952b94a17c6133039e5515cdb29b133b2905b36909786e69941eb196f09:record_799,Hours,ED patients,hours,ed patients,true,[],CIHI NACRS / Other
file_fd960952b94a17c6133039e5515cdb29b133b2905b36909786e69941eb196f09:record_800,Hours,ED patients,hours,ed patients,true,[],CIHI NACRS / Other
file_fd960952b94a17c6133039e5515cdb29b133b2905b36909786e69941eb196f09:record_801,Hours,ED patients,hours,ed patients,true,[],CIHI NACRS / Other
file_fd960952b94a17c6133039e5515cdb29b133b2905b36909786e69941eb196f09:record_802,Hours,ED patients,hours,ed patients,true,[],CIHI NACRS / Other
file_fd960952b94a17c6133039e5515cdb29b133b2905b36909786e69941eb196f09:record_803,Number,ED patients,count,ed patients,true,[],CIHI NACRS / Fiscal Year
file_fd960952b94a17c6133039e5515cdb29b133b2905b36909786e69941eb196f09:record_804,Hours,ED patients,hours,ed patients,true,[],CIHI NACRS / Other
file_fd960952b94a17c6133039e5515cdb29b133b2905b36909786e69941eb196f09:record_805,Hours,ED patients,hours,ed patients,true,[],CIHI NACRS / Other
file_fd960952b94a17c6133039e5515cdb29b133b2905b36909786e69941eb196f09:record_806,Other,All patients,unknown,all patients,false,"[""unknown_unit_or_population""]","Other / April 1, 2026 - March 31, 2027"
file_fd960952b94a17c6133039e5515cdb29b133b2905b36909786e69941eb196f09:record_807,Other,All patients,unknown,all patients,false,"[""unknown_unit_or_population""]","Other / April 1, 2026 - March 31, 2027"
file_fd960952b94a17c6133039e5515cdb29b133b2905b36909786e69941eb196f09:record_808,Other,All patients,unknown,all patients,false,"[""unknown_unit_or_population""]","Other / April 1, 2026 - March 31, 2027"
file_fd960952b94a17c6133039e5515cdb29b133b2905b36909786e69941eb196f09:record_809,Other,All patients,unknown,all patients,false,"[""unknown_unit_or_population""]","Other / April 1, 2026 - March 31, 2027"
file_fd960952b94a17c6133039e5515cdb29b133b2905b36909786e69941eb196f09:record_810,Other,All patients,unknown,all patients,false,"[""unknown_unit_or_population""]","Other / April 1, 2026 - March 31, 2027"
file_fd960952b94a17c6133039e5515cdb29b133b2905b36909786e69941eb196f09:record_811,%,Other,percent,unknown,false,"[""unknown_unit_or_population""]","In house data collection  / April 1, 2026 - March 31, 2027"
file_fd960952b94a17c6133039e5515cdb29b133b2905b36909786e69941eb196f09:record_812,%,Other,percent,unknown,false,"[""unknown_unit_or_population""]","In house data collection  / April 1, 2026 - March 31, 2027"
file_fd960952b94a17c6133039e5515cdb29b133b2905b36909786e69941eb196f09:record_813,%,Other,percent,unknown,false,"[""unknown_unit_or_population""]","In house data collection  / April 1, 2026 - March 31, 2027"
file_fd960952b94a17c6133039e5515cdb29b133b2905b36909786e69941eb196f09:record_814,%,Other,percent,unknown,false,"[""unknown_unit_or_population""]","In house data collection  / April 1, 2026 - March 31, 2027"
file_fd960952b94a17c6133039e5515cdb29b133b2905b36909786e69941eb196f09:record_815,%,Other,percent,unknown,false,"[""unknown_unit_or_population""]","Other / April 1, 2026 - March 31, 2027"
file_fd960952b94a17c6133039e5515cdb29b133b2905b36909786e69941eb196f09:record_816,%,Other,percent,unknown,false,"[""unknown_unit_or_population""]","Other / April 1, 2026 - March 31, 2027"
file_fd960952b94a17c6133039e5515cdb29b133b2905b36909786e69941eb196f09:record_817,%,Other,percent,unknown,false,"[""unknown_unit_or_population""]","In house data collection  / April 1, 2026 - March 31, 2027"
file_fd960952b94a17c6133039e5515cdb29b133b2905b36909786e69941eb196f09:record_818,Hours,All inpatients,hours,all inpatients,true,[],"In house data collection  / April 1, 2026 - March 31, 2027"
file_fd960952b94a17c6133039e5515cdb29b133b2905b36909786e69941eb196f09:record_819,Hours,All inpatients,hours,all inpatients,true,[],"In house data collection  / April 1, 2026 - March 31, 2027"
file_fd960952b94a17c6133039e5515cdb29b133b2905b36909786e69941eb196f09:record_820,Other,Other,unknown,unknown,false,"[""unknown_unit_or_population""]",Other / 2024-25 Q3 through 2025-26 Q2
file_fd960952b94a17c6133039e5515cdb29b133b2905b36909786e69941eb196f09:record_821,Other,Other,unknown,unknown,false,"[""unknown_unit_or_population""]",Other / 2024-25 Q3 through 2025-26 Q2
file_fd960952b94a17c6133039e5515cdb29b133b2905b36909786e69941eb196f09:record_822,Other,Other,unknown,unknown,false,"[""unknown_unit_or_population""]",Other / 2024-25 Q3 through 2025-26 Q2
file_fd960952b94a17c6133039e5515cdb29b133b2905b36909786e69941eb196f09:record_823,%,Other,percent,unknown,false,"[""unknown_unit_or_population""]",Other / 2026-27
file_fd960952b94a17c6133039e5515cdb29b133b2905b36909786e69941eb196f09:record_824,%,Other,percent,unknown,false,"[""unknown_unit_or_population""]",Other / 2026-27
file_fd960952b94a17c6133039e5515cdb29b133b2905b36909786e69941eb196f09:record_825,%,Other,percent,unknown,false,"[""unknown_unit_or_population""]",Other / 2026-27
file_fd960952b94a17c6133039e5515cdb29b133b2905b36909786e69941eb196f09:record_826,%,Other,percent,unknown,false,"[""unknown_unit_or_population""]",In house data collection  / Q3 2025-2026
file_fd960952b94a17c6133039e5515cdb29b133b2905b36909786e69941eb196f09:record_827,%,Other,percent,unknown,false,"[""unknown_unit_or_population""]",In house data collection  / Q3 2025-2026
file_fd960952b94a17c6133039e5515cdb29b133b2905b36909786e69941eb196f09:record_828,%,Other,percent,unknown,false,"[""unknown_unit_or_population""]",In house data collection  / Q3 2025-2026
file_fd960952b94a17c6133039e5515cdb29b133b2905b36909786e69941eb196f09:record_829,%,Other,percent,unknown,false,"[""unknown_unit_or_population""]",In house data collection  / Q3 2025-2026
file_fd960952b94a17c6133039e5515cdb29b133b2905b36909786e69941eb196f09:record_830,%,Other,percent,unknown,false,"[""unknown_unit_or_population""]",Other / 2025-2026 YTD (to Q3)
file_fd960952b94a17c6133039e5515cdb29b133b2905b36909786e69941eb196f09:record_831,%,Other,percent,unknown,false,"[""unknown_unit_or_population""]",Other / 2025-2026 YTD (to Q3)
file_fd960952b94a17c6133039e5515cdb29b133b2905b36909786e69941eb196f09:record_832,%,Other,percent,unknown,false,"[""unknown_unit_or_population""]",Other / 2025-2026 YTD (to Q3)
file_fd960952b94a17c6133039e5515cdb29b133b2905b36909786e69941eb196f09:record_833,%,Other,percent,unknown,false,"[""unknown_unit_or_population""]",Other / 2025-2026 YTD (to Q3)
file_fd960952b94a17c6133039e5515cdb29b133b2905b36909786e69941eb196f09:record_834,%,Other,percent,unknown,false,"[""unknown_unit_or_population""]",Local data collection / April 1 2026 - March 31 2027
file_fd960952b94a17c6133039e5515cdb29b133b2905b36909786e69941eb196f09:record_835,%,Other,percent,unknown,false,"[""unknown_unit_or_population""]",Local data collection / April 1 2026 - March 31 2027
file_fd960952b94a17c6133039e5515cdb29b133b2905b36909786e69941eb196f09:record_836,%,Other,percent,unknown,false,"[""unknown_unit_or_population""]",Local data collection / April 1 2026 - March 31 2027
file_fd960952b94a17c6133039e5515cdb29b133b2905b36909786e69941eb196f09:record_837,%,Other,percent,unknown,false,"[""unknown_unit_or_population""]",Local data collection / April 1 2026 - March 31 2027
file_fd960952b94a17c6133039e5515cdb29b133b2905b36909786e69941eb196f09:record_838,%,Hospital admitted patients,percent,hospital admitted patients,true,[],CIHI DAD / Quarter
file_fd960952b94a17c6133039e5515cdb29b133b2905b36909786e69941eb196f09:record_839,%,Hospital admitted patients,percent,hospital admitted patients,true,[],CIHI DAD / Quarter
file_fd960952b94a17c6133039e5515cdb29b133b2905b36909786e69941eb196f09:record_840,%,Hospital admitted patients,percent,hospital admitted patients,true,[],CIHI DAD / Quarter
file_fd960952b94a17c6133039e5515cdb29b133b2905b36909786e69941eb196f09:record_841,%,Hospital admitted patients,percent,hospital admitted patients,true,[],CIHI DAD / Quarter
file_fd960952b94a17c6133039e5515cdb29b133b2905b36909786e69941eb196f09:record_842,%,Staff,percent,staff,false,"[""incompatible_indicator_unit""]",Local data collection / Other
file_fd960952b94a17c6133039e5515cdb29b133b2905b36909786e69941eb196f09:record_843,%,Staff,percent,staff,false,"[""incompatible_indicator_unit""]",Local data collection / Other
file_fd960952b94a17c6133039e5515cdb29b133b2905b36909786e69941eb196f09:record_844,%,Staff,percent,staff,false,"[""incompatible_indicator_unit""]",Local data collection / Other
file_fd960952b94a17c6133039e5515cdb29b133b2905b36909786e69941eb196f09:record_845,Hours,ED patients,hours,ed patients,true,[],CIHI NACRS / Other
file_fd960952b94a17c6133039e5515cdb29b133b2905b36909786e69941eb196f09:record_846,Hours,ED patients,hours,ed patients,true,[],CIHI NACRS / Other
file_fd960952b94a17c6133039e5515cdb29b133b2905b36909786e69941eb196f09:record_847,Hours,ED patients,hours,ed patients,true,[],CIHI NACRS / Other
file_fd960952b94a17c6133039e5515cdb29b133b2905b36909786e69941eb196f09:record_848,Number,All inpatients,count,all inpatients,true,[],In house data collection  / April 1 to March 31
file_fd960952b94a17c6133039e5515cdb29b133b2905b36909786e69941eb196f09:record_849,Number,All inpatients,count,all inpatients,true,[],In house data collection  / April 1 to March 31
file_fd960952b94a17c6133039e5515cdb29b133b2905b36909786e69941eb196f09:record_850,Number,All inpatients,count,all inpatients,true,[],In house data collection  / April 1 to March 31
file_fd960952b94a17c6133039e5515cdb29b133b2905b36909786e69941eb196f09:record_851,Number,All inpatients,count,all inpatients,true,[],In house data collection  / April 1 to March 31
file_fd960952b94a17c6133039e5515cdb29b133b2905b36909786e69941eb196f09:record_852,Number,All inpatients,count,all inpatients,true,[],In house data collection  / April 1 to March 31
file_fd960952b94a17c6133039e5515cdb29b133b2905b36909786e69941eb196f09:record_853,Number,All inpatients,count,all inpatients,true,[],In house data collection  / April 1 to March 31
file_fd960952b94a17c6133039e5515cdb29b133b2905b36909786e69941eb196f09:record_854,Number,All inpatients,count,all inpatients,true,[],In house data collection  / April 1 to March 31
file_fd960952b94a17c6133039e5515cdb29b133b2905b36909786e69941eb196f09:record_855,%,Survey respondents,percent,survey respondents,true,[],Local data collection / Other
file_fd960952b94a17c6133039e5515cdb29b133b2905b36909786e69941eb196f09:record_856,%,Survey respondents,percent,survey respondents,true,[],Local data collection / Other
file_fd960952b94a17c6133039e5515cdb29b133b2905b36909786e69941eb196f09:record_857,%,Survey respondents,percent,survey respondents,true,[],Local data collection / Other
file_fd960952b94a17c6133039e5515cdb29b133b2905b36909786e69941eb196f09:record_858,%,Survey respondents,percent,survey respondents,true,[],Local data collection / Other
file_fd960952b94a17c6133039e5515cdb29b133b2905b36909786e69941eb196f09:record_859,Minutes,Patients,minutes,patients,true,[],CIHI NACRS / Other
file_fd960952b94a17c6133039e5515cdb29b133b2905b36909786e69941eb196f09:record_860,Minutes,Patients,minutes,patients,true,[],CIHI NACRS / Other
file_fd960952b94a17c6133039e5515cdb29b133b2905b36909786e69941eb196f09:record_861,Minutes,Patients,minutes,patients,true,[],CIHI NACRS / Other
file_fd960952b94a17c6133039e5515cdb29b133b2905b36909786e69941eb196f09:record_862,%,Hospital admitted patients,percent,hospital admitted patients,true,[],CIHI DAD / Quarter
file_fd960952b94a17c6133039e5515cdb29b133b2905b36909786e69941eb196f09:record_863,%,Hospital admitted patients,percent,hospital admitted patients,true,[],CIHI DAD / Quarter
file_fd960952b94a17c6133039e5515cdb29b133b2905b36909786e69941eb196f09:record_864,%,Hospital admitted patients,percent,hospital admitted patients,true,[],CIHI DAD / Quarter
file_fd960952b94a17c6133039e5515cdb29b133b2905b36909786e69941eb196f09:record_865,%,Hospital admitted patients,percent,hospital admitted patients,true,[],CIHI DAD / Quarter
file_fd960952b94a17c6133039e5515cdb29b133b2905b36909786e69941eb196f09:record_866,%,Staff,percent,staff,true,[],Local data collection / Other
file_fd960952b94a17c6133039e5515cdb29b133b2905b36909786e69941eb196f09:record_867,%,Staff,percent,staff,true,[],Local data collection / Other
file_fd960952b94a17c6133039e5515cdb29b133b2905b36909786e69941eb196f09:record_868,%,Staff,percent,staff,true,[],Local data collection / Other
file_fd960952b94a17c6133039e5515cdb29b133b2905b36909786e69941eb196f09:record_869,%,Staff,percent,staff,true,[],Local data collection / Other
file_fd960952b94a17c6133039e5515cdb29b133b2905b36909786e69941eb196f09:record_870,%,Discharged patients ,percent,discharged patients,true,[],Local data collection / Other
file_fd960952b94a17c6133039e5515cdb29b133b2905b36909786e69941eb196f09:record_871,%,Survey respondents,percent,survey respondents,true,[],Local data collection / Other
file_fd960952b94a17c6133039e5515cdb29b133b2905b36909786e69941eb196f09:record_872,Minutes,Patients,minutes,patients,true,[],CIHI NACRS / Other
file_fd960952b94a17c6133039e5515cdb29b133b2905b36909786e69941eb196f09:record_873,Hours,ED patients,hours,ed patients,true,[],CIHI NACRS / Other
file_fd960952b94a17c6133039e5515cdb29b133b2905b36909786e69941eb196f09:record_874,%,ED patients,percent,ed patients,true,[],CIHI NACRS / Fiscal Year
file_fd960952b94a17c6133039e5515cdb29b133b2905b36909786e69941eb196f09:record_875,Minutes,ED patients,minutes,ed patients,true,[],CIHI NACRS / Quarter
file_fd960952b94a17c6133039e5515cdb29b133b2905b36909786e69941eb196f09:record_876,Number,ED patients,count,ed patients,true,[],CIHI NACRS / Fiscal Year
file_fd960952b94a17c6133039e5515cdb29b133b2905b36909786e69941eb196f09:record_877,Hours,ED patients,hours,ed patients,true,[],CIHI NACRS / Other
file_fd960952b94a17c6133039e5515cdb29b133b2905b36909786e69941eb196f09:record_878,%,Patients,percent,patients,true,[],"CIHI DAD, NACRS / Quarter"
file_fd960952b94a17c6133039e5515cdb29b133b2905b36909786e69941eb196f09:record_879,%,Hospital admitted patients,percent,hospital admitted patients,true,[],CIHI DAD / Quarter
file_fd960952b94a17c6133039e5515cdb29b133b2905b36909786e69941eb196f09:record_880,%,Staff,percent,staff,false,"[""incompatible_indicator_unit""]",Local data collection / Other
file_fd960952b94a17c6133039e5515cdb29b133b2905b36909786e69941eb196f09:record_881,%,Staff,percent,staff,true,[],Local data collection / Other
file_fd960952b94a17c6133039e5515cdb29b133b2905b36909786e69941eb196f09:record_882,Hours,ED patients,hours,ed patients,true,[],CIHI NACRS / Other
file_fd960952b94a17c6133039e5515cdb29b133b2905b36909786e69941eb196f09:record_883,Hours,ED patients,hours,ed patients,true,[],CIHI NACRS / Other
file_fd960952b94a17c6133039e5515cdb29b133b2905b36909786e69941eb196f09:record_884,Hours,ED patients,hours,ed patients,true,[],CIHI NACRS / Other
file_fd960952b94a17c6133039e5515cdb29b133b2905b36909786e69941eb196f09:record_885,%,Hospital admitted patients,percent,hospital admitted patients,true,[],CIHI DAD / Quarter
file_fd960952b94a17c6133039e5515cdb29b133b2905b36909786e69941eb196f09:record_886,%,Hospital admitted patients,percent,hospital admitted patients,true,[],CIHI DAD / Quarter
file_fd960952b94a17c6133039e5515cdb29b133b2905b36909786e69941eb196f09:record_887,%,Hospital admitted patients,percent,hospital admitted patients,true,[],CIHI DAD / Quarter
file_fd960952b94a17c6133039e5515cdb29b133b2905b36909786e69941eb196f09:record_888,Hours,ED patients,hours,ed patients,true,[],CIHI NACRS / Other
file_fd960952b94a17c6133039e5515cdb29b133b2905b36909786e69941eb196f09:record_889,Hours,ED patients,hours,ed patients,true,[],CIHI NACRS / Other
file_fd960952b94a17c6133039e5515cdb29b133b2905b36909786e69941eb196f09:record_890,Number,ED patients,count,ed patients,true,[],CIHI NACRS / Fiscal Year
file_fd960952b94a17c6133039e5515cdb29b133b2905b36909786e69941eb196f09:record_891,Number,ED patients,count,ed patients,true,[],CIHI NACRS / Fiscal Year
file_fd960952b94a17c6133039e5515cdb29b133b2905b36909786e69941eb196f09:record_892,Number,ED patients,count,ed patients,true,[],CIHI NACRS / Fiscal Year
file_fd960952b94a17c6133039e5515cdb29b133b2905b36909786e69941eb196f09:record_893,90th percentile,ED patients,unknown,ed patients,false,"[""unknown_unit_or_population"",""incompatible_indicator_unit""]",CIHI NACRS / April 2026- March 2027
file_fd960952b94a17c6133039e5515cdb29b133b2905b36909786e69941eb196f09:record_894,90th percentile,ED patients,unknown,ed patients,false,"[""unknown_unit_or_population"",""incompatible_indicator_unit""]",CIHI NACRS / April 2026- March 2027
file_fd960952b94a17c6133039e5515cdb29b133b2905b36909786e69941eb196f09:record_895,90th percentile,ED patients,unknown,ed patients,false,"[""unknown_unit_or_population"",""incompatible_indicator_unit""]",CIHI NACRS / April 2026- March 2027
file_fd960952b94a17c6133039e5515cdb29b133b2905b36909786e69941eb196f09:record_896,%,ED patients,percent,ed patients,true,[],In house data collection  / April 2026 - March 2027
file_fd960952b94a17c6133039e5515cdb29b133b2905b36909786e69941eb196f09:record_897,%,ED patients,percent,ed patients,true,[],In house data collection  / April 2026 - March 2027
file_fd960952b94a17c6133039e5515cdb29b133b2905b36909786e69941eb196f09:record_898,%,ED patients,percent,ed patients,true,[],In house data collection  / April 2026 - March 2027
file_fd960952b94a17c6133039e5515cdb29b133b2905b36909786e69941eb196f09:record_899,%,ED patients,percent,ed patients,true,[],In house data collection  / April 2026 - March 2027
file_fd960952b94a17c6133039e5515cdb29b133b2905b36909786e69941eb196f09:record_900,%,Survey respondents,percent,survey respondents,true,[],In house data collection  / April 2026-March 2027
file_fd960952b94a17c6133039e5515cdb29b133b2905b36909786e69941eb196f09:record_901,%,Survey respondents,percent,survey respondents,true,[],In house data collection  / April 2026-March 2027
file_fd960952b94a17c6133039e5515cdb29b133b2905b36909786e69941eb196f09:record_902,%,Survey respondents,percent,survey respondents,true,[],In house data collection  / April 2026-March 2027
file_fd960952b94a17c6133039e5515cdb29b133b2905b36909786e69941eb196f09:record_903,%,All inpatients,percent,all inpatients,true,[],Other / Q1 - Q4 2026/2027
file_fd960952b94a17c6133039e5515cdb29b133b2905b36909786e69941eb196f09:record_904,%,All inpatients,percent,all inpatients,true,[],Other / Q1 - Q4 2026/2027
file_fd960952b94a17c6133039e5515cdb29b133b2905b36909786e69941eb196f09:record_905,%,All inpatients,percent,all inpatients,true,[],Other / Q1 - Q4 2026/2027
file_fd960952b94a17c6133039e5515cdb29b133b2905b36909786e69941eb196f09:record_906,Number,All inpatients,count,all inpatients,true,[],Hospital collected data / Q1 - Q4 2026/2027
file_fd960952b94a17c6133039e5515cdb29b133b2905b36909786e69941eb196f09:record_907,Number,All inpatients,count,all inpatients,true,[],Hospital collected data / Q1 - Q4 2026/2027
file_fd960952b94a17c6133039e5515cdb29b133b2905b36909786e69941eb196f09:record_908,Rate,All inpatients,unknown,all inpatients,false,"[""unknown_unit_or_population""]",Hospital collected data / Q1 - Q4 2026/2027
file_fd960952b94a17c6133039e5515cdb29b133b2905b36909786e69941eb196f09:record_909,Rate,All inpatients,unknown,all inpatients,false,"[""unknown_unit_or_population""]",Hospital collected data / Q1 - Q4 2026/2027
file_fd960952b94a17c6133039e5515cdb29b133b2905b36909786e69941eb196f09:record_910,%,Population,percent,population,true,[],Other / Annually in Q3
file_fd960952b94a17c6133039e5515cdb29b133b2905b36909786e69941eb196f09:record_911,%,Population,percent,population,true,[],Other / Annually in Q3
file_fd960952b94a17c6133039e5515cdb29b133b2905b36909786e69941eb196f09:record_912,%,Population,percent,population,true,[],Other / Annually in Q3
file_fd960952b94a17c6133039e5515cdb29b133b2905b36909786e69941eb196f09:record_913,%,Population,percent,population,true,[],Other / Annually in Q3
file_fd960952b94a17c6133039e5515cdb29b133b2905b36909786e69941eb196f09:record_914,%,Staff,percent,staff,true,[],In house data collection  / Q1 - Q4 2026/2027
file_fd960952b94a17c6133039e5515cdb29b133b2905b36909786e69941eb196f09:record_915,%,Staff,percent,staff,true,[],In house data collection  / Q1 - Q4 2026/2027
file_fd960952b94a17c6133039e5515cdb29b133b2905b36909786e69941eb196f09:record_916,%,Staff,percent,staff,true,[],In house data collection  / Q1 - Q4 2026/2027
file_fd960952b94a17c6133039e5515cdb29b133b2905b36909786e69941eb196f09:record_917,Rate per 100,Staff,rate_per_100,staff,true,[],In house data collection  / Q1 - Q3 2026-27
file_fd960952b94a17c6133039e5515cdb29b133b2905b36909786e69941eb196f09:record_918,Rate per 100,Staff,rate_per_100,staff,true,[],In house data collection  / Q1 - Q3 2026-27
file_fd960952b94a17c6133039e5515cdb29b133b2905b36909786e69941eb196f09:record_919,Rate per 100,Staff,rate_per_100,staff,true,[],In house data collection  / Q1 - Q3 2026-27
file_fd960952b94a17c6133039e5515cdb29b133b2905b36909786e69941eb196f09:record_920,Rate per 100,Staff,rate_per_100,staff,true,[],In house data collection  / Q1 - Q3 2026-27
file_fd960952b94a17c6133039e5515cdb29b133b2905b36909786e69941eb196f09:record_921,Days,Other,days,unknown,false,"[""unknown_unit_or_population""]",Local data collection / January - December 2026
file_fd960952b94a17c6133039e5515cdb29b133b2905b36909786e69941eb196f09:record_922,Days,Other,days,unknown,false,"[""unknown_unit_or_population""]",Local data collection / January - December 2026
file_fd960952b94a17c6133039e5515cdb29b133b2905b36909786e69941eb196f09:record_923,%,All inpatients,percent,all inpatients,true,[],Local data collection / January - December 2026
file_fd960952b94a17c6133039e5515cdb29b133b2905b36909786e69941eb196f09:record_924,%,All inpatients,percent,all inpatients,true,[],Local data collection / January - December 2026
file_fd960952b94a17c6133039e5515cdb29b133b2905b36909786e69941eb196f09:record_925,%,All inpatients,percent,all inpatients,true,[],Local data collection / January - December 2026
file_fd960952b94a17c6133039e5515cdb29b133b2905b36909786e69941eb196f09:record_926,Count,Worker,count,worker,true,[],Local data collection / January 2026 - December 2026
file_fd960952b94a17c6133039e5515cdb29b133b2905b36909786e69941eb196f09:record_927,Count,Worker,count,worker,true,[],Local data collection / January 2026 - December 2026
file_fd960952b94a17c6133039e5515cdb29b133b2905b36909786e69941eb196f09:record_928,Count,Worker,count,worker,true,[],Local data collection / January 2026 - December 2026
file_fd960952b94a17c6133039e5515cdb29b133b2905b36909786e69941eb196f09:record_929,%,All inpatients,percent,all inpatients,true,[],Local data collection / January - December 2026
file_fd960952b94a17c6133039e5515cdb29b133b2905b36909786e69941eb196f09:record_930,%,All inpatients,percent,all inpatients,true,[],Local data collection / January - December 2026
file_fd960952b94a17c6133039e5515cdb29b133b2905b36909786e69941eb196f09:record_931,Other,Other,unknown,unknown,false,"[""unknown_unit_or_population"",""incompatible_indicator_unit"",""incompatible_indicator_population""]",Local data collection / January - December 2026
file_fd960952b94a17c6133039e5515cdb29b133b2905b36909786e69941eb196f09:record_932,Other,Other,unknown,unknown,false,"[""unknown_unit_or_population"",""incompatible_indicator_unit"",""incompatible_indicator_population""]",Local data collection / January - December 2026
file_fd960952b94a17c6133039e5515cdb29b133b2905b36909786e69941eb196f09:record_933,Days,Pediatric Patients,days,pediatric patients,true,[],Hospital collected data / April-June; July-Sept; Oct-Dec; Jan-Feb
file_fd960952b94a17c6133039e5515cdb29b133b2905b36909786e69941eb196f09:record_934,Days,Pediatric Patients,days,pediatric patients,true,[],Hospital collected data / April-June; July-Sept; Oct-Dec; Jan-Feb
file_fd960952b94a17c6133039e5515cdb29b133b2905b36909786e69941eb196f09:record_935,Days,Pediatric Patients,days,pediatric patients,true,[],Hospital collected data / April-June; July-Sept; Oct-Dec; Jan-Feb
file_fd960952b94a17c6133039e5515cdb29b133b2905b36909786e69941eb196f09:record_936,Days,Pediatric Patients,days,pediatric patients,true,[],Hospital collected data / April-June; July-Sept; Oct-Dec; Jan-Feb
file_fd960952b94a17c6133039e5515cdb29b133b2905b36909786e69941eb196f09:record_937,Days,Pediatric Patients,days,pediatric patients,true,[],Hospital collected data / April-June; July-Sept; Oct-Dec; Jan-Feb
file_fd960952b94a17c6133039e5515cdb29b133b2905b36909786e69941eb196f09:record_938,Days,Pediatric Patients,days,pediatric patients,true,[],Hospital collected data / April-June; July-Sept; Oct-Dec; Jan-Feb
file_fd960952b94a17c6133039e5515cdb29b133b2905b36909786e69941eb196f09:record_939,Days,Pediatric Patients,days,pediatric patients,true,[],Hospital collected data / April-June; July-Sept; Oct-Dec; Jan-Feb
file_fd960952b94a17c6133039e5515cdb29b133b2905b36909786e69941eb196f09:record_940,Days,Pediatric Patients,days,pediatric patients,true,[],Hospital collected data / April-June; July-Sept; Oct-Dec; Jan-Feb
file_fd960952b94a17c6133039e5515cdb29b133b2905b36909786e69941eb196f09:record_941,Number,Pediatric Patients,count,pediatric patients,true,[],Hospital collected data / FY26/27
file_fd960952b94a17c6133039e5515cdb29b133b2905b36909786e69941eb196f09:record_942,%,Pediatric Patients,percent,pediatric patients,true,[],NRC Picker / April-June; July-Sept; Oct-Dec; Jan-Feb
file_fd960952b94a17c6133039e5515cdb29b133b2905b36909786e69941eb196f09:record_943,Rate,Pediatric Patients,unknown,pediatric patients,false,"[""unknown_unit_or_population""]",Hospital collected data / April-June; July-Spet; Oct-Dec; Jan-March
file_fd960952b94a17c6133039e5515cdb29b133b2905b36909786e69941eb196f09:record_944,Rate,Pediatric Patients,unknown,pediatric patients,false,"[""unknown_unit_or_population""]",Hospital collected data / April-June; July-Spet; Oct-Dec; Jan-March
file_fd960952b94a17c6133039e5515cdb29b133b2905b36909786e69941eb196f09:record_945,%,Pediatric Patients,percent,pediatric patients,true,[],Hospital collected data / Apr-June; July-Sept; Oct-Dec; Jan-March
file_fd960952b94a17c6133039e5515cdb29b133b2905b36909786e69941eb196f09:record_946,Proportion,Staff,proportion,staff,true,[],Hospital collected data / Apr-June; July-Sept; Oct-Dec; Jan-March
file_fd960952b94a17c6133039e5515cdb29b133b2905b36909786e69941eb196f09:record_947,Hours,ED patients,hours,ed patients,true,[],CIHI NACRS / Other
file_fd960952b94a17c6133039e5515cdb29b133b2905b36909786e69941eb196f09:record_948,Hours,ED patients,hours,ed patients,true,[],CIHI NACRS / Other
file_fd960952b94a17c6133039e5515cdb29b133b2905b36909786e69941eb196f09:record_949,Hours,ED patients,hours,ed patients,true,[],CIHI NACRS / Other
file_fd960952b94a17c6133039e5515cdb29b133b2905b36909786e69941eb196f09:record_950,Hours,ED patients,hours,ed patients,true,[],CIHI NACRS / Other
file_fd960952b94a17c6133039e5515cdb29b133b2905b36909786e69941eb196f09:record_951,Hours,ED patients,hours,ed patients,true,[],CIHI NACRS / Other
file_fd960952b94a17c6133039e5515cdb29b133b2905b36909786e69941eb196f09:record_952,Rate,All patients,unknown,all patients,false,"[""unknown_unit_or_population""]",Hospital collected data / 2026
file_fd960952b94a17c6133039e5515cdb29b133b2905b36909786e69941eb196f09:record_953,Rate,All patients,unknown,all patients,false,"[""unknown_unit_or_population""]",Hospital collected data / 2026
file_fd960952b94a17c6133039e5515cdb29b133b2905b36909786e69941eb196f09:record_954,"Rate per 1,000",All inpatients,rate_per_1000,all inpatients,true,[],In house data collection  / 2026
file_fd960952b94a17c6133039e5515cdb29b133b2905b36909786e69941eb196f09:record_955,"Rate per 1,000",All inpatients,rate_per_1000,all inpatients,true,[],In house data collection  / 2026
file_fd960952b94a17c6133039e5515cdb29b133b2905b36909786e69941eb196f09:record_956,%,Other,percent,unknown,false,"[""unknown_unit_or_population""]",Other / 2026
file_fd960952b94a17c6133039e5515cdb29b133b2905b36909786e69941eb196f09:record_957,%,Other,percent,unknown,false,"[""unknown_unit_or_population""]",Other / 2026
file_fd960952b94a17c6133039e5515cdb29b133b2905b36909786e69941eb196f09:record_958,%,All patients,percent,all patients,true,[],In house data collection  / 2026
file_fd960952b94a17c6133039e5515cdb29b133b2905b36909786e69941eb196f09:record_959,%,All patients,percent,all patients,true,[],In house data collection  / 2026
file_fd960952b94a17c6133039e5515cdb29b133b2905b36909786e69941eb196f09:record_960,%,All patients,percent,all patients,true,[],In house data collection  / 2026
file_fd960952b94a17c6133039e5515cdb29b133b2905b36909786e69941eb196f09:record_961,%,Other,percent,unknown,false,"[""unknown_unit_or_population""]",In house data collection  / 2026
file_fd960952b94a17c6133039e5515cdb29b133b2905b36909786e69941eb196f09:record_962,%,Other,percent,unknown,false,"[""unknown_unit_or_population""]",In house data collection  / 2026
file_fd960952b94a17c6133039e5515cdb29b133b2905b36909786e69941eb196f09:record_963,%,Other,percent,unknown,false,"[""unknown_unit_or_population""]",In house data collection  / 2026
file_fd960952b94a17c6133039e5515cdb29b133b2905b36909786e69941eb196f09:record_964,%,Discharged patients ,percent,discharged patients,true,[],Local data collection / Other
file_fd960952b94a17c6133039e5515cdb29b133b2905b36909786e69941eb196f09:record_965,%,Survey respondents,percent,survey respondents,true,[],Local data collection / Other
file_fd960952b94a17c6133039e5515cdb29b133b2905b36909786e69941eb196f09:record_966,%,Staff,percent,staff,true,[],Local data collection / Other
file_fd960952b94a17c6133039e5515cdb29b133b2905b36909786e69941eb196f09:record_967,Hours,ED patients,hours,ed patients,true,[],CIHI NACRS / Other
file_fd960952b94a17c6133039e5515cdb29b133b2905b36909786e69941eb196f09:record_968,Hours,ED patients,hours,ed patients,true,[],CIHI NACRS / Other
file_fd960952b94a17c6133039e5515cdb29b133b2905b36909786e69941eb196f09:record_969,Hours,ED patients,hours,ed patients,true,[],CIHI NACRS / Other
file_fd960952b94a17c6133039e5515cdb29b133b2905b36909786e69941eb196f09:record_970,%,Complex continuing care patients,percent,complex continuing care patients,true,[],Hospital collected data / Q3
file_fd960952b94a17c6133039e5515cdb29b133b2905b36909786e69941eb196f09:record_971,Rate,All inpatients,unknown,all inpatients,false,"[""unknown_unit_or_population""]",Hospital collected data / 2026-2027
file_fd960952b94a17c6133039e5515cdb29b133b2905b36909786e69941eb196f09:record_972,Number,ED patients,count,ed patients,true,[],CIHI NACRS / Fiscal Year
file_fd960952b94a17c6133039e5515cdb29b133b2905b36909786e69941eb196f09:record_973,%,ED patients,percent,ed patients,true,[],CIHI NACRS / 2026-2027
file_fd960952b94a17c6133039e5515cdb29b133b2905b36909786e69941eb196f09:record_974,%,ALC patients,percent,alc patients,true,[],CIHI NACRS / 2026-27
file_fd960952b94a17c6133039e5515cdb29b133b2905b36909786e69941eb196f09:record_975,%,ED patients,percent,ed patients,true,[],CIHI NACRS / 2026-2027
file_fd960952b94a17c6133039e5515cdb29b133b2905b36909786e69941eb196f09:record_976,%,Other,percent,unknown,false,"[""unknown_unit_or_population""]",Hospital collected data / 2026-2027
file_fd960952b94a17c6133039e5515cdb29b133b2905b36909786e69941eb196f09:record_977,%,Other,percent,unknown,false,"[""unknown_unit_or_population""]",Hospital collected data / 2026-2027
file_fd960952b94a17c6133039e5515cdb29b133b2905b36909786e69941eb196f09:record_978,Number,All inpatients,count,all inpatients,true,[],In house data collection  / Q3
file_fd960952b94a17c6133039e5515cdb29b133b2905b36909786e69941eb196f09:record_979,%,Staff,percent,staff,false,"[""incompatible_indicator_unit""]",Local data collection / Other
file_fd960952b94a17c6133039e5515cdb29b133b2905b36909786e69941eb196f09:record_980,Other,All inpatients,unknown,all inpatients,false,"[""unknown_unit_or_population""]",In-house survey / yearly
file_fd960952b94a17c6133039e5515cdb29b133b2905b36909786e69941eb196f09:record_981,%,All inpatients,percent,all inpatients,true,[],Local data collection / yearly
file_fd960952b94a17c6133039e5515cdb29b133b2905b36909786e69941eb196f09:record_982,Other,All inpatients,unknown,all inpatients,false,"[""unknown_unit_or_population""]",Local data collection / yearly
file_fd960952b94a17c6133039e5515cdb29b133b2905b36909786e69941eb196f09:record_983,%,All inpatients,percent,all inpatients,true,[],In house data collection  / yearly
file_fd960952b94a17c6133039e5515cdb29b133b2905b36909786e69941eb196f09:record_984,Rate,All patients,unknown,all patients,false,"[""unknown_unit_or_population""]",In house data collection  / yearly
file_fd960952b94a17c6133039e5515cdb29b133b2905b36909786e69941eb196f09:record_985,Other,N/a,unknown,unknown,false,"[""unknown_unit_or_population""]",In-house survey / yearly
file_fd960952b94a17c6133039e5515cdb29b133b2905b36909786e69941eb196f09:record_986,%,Survey respondents,percent,survey respondents,true,[],Local data collection / Other
file_fd960952b94a17c6133039e5515cdb29b133b2905b36909786e69941eb196f09:record_987,%,Survey respondents,percent,survey respondents,true,[],Local data collection / Other
file_fd960952b94a17c6133039e5515cdb29b133b2905b36909786e69941eb196f09:record_988,%,Survey respondents,percent,survey respondents,true,[],Local data collection / Other
file_fd960952b94a17c6133039e5515cdb29b133b2905b36909786e69941eb196f09:record_989,%,Survey respondents,percent,survey respondents,true,[],Local data collection / Other
file_fd960952b94a17c6133039e5515cdb29b133b2905b36909786e69941eb196f09:record_990,Minutes,Patients,minutes,patients,true,[],CIHI NACRS / Other
file_fd960952b94a17c6133039e5515cdb29b133b2905b36909786e69941eb196f09:record_991,Minutes,Patients,minutes,patients,true,[],CIHI NACRS / Other
file_fd960952b94a17c6133039e5515cdb29b133b2905b36909786e69941eb196f09:record_992,Minutes,Patients,minutes,patients,true,[],CIHI NACRS / Other
file_fd960952b94a17c6133039e5515cdb29b133b2905b36909786e69941eb196f09:record_993,%,Hospital admitted patients,percent,hospital admitted patients,true,[],CIHI DAD / Quarter
file_fd960952b94a17c6133039e5515cdb29b133b2905b36909786e69941eb196f09:record_994,%,Hospital admitted patients,percent,hospital admitted patients,true,[],CIHI DAD / Quarter
file_fd960952b94a17c6133039e5515cdb29b133b2905b36909786e69941eb196f09:record_995,%,Hospital admitted patients,percent,hospital admitted patients,true,[],CIHI DAD / Quarter
file_fd960952b94a17c6133039e5515cdb29b133b2905b36909786e69941eb196f09:record_996,%,Hospital admitted patients,percent,hospital admitted patients,true,[],CIHI DAD / Quarter
file_fd960952b94a17c6133039e5515cdb29b133b2905b36909786e69941eb196f09:record_997,%,Staff,percent,staff,true,[],Local data collection / Other
file_fd960952b94a17c6133039e5515cdb29b133b2905b36909786e69941eb196f09:record_998,%,Staff,percent,staff,true,[],Local data collection / Other
file_fd960952b94a17c6133039e5515cdb29b133b2905b36909786e69941eb196f09:record_999,%,Staff,percent,staff,true,[],Local data collection / Other
file_fd960952b94a17c6133039e5515cdb29b133b2905b36909786e69941eb196f09:record_1000,%,Staff,percent,staff,true,[],Local data collection / Other
file_fd960952b94a17c6133039e5515cdb29b133b2905b36909786e69941eb196f09:record_1001,%,Discharged patients ,percent,discharged patients,true,[],Local data collection / Other
file_fd960952b94a17c6133039e5515cdb29b133b2905b36909786e69941eb196f09:record_1002,Hours,ED patients,hours,ed patients,true,[],CIHI NACRS / Other
file_fd960952b94a17c6133039e5515cdb29b133b2905b36909786e69941eb196f09:record_1003,%,ED patients,percent,ed patients,true,[],CIHI NACRS / Fiscal Year
file_fd960952b94a17c6133039e5515cdb29b133b2905b36909786e69941eb196f09:record_1004,%,Staff,percent,staff,true,[],Local data collection / Other
file_fd960952b94a17c6133039e5515cdb29b133b2905b36909786e69941eb196f09:record_1005,Hours,ED patients,hours,ed patients,true,[],CIHI NACRS / Other
file_fd960952b94a17c6133039e5515cdb29b133b2905b36909786e69941eb196f09:record_1006,Hours,ED patients,hours,ed patients,true,[],CIHI NACRS / Other
file_fd960952b94a17c6133039e5515cdb29b133b2905b36909786e69941eb196f09:record_1007,Hours,ED patients,hours,ed patients,true,[],CIHI NACRS / Other
file_fd960952b94a17c6133039e5515cdb29b133b2905b36909786e69941eb196f09:record_1008,Other,ED patients,unknown,ed patients,false,"[""unknown_unit_or_population""]",Other / 26/27
file_fd960952b94a17c6133039e5515cdb29b133b2905b36909786e69941eb196f09:record_1009,Other,ED patients,unknown,ed patients,false,"[""unknown_unit_or_population""]",Other / 26/27
file_fd960952b94a17c6133039e5515cdb29b133b2905b36909786e69941eb196f09:record_1010,Number,ED patients,count,ed patients,true,[],Hospital collected data / 2026
file_fd960952b94a17c6133039e5515cdb29b133b2905b36909786e69941eb196f09:record_1011,Other,Discharged patients ,unknown,discharged patients,false,"[""unknown_unit_or_population""]",Hospital collected data / 2026
file_fd960952b94a17c6133039e5515cdb29b133b2905b36909786e69941eb196f09:record_1012,%,Other,percent,unknown,false,"[""unknown_unit_or_population""]",Local data collection / January 1 to December 31 2026
file_fd960952b94a17c6133039e5515cdb29b133b2905b36909786e69941eb196f09:record_1013,%,Other,percent,unknown,false,"[""unknown_unit_or_population""]",Local data collection / January 1 to December 31 2026
file_fd960952b94a17c6133039e5515cdb29b133b2905b36909786e69941eb196f09:record_1014,%,Other,percent,unknown,false,"[""unknown_unit_or_population""]",Local data collection / January 1 to December 31 2026
file_fd960952b94a17c6133039e5515cdb29b133b2905b36909786e69941eb196f09:record_1015,%,Other,percent,unknown,false,"[""unknown_unit_or_population""]",Local data collection / January 1 to December 31 2026
file_fd960952b94a17c6133039e5515cdb29b133b2905b36909786e69941eb196f09:record_1016,%,Other,percent,unknown,false,"[""unknown_unit_or_population""]",Local data collection / January 1 to December 31 2026
file_fd960952b94a17c6133039e5515cdb29b133b2905b36909786e69941eb196f09:record_1017,Minutes,Patients,minutes,patients,true,[],CIHI NACRS / Other
file_fd960952b94a17c6133039e5515cdb29b133b2905b36909786e69941eb196f09:record_1018,Minutes,Patients,minutes,patients,true,[],CIHI NACRS / Other
file_fd960952b94a17c6133039e5515cdb29b133b2905b36909786e69941eb196f09:record_1019,Minutes,Patients,minutes,patients,true,[],CIHI NACRS / Other
file_fd960952b94a17c6133039e5515cdb29b133b2905b36909786e69941eb196f09:record_1020,Minutes,Patients,minutes,patients,true,[],CIHI NACRS / Other
file_fd960952b94a17c6133039e5515cdb29b133b2905b36909786e69941eb196f09:record_1021,Hours,ED patients,hours,ed patients,true,[],CIHI NACRS / Other
file_fd960952b94a17c6133039e5515cdb29b133b2905b36909786e69941eb196f09:record_1022,Hours,ED patients,hours,ed patients,true,[],CIHI NACRS / Other
file_fd960952b94a17c6133039e5515cdb29b133b2905b36909786e69941eb196f09:record_1023,%,Staff,percent,staff,true,[],Local data collection / Other
file_fd960952b94a17c6133039e5515cdb29b133b2905b36909786e69941eb196f09:record_1024,%,Staff,percent,staff,true,[],Local data collection / Other
file_fd960952b94a17c6133039e5515cdb29b133b2905b36909786e69941eb196f09:record_1025,%,Staff,percent,staff,true,[],Local data collection / Other
file_fd960952b94a17c6133039e5515cdb29b133b2905b36909786e69941eb196f09:record_1026,%,Staff,percent,staff,true,[],Local data collection / Other
file_fd960952b94a17c6133039e5515cdb29b133b2905b36909786e69941eb196f09:record_1027,%,Staff,percent,staff,true,[],Local data collection / Other
file_fd960952b94a17c6133039e5515cdb29b133b2905b36909786e69941eb196f09:record_1028,%,Staff,percent,staff,true,[],Local data collection / Other
file_fd960952b94a17c6133039e5515cdb29b133b2905b36909786e69941eb196f09:record_1029,%,Staff,percent,staff,true,[],Local data collection / Other
file_fd960952b94a17c6133039e5515cdb29b133b2905b36909786e69941eb196f09:record_1030,%,Patients,percent,patients,true,[],"Local data collection / January 1, 2025 to December 31, 2025"
file_fd960952b94a17c6133039e5515cdb29b133b2905b36909786e69941eb196f09:record_1031,%,Patients,percent,patients,true,[],"Local data collection / January 1, 2025 to December 31, 2025"
file_fd960952b94a17c6133039e5515cdb29b133b2905b36909786e69941eb196f09:record_1032,%,Patients,percent,patients,true,[],"Local data collection / January 1, 2025 to December 31, 2025"
file_fd960952b94a17c6133039e5515cdb29b133b2905b36909786e69941eb196f09:record_1033,%,Patients,percent,patients,true,[],"Local data collection / January 1, 2025 to December 31, 2025"
file_fd960952b94a17c6133039e5515cdb29b133b2905b36909786e69941eb196f09:record_1034,%,Patients,percent,patients,true,[],"Local data collection / January 1, 2025 to December 31, 2025"
file_fd960952b94a17c6133039e5515cdb29b133b2905b36909786e69941eb196f09:record_1035,%,Patients,percent,patients,true,[],"Local data collection / January 1, 2025 to December 31, 2025"
file_fd960952b94a17c6133039e5515cdb29b133b2905b36909786e69941eb196f09:record_1036,%,Patients,percent,patients,true,[],"Hospital collected data / January 1, 2025 to December 31, 2025"
file_fd960952b94a17c6133039e5515cdb29b133b2905b36909786e69941eb196f09:record_1037,%,Patients,percent,patients,true,[],"Hospital collected data / January 1, 2025 to December 31, 2025"
file_fd960952b94a17c6133039e5515cdb29b133b2905b36909786e69941eb196f09:record_1038,%,Patients,percent,patients,true,[],"Hospital collected data / January 1, 2025 to December 31, 2025"
file_fd960952b94a17c6133039e5515cdb29b133b2905b36909786e69941eb196f09:record_1039,%,Patients,percent,patients,true,[],"Hospital collected data / January 1, 2025 to December 31, 2025"
file_fd960952b94a17c6133039e5515cdb29b133b2905b36909786e69941eb196f09:record_1040,%,Patients,percent,patients,true,[],"Hospital collected data / January 1, 2025 to December 31, 2025"
file_fd960952b94a17c6133039e5515cdb29b133b2905b36909786e69941eb196f09:record_1041,%,Patients,percent,patients,true,[],"Hospital collected data / January 1, 2025 to December 31, 2025"
file_fd960952b94a17c6133039e5515cdb29b133b2905b36909786e69941eb196f09:record_1042,%,Patients,percent,patients,true,[],"Local data collection / 2025/26 Q1, Q2, Q3"
file_fd960952b94a17c6133039e5515cdb29b133b2905b36909786e69941eb196f09:record_1043,%,Patients,percent,patients,true,[],"Local data collection / 2025/26 Q1, Q2, Q3"
file_fd960952b94a17c6133039e5515cdb29b133b2905b36909786e69941eb196f09:record_1044,%,Patients,percent,patients,true,[],"Local data collection / 2025/26 Q1, Q2, Q3"
file_fd960952b94a17c6133039e5515cdb29b133b2905b36909786e69941eb196f09:record_1045,Hours,ED patients,hours,ed patients,true,[],CIHI NACRS / Other
file_fd960952b94a17c6133039e5515cdb29b133b2905b36909786e69941eb196f09:record_1046,Hours,ED patients,hours,ed patients,true,[],CIHI NACRS / Other
file_fd960952b94a17c6133039e5515cdb29b133b2905b36909786e69941eb196f09:record_1047,Hours,ED patients,hours,ed patients,true,[],CIHI NACRS / Other
file_fd960952b94a17c6133039e5515cdb29b133b2905b36909786e69941eb196f09:record_1048,Hours,ED patients,hours,ed patients,true,[],CIHI NACRS / Other
file_fd960952b94a17c6133039e5515cdb29b133b2905b36909786e69941eb196f09:record_1049,%,Staff,percent,staff,true,[],Local data collection / 2026-27
file_fd960952b94a17c6133039e5515cdb29b133b2905b36909786e69941eb196f09:record_1050,%,Staff,percent,staff,true,[],Local data collection / 2026-27
file_fd960952b94a17c6133039e5515cdb29b133b2905b36909786e69941eb196f09:record_1051,Rate,Discharged patients ,unknown,discharged patients,false,"[""unknown_unit_or_population""]",EMR/Chart Review / 2026-27
file_fd960952b94a17c6133039e5515cdb29b133b2905b36909786e69941eb196f09:record_1052,Rate,Discharged patients ,unknown,discharged patients,false,"[""unknown_unit_or_population""]",EMR/Chart Review / 2026-27
file_fd960952b94a17c6133039e5515cdb29b133b2905b36909786e69941eb196f09:record_1053,Rate,Discharged patients ,unknown,discharged patients,false,"[""unknown_unit_or_population""]",EMR/Chart Review / 2026-27
file_fd960952b94a17c6133039e5515cdb29b133b2905b36909786e69941eb196f09:record_1054,Rate,Discharged patients ,unknown,discharged patients,false,"[""unknown_unit_or_population""]",EMR/Chart Review / 2026-27
file_fd960952b94a17c6133039e5515cdb29b133b2905b36909786e69941eb196f09:record_1055,Rate,Discharged patients ,unknown,discharged patients,false,"[""unknown_unit_or_population""]",EMR/Chart Review / 2026-27
file_fd960952b94a17c6133039e5515cdb29b133b2905b36909786e69941eb196f09:record_1056,Hours,ED patients,hours,ed patients,true,[],CIHI NACRS / Other
file_fd960952b94a17c6133039e5515cdb29b133b2905b36909786e69941eb196f09:record_1057,%,Staff,percent,staff,true,[],Local data collection / Other
file_fd960952b94a17c6133039e5515cdb29b133b2905b36909786e69941eb196f09:record_1058,%,Staff,percent,staff,true,[],Local data collection / Other
file_fd960952b94a17c6133039e5515cdb29b133b2905b36909786e69941eb196f09:record_1059,"Rate per 1,000",All inpatients,rate_per_1000,all inpatients,true,[],Hospital collected data / 2025/26
file_fd960952b94a17c6133039e5515cdb29b133b2905b36909786e69941eb196f09:record_1060,"Rate per 1,000",All inpatients,rate_per_1000,all inpatients,true,[],Hospital collected data / 2025/26
file_fd960952b94a17c6133039e5515cdb29b133b2905b36909786e69941eb196f09:record_1061,%,All inpatients,percent,all inpatients,true,[],Local data collection / Most recent consecutive 12-month period
file_fd960952b94a17c6133039e5515cdb29b133b2905b36909786e69941eb196f09:record_1062,%,All inpatients,percent,all inpatients,true,[],Local data collection / Most recent consecutive 12-month period
file_fd960952b94a17c6133039e5515cdb29b133b2905b36909786e69941eb196f09:record_1063,%,All inpatients,percent,all inpatients,true,[],Local data collection / Most recent consecutive 12-month period
file_fd960952b94a17c6133039e5515cdb29b133b2905b36909786e69941eb196f09:record_1064,%,Staff,percent,staff,true,[],Local data collection / Q1 to Q3 FY 25/26
file_fd960952b94a17c6133039e5515cdb29b133b2905b36909786e69941eb196f09:record_1065,%,Staff,percent,staff,true,[],Local data collection / Q1 to Q3 FY 25/26
file_fd960952b94a17c6133039e5515cdb29b133b2905b36909786e69941eb196f09:record_1066,%,Survey respondents,percent,survey respondents,true,[],Local data collection / Other
file_fd960952b94a17c6133039e5515cdb29b133b2905b36909786e69941eb196f09:record_1067,%,ED patients,percent,ed patients,true,[],CIHI NACRS / Fiscal Year
file_fd960952b94a17c6133039e5515cdb29b133b2905b36909786e69941eb196f09:record_1068,%,Hospital admitted patients,percent,hospital admitted patients,true,[],CIHI DAD / Quarter
file_fd960952b94a17c6133039e5515cdb29b133b2905b36909786e69941eb196f09:record_1069,%,Staff,percent,staff,true,[],Local data collection / Other
file_fd960952b94a17c6133039e5515cdb29b133b2905b36909786e69941eb196f09:record_1070,Hours,ED patients,hours,ed patients,true,[],CIHI NACRS / Other
file_fd960952b94a17c6133039e5515cdb29b133b2905b36909786e69941eb196f09:record_1071,Hours,ED patients,hours,ed patients,true,[],CIHI NACRS / Other
file_fd960952b94a17c6133039e5515cdb29b133b2905b36909786e69941eb196f09:record_1072,Number,ED patients,count,ed patients,true,[],CIHI NACRS / Fiscal Year
file_fd960952b94a17c6133039e5515cdb29b133b2905b36909786e69941eb196f09:record_1073,Number,ED patients,count,ed patients,true,[],CIHI NACRS / Fiscal Year
file_fd960952b94a17c6133039e5515cdb29b133b2905b36909786e69941eb196f09:record_1074,Number,ED patients,count,ed patients,true,[],CIHI NACRS / Fiscal Year
file_fd960952b94a17c6133039e5515cdb29b133b2905b36909786e69941eb196f09:record_1075,Number,ED patients,count,ed patients,true,[],CIHI NACRS / Fiscal Year
file_fd960952b94a17c6133039e5515cdb29b133b2905b36909786e69941eb196f09:record_1076,%,Discharged patients ,percent,discharged patients,true,[],Local data collection / Other
file_fd960952b94a17c6133039e5515cdb29b133b2905b36909786e69941eb196f09:record_1077,%,Staff,percent,staff,false,"[""incompatible_indicator_unit""]",Local data collection / Other
file_fd960952b94a17c6133039e5515cdb29b133b2905b36909786e69941eb196f09:record_1078,%,Staff,percent,staff,true,[],Local data collection / Other
file_fd960952b94a17c6133039e5515cdb29b133b2905b36909786e69941eb196f09:record_1079,%,All inpatients,percent,all inpatients,true,[],Hospital collected data / YTD 25-26
file_fd960952b94a17c6133039e5515cdb29b133b2905b36909786e69941eb196f09:record_1080,Rate,Mental health patients,unknown,mental health patients,false,"[""unknown_unit_or_population""]",CIHI OMHRS / YTD - Q3
file_fd960952b94a17c6133039e5515cdb29b133b2905b36909786e69941eb196f09:record_1081,Count,Mental health patients,count,mental health patients,true,[],Hospital collected data / YTD
file_fd960952b94a17c6133039e5515cdb29b133b2905b36909786e69941eb196f09:record_1082,Count,Mental health patients,count,mental health patients,true,[],Hospital collected data / YTD
file_fd960952b94a17c6133039e5515cdb29b133b2905b36909786e69941eb196f09:record_1083,Count,Mental health patients,count,mental health patients,true,[],Hospital collected data / YTD
file_fd960952b94a17c6133039e5515cdb29b133b2905b36909786e69941eb196f09:record_1084,Count,Staff,count,staff,true,[],Hospital collected data / YTD
file_fd960952b94a17c6133039e5515cdb29b133b2905b36909786e69941eb196f09:record_1085,%,Other,percent,unknown,false,"[""unknown_unit_or_population""]",Hospital collected data / YTD - Q3
file_fd960952b94a17c6133039e5515cdb29b133b2905b36909786e69941eb196f09:record_1086,Rate,Mental health patients,unknown,mental health patients,false,"[""unknown_unit_or_population""]",Other / YTD Q3
file_fd960952b94a17c6133039e5515cdb29b133b2905b36909786e69941eb196f09:record_1087,Minutes,All inpatients,minutes,all inpatients,true,[],In house data collection  / 2026/27
file_fd960952b94a17c6133039e5515cdb29b133b2905b36909786e69941eb196f09:record_1088,%,All inpatients,percent,all inpatients,true,[],In house data collection  / 2026/27
file_fd960952b94a17c6133039e5515cdb29b133b2905b36909786e69941eb196f09:record_1089,%,ED patients,percent,ed patients,true,[],In house data collection  / 2026/27
file_fd960952b94a17c6133039e5515cdb29b133b2905b36909786e69941eb196f09:record_1090,%,All patients,percent,all patients,true,[],EMR/Chart Review / 2026/27
file_fd960952b94a17c6133039e5515cdb29b133b2905b36909786e69941eb196f09:record_1091,%,Survey respondents,percent,survey respondents,true,[],Local data collection / Other
file_fd960952b94a17c6133039e5515cdb29b133b2905b36909786e69941eb196f09:record_1092,Minutes,Patients,minutes,patients,true,[],CIHI NACRS / Other
file_fd960952b94a17c6133039e5515cdb29b133b2905b36909786e69941eb196f09:record_1093,Hours,ED patients,hours,ed patients,true,[],CIHI NACRS / Other
file_fd960952b94a17c6133039e5515cdb29b133b2905b36909786e69941eb196f09:record_1094,Hours,ED patients,hours,ed patients,true,[],CIHI NACRS / Other
file_fd960952b94a17c6133039e5515cdb29b133b2905b36909786e69941eb196f09:record_1095,Hours,ED patients,hours,ed patients,true,[],CIHI NACRS / Other
file_fd960952b94a17c6133039e5515cdb29b133b2905b36909786e69941eb196f09:record_1096,Hours,ED patients,hours,ed patients,true,[],CIHI NACRS / Other
file_fd960952b94a17c6133039e5515cdb29b133b2905b36909786e69941eb196f09:record_1097,Hours,ED patients,hours,ed patients,true,[],CIHI NACRS / Other
file_fd960952b94a17c6133039e5515cdb29b133b2905b36909786e69941eb196f09:record_1098,Hours,ED patients,hours,ed patients,true,[],CIHI NACRS / Other
file_fd960952b94a17c6133039e5515cdb29b133b2905b36909786e69941eb196f09:record_1099,Hours,ED patients,hours,ed patients,true,[],CIHI NACRS / Other
file_fd960952b94a17c6133039e5515cdb29b133b2905b36909786e69941eb196f09:record_1100,Hours,ED patients,hours,ed patients,true,[],CIHI NACRS / Other
file_fd960952b94a17c6133039e5515cdb29b133b2905b36909786e69941eb196f09:record_1101,Number,ED patients,count,ed patients,true,[],CIHI NACRS / Fiscal Year
file_fd960952b94a17c6133039e5515cdb29b133b2905b36909786e69941eb196f09:record_1102,Count,Staff,count,staff,true,[],Hospital collected data / 2025/26
file_fd960952b94a17c6133039e5515cdb29b133b2905b36909786e69941eb196f09:record_1103,Count,Staff,count,staff,true,[],Hospital collected data / 2025/26
file_fd960952b94a17c6133039e5515cdb29b133b2905b36909786e69941eb196f09:record_1104,Rate,ALC patients,unknown,alc patients,false,"[""unknown_unit_or_population""]",Hospital collected data / 2025/26
file_fd960952b94a17c6133039e5515cdb29b133b2905b36909786e69941eb196f09:record_1105,Rate,ALC patients,unknown,alc patients,false,"[""unknown_unit_or_population""]",Hospital collected data / 2025/26
file_fd960952b94a17c6133039e5515cdb29b133b2905b36909786e69941eb196f09:record_1106,Rate,ALC patients,unknown,alc patients,false,"[""unknown_unit_or_population""]",Hospital collected data / 2025/26
file_fd960952b94a17c6133039e5515cdb29b133b2905b36909786e69941eb196f09:record_1107,%,All patients,percent,all patients,true,[],Hospital collected data / 2025/26
file_fd960952b94a17c6133039e5515cdb29b133b2905b36909786e69941eb196f09:record_1108,%,All patients,percent,all patients,true,[],Hospital collected data / 2025/26
file_fd960952b94a17c6133039e5515cdb29b133b2905b36909786e69941eb196f09:record_1109,%,Survey respondents,percent,survey respondents,true,[],Local data collection / Other
file_fd960952b94a17c6133039e5515cdb29b133b2905b36909786e69941eb196f09:record_1110,Hours,ED patients,hours,ed patients,true,[],CIHI NACRS / Other
file_fd960952b94a17c6133039e5515cdb29b133b2905b36909786e69941eb196f09:record_1111,%,ED patients,percent,ed patients,true,[],CIHI NACRS / Fiscal Year
file_fd960952b94a17c6133039e5515cdb29b133b2905b36909786e69941eb196f09:record_1112,%,ED patients,percent,ed patients,true,[],CIHI NACRS / Fiscal Year
file_fd960952b94a17c6133039e5515cdb29b133b2905b36909786e69941eb196f09:record_1113,%,Hospital admitted patients,percent,hospital admitted patients,true,[],CIHI DAD / Quarter
file_fd960952b94a17c6133039e5515cdb29b133b2905b36909786e69941eb196f09:record_1114,%,Staff,percent,staff,true,[],Local data collection / Other
file_fd960952b94a17c6133039e5515cdb29b133b2905b36909786e69941eb196f09:record_1115,Hours,ED patients,hours,ed patients,true,[],CIHI NACRS / Other
file_fd960952b94a17c6133039e5515cdb29b133b2905b36909786e69941eb196f09:record_1116,Number,All inpatients,count,all inpatients,true,[],Hospital collected data / 2026-2027
file_fd960952b94a17c6133039e5515cdb29b133b2905b36909786e69941eb196f09:record_1117,%,Complex continuing care patients,percent,complex continuing care patients,true,[],Hospital collected data / 2026-2027
file_fd960952b94a17c6133039e5515cdb29b133b2905b36909786e69941eb196f09:record_1118,"Rate per 1,000",All inpatients,rate_per_1000,all inpatients,true,[],Hospital collected data / 2026-2027
file_fd960952b94a17c6133039e5515cdb29b133b2905b36909786e69941eb196f09:record_1119,Hours,ED patients,hours,ed patients,true,[],CIHI NACRS / Other
file_fd960952b94a17c6133039e5515cdb29b133b2905b36909786e69941eb196f09:record_1120,Number,ED patients,count,ed patients,true,[],CIHI NACRS / Fiscal Year
file_fd960952b94a17c6133039e5515cdb29b133b2905b36909786e69941eb196f09:record_1121,Hours,ED patients,hours,ed patients,true,[],CIHI NACRS / Other
file_fd960952b94a17c6133039e5515cdb29b133b2905b36909786e69941eb196f09:record_1122,%,ED patients,percent,ed patients,true,[],CIHI NACRS / 2026-2027
file_fd960952b94a17c6133039e5515cdb29b133b2905b36909786e69941eb196f09:record_1123,%,Other,percent,unknown,false,"[""unknown_unit_or_population""]",Hospital collected data / 2026-2027
file_fd960952b94a17c6133039e5515cdb29b133b2905b36909786e69941eb196f09:record_1124,%,Other,percent,unknown,false,"[""unknown_unit_or_population""]",Hospital collected data / 2026-2027
file_fd960952b94a17c6133039e5515cdb29b133b2905b36909786e69941eb196f09:record_1125,%,ALC patients,percent,alc patients,true,[],CIHI NACRS / 2026-2027
file_fd960952b94a17c6133039e5515cdb29b133b2905b36909786e69941eb196f09:record_1126,%,Survey respondents,percent,survey respondents,true,[],Local data collection / Other
file_fd960952b94a17c6133039e5515cdb29b133b2905b36909786e69941eb196f09:record_1127,Minutes,Patients,minutes,patients,true,[],CIHI NACRS / Other
file_fd960952b94a17c6133039e5515cdb29b133b2905b36909786e69941eb196f09:record_1128,Hours,ED patients,hours,ed patients,true,[],CIHI NACRS / Other
file_fd960952b94a17c6133039e5515cdb29b133b2905b36909786e69941eb196f09:record_1129,%,All patients,percent,all patients,true,[],CIHI NACRS / 26/27
file_fd960952b94a17c6133039e5515cdb29b133b2905b36909786e69941eb196f09:record_1130,Count,All patients,count,all patients,true,[],Hospital collected data / 26/27
file_fd960952b94a17c6133039e5515cdb29b133b2905b36909786e69941eb196f09:record_1131,"Rate per 1,000 patient days",Patients,rate_per_1000_patient_days,patients,true,[],Other / Jan 2025-Dec 2025
file_fd960952b94a17c6133039e5515cdb29b133b2905b36909786e69941eb196f09:record_1132,"Rate per 1,000 patient days",Patients,rate_per_1000_patient_days,patients,true,[],Other / Jan 2025-Dec 2025
file_fd960952b94a17c6133039e5515cdb29b133b2905b36909786e69941eb196f09:record_1133,"Rate per 1,000 patient days",Patients,rate_per_1000_patient_days,patients,true,[],Other / Jan 2025-Dec 2025
file_fd960952b94a17c6133039e5515cdb29b133b2905b36909786e69941eb196f09:record_1134,"Rate per 1,000 patient days",Patients,rate_per_1000_patient_days,patients,true,[],Other / Jan 2025-Dec 2025
file_fd960952b94a17c6133039e5515cdb29b133b2905b36909786e69941eb196f09:record_1135,"Rate per 1,000 patient days",Patients,rate_per_1000_patient_days,patients,true,[],Other / Jan 2025-Dec 2025
file_fd960952b94a17c6133039e5515cdb29b133b2905b36909786e69941eb196f09:record_1136,%,Other,percent,unknown,false,"[""unknown_unit_or_population""]","Hospital collected data / NA, collecting baseline"
file_fd960952b94a17c6133039e5515cdb29b133b2905b36909786e69941eb196f09:record_1137,%,Other,percent,unknown,false,"[""unknown_unit_or_population""]","Hospital collected data / NA, collecting baseline"
file_fd960952b94a17c6133039e5515cdb29b133b2905b36909786e69941eb196f09:record_1138,%,Other,percent,unknown,false,"[""unknown_unit_or_population""]","Hospital collected data / NA, collecting baseline"
file_fd960952b94a17c6133039e5515cdb29b133b2905b36909786e69941eb196f09:record_1139,%,Other,percent,unknown,false,"[""unknown_unit_or_population""]",Other / NA collecting baseline
file_fd960952b94a17c6133039e5515cdb29b133b2905b36909786e69941eb196f09:record_1140,%,Other,percent,unknown,false,"[""unknown_unit_or_population""]",Other / NA collecting baseline
file_fd960952b94a17c6133039e5515cdb29b133b2905b36909786e69941eb196f09:record_1141,%,Other,percent,unknown,false,"[""unknown_unit_or_population""]",Other / NA collecting baseline
file_fd960952b94a17c6133039e5515cdb29b133b2905b36909786e69941eb196f09:record_1142,%,Survey respondents,percent,survey respondents,true,[],"Other / email surveys between Oct 27, 2025 to Feb 12, 2026."
file_fd960952b94a17c6133039e5515cdb29b133b2905b36909786e69941eb196f09:record_1143,%,Survey respondents,percent,survey respondents,true,[],"Other / email surveys between Oct 27, 2025 to Feb 12, 2026."
file_fd960952b94a17c6133039e5515cdb29b133b2905b36909786e69941eb196f09:record_1144,%,Survey respondents,percent,survey respondents,true,[],"Other / email surveys between Oct 27, 2025 to Feb 12, 2026."
file_fd960952b94a17c6133039e5515cdb29b133b2905b36909786e69941eb196f09:record_1145,%,Survey respondents,percent,survey respondents,true,[],"Other / email surveys between Oct 27, 2025 to Feb 12, 2026."
file_fd960952b94a17c6133039e5515cdb29b133b2905b36909786e69941eb196f09:record_1146,Hours,ED patients,hours,ed patients,true,[],Other / Jan 2025- Dec 2025
file_fd960952b94a17c6133039e5515cdb29b133b2905b36909786e69941eb196f09:record_1147,Hours,ED patients,hours,ed patients,true,[],Other / Jan 2025- Dec 2025
file_fd960952b94a17c6133039e5515cdb29b133b2905b36909786e69941eb196f09:record_1148,Hours,ED patients,hours,ed patients,true,[],Other / Jan 2025- Dec 2025
file_fd960952b94a17c6133039e5515cdb29b133b2905b36909786e69941eb196f09:record_1149,Hours,ED patients,hours,ed patients,true,[],Other / Jan 2025- Dec 2025
file_fd960952b94a17c6133039e5515cdb29b133b2905b36909786e69941eb196f09:record_1150,Hours,ED patients,hours,ed patients,true,[],Other / Jan 2025- Dec 2025
file_fd960952b94a17c6133039e5515cdb29b133b2905b36909786e69941eb196f09:record_1151,%,Discharged patients ,percent,discharged patients,true,[],Local data collection / Other
file_fd960952b94a17c6133039e5515cdb29b133b2905b36909786e69941eb196f09:record_1152,Minutes,Patients,minutes,patients,true,[],CIHI NACRS / Other
file_fd960952b94a17c6133039e5515cdb29b133b2905b36909786e69941eb196f09:record_1153,Minutes,Patients,minutes,patients,true,[],CIHI NACRS / Other
file_fd960952b94a17c6133039e5515cdb29b133b2905b36909786e69941eb196f09:record_1154,Minutes,Patients,minutes,patients,true,[],CIHI NACRS / Other
file_fd960952b94a17c6133039e5515cdb29b133b2905b36909786e69941eb196f09:record_1155,Hours,ED patients,hours,ed patients,true,[],CIHI NACRS / Other
file_fd960952b94a17c6133039e5515cdb29b133b2905b36909786e69941eb196f09:record_1156,Hours,ED patients,hours,ed patients,true,[],CIHI NACRS / Other
file_fd960952b94a17c6133039e5515cdb29b133b2905b36909786e69941eb196f09:record_1157,Hours,ED patients,hours,ed patients,true,[],CIHI NACRS / Other
file_fd960952b94a17c6133039e5515cdb29b133b2905b36909786e69941eb196f09:record_1158,Hours,ED patients,hours,ed patients,true,[],CIHI NACRS / Other
file_fd960952b94a17c6133039e5515cdb29b133b2905b36909786e69941eb196f09:record_1159,Hours,ED patients,hours,ed patients,true,[],CIHI NACRS / Other
file_fd960952b94a17c6133039e5515cdb29b133b2905b36909786e69941eb196f09:record_1160,%,Survey respondents,percent,survey respondents,true,[],Local data collection / Other
file_fd960952b94a17c6133039e5515cdb29b133b2905b36909786e69941eb196f09:record_1161,Minutes,Patients,minutes,patients,true,[],CIHI NACRS / Other
file_fd960952b94a17c6133039e5515cdb29b133b2905b36909786e69941eb196f09:record_1162,Minutes,Patients,minutes,patients,true,[],CIHI NACRS / Other
file_fd960952b94a17c6133039e5515cdb29b133b2905b36909786e69941eb196f09:record_1163,%,ED patients,percent,ed patients,true,[],CIHI NACRS / Fiscal Year
file_fd960952b94a17c6133039e5515cdb29b133b2905b36909786e69941eb196f09:record_1164,%,Hospital admitted patients,percent,hospital admitted patients,true,[],CIHI DAD / Quarter
file_fd960952b94a17c6133039e5515cdb29b133b2905b36909786e69941eb196f09:record_1165,%,Hospital admitted patients,percent,hospital admitted patients,true,[],CIHI DAD / Quarter
file_fd960952b94a17c6133039e5515cdb29b133b2905b36909786e69941eb196f09:record_1166,%,Hospital admitted patients,percent,hospital admitted patients,true,[],CIHI DAD / Quarter
file_fd960952b94a17c6133039e5515cdb29b133b2905b36909786e69941eb196f09:record_1167,%,Staff,percent,staff,true,[],Local data collection / Other
file_fd960952b94a17c6133039e5515cdb29b133b2905b36909786e69941eb196f09:record_1168,Hours,ED patients,hours,ed patients,true,[],CIHI NACRS / Other
file_fd960952b94a17c6133039e5515cdb29b133b2905b36909786e69941eb196f09:record_1169,%,Staff,percent,staff,true,[],Local data collection / Other
file_fd960952b94a17c6133039e5515cdb29b133b2905b36909786e69941eb196f09:record_1170,Hours,ED patients,hours,ed patients,true,[],CIHI NACRS / Other
file_fd960952b94a17c6133039e5515cdb29b133b2905b36909786e69941eb196f09:record_1171,Hours,ED patients,hours,ed patients,true,[],CIHI NACRS / Other
file_fd960952b94a17c6133039e5515cdb29b133b2905b36909786e69941eb196f09:record_1172,90th percentile,All inpatients,unknown,all inpatients,false,"[""unknown_unit_or_population""]","CIHI NACRS / April 1, 2026-March 31, 2027"
file_fd960952b94a17c6133039e5515cdb29b133b2905b36909786e69941eb196f09:record_1173,90th percentile,All inpatients,unknown,all inpatients,false,"[""unknown_unit_or_population""]","CIHI NACRS / April 1, 2026-March 31, 2027"
file_fd960952b94a17c6133039e5515cdb29b133b2905b36909786e69941eb196f09:record_1174,90th percentile,All inpatients,unknown,all inpatients,false,"[""unknown_unit_or_population""]","CIHI NACRS / April 1, 2026-March 31, 2027"
file_fd960952b94a17c6133039e5515cdb29b133b2905b36909786e69941eb196f09:record_1175,%,Other,percent,unknown,false,"[""unknown_unit_or_population""]","Hospital collected data / April 1, 2026-March 31, 2027"
file_fd960952b94a17c6133039e5515cdb29b133b2905b36909786e69941eb196f09:record_1176,%,Other,percent,unknown,false,"[""unknown_unit_or_population""]","Hospital collected data / April 1, 2026-March 31, 2027"
file_fd960952b94a17c6133039e5515cdb29b133b2905b36909786e69941eb196f09:record_1177,%,Other,percent,unknown,false,"[""unknown_unit_or_population""]","Hospital collected data / April 1, 2026-March 31, 2027"
file_fd960952b94a17c6133039e5515cdb29b133b2905b36909786e69941eb196f09:record_1178,%,Other,percent,unknown,false,"[""unknown_unit_or_population""]","Other / April 1, 2026-March 31, 2027"
file_fd960952b94a17c6133039e5515cdb29b133b2905b36909786e69941eb196f09:record_1179,Days,Staff,days,staff,true,[],"Other / April 1, 2026-March 31, 2027"
file_fd960952b94a17c6133039e5515cdb29b133b2905b36909786e69941eb196f09:record_1180,Days,Staff,days,staff,true,[],"Other / April 1, 2026-March 31, 2027"
file_fd960952b94a17c6133039e5515cdb29b133b2905b36909786e69941eb196f09:record_1181,Count,Other,count,unknown,false,"[""unknown_unit_or_population""]","In house data collection  / April 1, 2026-March 31, 2027"
file_fd960952b94a17c6133039e5515cdb29b133b2905b36909786e69941eb196f09:record_1182,Count,Other,count,unknown,false,"[""unknown_unit_or_population""]","In house data collection  / April 1, 2026-March 31, 2027"
file_fd960952b94a17c6133039e5515cdb29b133b2905b36909786e69941eb196f09:record_1183,%,Other,percent,unknown,false,"[""unknown_unit_or_population""]","In-house survey / April 1, 2026-March 31, 2027"
file_fd960952b94a17c6133039e5515cdb29b133b2905b36909786e69941eb196f09:record_1184,%,Other,percent,unknown,false,"[""unknown_unit_or_population""]","In house data collection  / April 1, 2026-March 31, 2027"
file_fd960952b94a17c6133039e5515cdb29b133b2905b36909786e69941eb196f09:record_1185,%,Other,percent,unknown,false,"[""unknown_unit_or_population""]","In house data collection  / April 1, 2026-March 31, 2027"
file_fd960952b94a17c6133039e5515cdb29b133b2905b36909786e69941eb196f09:record_1186,%,All patients,percent,all patients,true,[],"In house data collection  / April 1, 2026-March 31, 2027"
file_fd960952b94a17c6133039e5515cdb29b133b2905b36909786e69941eb196f09:record_1187,%,All patients,percent,all patients,true,[],"In house data collection  / April 1, 2026-March 31, 2027"
file_fd960952b94a17c6133039e5515cdb29b133b2905b36909786e69941eb196f09:record_1188,%,Staff,percent,staff,true,[],Local data collection / Other
file_fd960952b94a17c6133039e5515cdb29b133b2905b36909786e69941eb196f09:record_1189,Hours,ED patients,hours,ed patients,true,[],CIHI NACRS / 2025/26
file_fd960952b94a17c6133039e5515cdb29b133b2905b36909786e69941eb196f09:record_1190,Minutes,Patients,minutes,patients,true,[],CIHI NACRS / 2025/26
file_fd960952b94a17c6133039e5515cdb29b133b2905b36909786e69941eb196f09:record_1191,Minutes,Patients,minutes,patients,true,[],CIHI NACRS / 2025/26
file_fd960952b94a17c6133039e5515cdb29b133b2905b36909786e69941eb196f09:record_1192,Hours,ED patients,hours,ed patients,true,[],CIHI NACRS / 2025/26
file_fd960952b94a17c6133039e5515cdb29b133b2905b36909786e69941eb196f09:record_1193,%,Survey respondents,percent,survey respondents,true,[],Local data collection / most recent consecutive 12 month period
file_fd960952b94a17c6133039e5515cdb29b133b2905b36909786e69941eb196f09:record_1194,%,Survey respondents,percent,survey respondents,true,[],Local data collection / most recent consecutive 12 month period
file_fd960952b94a17c6133039e5515cdb29b133b2905b36909786e69941eb196f09:record_1195,90th percentile,ED patients,unknown,ed patients,false,"[""unknown_unit_or_population"",""incompatible_indicator_unit""]",CIHI portal / 3 Quarter Avg
file_fd960952b94a17c6133039e5515cdb29b133b2905b36909786e69941eb196f09:record_1196,90th percentile,ED patients,unknown,ed patients,false,"[""unknown_unit_or_population"",""incompatible_indicator_unit""]",CIHI portal / 3 Quarter Avg
file_fd960952b94a17c6133039e5515cdb29b133b2905b36909786e69941eb196f09:record_1197,90th percentile,ED patients,unknown,ed patients,false,"[""unknown_unit_or_population"",""incompatible_indicator_unit""]",CIHI portal / 3 Quarter Avg
file_fd960952b94a17c6133039e5515cdb29b133b2905b36909786e69941eb196f09:record_1198,90th percentile,ED patients,unknown,ed patients,false,"[""unknown_unit_or_population"",""incompatible_indicator_unit""]",CIHI portal / 3 Quarter Avg
file_fd960952b94a17c6133039e5515cdb29b133b2905b36909786e69941eb196f09:record_1199,Other,People,unknown,people,false,"[""unknown_unit_or_population""]",Other / 26/27
file_fd960952b94a17c6133039e5515cdb29b133b2905b36909786e69941eb196f09:record_1200,Rate,All patients,unknown,all patients,false,"[""unknown_unit_or_population""]",Hospital collected data / 25 26
file_fd960952b94a17c6133039e5515cdb29b133b2905b36909786e69941eb196f09:record_1201,Rate,All patients,unknown,all patients,false,"[""unknown_unit_or_population""]",Hospital collected data / 25 26
file_fd960952b94a17c6133039e5515cdb29b133b2905b36909786e69941eb196f09:record_1202,Rate,All patients,unknown,all patients,false,"[""unknown_unit_or_population""]",Hospital collected data / 25 26
file_fd960952b94a17c6133039e5515cdb29b133b2905b36909786e69941eb196f09:record_1203,Rate,All patients,unknown,all patients,false,"[""unknown_unit_or_population""]",Hospital collected data / 25 26
file_fd960952b94a17c6133039e5515cdb29b133b2905b36909786e69941eb196f09:record_1204,"Rate per 1,000 patient days",Other,rate_per_1000_patient_days,unknown,false,"[""unknown_unit_or_population""]",In house data collection  / Q1-3 25 26
file_fd960952b94a17c6133039e5515cdb29b133b2905b36909786e69941eb196f09:record_1205,"Rate per 1,000 patient days",Other,rate_per_1000_patient_days,unknown,false,"[""unknown_unit_or_population""]",In house data collection  / Q1-3 25 26
file_fd960952b94a17c6133039e5515cdb29b133b2905b36909786e69941eb196f09:record_1206,%,All patients,percent,all patients,true,[],EMR/Chart Review / FY 25 26
file_fd960952b94a17c6133039e5515cdb29b133b2905b36909786e69941eb196f09:record_1207,%,All patients,percent,all patients,true,[],In-home audit / April 1 to March 31
file_fd960952b94a17c6133039e5515cdb29b133b2905b36909786e69941eb196f09:record_1208,%,All patients,percent,all patients,true,[],In-home audit / April 1 to March 31
file_fd960952b94a17c6133039e5515cdb29b133b2905b36909786e69941eb196f09:record_1209,%,Survey respondents,percent,survey respondents,true,[],Local data collection / Other
file_fd960952b94a17c6133039e5515cdb29b133b2905b36909786e69941eb196f09:record_1210,%,Survey respondents,percent,survey respondents,true,[],Local data collection / Other
file_fd960952b94a17c6133039e5515cdb29b133b2905b36909786e69941eb196f09:record_1211,%,Survey respondents,percent,survey respondents,true,[],Local data collection / Other
file_fd960952b94a17c6133039e5515cdb29b133b2905b36909786e69941eb196f09:record_1212,%,Staff,percent,staff,true,[],Local data collection / Other
file_fd960952b94a17c6133039e5515cdb29b133b2905b36909786e69941eb196f09:record_1213,%,Staff,percent,staff,true,[],Local data collection / Other
file_fd960952b94a17c6133039e5515cdb29b133b2905b36909786e69941eb196f09:record_1214,Number,All patients,count,all patients,true,[],Other / April 1 to March 31
file_fd960952b94a17c6133039e5515cdb29b133b2905b36909786e69941eb196f09:record_1215,Number,All patients,count,all patients,true,[],Other / April 1 to March 31
file_fd960952b94a17c6133039e5515cdb29b133b2905b36909786e69941eb196f09:record_1216,Number,All patients,count,all patients,true,[],Other / April 1 to March 31
file_fd960952b94a17c6133039e5515cdb29b133b2905b36909786e69941eb196f09:record_1217,Number,Other,count,unknown,false,"[""unknown_unit_or_population""]",In house data collection  / April 1 to March 31
file_fd960952b94a17c6133039e5515cdb29b133b2905b36909786e69941eb196f09:record_1218,Number,Patients,count,patients,true,[],In-home audit / FY 2026-27
file_fd960952b94a17c6133039e5515cdb29b133b2905b36909786e69941eb196f09:record_1219,Number,Patients,count,patients,true,[],In-home audit / FY 2026-27
file_fd960952b94a17c6133039e5515cdb29b133b2905b36909786e69941eb196f09:record_1220,Number,Patients,count,patients,true,[],In-home audit / FY 2026-27
file_fd960952b94a17c6133039e5515cdb29b133b2905b36909786e69941eb196f09:record_1221,%,All acute patients,percent,all acute patients,true,[],In-home audit / FY 2025-26
file_fd960952b94a17c6133039e5515cdb29b133b2905b36909786e69941eb196f09:record_1222,%,All acute patients,percent,all acute patients,true,[],In-home audit / FY 2025-26
file_fd960952b94a17c6133039e5515cdb29b133b2905b36909786e69941eb196f09:record_1223,%,All acute patients,percent,all acute patients,true,[],In-home audit / FY 2025-26
file_fd960952b94a17c6133039e5515cdb29b133b2905b36909786e69941eb196f09:record_1224,%,Patients,percent,patients,true,[],Other / FY 2025-26
file_fd960952b94a17c6133039e5515cdb29b133b2905b36909786e69941eb196f09:record_1225,%,Patients,percent,patients,true,[],Other / FY 2025-26
file_fd960952b94a17c6133039e5515cdb29b133b2905b36909786e69941eb196f09:record_1226,%,Patients,percent,patients,true,[],Other / FY 2025-26
file_fd960952b94a17c6133039e5515cdb29b133b2905b36909786e69941eb196f09:record_1227,%,Patients,percent,patients,true,[],Other / FY 2025-26
file_fd960952b94a17c6133039e5515cdb29b133b2905b36909786e69941eb196f09:record_1228,%,Patients,percent,patients,true,[],Other / FY 2025-26
file_fd960952b94a17c6133039e5515cdb29b133b2905b36909786e69941eb196f09:record_1229,%,Patients,percent,patients,true,[],Other / FY 2025-26
file_fd960952b94a17c6133039e5515cdb29b133b2905b36909786e69941eb196f09:record_1230,%,Patients,percent,patients,true,[],Other / FY 2025-26
file_fd960952b94a17c6133039e5515cdb29b133b2905b36909786e69941eb196f09:record_1231,%,Patients,percent,patients,true,[],Other / FY 2025-26
file_fd960952b94a17c6133039e5515cdb29b133b2905b36909786e69941eb196f09:record_1232,%,Patients,percent,patients,true,[],Other / FY 2025-26
file_fd960952b94a17c6133039e5515cdb29b133b2905b36909786e69941eb196f09:record_1233,%,Patients,percent,patients,true,[],Other / FY 2025-26
file_fd960952b94a17c6133039e5515cdb29b133b2905b36909786e69941eb196f09:record_1234,Number,All patients,count,all patients,true,[],In house data collection  / FY 2026-27
file_fd960952b94a17c6133039e5515cdb29b133b2905b36909786e69941eb196f09:record_1235,Number,All patients,count,all patients,true,[],In house data collection  / FY 2026-27
file_fd960952b94a17c6133039e5515cdb29b133b2905b36909786e69941eb196f09:record_1236,Number,All patients,count,all patients,true,[],In house data collection  / FY 2026-27
file_fd960952b94a17c6133039e5515cdb29b133b2905b36909786e69941eb196f09:record_1237,Number,All patients,count,all patients,true,[],In house data collection  / FY 2026-27
file_fd960952b94a17c6133039e5515cdb29b133b2905b36909786e69941eb196f09:record_1238,Number,All patients,count,all patients,true,[],In house data collection  / FY 2026-27
file_fd960952b94a17c6133039e5515cdb29b133b2905b36909786e69941eb196f09:record_1239,Number,All patients,count,all patients,true,[],In house data collection  / FY 2026-27
file_fd960952b94a17c6133039e5515cdb29b133b2905b36909786e69941eb196f09:record_1240,Count,Patients,count,patients,true,[],In-house survey / FY 2026-27
file_fd960952b94a17c6133039e5515cdb29b133b2905b36909786e69941eb196f09:record_1241,Count,Patients,count,patients,true,[],In-house survey / FY 2026-27
file_fd960952b94a17c6133039e5515cdb29b133b2905b36909786e69941eb196f09:record_1242,Count,Patients,count,patients,true,[],In-house survey / FY 2026-27
file_fd960952b94a17c6133039e5515cdb29b133b2905b36909786e69941eb196f09:record_1243,Count,Patients,count,patients,true,[],In-house survey / FY 2026-27
file_fd960952b94a17c6133039e5515cdb29b133b2905b36909786e69941eb196f09:record_1244,Count,Patients,count,patients,true,[],In-house survey / FY 2026-27
file_fd960952b94a17c6133039e5515cdb29b133b2905b36909786e69941eb196f09:record_1245,"Rate per 1,000",Other,rate_per_1000,unknown,false,"[""unknown_unit_or_population""]",In-home audit / FY 2026-27
file_fd960952b94a17c6133039e5515cdb29b133b2905b36909786e69941eb196f09:record_1246,"Rate per 1,000",Other,rate_per_1000,unknown,false,"[""unknown_unit_or_population""]",In-home audit / FY 2026-27
file_fd960952b94a17c6133039e5515cdb29b133b2905b36909786e69941eb196f09:record_1247,%,Other,percent,unknown,false,"[""unknown_unit_or_population""]",In-house survey / FY 2026-27
file_fd960952b94a17c6133039e5515cdb29b133b2905b36909786e69941eb196f09:record_1248,%,Other,percent,unknown,false,"[""unknown_unit_or_population""]",In-house survey / FY 2026-27
file_fd960952b94a17c6133039e5515cdb29b133b2905b36909786e69941eb196f09:record_1249,%,Other,percent,unknown,false,"[""unknown_unit_or_population""]",In-house survey / FY 2026-27
file_fd960952b94a17c6133039e5515cdb29b133b2905b36909786e69941eb196f09:record_1250,Minutes,Patients,minutes,patients,true,[],Other / FY 2026-27
file_fd960952b94a17c6133039e5515cdb29b133b2905b36909786e69941eb196f09:record_1251,Minutes,Patients,minutes,patients,true,[],Other / FY 2026-27
file_fd960952b94a17c6133039e5515cdb29b133b2905b36909786e69941eb196f09:record_1252,Hours,All patients,hours,all patients,true,[],Other / FY 2026-27
file_fd960952b94a17c6133039e5515cdb29b133b2905b36909786e69941eb196f09:record_1253,Hours,All patients,hours,all patients,true,[],Other / FY 2026-27
file_fd960952b94a17c6133039e5515cdb29b133b2905b36909786e69941eb196f09:record_1254,Hours,All patients,hours,all patients,true,[],Other / FY 2026-27
file_fd960952b94a17c6133039e5515cdb29b133b2905b36909786e69941eb196f09:record_1255,Number,Patients,count,patients,true,[],Other / FY 2026-27
file_fd960952b94a17c6133039e5515cdb29b133b2905b36909786e69941eb196f09:record_1256,Number,Patients,count,patients,true,[],Other / FY 2026-27
file_fd960952b94a17c6133039e5515cdb29b133b2905b36909786e69941eb196f09:record_1257,Number,Patients,count,patients,true,[],Other / FY 2026-27
file_fd960952b94a17c6133039e5515cdb29b133b2905b36909786e69941eb196f09:record_1258,Hours,All patients,hours,all patients,true,[],Other / FY 2026-27
file_fd960952b94a17c6133039e5515cdb29b133b2905b36909786e69941eb196f09:record_1259,Hours,All patients,hours,all patients,true,[],Other / FY 2026-27
file_fd960952b94a17c6133039e5515cdb29b133b2905b36909786e69941eb196f09:record_1260,Hours,All patients,hours,all patients,true,[],Other / FY 2026-27
file_fd960952b94a17c6133039e5515cdb29b133b2905b36909786e69941eb196f09:record_1261,Hours,All patients,hours,all patients,true,[],Other / FY 2026-27
file_fd960952b94a17c6133039e5515cdb29b133b2905b36909786e69941eb196f09:record_1262,Hours,All patients,hours,all patients,true,[],Other / FY 2026-27
file_fd960952b94a17c6133039e5515cdb29b133b2905b36909786e69941eb196f09:record_1263,Hours,All patients,hours,all patients,true,[],Other / FY 2026-27
file_fd960952b94a17c6133039e5515cdb29b133b2905b36909786e69941eb196f09:record_1264,%,Survey respondents,percent,survey respondents,true,[],Local data collection / Other
file_fd960952b94a17c6133039e5515cdb29b133b2905b36909786e69941eb196f09:record_1265,%,Survey respondents,percent,survey respondents,true,[],Local data collection / Other
file_fd960952b94a17c6133039e5515cdb29b133b2905b36909786e69941eb196f09:record_1266,%,Staff,percent,staff,false,"[""incompatible_indicator_unit""]",Local data collection / Other
file_fd960952b94a17c6133039e5515cdb29b133b2905b36909786e69941eb196f09:record_1267,%,Staff,percent,staff,false,"[""incompatible_indicator_unit""]",Local data collection / Other
file_fd960952b94a17c6133039e5515cdb29b133b2905b36909786e69941eb196f09:record_1268,%,Staff,percent,staff,false,"[""incompatible_indicator_unit""]",Local data collection / Other
file_fd960952b94a17c6133039e5515cdb29b133b2905b36909786e69941eb196f09:record_1269,Hours,ED patients,hours,ed patients,true,[],Other / Apr-Dec 2025
file_fd960952b94a17c6133039e5515cdb29b133b2905b36909786e69941eb196f09:record_1270,Hours,ED patients,hours,ed patients,true,[],Other / Apr-Dec 2025
file_fd960952b94a17c6133039e5515cdb29b133b2905b36909786e69941eb196f09:record_1271,Hours,ED patients,hours,ed patients,true,[],Other / Apr-Dec 2025
file_fd960952b94a17c6133039e5515cdb29b133b2905b36909786e69941eb196f09:record_1272,Hours,ED patients,hours,ed patients,true,[],Other / Apr-Dec 2025
file_fd960952b94a17c6133039e5515cdb29b133b2905b36909786e69941eb196f09:record_1273,Hours,ED patients,hours,ed patients,true,[],Other / Apr-Dec 2025
file_fd960952b94a17c6133039e5515cdb29b133b2905b36909786e69941eb196f09:record_1274,Hours,ED patients,hours,ed patients,true,[],Other / Apr-Dec 2025
file_fd960952b94a17c6133039e5515cdb29b133b2905b36909786e69941eb196f09:record_1275,Hours,ED patients,hours,ed patients,true,[],Other / Apr-Dec 2025
file_fd960952b94a17c6133039e5515cdb29b133b2905b36909786e69941eb196f09:record_1276,Hours,ED patients,hours,ed patients,true,[],Other / Apr-Dec 2025
file_fd960952b94a17c6133039e5515cdb29b133b2905b36909786e69941eb196f09:record_1277,%,Staff,percent,staff,true,[],Other / Jan-Dec 2025
file_fd960952b94a17c6133039e5515cdb29b133b2905b36909786e69941eb196f09:record_1278,%,Staff,percent,staff,true,[],Other / Jan-Dec 2025
file_fd960952b94a17c6133039e5515cdb29b133b2905b36909786e69941eb196f09:record_1279,%,ED patients,percent,ed patients,true,[],Local data collection / Apr-Dec 2025
file_fd960952b94a17c6133039e5515cdb29b133b2905b36909786e69941eb196f09:record_1280,%,ED patients,percent,ed patients,true,[],Local data collection / Apr-Dec 2025
file_fd960952b94a17c6133039e5515cdb29b133b2905b36909786e69941eb196f09:record_1281,%,ED patients,percent,ed patients,true,[],Local data collection / Apr-Dec 2025
file_fd960952b94a17c6133039e5515cdb29b133b2905b36909786e69941eb196f09:record_1282,%,ED patients,percent,ed patients,true,[],Local data collection / Apr-Dec 2025
file_fd960952b94a17c6133039e5515cdb29b133b2905b36909786e69941eb196f09:record_1283,Rate,All patients,unknown,all patients,false,"[""unknown_unit_or_population""]",Other / Jan-Dec 2025
file_fd960952b94a17c6133039e5515cdb29b133b2905b36909786e69941eb196f09:record_1284,Rate,All patients,unknown,all patients,false,"[""unknown_unit_or_population""]",Other / Jan-Dec 2025
file_fd960952b94a17c6133039e5515cdb29b133b2905b36909786e69941eb196f09:record_1285,Rate,All patients,unknown,all patients,false,"[""unknown_unit_or_population""]",Other / Jan-Dec 2025
file_fd960952b94a17c6133039e5515cdb29b133b2905b36909786e69941eb196f09:record_1286,%,Staff,percent,staff,true,[],Local data collection / Jan-Dec 2025
file_fd960952b94a17c6133039e5515cdb29b133b2905b36909786e69941eb196f09:record_1287,%,Discharged patients ,percent,discharged patients,true,[],Local data collection / Other
file_fd960952b94a17c6133039e5515cdb29b133b2905b36909786e69941eb196f09:record_1288,%,Hospital admitted patients,percent,hospital admitted patients,true,[],CIHI DAD / Quarter
file_fd960952b94a17c6133039e5515cdb29b133b2905b36909786e69941eb196f09:record_1289,%,Hospital admitted patients,percent,hospital admitted patients,true,[],CIHI DAD / Quarter
file_fd960952b94a17c6133039e5515cdb29b133b2905b36909786e69941eb196f09:record_1290,%,All inpatients,percent,all inpatients,true,[],In house data collection  / Q1 2026-Q3 2026
file_fd960952b94a17c6133039e5515cdb29b133b2905b36909786e69941eb196f09:record_1291,%,All inpatients,percent,all inpatients,true,[],In house data collection  / Q1 2026-Q3 2026
file_fd960952b94a17c6133039e5515cdb29b133b2905b36909786e69941eb196f09:record_1292,%,All inpatients,percent,all inpatients,true,[],In house data collection  / Q1 2026-Q3 2026
file_fd960952b94a17c6133039e5515cdb29b133b2905b36909786e69941eb196f09:record_1293,%,All inpatients,percent,all inpatients,true,[],In house data collection  / 2026-2027
file_fd960952b94a17c6133039e5515cdb29b133b2905b36909786e69941eb196f09:record_1294,%,Staff,percent,staff,true,[],In house data collection  / Q4 2025 - Q3 2026
file_fd960952b94a17c6133039e5515cdb29b133b2905b36909786e69941eb196f09:record_1295,Number,Staff,count,staff,true,[],In house data collection  / Last 12 consecutive months
file_fd960952b94a17c6133039e5515cdb29b133b2905b36909786e69941eb196f09:record_1296,Number,Staff,count,staff,true,[],In house data collection  / Last 12 consecutive months
file_fd960952b94a17c6133039e5515cdb29b133b2905b36909786e69941eb196f09:record_1297,%,Survey respondents,percent,survey respondents,true,[],Local data collection / Other
file_fd960952b94a17c6133039e5515cdb29b133b2905b36909786e69941eb196f09:record_1298,Minutes,Patients,minutes,patients,true,[],CIHI NACRS / Other
file_fd960952b94a17c6133039e5515cdb29b133b2905b36909786e69941eb196f09:record_1299,%,Staff,percent,staff,false,"[""incompatible_indicator_unit""]",Local data collection / Other
file_fd960952b94a17c6133039e5515cdb29b133b2905b36909786e69941eb196f09:record_1300,Hours,ED patients,hours,ed patients,true,[],CIHI NACRS / Other
file_fd960952b94a17c6133039e5515cdb29b133b2905b36909786e69941eb196f09:record_1301,Number,ED patients,count,ed patients,true,[],CIHI NACRS / Fiscal Year
file_fd960952b94a17c6133039e5515cdb29b133b2905b36909786e69941eb196f09:record_1302,%,All surgical procedures,percent,all surgical procedures,true,[],WTIS / FY 2026/27
file_fd960952b94a17c6133039e5515cdb29b133b2905b36909786e69941eb196f09:record_1303,%,All patients,percent,all patients,true,[],Hospital collected data / FY 26/27
file_fd960952b94a17c6133039e5515cdb29b133b2905b36909786e69941eb196f09:record_1304,Number,Other,count,unknown,false,"[""unknown_unit_or_population""]",EMR/Chart Review / FY 26/27
file_fd960952b94a17c6133039e5515cdb29b133b2905b36909786e69941eb196f09:record_1305,Number,Other,count,unknown,false,"[""unknown_unit_or_population""]",EMR/Chart Review / FY 26/27
file_fd960952b94a17c6133039e5515cdb29b133b2905b36909786e69941eb196f09:record_1306,%,Other,percent,unknown,false,"[""unknown_unit_or_population""]",EMR/Chart Review / FY26/27
file_fd960952b94a17c6133039e5515cdb29b133b2905b36909786e69941eb196f09:record_1307,%,Staff,percent,staff,true,[],Other / FY 26/27
file_fd960952b94a17c6133039e5515cdb29b133b2905b36909786e69941eb196f09:record_1308,%,Staff,percent,staff,true,[],Other / FY 26/27
file_fd960952b94a17c6133039e5515cdb29b133b2905b36909786e69941eb196f09:record_1309,%,Survey respondents,percent,survey respondents,true,[],Other / FY 26/27
file_fd960952b94a17c6133039e5515cdb29b133b2905b36909786e69941eb196f09:record_1310,%,Survey respondents,percent,survey respondents,true,[],Other / FY 26/27
file_fd960952b94a17c6133039e5515cdb29b133b2905b36909786e69941eb196f09:record_1311,Number,Worker,count,worker,true,[],Other / FY26/27
file_fd960952b94a17c6133039e5515cdb29b133b2905b36909786e69941eb196f09:record_1312,Number,Worker,count,worker,true,[],Other / FY26/27
file_fd960952b94a17c6133039e5515cdb29b133b2905b36909786e69941eb196f09:record_1313,%,Patients,percent,patients,true,[],EMR/Chart Review / FY26/27
file_fd960952b94a17c6133039e5515cdb29b133b2905b36909786e69941eb196f09:record_1314,%,Patients,percent,patients,true,[],EMR/Chart Review / FY26/27
file_fd960952b94a17c6133039e5515cdb29b133b2905b36909786e69941eb196f09:record_1315,%,Survey respondents,percent,survey respondents,true,[],Local data collection / Other
file_fd960952b94a17c6133039e5515cdb29b133b2905b36909786e69941eb196f09:record_1316,Minutes,Patients,minutes,patients,true,[],CIHI NACRS / Other
file_fd960952b94a17c6133039e5515cdb29b133b2905b36909786e69941eb196f09:record_1317,Hours,ED patients,hours,ed patients,true,[],CIHI NACRS / Other
file_fd960952b94a17c6133039e5515cdb29b133b2905b36909786e69941eb196f09:record_1318,Number,ED patients,count,ed patients,true,[],CIHI NACRS / Fiscal Year
file_fd960952b94a17c6133039e5515cdb29b133b2905b36909786e69941eb196f09:record_1319,Other,Other,unknown,unknown,false,"[""unknown_unit_or_population""]",Hospital collected data / 2025-26
file_fd960952b94a17c6133039e5515cdb29b133b2905b36909786e69941eb196f09:record_1320,90th percentile,ED patients,unknown,ed patients,false,"[""unknown_unit_or_population""]",Hospital collected data / 2025-26
file_fd960952b94a17c6133039e5515cdb29b133b2905b36909786e69941eb196f09:record_1321,Hours,ED patients,hours,ed patients,true,[],"CIHI DAD, NACRS / n/a"
file_fd960952b94a17c6133039e5515cdb29b133b2905b36909786e69941eb196f09:record_1322,%,Staff,percent,staff,true,[],Other / n/a
file_fd960952b94a17c6133039e5515cdb29b133b2905b36909786e69941eb196f09:record_1323,%,Staff,percent,staff,true,[],Other / n/a
file_fd960952b94a17c6133039e5515cdb29b133b2905b36909786e69941eb196f09:record_1324,%,Patients,percent,patients,true,[],Other / n/a
file_fd960952b94a17c6133039e5515cdb29b133b2905b36909786e69941eb196f09:record_1325,%,Staff,percent,staff,true,[],Other / n/a
file_fd960952b94a17c6133039e5515cdb29b133b2905b36909786e69941eb196f09:record_1326,Count,Patients,count,patients,true,[],Other / monthly count
file_fd960952b94a17c6133039e5515cdb29b133b2905b36909786e69941eb196f09:record_1327,Count,Staff,count,staff,true,[],Other / monthly count
file_fd960952b94a17c6133039e5515cdb29b133b2905b36909786e69941eb196f09:record_1328,%,Discharged patients ,percent,discharged patients,true,[],Local data collection / Other
file_fd960952b94a17c6133039e5515cdb29b133b2905b36909786e69941eb196f09:record_1329,Minutes,Patients,minutes,patients,true,[],CIHI NACRS / Other
file_fd960952b94a17c6133039e5515cdb29b133b2905b36909786e69941eb196f09:record_1330,Minutes,Patients,minutes,patients,true,[],CIHI NACRS / Other
file_fd960952b94a17c6133039e5515cdb29b133b2905b36909786e69941eb196f09:record_1331,%,Staff,percent,staff,true,[],Local data collection / Other
file_fd960952b94a17c6133039e5515cdb29b133b2905b36909786e69941eb196f09:record_1332,Hours,ED patients,hours,ed patients,true,[],CIHI NACRS / Other
file_fd960952b94a17c6133039e5515cdb29b133b2905b36909786e69941eb196f09:record_1333,Hours,ED patients,hours,ed patients,true,[],CIHI NACRS / Other
file_fd960952b94a17c6133039e5515cdb29b133b2905b36909786e69941eb196f09:record_1334,Hours,ED patients,hours,ed patients,true,[],CIHI NACRS / Other
file_fd960952b94a17c6133039e5515cdb29b133b2905b36909786e69941eb196f09:record_1335,Hours,ED patients,hours,ed patients,true,[],CIHI NACRS / Other
file_fd960952b94a17c6133039e5515cdb29b133b2905b36909786e69941eb196f09:record_1336,Hours,ED patients,hours,ed patients,true,[],"CIHI DAD, NACRS / n/a"
file_fd960952b94a17c6133039e5515cdb29b133b2905b36909786e69941eb196f09:record_1337,%,Staff,percent,staff,true,[],Other / n/a
file_fd960952b94a17c6133039e5515cdb29b133b2905b36909786e69941eb196f09:record_1338,%,Staff,percent,staff,true,[],Other / n/a
file_fd960952b94a17c6133039e5515cdb29b133b2905b36909786e69941eb196f09:record_1339,%,Patients,percent,patients,true,[],Other / n/a
file_fd960952b94a17c6133039e5515cdb29b133b2905b36909786e69941eb196f09:record_1340,%,Staff,percent,staff,true,[],Other / n/a
file_fd960952b94a17c6133039e5515cdb29b133b2905b36909786e69941eb196f09:record_1341,Count,Patients,count,patients,true,[],Other / monthly count
file_fd960952b94a17c6133039e5515cdb29b133b2905b36909786e69941eb196f09:record_1342,Count,Staff,count,staff,true,[],Other / n/a
file_fd960952b94a17c6133039e5515cdb29b133b2905b36909786e69941eb196f09:record_1343,%,Other,percent,unknown,false,"[""unknown_unit_or_population""]",Local data collection / Fiscal
file_fd960952b94a17c6133039e5515cdb29b133b2905b36909786e69941eb196f09:record_1344,%,Other,percent,unknown,false,"[""unknown_unit_or_population""]",Local data collection / Fiscal
file_fd960952b94a17c6133039e5515cdb29b133b2905b36909786e69941eb196f09:record_1345,%,Other,percent,unknown,false,"[""unknown_unit_or_population""]",Local data collection / Fiscal
file_fd960952b94a17c6133039e5515cdb29b133b2905b36909786e69941eb196f09:record_1346,%,Other,percent,unknown,false,"[""unknown_unit_or_population""]",Local data collection / Fiscal
file_fd960952b94a17c6133039e5515cdb29b133b2905b36909786e69941eb196f09:record_1347,%,Other,percent,unknown,false,"[""unknown_unit_or_population""]",Local data collection / Fiscal
file_fd960952b94a17c6133039e5515cdb29b133b2905b36909786e69941eb196f09:record_1348,Other,Staff,unknown,staff,false,"[""unknown_unit_or_population""]",In house data collection  / Fiscal
file_fd960952b94a17c6133039e5515cdb29b133b2905b36909786e69941eb196f09:record_1349,Other,Staff,unknown,staff,false,"[""unknown_unit_or_population""]",In house data collection  / Fiscal
file_fd960952b94a17c6133039e5515cdb29b133b2905b36909786e69941eb196f09:record_1350,%,All inpatients,percent,all inpatients,true,[],Hospital collected data / Fiscal
file_fd960952b94a17c6133039e5515cdb29b133b2905b36909786e69941eb196f09:record_1351,%,All inpatients,percent,all inpatients,true,[],Hospital collected data / Fiscal
file_fd960952b94a17c6133039e5515cdb29b133b2905b36909786e69941eb196f09:record_1352,%,All inpatients,percent,all inpatients,true,[],Hospital collected data / Fiscal
file_fd960952b94a17c6133039e5515cdb29b133b2905b36909786e69941eb196f09:record_1353,Minutes,Patients,minutes,patients,true,[],CIHI NACRS / Other
file_fd960952b94a17c6133039e5515cdb29b133b2905b36909786e69941eb196f09:record_1354,Minutes,Patients,minutes,patients,true,[],CIHI NACRS / Other
file_fd960952b94a17c6133039e5515cdb29b133b2905b36909786e69941eb196f09:record_1355,%,Staff,percent,staff,false,"[""incompatible_indicator_unit""]",Local data collection / Other
file_fd960952b94a17c6133039e5515cdb29b133b2905b36909786e69941eb196f09:record_1356,%,Staff,percent,staff,true,[],Local data collection / Other
file_fd960952b94a17c6133039e5515cdb29b133b2905b36909786e69941eb196f09:record_1357,%,Staff,percent,staff,true,[],Local data collection / Other
file_fd960952b94a17c6133039e5515cdb29b133b2905b36909786e69941eb196f09:record_1358,%,Staff,percent,staff,true,[],Local data collection / Other
file_fd960952b94a17c6133039e5515cdb29b133b2905b36909786e69941eb196f09:record_1359,Hours,ED patients,hours,ed patients,true,[],CIHI NACRS / Other
file_fd960952b94a17c6133039e5515cdb29b133b2905b36909786e69941eb196f09:record_1360,Hours,ED patients,hours,ed patients,true,[],CIHI NACRS / Other
file_fd960952b94a17c6133039e5515cdb29b133b2905b36909786e69941eb196f09:record_1361,Hours,ED patients,hours,ed patients,true,[],CIHI NACRS / Other
file_fd960952b94a17c6133039e5515cdb29b133b2905b36909786e69941eb196f09:record_1362,Hours,ED patients,hours,ed patients,true,[],CIHI NACRS / Other
file_fd960952b94a17c6133039e5515cdb29b133b2905b36909786e69941eb196f09:record_1363,Hours,ED patients,hours,ed patients,true,[],CIHI NACRS / Other
file_fd960952b94a17c6133039e5515cdb29b133b2905b36909786e69941eb196f09:record_1364,Hours,ED patients,hours,ed patients,true,[],CIHI NACRS / Other
file_fd960952b94a17c6133039e5515cdb29b133b2905b36909786e69941eb196f09:record_1365,Number,ED patients,count,ed patients,true,[],CIHI NACRS / Fiscal Year
file_fd960952b94a17c6133039e5515cdb29b133b2905b36909786e69941eb196f09:record_1366,%,ED patients,percent,ed patients,true,[],"In house data collection  / April 1, 2025-March 31, 2026"
file_fd960952b94a17c6133039e5515cdb29b133b2905b36909786e69941eb196f09:record_1367,"Rate per 1,000 patient days",N/a,rate_per_1000_patient_days,unknown,false,"[""unknown_unit_or_population""]","In house data collection  / April 1, 2025-March 31, 2026"
file_fd960952b94a17c6133039e5515cdb29b133b2905b36909786e69941eb196f09:record_1368,%,Staff,percent,staff,true,[],"In house data collection  / April 1, 2025-March 31, 2026"
file_fd960952b94a17c6133039e5515cdb29b133b2905b36909786e69941eb196f09:record_1369,%,All inpatients,percent,all inpatients,true,[],"EMR/Chart Review / April 1, 2025-March 31, 2026"
file_fd960952b94a17c6133039e5515cdb29b133b2905b36909786e69941eb196f09:record_1370,%,All patients,percent,all patients,true,[],"EMR/Chart Review / April 1, 2025-March 31, 2026"
file_fd960952b94a17c6133039e5515cdb29b133b2905b36909786e69941eb196f09:record_1371,%,Survey respondents,percent,survey respondents,true,[],Local data collection / Other
file_fd960952b94a17c6133039e5515cdb29b133b2905b36909786e69941eb196f09:record_1372,Hours,ED patients,hours,ed patients,true,[],CIHI NACRS / Other
file_fd960952b94a17c6133039e5515cdb29b133b2905b36909786e69941eb196f09:record_1373,Hours,ED patients,hours,ed patients,true,[],CIHI NACRS / Other
file_fd960952b94a17c6133039e5515cdb29b133b2905b36909786e69941eb196f09:record_1374,Hours,ED patients,hours,ed patients,true,[],CIHI NACRS / Other
file_fd960952b94a17c6133039e5515cdb29b133b2905b36909786e69941eb196f09:record_1375,Hours,ED patients,hours,ed patients,true,[],CIHI NACRS / Other
file_fd960952b94a17c6133039e5515cdb29b133b2905b36909786e69941eb196f09:record_1376,Hours,ED patients,hours,ed patients,true,[],CIHI NACRS / Other
file_fd960952b94a17c6133039e5515cdb29b133b2905b36909786e69941eb196f09:record_1377,Hours,ED patients,hours,ed patients,true,[],CIHI NACRS / Other
file_fd960952b94a17c6133039e5515cdb29b133b2905b36909786e69941eb196f09:record_1378,Hours,ED patients,hours,ed patients,true,[],CIHI NACRS / Other
file_fd960952b94a17c6133039e5515cdb29b133b2905b36909786e69941eb196f09:record_1379,Hours,ED patients,hours,ed patients,true,[],CIHI NACRS / Other
file_fd960952b94a17c6133039e5515cdb29b133b2905b36909786e69941eb196f09:record_1380,Hours,ED patients,hours,ed patients,true,[],CIHI NACRS / Other
file_fd960952b94a17c6133039e5515cdb29b133b2905b36909786e69941eb196f09:record_1381,Hours,ED patients,hours,ed patients,true,[],CIHI NACRS / Other
file_fd960952b94a17c6133039e5515cdb29b133b2905b36909786e69941eb196f09:record_1382,Hours,ED patients,hours,ed patients,true,[],CIHI NACRS / Other
file_fd960952b94a17c6133039e5515cdb29b133b2905b36909786e69941eb196f09:record_1383,Hours,ED patients,hours,ed patients,true,[],CIHI NACRS / Other
file_fd960952b94a17c6133039e5515cdb29b133b2905b36909786e69941eb196f09:record_1384,Rate,Health providers in the entire facility,unknown,health providers in the entire facility,false,"[""unknown_unit_or_population""]",EMR/Chart Review / 2026-2027
file_fd960952b94a17c6133039e5515cdb29b133b2905b36909786e69941eb196f09:record_1385,Rate,Health providers in the entire facility,unknown,health providers in the entire facility,false,"[""unknown_unit_or_population""]",EMR/Chart Review / 2026-2027
file_fd960952b94a17c6133039e5515cdb29b133b2905b36909786e69941eb196f09:record_1386,Rate,Health providers in the entire facility,unknown,health providers in the entire facility,false,"[""unknown_unit_or_population""]",EMR/Chart Review / 2026-2027
file_fd960952b94a17c6133039e5515cdb29b133b2905b36909786e69941eb196f09:record_1387,Rate,Health providers in the entire facility,unknown,health providers in the entire facility,false,"[""unknown_unit_or_population""]",EMR/Chart Review / 2026-2027
file_fd960952b94a17c6133039e5515cdb29b133b2905b36909786e69941eb196f09:record_1388,Rate,Health providers in the entire facility,unknown,health providers in the entire facility,false,"[""unknown_unit_or_population""]",EMR/Chart Review / 2026-2027
file_fd960952b94a17c6133039e5515cdb29b133b2905b36909786e69941eb196f09:record_1389,Hours,ED patients,hours,ed patients,true,[],CIHI NACRS / Other
file_fd960952b94a17c6133039e5515cdb29b133b2905b36909786e69941eb196f09:record_1390,Hours,ED patients,hours,ed patients,true,[],CIHI NACRS / Other
file_fd960952b94a17c6133039e5515cdb29b133b2905b36909786e69941eb196f09:record_1391,Hours,ED patients,hours,ed patients,true,[],CIHI NACRS / Other
file_fd960952b94a17c6133039e5515cdb29b133b2905b36909786e69941eb196f09:record_1392,%,Mental health patients,percent,mental health patients,true,[],In house data collection  / April 2026-Mar2027
file_fd960952b94a17c6133039e5515cdb29b133b2905b36909786e69941eb196f09:record_1393,%,Mental health patients,percent,mental health patients,true,[],In house data collection  / April 2026-Mar2027
file_fd960952b94a17c6133039e5515cdb29b133b2905b36909786e69941eb196f09:record_1394,%,Mental health patients,percent,mental health patients,true,[],In house data collection  / April 2026-Mar2027
file_fd960952b94a17c6133039e5515cdb29b133b2905b36909786e69941eb196f09:record_1395,%,Staff,percent,staff,true,[],In house data collection  / April 2026-Mar 2027
file_fd960952b94a17c6133039e5515cdb29b133b2905b36909786e69941eb196f09:record_1396,%,Staff,percent,staff,true,[],In house data collection  / April 2026-Mar 2027
file_fd960952b94a17c6133039e5515cdb29b133b2905b36909786e69941eb196f09:record_1397,%,Survey respondents,percent,survey respondents,true,[],Hospital collected data / April 2026-Mar 2027
file_fd960952b94a17c6133039e5515cdb29b133b2905b36909786e69941eb196f09:record_1398,%,Survey respondents,percent,survey respondents,true,[],Hospital collected data / April 2026-Mar 2027
file_fd960952b94a17c6133039e5515cdb29b133b2905b36909786e69941eb196f09:record_1399,Number,Staff,count,staff,true,[],In house data collection  / April 2026-Mar 2027
file_fd960952b94a17c6133039e5515cdb29b133b2905b36909786e69941eb196f09:record_1400,Number,Staff,count,staff,true,[],In house data collection  / April 2026-Mar 2027
file_fd960952b94a17c6133039e5515cdb29b133b2905b36909786e69941eb196f09:record_1401,%,Other,percent,unknown,false,"[""unknown_unit_or_population""]",In house data collection  / April 2026-Mar 2027
file_fd960952b94a17c6133039e5515cdb29b133b2905b36909786e69941eb196f09:record_1402,%,Other,percent,unknown,false,"[""unknown_unit_or_population""]",In house data collection  / April 2026-Mar 2027
file_fd960952b94a17c6133039e5515cdb29b133b2905b36909786e69941eb196f09:record_1403,%,Staff,percent,staff,true,[],In house data collection  / Apr 2026-Mar2027
file_fd960952b94a17c6133039e5515cdb29b133b2905b36909786e69941eb196f09:record_1404,%,Staff,percent,staff,true,[],In house data collection  / Apr 2026-Mar2027
file_fd960952b94a17c6133039e5515cdb29b133b2905b36909786e69941eb196f09:record_1405,%,All inpatients,percent,all inpatients,true,[],In house data collection  / Apr 2026-Mar2027
file_fd960952b94a17c6133039e5515cdb29b133b2905b36909786e69941eb196f09:record_1406,%,All inpatients,percent,all inpatients,true,[],In house data collection  / Apr 2026-Mar2027
file_fd960952b94a17c6133039e5515cdb29b133b2905b36909786e69941eb196f09:record_1407,%,Discharged patients ,percent,discharged patients,true,[],Local data collection / Other
file_fd960952b94a17c6133039e5515cdb29b133b2905b36909786e69941eb196f09:record_1408,%,All patients,percent,all patients,true,[],In house data collection  / April 1 to March 31
file_fd960952b94a17c6133039e5515cdb29b133b2905b36909786e69941eb196f09:record_1409,%,All patients,percent,all patients,true,[],In house data collection  / April 1 to March 31
file_fd960952b94a17c6133039e5515cdb29b133b2905b36909786e69941eb196f09:record_1410,%,Staff,percent,staff,true,[],In house data collection  / April 1 to March 31
file_fd960952b94a17c6133039e5515cdb29b133b2905b36909786e69941eb196f09:record_1411,%,Other,percent,unknown,false,"[""unknown_unit_or_population""]",In house data collection  / Q1-Q4
file_fd960952b94a17c6133039e5515cdb29b133b2905b36909786e69941eb196f09:record_1412,%,Other,percent,unknown,false,"[""unknown_unit_or_population""]",In house data collection  / Q1-Q4
file_fd960952b94a17c6133039e5515cdb29b133b2905b36909786e69941eb196f09:record_1413,%,Other,percent,unknown,false,"[""unknown_unit_or_population""]",In house data collection  / Q1-Q4
file_fd960952b94a17c6133039e5515cdb29b133b2905b36909786e69941eb196f09:record_1414,%,Other,percent,unknown,false,"[""unknown_unit_or_population""]",In house data collection  / Q1-Q4
file_fd960952b94a17c6133039e5515cdb29b133b2905b36909786e69941eb196f09:record_1415,%,Other,percent,unknown,false,"[""unknown_unit_or_population""]",In house data collection  / Q1-Q4
file_fd960952b94a17c6133039e5515cdb29b133b2905b36909786e69941eb196f09:record_1416,%,Other,percent,unknown,false,"[""unknown_unit_or_population""]",In house data collection  / Q1-Q4
file_fd960952b94a17c6133039e5515cdb29b133b2905b36909786e69941eb196f09:record_1417,%,Other,percent,unknown,false,"[""unknown_unit_or_population""]",In house data collection  / Q1-Q4
file_fd960952b94a17c6133039e5515cdb29b133b2905b36909786e69941eb196f09:record_1418,%,Other,percent,unknown,false,"[""unknown_unit_or_population""]",In house data collection  / Q1-Q4
file_fd960952b94a17c6133039e5515cdb29b133b2905b36909786e69941eb196f09:record_1419,%,Other,percent,unknown,false,"[""unknown_unit_or_population""]",In house data collection  / Q1-Q4
file_fd960952b94a17c6133039e5515cdb29b133b2905b36909786e69941eb196f09:record_1420,%,Other,percent,unknown,false,"[""unknown_unit_or_population""]",In house data collection  / Q1-Q4
file_fd960952b94a17c6133039e5515cdb29b133b2905b36909786e69941eb196f09:record_1421,Number,Staff,count,staff,true,[],In house data collection  / Q1-Q4
file_fd960952b94a17c6133039e5515cdb29b133b2905b36909786e69941eb196f09:record_1422,%,Survey respondents,percent,survey respondents,true,[],Local data collection / Other
file_fd960952b94a17c6133039e5515cdb29b133b2905b36909786e69941eb196f09:record_1423,%,Survey respondents,percent,survey respondents,true,[],Local data collection / Other
file_fd960952b94a17c6133039e5515cdb29b133b2905b36909786e69941eb196f09:record_1424,Hours,ED patients,hours,ed patients,true,[],CIHI NACRS / Other
file_fd960952b94a17c6133039e5515cdb29b133b2905b36909786e69941eb196f09:record_1425,Hours,ED patients,hours,ed patients,true,[],CIHI NACRS / Other
file_fd960952b94a17c6133039e5515cdb29b133b2905b36909786e69941eb196f09:record_1426,Hours,ED patients,hours,ed patients,true,[],CIHI NACRS / Other
file_fd960952b94a17c6133039e5515cdb29b133b2905b36909786e69941eb196f09:record_1427,Hours,ED patients,hours,ed patients,true,[],CIHI NACRS / Other
file_fd960952b94a17c6133039e5515cdb29b133b2905b36909786e69941eb196f09:record_1428,%,Staff,percent,staff,false,"[""incompatible_indicator_unit""]",Local data collection / Other
file_fd960952b94a17c6133039e5515cdb29b133b2905b36909786e69941eb196f09:record_1429,%,Staff,percent,staff,false,"[""incompatible_indicator_unit""]",Local data collection / Other
file_fd960952b94a17c6133039e5515cdb29b133b2905b36909786e69941eb196f09:record_1430,%,Staff,percent,staff,false,"[""incompatible_indicator_unit""]",Local data collection / Other
file_fd960952b94a17c6133039e5515cdb29b133b2905b36909786e69941eb196f09:record_1431,%,Staff,percent,staff,false,"[""incompatible_indicator_unit""]",Local data collection / Other
file_fd960952b94a17c6133039e5515cdb29b133b2905b36909786e69941eb196f09:record_1432,Hours,ED patients,hours,ed patients,true,[],CIHI NACRS / Other
file_fd960952b94a17c6133039e5515cdb29b133b2905b36909786e69941eb196f09:record_1433,Hours,ED patients,hours,ed patients,true,[],CIHI NACRS / Other
file_fd960952b94a17c6133039e5515cdb29b133b2905b36909786e69941eb196f09:record_1434,Hours,ED patients,hours,ed patients,true,[],CIHI NACRS / Other
file_fd960952b94a17c6133039e5515cdb29b133b2905b36909786e69941eb196f09:record_1435,Hours,ED patients,hours,ed patients,true,[],CIHI NACRS / Other
file_fd960952b94a17c6133039e5515cdb29b133b2905b36909786e69941eb196f09:record_1436,Hours,ED patients,hours,ed patients,true,[],"CIHI NACRS / December 1, 2024, to November 30, 2025"
file_fd960952b94a17c6133039e5515cdb29b133b2905b36909786e69941eb196f09:record_1437,Hours,ED patients,hours,ed patients,true,[],"CIHI NACRS / December 1, 2024, to November 30, 2025"
file_fd960952b94a17c6133039e5515cdb29b133b2905b36909786e69941eb196f09:record_1438,Hours,ED patients,hours,ed patients,true,[],"CIHI NACRS / December 1, 2024, to November 30, 2025"
file_fd960952b94a17c6133039e5515cdb29b133b2905b36909786e69941eb196f09:record_1439,"Rate per 1,000 patient days",All patients,rate_per_1000_patient_days,all patients,true,[],"Local data collection / October 2026 - March 15, 2027"
file_fd960952b94a17c6133039e5515cdb29b133b2905b36909786e69941eb196f09:record_1440,"Rate per 1,000 patient days",All patients,rate_per_1000_patient_days,all patients,true,[],"Local data collection / October 2026 - March 15, 2027"
file_fd960952b94a17c6133039e5515cdb29b133b2905b36909786e69941eb196f09:record_1441,%,Staff,percent,staff,true,[],Local data collection / Most recent consecutive 12-month period
file_fd960952b94a17c6133039e5515cdb29b133b2905b36909786e69941eb196f09:record_1442,%,Staff,percent,staff,true,[],Local data collection / Most recent consecutive 12-month period
file_fd960952b94a17c6133039e5515cdb29b133b2905b36909786e69941eb196f09:record_1443,%,Staff,percent,staff,true,[],Local data collection / Most recent consecutive 12-month period
file_fd960952b94a17c6133039e5515cdb29b133b2905b36909786e69941eb196f09:record_1444,%,Discharged patients ,percent,discharged patients,true,[],Local data collection / Other
file_fd960952b94a17c6133039e5515cdb29b133b2905b36909786e69941eb196f09:record_1445,%,Discharged patients ,percent,discharged patients,true,[],Local data collection / Other
file_fd960952b94a17c6133039e5515cdb29b133b2905b36909786e69941eb196f09:record_1446,%,Discharged patients ,percent,discharged patients,true,[],Local data collection / Other
file_fd960952b94a17c6133039e5515cdb29b133b2905b36909786e69941eb196f09:record_1447,%,Survey respondents,percent,survey respondents,true,[],Local data collection / Other
file_fd960952b94a17c6133039e5515cdb29b133b2905b36909786e69941eb196f09:record_1448,%,Survey respondents,percent,survey respondents,true,[],Local data collection / Other
file_fd960952b94a17c6133039e5515cdb29b133b2905b36909786e69941eb196f09:record_1449,%,Survey respondents,percent,survey respondents,true,[],Local data collection / Other
file_fd960952b94a17c6133039e5515cdb29b133b2905b36909786e69941eb196f09:record_1450,%,Hospital admitted patients,percent,hospital admitted patients,true,[],CIHI DAD / Quarter
file_fd960952b94a17c6133039e5515cdb29b133b2905b36909786e69941eb196f09:record_1451,%,Hospital admitted patients,percent,hospital admitted patients,true,[],CIHI DAD / Quarter
file_fd960952b94a17c6133039e5515cdb29b133b2905b36909786e69941eb196f09:record_1452,%,Hospital admitted patients,percent,hospital admitted patients,true,[],CIHI DAD / Quarter
file_fd960952b94a17c6133039e5515cdb29b133b2905b36909786e69941eb196f09:record_1453,%,Hospital admitted patients,percent,hospital admitted patients,true,[],CIHI DAD / Quarter
file_fd960952b94a17c6133039e5515cdb29b133b2905b36909786e69941eb196f09:record_1454,Hours,ED patients,hours,ed patients,true,[],CIHI NACRS / Other
file_fd960952b94a17c6133039e5515cdb29b133b2905b36909786e69941eb196f09:record_1455,Hours,ED patients,hours,ed patients,true,[],CIHI NACRS / Other
file_fd960952b94a17c6133039e5515cdb29b133b2905b36909786e69941eb196f09:record_1456,Hours,ED patients,hours,ed patients,true,[],CIHI NACRS / Other
file_fd960952b94a17c6133039e5515cdb29b133b2905b36909786e69941eb196f09:record_1457,Hours,ED patients,hours,ed patients,true,[],CIHI NACRS / Other
file_fd960952b94a17c6133039e5515cdb29b133b2905b36909786e69941eb196f09:record_1458,Hours,ED patients,hours,ed patients,true,[],CIHI NACRS / Other
file_fd960952b94a17c6133039e5515cdb29b133b2905b36909786e69941eb196f09:record_1459,Days,Other,days,unknown,false,"[""unknown_unit_or_population""]",Hospital collected data / Apr 1 - Mar 31
file_fd960952b94a17c6133039e5515cdb29b133b2905b36909786e69941eb196f09:record_1460,Days,Other,days,unknown,false,"[""unknown_unit_or_population""]",Hospital collected data / Apr 1 - Mar 31
file_fd960952b94a17c6133039e5515cdb29b133b2905b36909786e69941eb196f09:record_1461,Days,Other,days,unknown,false,"[""unknown_unit_or_population""]",Hospital collected data / Apr 1 - Mar 31
file_fd960952b94a17c6133039e5515cdb29b133b2905b36909786e69941eb196f09:record_1462,%,Staff,percent,staff,true,[],In house data collection  / Apr 1 - Mar 31
file_fd960952b94a17c6133039e5515cdb29b133b2905b36909786e69941eb196f09:record_1463,%,Staff,percent,staff,true,[],In house data collection  / Apr 1 - Mar 31
file_fd960952b94a17c6133039e5515cdb29b133b2905b36909786e69941eb196f09:record_1464,%,Patients,percent,patients,true,[],WTIS / Apr 1 - Mar 31
file_fd960952b94a17c6133039e5515cdb29b133b2905b36909786e69941eb196f09:record_1465,%,Patients,percent,patients,true,[],WTIS / Apr 1 - Mar 31
file_fd960952b94a17c6133039e5515cdb29b133b2905b36909786e69941eb196f09:record_1466,Minutes,Patients,minutes,patients,true,[],CIHI NACRS / Other
file_fd960952b94a17c6133039e5515cdb29b133b2905b36909786e69941eb196f09:record_1467,%,Staff,percent,staff,false,"[""incompatible_indicator_unit""]",Local data collection / Other
file_fd960952b94a17c6133039e5515cdb29b133b2905b36909786e69941eb196f09:record_1468,Hours,ED patients,hours,ed patients,true,[],CIHI NACRS / Other
file_fd960952b94a17c6133039e5515cdb29b133b2905b36909786e69941eb196f09:record_1469,Hours,ED patients,hours,ed patients,true,[],CIHI NACRS / Other
file_fd960952b94a17c6133039e5515cdb29b133b2905b36909786e69941eb196f09:record_1470,Hours,ED patients,hours,ed patients,true,[],CIHI NACRS / Other
file_fd960952b94a17c6133039e5515cdb29b133b2905b36909786e69941eb196f09:record_1471,Number,ED patients,count,ed patients,true,[],CIHI NACRS / Fiscal Year
file_fd960952b94a17c6133039e5515cdb29b133b2905b36909786e69941eb196f09:record_1472,%,Patients,percent,patients,true,[],"CIHI DAD, NACRS / Quarter"
file_fd960952b94a17c6133039e5515cdb29b133b2905b36909786e69941eb196f09:record_1473,%,N/a,percent,unknown,false,"[""unknown_unit_or_population""]","Hospital collected data / April 1, 2026 to March 31, 2027"
file_fd960952b94a17c6133039e5515cdb29b133b2905b36909786e69941eb196f09:record_1474,%,Survey respondents,percent,survey respondents,true,[],"In house data collection  / April 1, 2026 to March 31, 2027"
file_fd960952b94a17c6133039e5515cdb29b133b2905b36909786e69941eb196f09:record_1475,%,Survey respondents,percent,survey respondents,true,[],"In house data collection  / April 1, 2026 to March 31, 2027"
file_fd960952b94a17c6133039e5515cdb29b133b2905b36909786e69941eb196f09:record_1476,Days,Staff,days,staff,true,[],"In house data collection  / April 1, 2026 to March 31, 2027"
file_fd960952b94a17c6133039e5515cdb29b133b2905b36909786e69941eb196f09:record_1477,%,Patients,percent,patients,true,[],"In house data collection  / April 1, 2026 to March 31, 2027"
file_fd960952b94a17c6133039e5515cdb29b133b2905b36909786e69941eb196f09:record_1478,%,Survey respondents,percent,survey respondents,true,[],Local data collection / Jan to Dec 2025
file_fd960952b94a17c6133039e5515cdb29b133b2905b36909786e69941eb196f09:record_1479,Number,Patients,count,patients,true,[],"In house data collection  / Jan 1 to Dec 31, 2025"
file_fd960952b94a17c6133039e5515cdb29b133b2905b36909786e69941eb196f09:record_1480,Number,Patients,count,patients,true,[],"In house data collection  / Jan 1 to Dec 31, 2025"
file_fd960952b94a17c6133039e5515cdb29b133b2905b36909786e69941eb196f09:record_1481,Number,Patients,count,patients,true,[],"In house data collection  / Jan 1 to Dec 31, 2025"
file_fd960952b94a17c6133039e5515cdb29b133b2905b36909786e69941eb196f09:record_1482,Hours,ED patients,hours,ed patients,true,[],CIHI NACRS / Other
file_fd960952b94a17c6133039e5515cdb29b133b2905b36909786e69941eb196f09:record_1483,Hours,ED patients,hours,ed patients,true,[],CIHI NACRS / Other
file_fd960952b94a17c6133039e5515cdb29b133b2905b36909786e69941eb196f09:record_1484,Hours,ED patients,hours,ed patients,true,[],CIHI NACRS / Other
file_fd960952b94a17c6133039e5515cdb29b133b2905b36909786e69941eb196f09:record_1485,Hours,ED patients,hours,ed patients,true,[],CIHI NACRS / Other
file_fd960952b94a17c6133039e5515cdb29b133b2905b36909786e69941eb196f09:record_1486,Hours,ED patients,hours,ed patients,true,[],CIHI NACRS / Other
file_fd960952b94a17c6133039e5515cdb29b133b2905b36909786e69941eb196f09:record_1487,Hours,ED patients,hours,ed patients,true,[],CIHI NACRS / Other
file_fd960952b94a17c6133039e5515cdb29b133b2905b36909786e69941eb196f09:record_1488,Hours,ED patients,hours,ed patients,true,[],CIHI NACRS / Other
file_fd960952b94a17c6133039e5515cdb29b133b2905b36909786e69941eb196f09:record_1489,Number,Staff,count,staff,true,[],In house data collection  / April 1st to March 31st
file_fd960952b94a17c6133039e5515cdb29b133b2905b36909786e69941eb196f09:record_1490,%,Discharged patients ,percent,discharged patients,true,[],Local data collection / Other
file_fd960952b94a17c6133039e5515cdb29b133b2905b36909786e69941eb196f09:record_1491,%,Discharged patients ,percent,discharged patients,true,[],Local data collection / Other
file_fd960952b94a17c6133039e5515cdb29b133b2905b36909786e69941eb196f09:record_1492,%,Survey respondents,percent,survey respondents,true,[],Local data collection / Other
file_fd960952b94a17c6133039e5515cdb29b133b2905b36909786e69941eb196f09:record_1493,%,Survey respondents,percent,survey respondents,true,[],Local data collection / Other
file_fd960952b94a17c6133039e5515cdb29b133b2905b36909786e69941eb196f09:record_1494,Rate,ED patients,unknown,ed patients,false,"[""unknown_unit_or_population""]",CIHI NACRS / 2025
file_fd960952b94a17c6133039e5515cdb29b133b2905b36909786e69941eb196f09:record_1495,Rate,ED patients,unknown,ed patients,false,"[""unknown_unit_or_population""]",CIHI NACRS / 2025
file_fd960952b94a17c6133039e5515cdb29b133b2905b36909786e69941eb196f09:record_1496,Rate,ED patients,unknown,ed patients,false,"[""unknown_unit_or_population""]",CIHI NACRS / 2025
file_fd960952b94a17c6133039e5515cdb29b133b2905b36909786e69941eb196f09:record_1497,Other,Other,unknown,unknown,false,"[""unknown_unit_or_population""]",CCO iPort / 2025
file_fd960952b94a17c6133039e5515cdb29b133b2905b36909786e69941eb196f09:record_1498,Minutes,Patients,minutes,patients,true,[],CIHI NACRS / Other
file_fd960952b94a17c6133039e5515cdb29b133b2905b36909786e69941eb196f09:record_1499,%,Staff,percent,staff,false,"[""incompatible_indicator_unit""]",Local data collection / Other
file_fd960952b94a17c6133039e5515cdb29b133b2905b36909786e69941eb196f09:record_1500,%,Staff,percent,staff,false,"[""incompatible_indicator_unit""]",Local data collection / Other
file_fd960952b94a17c6133039e5515cdb29b133b2905b36909786e69941eb196f09:record_1501,%,Staff,percent,staff,false,"[""incompatible_indicator_unit""]",Local data collection / Other
file_fd960952b94a17c6133039e5515cdb29b133b2905b36909786e69941eb196f09:record_1502,%,Staff,percent,staff,true,[],Local data collection / Other
file_fd960952b94a17c6133039e5515cdb29b133b2905b36909786e69941eb196f09:record_1503,Hours,ED patients,hours,ed patients,true,[],CIHI NACRS / Other
file_fd960952b94a17c6133039e5515cdb29b133b2905b36909786e69941eb196f09:record_1504,Hours,ED patients,hours,ed patients,true,[],CIHI NACRS / Other
file_fd960952b94a17c6133039e5515cdb29b133b2905b36909786e69941eb196f09:record_1505,Hours,ED patients,hours,ed patients,true,[],CIHI NACRS / Other
file_fd960952b94a17c6133039e5515cdb29b133b2905b36909786e69941eb196f09:record_1506,Hours,ED patients,hours,ed patients,true,[],CIHI NACRS / Other
file_fd960952b94a17c6133039e5515cdb29b133b2905b36909786e69941eb196f09:record_1507,Hours,ED patients,hours,ed patients,true,[],CIHI NACRS / Other
file_fd960952b94a17c6133039e5515cdb29b133b2905b36909786e69941eb196f09:record_1508,Hours,ED patients,hours,ed patients,true,[],CIHI NACRS / Other
file_fd960952b94a17c6133039e5515cdb29b133b2905b36909786e69941eb196f09:record_1509,Hours,ED patients,hours,ed patients,true,[],CIHI NACRS / Other
file_fd960952b94a17c6133039e5515cdb29b133b2905b36909786e69941eb196f09:record_1510,Hours,ED patients,hours,ed patients,true,[],CIHI NACRS / Other
file_fd960952b94a17c6133039e5515cdb29b133b2905b36909786e69941eb196f09:record_1511,Hours,ED patients,hours,ed patients,true,[],CIHI NACRS / Other
file_fd960952b94a17c6133039e5515cdb29b133b2905b36909786e69941eb196f09:record_1512,Hours,ED patients,hours,ed patients,true,[],CIHI NACRS / Other
file_fd960952b94a17c6133039e5515cdb29b133b2905b36909786e69941eb196f09:record_1513,%,Survey respondents,percent,survey respondents,true,[],Local data collection / Other
file_fd960952b94a17c6133039e5515cdb29b133b2905b36909786e69941eb196f09:record_1514,Minutes,Patients,minutes,patients,true,[],CIHI NACRS / Other
file_fd960952b94a17c6133039e5515cdb29b133b2905b36909786e69941eb196f09:record_1515,%,Hospital admitted patients,percent,hospital admitted patients,true,[],CIHI DAD / Quarter
file_fd960952b94a17c6133039e5515cdb29b133b2905b36909786e69941eb196f09:record_1516,Hours,ED patients,hours,ed patients,true,[],CIHI NACRS / Other
file_fd960952b94a17c6133039e5515cdb29b133b2905b36909786e69941eb196f09:record_1517,Number,ED patients,count,ed patients,true,[],CIHI NACRS / Fiscal Year
file_fd960952b94a17c6133039e5515cdb29b133b2905b36909786e69941eb196f09:record_1518,%,All inpatients,percent,all inpatients,true,[],CIHI NACRS / FY 2024
file_fd960952b94a17c6133039e5515cdb29b133b2905b36909786e69941eb196f09:record_1519,Number,Staff,count,staff,true,[],Hospital collected data / Most recent consecutive 12-month period
file_fd960952b94a17c6133039e5515cdb29b133b2905b36909786e69941eb196f09:record_1520,%,Discharged patients ,percent,discharged patients,true,[],Local data collection / Other
file_fd960952b94a17c6133039e5515cdb29b133b2905b36909786e69941eb196f09:record_1521,%,Discharged patients ,percent,discharged patients,true,[],Local data collection / Other
file_fd960952b94a17c6133039e5515cdb29b133b2905b36909786e69941eb196f09:record_1522,%,Survey respondents,percent,survey respondents,true,[],Local data collection / Other
file_fd960952b94a17c6133039e5515cdb29b133b2905b36909786e69941eb196f09:record_1523,%,Survey respondents,percent,survey respondents,true,[],Local data collection / Other
file_fd960952b94a17c6133039e5515cdb29b133b2905b36909786e69941eb196f09:record_1524,Hours,ED patients,hours,ed patients,true,[],"Hospital collected data / December 1, 2024  - November 30, 2025"
file_fd960952b94a17c6133039e5515cdb29b133b2905b36909786e69941eb196f09:record_1525,Hours,ED patients,hours,ed patients,true,[],"Hospital collected data / December 1, 2024  - November 30, 2025"
file_fd960952b94a17c6133039e5515cdb29b133b2905b36909786e69941eb196f09:record_1526,Minutes,ED patients,minutes,ed patients,true,[],CIHI NACRS / Quarter
file_fd960952b94a17c6133039e5515cdb29b133b2905b36909786e69941eb196f09:record_1527,Minutes,ED patients,minutes,ed patients,true,[],CIHI NACRS / Quarter
file_fd960952b94a17c6133039e5515cdb29b133b2905b36909786e69941eb196f09:record_1528,Count,Other,count,unknown,false,"[""unknown_unit_or_population""]",In house data collection  / Most recent 3-month period
file_fd960952b94a17c6133039e5515cdb29b133b2905b36909786e69941eb196f09:record_1529,Count,Other,count,unknown,false,"[""unknown_unit_or_population""]",In house data collection  / Most recent 3-month period
file_fd960952b94a17c6133039e5515cdb29b133b2905b36909786e69941eb196f09:record_1530,%,Other,percent,unknown,false,"[""unknown_unit_or_population""]",Local data collection / Most-recent 3 month period
file_fd960952b94a17c6133039e5515cdb29b133b2905b36909786e69941eb196f09:record_1531,%,Other,percent,unknown,false,"[""unknown_unit_or_population""]",Local data collection / Most-recent 3 month period
file_fd960952b94a17c6133039e5515cdb29b133b2905b36909786e69941eb196f09:record_1532,%,Other,percent,unknown,false,"[""unknown_unit_or_population""]",Local data collection / Most-recent 3 month period
file_fd960952b94a17c6133039e5515cdb29b133b2905b36909786e69941eb196f09:record_1533,%,Other,percent,unknown,false,"[""unknown_unit_or_population""]",Local data collection / Most-recent 3 month period
file_fd960952b94a17c6133039e5515cdb29b133b2905b36909786e69941eb196f09:record_1534,Hours,ED patients,hours,ed patients,true,[],"Hospital collected data / December 1,2024 - November 30, 2025"
file_fd960952b94a17c6133039e5515cdb29b133b2905b36909786e69941eb196f09:record_1535,Hours,ED patients,hours,ed patients,true,[],"Hospital collected data / December 1,2024 - November 30, 2025"
file_fd960952b94a17c6133039e5515cdb29b133b2905b36909786e69941eb196f09:record_1536,Hours,ED patients,hours,ed patients,true,[],"Hospital collected data / December 1, 2024 to November 30, 2025"
file_fd960952b94a17c6133039e5515cdb29b133b2905b36909786e69941eb196f09:record_1537,Hours,ED patients,hours,ed patients,true,[],"Hospital collected data / December 1, 2024 to November 30, 2025"
file_fd960952b94a17c6133039e5515cdb29b133b2905b36909786e69941eb196f09:record_1538,Hours,ED patients,hours,ed patients,true,[],"Hospital collected data / December 1, 2024 - November 30, 2025"
file_fd960952b94a17c6133039e5515cdb29b133b2905b36909786e69941eb196f09:record_1539,Hours,ED patients,hours,ed patients,true,[],"Hospital collected data / December 1, 2024 - November 30, 2025"
file_fd960952b94a17c6133039e5515cdb29b133b2905b36909786e69941eb196f09:record_1540,Hours,ED patients,hours,ed patients,true,[],"Hospital collected data / December 1, 2024 - November 30, 2025"
file_fd960952b94a17c6133039e5515cdb29b133b2905b36909786e69941eb196f09:record_1541,%,Discharged patients ,percent,discharged patients,true,[],Local data collection / Other
file_fd960952b94a17c6133039e5515cdb29b133b2905b36909786e69941eb196f09:record_1542,Hours,ED patients,hours,ed patients,true,[],CIHI NACRS / Other
file_fd960952b94a17c6133039e5515cdb29b133b2905b36909786e69941eb196f09:record_1543,%,ED patients,percent,ed patients,true,[],CIHI NACRS / Fiscal Year
file_fd960952b94a17c6133039e5515cdb29b133b2905b36909786e69941eb196f09:record_1544,%,Staff,percent,staff,true,[],Local data collection / Other
file_fd960952b94a17c6133039e5515cdb29b133b2905b36909786e69941eb196f09:record_1545,Hours,ED patients,hours,ed patients,true,[],CIHI NACRS / Other
file_fd960952b94a17c6133039e5515cdb29b133b2905b36909786e69941eb196f09:record_1546,Hours,ED patients,hours,ed patients,true,[],CIHI NACRS / Other
file_fd960952b94a17c6133039e5515cdb29b133b2905b36909786e69941eb196f09:record_1547,Other,ED patients,unknown,ed patients,false,"[""unknown_unit_or_population""]",Other / 26/27
file_fd960952b94a17c6133039e5515cdb29b133b2905b36909786e69941eb196f09:record_1548,Other,ED patients,unknown,ed patients,false,"[""unknown_unit_or_population""]",Other / 26/27
file_fd960952b94a17c6133039e5515cdb29b133b2905b36909786e69941eb196f09:record_1549,Other,ED patients,unknown,ed patients,false,"[""unknown_unit_or_population""]",Hospital collected data / 2026
file_fd960952b94a17c6133039e5515cdb29b133b2905b36909786e69941eb196f09:record_1550,Other,Discharged patients ,unknown,discharged patients,false,"[""unknown_unit_or_population""]",Hospital collected data / 2026
file_fd960952b94a17c6133039e5515cdb29b133b2905b36909786e69941eb196f09:record_1551,%,Survey respondents,percent,survey respondents,true,[],Local data collection / Other
file_fd960952b94a17c6133039e5515cdb29b133b2905b36909786e69941eb196f09:record_1552,%,Survey respondents,percent,survey respondents,true,[],Local data collection / Other
file_fd960952b94a17c6133039e5515cdb29b133b2905b36909786e69941eb196f09:record_1553,%,Survey respondents,percent,survey respondents,true,[],Local data collection / Other
file_fd960952b94a17c6133039e5515cdb29b133b2905b36909786e69941eb196f09:record_1554,Hours,ED patients,hours,ed patients,true,[],CIHI NACRS / Other
file_fd960952b94a17c6133039e5515cdb29b133b2905b36909786e69941eb196f09:record_1555,Hours,ED patients,hours,ed patients,true,[],CIHI NACRS / Other
file_fd960952b94a17c6133039e5515cdb29b133b2905b36909786e69941eb196f09:record_1556,Hours,ED patients,hours,ed patients,true,[],CIHI NACRS / Other
file_fd960952b94a17c6133039e5515cdb29b133b2905b36909786e69941eb196f09:record_1557,Hours,ED patients,hours,ed patients,true,[],CIHI NACRS / Other
file_fd960952b94a17c6133039e5515cdb29b133b2905b36909786e69941eb196f09:record_1558,Hours,ED patients,hours,ed patients,true,[],CIHI NACRS / Other
file_fd960952b94a17c6133039e5515cdb29b133b2905b36909786e69941eb196f09:record_1559,Hours,ED patients,hours,ed patients,true,[],CIHI NACRS / Other
file_fd960952b94a17c6133039e5515cdb29b133b2905b36909786e69941eb196f09:record_1560,%,All inpatients,percent,all inpatients,true,[],EMR/Chart Review / 2026-2027
file_fd960952b94a17c6133039e5515cdb29b133b2905b36909786e69941eb196f09:record_1561,%,All inpatients,percent,all inpatients,true,[],EMR/Chart Review / 2026-2027
file_fd960952b94a17c6133039e5515cdb29b133b2905b36909786e69941eb196f09:record_1562,%,All inpatients,percent,all inpatients,true,[],EMR/Chart Review / 2026-2027
file_fd960952b94a17c6133039e5515cdb29b133b2905b36909786e69941eb196f09:record_1563,%,Health providers in the entire facility,percent,health providers in the entire facility,true,[],Other / 2026-2027
file_fd960952b94a17c6133039e5515cdb29b133b2905b36909786e69941eb196f09:record_1564,%,Health providers in the entire facility,percent,health providers in the entire facility,true,[],Other / 2026-2027
file_fd960952b94a17c6133039e5515cdb29b133b2905b36909786e69941eb196f09:record_1565,%,Health providers in the entire facility,percent,health providers in the entire facility,true,[],Other / 2026-2027
file_fd960952b94a17c6133039e5515cdb29b133b2905b36909786e69941eb196f09:record_1566,%,Other,percent,unknown,false,"[""unknown_unit_or_population""]","CIHI DAD, NACRS / 2026-2027"
file_fd960952b94a17c6133039e5515cdb29b133b2905b36909786e69941eb196f09:record_1567,%,Other,percent,unknown,false,"[""unknown_unit_or_population""]","CIHI DAD, NACRS / 2026-2027"
file_fd960952b94a17c6133039e5515cdb29b133b2905b36909786e69941eb196f09:record_1568,%,Other,percent,unknown,false,"[""unknown_unit_or_population""]","CIHI DAD, NACRS / 2026-2027"
file_fd960952b94a17c6133039e5515cdb29b133b2905b36909786e69941eb196f09:record_1569,%,Staff,percent,staff,true,[],Local data collection / Most recent consecutive 12-month period
file_fd960952b94a17c6133039e5515cdb29b133b2905b36909786e69941eb196f09:record_1570,%,Staff,percent,staff,true,[],Local data collection / Most recent consecutive 12-month period
file_fd960952b94a17c6133039e5515cdb29b133b2905b36909786e69941eb196f09:record_1571,%,Staff,percent,staff,true,[],Local data collection / Most recent consecutive 12-month period
file_fd960952b94a17c6133039e5515cdb29b133b2905b36909786e69941eb196f09:record_1572,%,Discharged patients ,percent,discharged patients,true,[],Local data collection / Other
file_fd960952b94a17c6133039e5515cdb29b133b2905b36909786e69941eb196f09:record_1573,Minutes,Patients,minutes,patients,true,[],CIHI NACRS / Other
file_fd960952b94a17c6133039e5515cdb29b133b2905b36909786e69941eb196f09:record_1574,Hours,ED patients,hours,ed patients,true,[],CIHI NACRS / Other
file_fd960952b94a17c6133039e5515cdb29b133b2905b36909786e69941eb196f09:record_1575,%,Staff,percent,staff,true,[],Local data collection / Other
file_fd960952b94a17c6133039e5515cdb29b133b2905b36909786e69941eb196f09:record_1576,Hours,ED patients,hours,ed patients,true,[],CIHI NACRS / Other
file_fd960952b94a17c6133039e5515cdb29b133b2905b36909786e69941eb196f09:record_1577,Hours,ED patients,hours,ed patients,true,[],CIHI NACRS / Other
file_fd960952b94a17c6133039e5515cdb29b133b2905b36909786e69941eb196f09:record_1578,Hours,ED patients,hours,ed patients,true,[],CIHI NACRS / Other
file_fd960952b94a17c6133039e5515cdb29b133b2905b36909786e69941eb196f09:record_1579,"Rate per 1,000 patient days",All acute patients,rate_per_1000_patient_days,all acute patients,true,[],In house data collection  / 2025/2026
file_fd960952b94a17c6133039e5515cdb29b133b2905b36909786e69941eb196f09:record_1580,"Rate per 1,000 patient days",All acute patients,rate_per_1000_patient_days,all acute patients,true,[],In house data collection  / 2025/2026
file_fd960952b94a17c6133039e5515cdb29b133b2905b36909786e69941eb196f09:record_1581,Hours,ED patients,hours,ed patients,true,[],CIHI NACRS / Other
file_fd960952b94a17c6133039e5515cdb29b133b2905b36909786e69941eb196f09:record_1582,%,Hospital admitted patients,percent,hospital admitted patients,true,[],CIHI DAD / Quarter
file_fd960952b94a17c6133039e5515cdb29b133b2905b36909786e69941eb196f09:record_1583,%,Hospital admitted patients,percent,hospital admitted patients,true,[],CIHI DAD / Quarter
file_fd960952b94a17c6133039e5515cdb29b133b2905b36909786e69941eb196f09:record_1584,%,Hospital admitted patients,percent,hospital admitted patients,true,[],CIHI DAD / Quarter
file_fd960952b94a17c6133039e5515cdb29b133b2905b36909786e69941eb196f09:record_1585,%,Hospital admitted patients,percent,hospital admitted patients,true,[],CIHI DAD / Quarter
file_fd960952b94a17c6133039e5515cdb29b133b2905b36909786e69941eb196f09:record_1586,%,All patients,percent,all patients,true,[],Hospital collected data / January - December 2025
file_fd960952b94a17c6133039e5515cdb29b133b2905b36909786e69941eb196f09:record_1587,%,All patients,percent,all patients,true,[],Hospital collected data / January - December 2025
file_fd960952b94a17c6133039e5515cdb29b133b2905b36909786e69941eb196f09:record_1588,%,Other,percent,unknown,false,"[""unknown_unit_or_population""]",Hospital collected data / January - December 2025
file_fd960952b94a17c6133039e5515cdb29b133b2905b36909786e69941eb196f09:record_1589,%,Other,percent,unknown,false,"[""unknown_unit_or_population""]",Hospital collected data / January - December 2025
file_fd960952b94a17c6133039e5515cdb29b133b2905b36909786e69941eb196f09:record_1590,%,Other,percent,unknown,false,"[""unknown_unit_or_population""]",Hospital collected data / January - December 2025
file_fd960952b94a17c6133039e5515cdb29b133b2905b36909786e69941eb196f09:record_1591,Count,All inpatients,count,all inpatients,true,[],Hospital collected data / 2025/26
file_fd960952b94a17c6133039e5515cdb29b133b2905b36909786e69941eb196f09:record_1592,Count,All inpatients,count,all inpatients,true,[],Hospital collected data / 2025/26
file_fd960952b94a17c6133039e5515cdb29b133b2905b36909786e69941eb196f09:record_1593,Count,All inpatients,count,all inpatients,true,[],Hospital collected data / 2025/26
file_fd960952b94a17c6133039e5515cdb29b133b2905b36909786e69941eb196f09:record_1594,Rate,Other,unknown,unknown,false,"[""unknown_unit_or_population""]",CIHI DAD / FY 2025-26
file_fd960952b94a17c6133039e5515cdb29b133b2905b36909786e69941eb196f09:record_1595,Rate,Other,unknown,unknown,false,"[""unknown_unit_or_population""]",CIHI DAD / FY 2025-26
file_fd960952b94a17c6133039e5515cdb29b133b2905b36909786e69941eb196f09:record_1596,Rate,All patients,unknown,all patients,false,"[""unknown_unit_or_population""]",Hospital collected data / FY 2025-26
file_fd960952b94a17c6133039e5515cdb29b133b2905b36909786e69941eb196f09:record_1597,Rate,All patients,unknown,all patients,false,"[""unknown_unit_or_population""]",Hospital collected data / FY 2025-26
file_fd960952b94a17c6133039e5515cdb29b133b2905b36909786e69941eb196f09:record_1598,Ratio (No unit),ALC patients,ratio,alc patients,true,[],In house data collection  / July 1 2025 - September 30 2025 (Q2)
file_fd960952b94a17c6133039e5515cdb29b133b2905b36909786e69941eb196f09:record_1599,Ratio (No unit),ALC patients,ratio,alc patients,true,[],In house data collection  / July 1 2025 - September 30 2025 (Q2)
file_fd960952b94a17c6133039e5515cdb29b133b2905b36909786e69941eb196f09:record_1600,%,People,percent,people,true,[],In house data collection  / January - December 2025
file_fd960952b94a17c6133039e5515cdb29b133b2905b36909786e69941eb196f09:record_1601,%,People,percent,people,true,[],In house data collection  / January - December 2025
file_fd960952b94a17c6133039e5515cdb29b133b2905b36909786e69941eb196f09:record_1602,%,Survey respondents,percent,survey respondents,true,[],In-house survey / January - December 2025
file_fd960952b94a17c6133039e5515cdb29b133b2905b36909786e69941eb196f09:record_1603,%,Survey respondents,percent,survey respondents,true,[],In-house survey / January - December 2025
file_fd960952b94a17c6133039e5515cdb29b133b2905b36909786e69941eb196f09:record_1604,%,Survey respondents,percent,survey respondents,true,[],In-house survey / January - December 2025
file_fd960952b94a17c6133039e5515cdb29b133b2905b36909786e69941eb196f09:record_1605,%,Other,percent,unknown,false,"[""unknown_unit_or_population""]",In house data collection  / January - December 2026
file_fd960952b94a17c6133039e5515cdb29b133b2905b36909786e69941eb196f09:record_1606,%,Other,percent,unknown,false,"[""unknown_unit_or_population""]",In house data collection  / January - December 2026
file_fd960952b94a17c6133039e5515cdb29b133b2905b36909786e69941eb196f09:record_1607,%,Other,percent,unknown,false,"[""unknown_unit_or_population""]",In house data collection  / January - December 2026
file_fd960952b94a17c6133039e5515cdb29b133b2905b36909786e69941eb196f09:record_1608,%,Staff,percent,staff,true,[],In house data collection  / January - December 2025
file_fd960952b94a17c6133039e5515cdb29b133b2905b36909786e69941eb196f09:record_1609,%,Staff,percent,staff,true,[],In house data collection  / January - December 2025
file_fd960952b94a17c6133039e5515cdb29b133b2905b36909786e69941eb196f09:record_1610,Count,Staff,count,staff,true,[],In house data collection  / January - December 2026
file_fd960952b94a17c6133039e5515cdb29b133b2905b36909786e69941eb196f09:record_1611,%,Other,percent,unknown,false,"[""unknown_unit_or_population""]",In house data collection  / April - December 2026
file_fd960952b94a17c6133039e5515cdb29b133b2905b36909786e69941eb196f09:record_1612,%,Other,percent,unknown,false,"[""unknown_unit_or_population""]",In house data collection  / April - December 2026
file_fd960952b94a17c6133039e5515cdb29b133b2905b36909786e69941eb196f09:record_1613,Rate per 100 inpatient days,All acute patients,rate_per_100_inpatient_days,all acute patients,true,[],"WTIS, CCO, BCS, MOHLTC / April 1, 2026 - March 31, 2027"
file_fd960952b94a17c6133039e5515cdb29b133b2905b36909786e69941eb196f09:record_1614,%,Other,percent,unknown,false,"[""unknown_unit_or_population""]",Other / April 1 2026  - January 31 2027
file_fd960952b94a17c6133039e5515cdb29b133b2905b36909786e69941eb196f09:record_1615,%,Other,percent,unknown,false,"[""unknown_unit_or_population""]",Other / April 1 2026  - January 31 2027
file_fd960952b94a17c6133039e5515cdb29b133b2905b36909786e69941eb196f09:record_1616,"Rate per 1,000 patient days",All patients,rate_per_1000_patient_days,all patients,true,[],In house data collection  / April 1 2026 - March 31 2027
file_fd960952b94a17c6133039e5515cdb29b133b2905b36909786e69941eb196f09:record_1617,%,Staff,percent,staff,true,[],In house data collection  / April 1 2026 - March 1 2027
file_fd960952b94a17c6133039e5515cdb29b133b2905b36909786e69941eb196f09:record_1618,%,Survey respondents,percent,survey respondents,true,[],Local data collection / Other
file_fd960952b94a17c6133039e5515cdb29b133b2905b36909786e69941eb196f09:record_1619,%,Survey respondents,percent,survey respondents,true,[],Local data collection / Other
file_fd960952b94a17c6133039e5515cdb29b133b2905b36909786e69941eb196f09:record_1620,%,Survey respondents,percent,survey respondents,true,[],Local data collection / Other
file_fd960952b94a17c6133039e5515cdb29b133b2905b36909786e69941eb196f09:record_1621,Minutes,Patients,minutes,patients,true,[],CIHI NACRS / Other
file_fd960952b94a17c6133039e5515cdb29b133b2905b36909786e69941eb196f09:record_1622,Minutes,Patients,minutes,patients,true,[],CIHI NACRS / Other
file_fd960952b94a17c6133039e5515cdb29b133b2905b36909786e69941eb196f09:record_1623,Minutes,Patients,minutes,patients,true,[],CIHI NACRS / Other
file_fd960952b94a17c6133039e5515cdb29b133b2905b36909786e69941eb196f09:record_1624,Minutes,ED patients,minutes,ed patients,true,[],CIHI NACRS / Quarter
file_fd960952b94a17c6133039e5515cdb29b133b2905b36909786e69941eb196f09:record_1625,%,Staff,percent,staff,true,[],Local data collection / Other
file_fd960952b94a17c6133039e5515cdb29b133b2905b36909786e69941eb196f09:record_1626,%,Patients,percent,patients,true,[],"CIHI DAD, NACRS / Quarter"
file_fd960952b94a17c6133039e5515cdb29b133b2905b36909786e69941eb196f09:record_1627,%,Patients,percent,patients,true,[],"CIHI DAD, NACRS / Quarter"
file_fd960952b94a17c6133039e5515cdb29b133b2905b36909786e69941eb196f09:record_1628,%,Patients,percent,patients,true,[],"CIHI DAD, NACRS / Quarter"
file_fd960952b94a17c6133039e5515cdb29b133b2905b36909786e69941eb196f09:record_1629,%,Survey respondents,percent,survey respondents,true,[],Local data collection / Other
file_fd960952b94a17c6133039e5515cdb29b133b2905b36909786e69941eb196f09:record_1630,%,Survey respondents,percent,survey respondents,true,[],Local data collection / Other
file_fd960952b94a17c6133039e5515cdb29b133b2905b36909786e69941eb196f09:record_1631,%,Survey respondents,percent,survey respondents,true,[],Local data collection / Other
file_fd960952b94a17c6133039e5515cdb29b133b2905b36909786e69941eb196f09:record_1632,%,Staff,percent,staff,false,"[""incompatible_indicator_unit""]",Local data collection / Other
file_fd960952b94a17c6133039e5515cdb29b133b2905b36909786e69941eb196f09:record_1633,%,Staff,percent,staff,false,"[""incompatible_indicator_unit""]",Local data collection / Other
file_fd960952b94a17c6133039e5515cdb29b133b2905b36909786e69941eb196f09:record_1634,%,Staff,percent,staff,false,"[""incompatible_indicator_unit""]",Local data collection / Other
file_fd960952b94a17c6133039e5515cdb29b133b2905b36909786e69941eb196f09:record_1635,%,Staff,percent,staff,false,"[""incompatible_indicator_unit""]",Local data collection / Other
file_fd960952b94a17c6133039e5515cdb29b133b2905b36909786e69941eb196f09:record_1636,%,Staff,percent,staff,true,[],Local data collection / Other
file_fd960952b94a17c6133039e5515cdb29b133b2905b36909786e69941eb196f09:record_1637,%,Staff,percent,staff,true,[],Local data collection / Other
file_fd960952b94a17c6133039e5515cdb29b133b2905b36909786e69941eb196f09:record_1638,%,Staff,percent,staff,true,[],Local data collection / Other
file_fd960952b94a17c6133039e5515cdb29b133b2905b36909786e69941eb196f09:record_1639,%,Staff,percent,staff,true,[],Local data collection / Other
file_fd960952b94a17c6133039e5515cdb29b133b2905b36909786e69941eb196f09:record_1640,%,Staff,percent,staff,true,[],Local data collection / Other
file_fd960952b94a17c6133039e5515cdb29b133b2905b36909786e69941eb196f09:record_1641,Number,ED patients,count,ed patients,true,[],"CIHI NACRS / April 1, 2025- December 31, 2025"
file_fd960952b94a17c6133039e5515cdb29b133b2905b36909786e69941eb196f09:record_1642,Number,ED patients,count,ed patients,true,[],"CIHI NACRS / April 1, 2025- December 31, 2025"
file_fd960952b94a17c6133039e5515cdb29b133b2905b36909786e69941eb196f09:record_1643,Number,ED patients,count,ed patients,true,[],"CIHI NACRS / April 1, 2025- December 31, 2025"
file_fd960952b94a17c6133039e5515cdb29b133b2905b36909786e69941eb196f09:record_1644,%,Other,percent,unknown,false,"[""unknown_unit_or_population""]","Other / April 1, 2026-March 31, 2027"
file_fd960952b94a17c6133039e5515cdb29b133b2905b36909786e69941eb196f09:record_1645,%,Other,percent,unknown,false,"[""unknown_unit_or_population""]","Other / April 1, 2026-March 31, 2027"
file_fd960952b94a17c6133039e5515cdb29b133b2905b36909786e69941eb196f09:record_1646,%,Other,percent,unknown,false,"[""unknown_unit_or_population""]","Other / April 1, 2026-March 31, 2027"
file_fd960952b94a17c6133039e5515cdb29b133b2905b36909786e69941eb196f09:record_1647,%,Other,percent,unknown,false,"[""unknown_unit_or_population""]","Other / April 1, 2026-March 31, 2027"
file_fd960952b94a17c6133039e5515cdb29b133b2905b36909786e69941eb196f09:record_1648,%,Other,percent,unknown,false,"[""unknown_unit_or_population""]","Other / April 1, 2026-March 31, 2027"
file_fd960952b94a17c6133039e5515cdb29b133b2905b36909786e69941eb196f09:record_1649,%,Other,percent,unknown,false,"[""unknown_unit_or_population""]","Other / April 1, 2026-March 31, 2027"
file_fd960952b94a17c6133039e5515cdb29b133b2905b36909786e69941eb196f09:record_1650,%,Other,percent,unknown,false,"[""unknown_unit_or_population""]","Other / April 1, 2026-March 31, 2027"
file_fd960952b94a17c6133039e5515cdb29b133b2905b36909786e69941eb196f09:record_1651,%,All inpatients,percent,all inpatients,true,[],"Other / April 1, 2026-March 31, 2027"
file_fd960952b94a17c6133039e5515cdb29b133b2905b36909786e69941eb196f09:record_1652,%,All inpatients,percent,all inpatients,true,[],"Other / April 1, 2026-March 31, 2027"
file_fd960952b94a17c6133039e5515cdb29b133b2905b36909786e69941eb196f09:record_1653,%,All inpatients,percent,all inpatients,true,[],"Other / April 1, 2026-March 31, 2027"
file_fd960952b94a17c6133039e5515cdb29b133b2905b36909786e69941eb196f09:record_1654,Other,Other,unknown,unknown,false,"[""unknown_unit_or_population""]","Other / April 1, 2026-March 31, 2027"
file_fd960952b94a17c6133039e5515cdb29b133b2905b36909786e69941eb196f09:record_1655,Other,Other,unknown,unknown,false,"[""unknown_unit_or_population""]","Other / April 1, 2026-March 31, 2027"
file_fd960952b94a17c6133039e5515cdb29b133b2905b36909786e69941eb196f09:record_1656,%,Other,percent,unknown,false,"[""unknown_unit_or_population""]","Other / April 1, 2026-March 31, 2027"
file_fd960952b94a17c6133039e5515cdb29b133b2905b36909786e69941eb196f09:record_1657,%,Other,percent,unknown,false,"[""unknown_unit_or_population""]","Other / April 1, 2026-March 31, 2027"
file_fd960952b94a17c6133039e5515cdb29b133b2905b36909786e69941eb196f09:record_1658,%,Other,percent,unknown,false,"[""unknown_unit_or_population""]","Other / April 1, 2026-March 31, 2027"
file_fd960952b94a17c6133039e5515cdb29b133b2905b36909786e69941eb196f09:record_1659,%,Other,percent,unknown,false,"[""unknown_unit_or_population""]","Other / April 1, 2026-March 31, 2027"
file_fd960952b94a17c6133039e5515cdb29b133b2905b36909786e69941eb196f09:record_1660,%,Other,percent,unknown,false,"[""unknown_unit_or_population""]","Other / April 1, 2026-March 31, 2027"
file_fd960952b94a17c6133039e5515cdb29b133b2905b36909786e69941eb196f09:record_1661,%,Other,percent,unknown,false,"[""unknown_unit_or_population""]","Other / April 1, 2026-March 31, 2027"
file_fd960952b94a17c6133039e5515cdb29b133b2905b36909786e69941eb196f09:record_1662,%,Other,percent,unknown,false,"[""unknown_unit_or_population""]","Other / April 1, 2026-March 31, 2027"
file_fd960952b94a17c6133039e5515cdb29b133b2905b36909786e69941eb196f09:record_1663,Days,Mental health patients,days,mental health patients,true,[],"Other / April 1, 2026-March 31, 2027"
file_fd960952b94a17c6133039e5515cdb29b133b2905b36909786e69941eb196f09:record_1664,Days,Mental health patients,days,mental health patients,true,[],"Other / April 1, 2026-March 31, 2027"
file_fd960952b94a17c6133039e5515cdb29b133b2905b36909786e69941eb196f09:record_1665,Days,Mental health patients,days,mental health patients,true,[],"Other / April 1, 2026-March 31, 2027"
file_fd960952b94a17c6133039e5515cdb29b133b2905b36909786e69941eb196f09:record_1666,Days,Mental health patients,days,mental health patients,true,[],"Other / April 1, 2026-March 31, 2027"
file_fd960952b94a17c6133039e5515cdb29b133b2905b36909786e69941eb196f09:record_1667,Days,Mental health patients,days,mental health patients,true,[],"Other / April 1, 2026-March 31, 2027"
file_fd960952b94a17c6133039e5515cdb29b133b2905b36909786e69941eb196f09:record_1668,%,Other,percent,unknown,false,"[""unknown_unit_or_population""]","CIHI portal / April 1, 2026- March 31, 2027"
file_fd960952b94a17c6133039e5515cdb29b133b2905b36909786e69941eb196f09:record_1669,%,Other,percent,unknown,false,"[""unknown_unit_or_population""]","CIHI portal / April 1, 2026- March 31, 2027"
file_fd960952b94a17c6133039e5515cdb29b133b2905b36909786e69941eb196f09:record_1670,%,Survey respondents,percent,survey respondents,true,[],Local data collection / Other
file_fd960952b94a17c6133039e5515cdb29b133b2905b36909786e69941eb196f09:record_1671,%,Survey respondents,percent,survey respondents,true,[],Local data collection / Other
file_fd960952b94a17c6133039e5515cdb29b133b2905b36909786e69941eb196f09:record_1672,%,Survey respondents,percent,survey respondents,true,[],Local data collection / Other
file_fd960952b94a17c6133039e5515cdb29b133b2905b36909786e69941eb196f09:record_1673,%,Staff,percent,staff,false,"[""incompatible_indicator_unit""]",Local data collection / Other
file_fd960952b94a17c6133039e5515cdb29b133b2905b36909786e69941eb196f09:record_1674,%,Staff,percent,staff,false,"[""incompatible_indicator_unit""]",Local data collection / Other
file_fd960952b94a17c6133039e5515cdb29b133b2905b36909786e69941eb196f09:record_1675,%,Staff,percent,staff,false,"[""incompatible_indicator_unit""]",Local data collection / Other
file_fd960952b94a17c6133039e5515cdb29b133b2905b36909786e69941eb196f09:record_1676,%,Staff,percent,staff,true,[],Local data collection / Other
file_fd960952b94a17c6133039e5515cdb29b133b2905b36909786e69941eb196f09:record_1677,%,Staff,percent,staff,true,[],Local data collection / Other
file_fd960952b94a17c6133039e5515cdb29b133b2905b36909786e69941eb196f09:record_1678,%,Staff,percent,staff,true,[],Local data collection / Other
file_fd960952b94a17c6133039e5515cdb29b133b2905b36909786e69941eb196f09:record_1679,Number,ED patients,count,ed patients,true,[],CIHI NACRS / Fiscal Year
file_fd960952b94a17c6133039e5515cdb29b133b2905b36909786e69941eb196f09:record_1680,Hours,ED patients,hours,ed patients,true,[],CIHI NACRS / Other
file_fd960952b94a17c6133039e5515cdb29b133b2905b36909786e69941eb196f09:record_1681,Hours,ED patients,hours,ed patients,true,[],CIHI NACRS / Other
file_fd960952b94a17c6133039e5515cdb29b133b2905b36909786e69941eb196f09:record_1682,Hours,ED patients,hours,ed patients,true,[],CIHI NACRS / Other
file_fd960952b94a17c6133039e5515cdb29b133b2905b36909786e69941eb196f09:record_1683,Hours,ED patients,hours,ed patients,true,[],CIHI NACRS / Other
file_fd960952b94a17c6133039e5515cdb29b133b2905b36909786e69941eb196f09:record_1684,Hours,ED patients,hours,ed patients,true,[],CIHI NACRS / Other
file_fd960952b94a17c6133039e5515cdb29b133b2905b36909786e69941eb196f09:record_1685,Hours,ED patients,hours,ed patients,true,[],CIHI NACRS / Other
file_fd960952b94a17c6133039e5515cdb29b133b2905b36909786e69941eb196f09:record_1686,Hours,ED patients,hours,ed patients,true,[],CIHI NACRS / Other
file_fd960952b94a17c6133039e5515cdb29b133b2905b36909786e69941eb196f09:record_1687,Number,ED patients,count,ed patients,true,[],CIHI NACRS / Fiscal Year
file_fd960952b94a17c6133039e5515cdb29b133b2905b36909786e69941eb196f09:record_1688,Number,ED patients,count,ed patients,true,[],CIHI NACRS / Fiscal Year
file_fd960952b94a17c6133039e5515cdb29b133b2905b36909786e69941eb196f09:record_1689,Number,ED patients,count,ed patients,true,[],CIHI NACRS / Fiscal Year
file_fd960952b94a17c6133039e5515cdb29b133b2905b36909786e69941eb196f09:record_1690,Number,ED patients,count,ed patients,true,[],CIHI NACRS / Fiscal Year
file_fd960952b94a17c6133039e5515cdb29b133b2905b36909786e69941eb196f09:record_1691,"Rate per 1,000 patient days",All inpatients,rate_per_1000_patient_days,all inpatients,true,[],In house data collection  / Most recent consecutive 12-month period
file_fd960952b94a17c6133039e5515cdb29b133b2905b36909786e69941eb196f09:record_1692,"Rate per 1,000 patient days",All inpatients,rate_per_1000_patient_days,all inpatients,true,[],In house data collection  / Most recent consecutive 12-month period
file_fd960952b94a17c6133039e5515cdb29b133b2905b36909786e69941eb196f09:record_1693,Days,All inpatients,days,all inpatients,true,[],"In house data collection  / April 1, 2024-March 31, 2024"
file_fd960952b94a17c6133039e5515cdb29b133b2905b36909786e69941eb196f09:record_1694,Days,All inpatients,days,all inpatients,true,[],"In house data collection  / April 1, 2024-March 31, 2024"
file_fd960952b94a17c6133039e5515cdb29b133b2905b36909786e69941eb196f09:record_1695,Number,Other,count,unknown,false,"[""unknown_unit_or_population""]","Other / April 1, 2025 - November 30, 2025"
file_fd960952b94a17c6133039e5515cdb29b133b2905b36909786e69941eb196f09:record_1696,Number,Other,count,unknown,false,"[""unknown_unit_or_population""]","Other / April 1, 2025 - November 30, 2025"
file_fd960952b94a17c6133039e5515cdb29b133b2905b36909786e69941eb196f09:record_1697,%,Staff,percent,staff,true,[],"Staff survey / April 1 2025 - March 31, 2026"
file_fd960952b94a17c6133039e5515cdb29b133b2905b36909786e69941eb196f09:record_1698,%,Staff,percent,staff,true,[],"Staff survey / April 1 2025 - March 31, 2026"
file_fd960952b94a17c6133039e5515cdb29b133b2905b36909786e69941eb196f09:record_1699,%,Staff,percent,staff,true,[],"Staff survey / April 1 2025 - March 31, 2026"
file_fd960952b94a17c6133039e5515cdb29b133b2905b36909786e69941eb196f09:record_1700,%,All acute patients,percent,all acute patients,true,[],Other / September 2025
file_fd960952b94a17c6133039e5515cdb29b133b2905b36909786e69941eb196f09:record_1701,%,All acute patients,percent,all acute patients,true,[],Other / September 2025
file_fd960952b94a17c6133039e5515cdb29b133b2905b36909786e69941eb196f09:record_1702,%,All acute patients,percent,all acute patients,true,[],Other / September 2025
file_fd960952b94a17c6133039e5515cdb29b133b2905b36909786e69941eb196f09:record_1703,Count,Worker,count,worker,true,[],"Local data collection / April 1, 2025 - December 31, 2025"
file_fd960952b94a17c6133039e5515cdb29b133b2905b36909786e69941eb196f09:record_1704,Count,Worker,count,worker,true,[],"Local data collection / April 1, 2025 - December 31, 2025"
file_fd960952b94a17c6133039e5515cdb29b133b2905b36909786e69941eb196f09:record_1705,Count,Worker,count,worker,true,[],"Local data collection / April 1, 2025 - December 31, 2025"
file_fd960952b94a17c6133039e5515cdb29b133b2905b36909786e69941eb196f09:record_1706,%,N/a,percent,unknown,false,"[""unknown_unit_or_population""]","In house data collection  / April 1, 2025 - Dec 31, 2025"
file_fd960952b94a17c6133039e5515cdb29b133b2905b36909786e69941eb196f09:record_1707,%,N/a,percent,unknown,false,"[""unknown_unit_or_population""]","In house data collection  / April 1, 2025 - Dec 31, 2025"
file_fd960952b94a17c6133039e5515cdb29b133b2905b36909786e69941eb196f09:record_1708,%,N/a,percent,unknown,false,"[""unknown_unit_or_population""]","In house data collection  / April 1, 2025 - Dec 31, 2025"
file_fd960952b94a17c6133039e5515cdb29b133b2905b36909786e69941eb196f09:record_1709,%,Discharged patients ,percent,discharged patients,true,[],Local data collection / Other
file_fd960952b94a17c6133039e5515cdb29b133b2905b36909786e69941eb196f09:record_1710,%,Discharged patients ,percent,discharged patients,true,[],Local data collection / Other
file_fd960952b94a17c6133039e5515cdb29b133b2905b36909786e69941eb196f09:record_1711,%,Discharged patients ,percent,discharged patients,true,[],Local data collection / Other
file_fd960952b94a17c6133039e5515cdb29b133b2905b36909786e69941eb196f09:record_1712,%,Survey respondents,percent,survey respondents,true,[],Local data collection / Other
file_fd960952b94a17c6133039e5515cdb29b133b2905b36909786e69941eb196f09:record_1713,%,Survey respondents,percent,survey respondents,true,[],Local data collection / Other
file_fd960952b94a17c6133039e5515cdb29b133b2905b36909786e69941eb196f09:record_1714,%,Survey respondents,percent,survey respondents,true,[],Local data collection / Other
file_fd960952b94a17c6133039e5515cdb29b133b2905b36909786e69941eb196f09:record_1715,%,ED patients,percent,ed patients,true,[],CIHI NACRS / Fiscal Year
file_fd960952b94a17c6133039e5515cdb29b133b2905b36909786e69941eb196f09:record_1716,%,Staff,percent,staff,false,"[""incompatible_indicator_unit""]",Local data collection / Other
file_fd960952b94a17c6133039e5515cdb29b133b2905b36909786e69941eb196f09:record_1717,%,Staff,percent,staff,false,"[""incompatible_indicator_unit""]",Local data collection / Other
file_fd960952b94a17c6133039e5515cdb29b133b2905b36909786e69941eb196f09:record_1718,%,Staff,percent,staff,false,"[""incompatible_indicator_unit""]",Local data collection / Other
file_fd960952b94a17c6133039e5515cdb29b133b2905b36909786e69941eb196f09:record_1719,%,Staff,percent,staff,false,"[""incompatible_indicator_unit""]",Local data collection / Other
file_fd960952b94a17c6133039e5515cdb29b133b2905b36909786e69941eb196f09:record_1720,%,Staff,percent,staff,false,"[""incompatible_indicator_unit""]",Local data collection / Other
file_fd960952b94a17c6133039e5515cdb29b133b2905b36909786e69941eb196f09:record_1721,%,All inpatients,percent,all inpatients,true,[],Hospital collected data / January-December
file_fd960952b94a17c6133039e5515cdb29b133b2905b36909786e69941eb196f09:record_1722,%,All inpatients,percent,all inpatients,true,[],Hospital collected data / January-December
file_fd960952b94a17c6133039e5515cdb29b133b2905b36909786e69941eb196f09:record_1723,%,Discharged patients ,percent,discharged patients,true,[],Local data collection / Other
file_fd960952b94a17c6133039e5515cdb29b133b2905b36909786e69941eb196f09:record_1724,%,Discharged patients ,percent,discharged patients,true,[],Local data collection / Other
file_fd960952b94a17c6133039e5515cdb29b133b2905b36909786e69941eb196f09:record_1725,%,Discharged patients ,percent,discharged patients,true,[],Local data collection / Other
file_fd960952b94a17c6133039e5515cdb29b133b2905b36909786e69941eb196f09:record_1726,%,Survey respondents,percent,survey respondents,true,[],Local data collection / Other
file_fd960952b94a17c6133039e5515cdb29b133b2905b36909786e69941eb196f09:record_1727,%,Survey respondents,percent,survey respondents,true,[],Local data collection / Other
file_fd960952b94a17c6133039e5515cdb29b133b2905b36909786e69941eb196f09:record_1728,%,Survey respondents,percent,survey respondents,true,[],Local data collection / Other
file_fd960952b94a17c6133039e5515cdb29b133b2905b36909786e69941eb196f09:record_1729,%,ED patients,percent,ed patients,true,[],CIHI NACRS / Fiscal Year
file_fd960952b94a17c6133039e5515cdb29b133b2905b36909786e69941eb196f09:record_1730,%,Staff,percent,staff,false,"[""incompatible_indicator_unit""]",Local data collection / Other
file_fd960952b94a17c6133039e5515cdb29b133b2905b36909786e69941eb196f09:record_1731,%,Staff,percent,staff,false,"[""incompatible_indicator_unit""]",Local data collection / Other
file_fd960952b94a17c6133039e5515cdb29b133b2905b36909786e69941eb196f09:record_1732,%,Staff,percent,staff,false,"[""incompatible_indicator_unit""]",Local data collection / Other
file_fd960952b94a17c6133039e5515cdb29b133b2905b36909786e69941eb196f09:record_1733,%,Staff,percent,staff,false,"[""incompatible_indicator_unit""]",Local data collection / Other
file_fd960952b94a17c6133039e5515cdb29b133b2905b36909786e69941eb196f09:record_1734,%,Staff,percent,staff,false,"[""incompatible_indicator_unit""]",Local data collection / Other
file_fd960952b94a17c6133039e5515cdb29b133b2905b36909786e69941eb196f09:record_1735,%,All inpatients,percent,all inpatients,true,[],Hospital collected data / January-December
file_fd960952b94a17c6133039e5515cdb29b133b2905b36909786e69941eb196f09:record_1736,%,All inpatients,percent,all inpatients,true,[],Hospital collected data / January-December
file_fd960952b94a17c6133039e5515cdb29b133b2905b36909786e69941eb196f09:record_1737,%,Survey respondents,percent,survey respondents,true,[],Local data collection / Other
file_fd960952b94a17c6133039e5515cdb29b133b2905b36909786e69941eb196f09:record_1738,%,Survey respondents,percent,survey respondents,true,[],Local data collection / Other
file_fd960952b94a17c6133039e5515cdb29b133b2905b36909786e69941eb196f09:record_1739,%,Staff,percent,staff,true,[],Local data collection / Other
file_fd960952b94a17c6133039e5515cdb29b133b2905b36909786e69941eb196f09:record_1740,%,Staff,percent,staff,true,[],Local data collection / Other
file_fd960952b94a17c6133039e5515cdb29b133b2905b36909786e69941eb196f09:record_1741,%,Staff,percent,staff,true,[],Local data collection / Other
file_fd960952b94a17c6133039e5515cdb29b133b2905b36909786e69941eb196f09:record_1742,Proportion,ED patients,proportion,ed patients,true,[],"Hospital collected data / April 1, 2026 to March 31, 2027"
file_fd960952b94a17c6133039e5515cdb29b133b2905b36909786e69941eb196f09:record_1743,Proportion,ED patients,proportion,ed patients,true,[],"Hospital collected data / April 1, 2026 to March 31, 2027"
file_fd960952b94a17c6133039e5515cdb29b133b2905b36909786e69941eb196f09:record_1744,Proportion,Other,proportion,unknown,false,"[""unknown_unit_or_population""]","In house data collection  / April 1, 2026 to March 31, 2027"
file_fd960952b94a17c6133039e5515cdb29b133b2905b36909786e69941eb196f09:record_1745,Proportion,Other,proportion,unknown,false,"[""unknown_unit_or_population""]","In house data collection  / April 1, 2026 to March 31, 2027"
file_fd960952b94a17c6133039e5515cdb29b133b2905b36909786e69941eb196f09:record_1746,Proportion,All inpatients,proportion,all inpatients,true,[],"In house data collection  / April 1, 2026 to March 31, 2027"
file_fd960952b94a17c6133039e5515cdb29b133b2905b36909786e69941eb196f09:record_1747,Proportion,All inpatients,proportion,all inpatients,true,[],"In house data collection  / April 1, 2026 to March 31, 2027"
file_fd960952b94a17c6133039e5515cdb29b133b2905b36909786e69941eb196f09:record_1748,Other,Other,unknown,unknown,false,"[""unknown_unit_or_population""]","In house data collection  / April 1, 2026 to March 31, 2027"
file_fd960952b94a17c6133039e5515cdb29b133b2905b36909786e69941eb196f09:record_1749,Minutes,Patients,minutes,patients,true,[],CIHI NACRS / Other
file_fd960952b94a17c6133039e5515cdb29b133b2905b36909786e69941eb196f09:record_1750,Minutes,Patients,minutes,patients,true,[],CIHI NACRS / Other
file_fd960952b94a17c6133039e5515cdb29b133b2905b36909786e69941eb196f09:record_1751,Hours,ED patients,hours,ed patients,true,[],CIHI NACRS / Other
file_fd960952b94a17c6133039e5515cdb29b133b2905b36909786e69941eb196f09:record_1752,Hours,ED patients,hours,ed patients,true,[],CIHI NACRS / Other
file_fd960952b94a17c6133039e5515cdb29b133b2905b36909786e69941eb196f09:record_1753,Hours,ED patients,hours,ed patients,true,[],CIHI NACRS / Other
file_fd960952b94a17c6133039e5515cdb29b133b2905b36909786e69941eb196f09:record_1754,Hours,ED patients,hours,ed patients,true,[],CIHI NACRS / Other
file_fd960952b94a17c6133039e5515cdb29b133b2905b36909786e69941eb196f09:record_1755,Hours,ED patients,hours,ed patients,true,[],CIHI NACRS / Other
file_fd960952b94a17c6133039e5515cdb29b133b2905b36909786e69941eb196f09:record_1756,Hours,ED patients,hours,ed patients,true,[],CIHI NACRS / Other
file_fd960952b94a17c6133039e5515cdb29b133b2905b36909786e69941eb196f09:record_1757,Hours,ED patients,hours,ed patients,true,[],CIHI NACRS / Other
file_fd960952b94a17c6133039e5515cdb29b133b2905b36909786e69941eb196f09:record_1758,Hours,ED patients,hours,ed patients,true,[],CIHI NACRS / Other
file_fd960952b94a17c6133039e5515cdb29b133b2905b36909786e69941eb196f09:record_1759,Number,ED patients,count,ed patients,true,[],CIHI NACRS / Fiscal Year
file_fd960952b94a17c6133039e5515cdb29b133b2905b36909786e69941eb196f09:record_1760,%,Staff,percent,staff,true,[],Local data collection / Other
file_fd960952b94a17c6133039e5515cdb29b133b2905b36909786e69941eb196f09:record_1761,%,Staff,percent,staff,true,[],Local data collection / Other
file_fd960952b94a17c6133039e5515cdb29b133b2905b36909786e69941eb196f09:record_1762,%,Staff,percent,staff,true,[],Local data collection / Other
file_fd960952b94a17c6133039e5515cdb29b133b2905b36909786e69941eb196f09:record_1763,%,Staff,percent,staff,true,[],Local data collection / Other
file_fd960952b94a17c6133039e5515cdb29b133b2905b36909786e69941eb196f09:record_1764,Hours,ED patients,hours,ed patients,true,[],CIHI NACRS / Other
file_fd960952b94a17c6133039e5515cdb29b133b2905b36909786e69941eb196f09:record_1765,Hours,ED patients,hours,ed patients,true,[],CIHI NACRS / Other
file_fd960952b94a17c6133039e5515cdb29b133b2905b36909786e69941eb196f09:record_1766,Hours,ED patients,hours,ed patients,true,[],CIHI NACRS / Other
file_fd960952b94a17c6133039e5515cdb29b133b2905b36909786e69941eb196f09:record_1767,Hours,ED patients,hours,ed patients,true,[],CIHI NACRS / Other
file_fd960952b94a17c6133039e5515cdb29b133b2905b36909786e69941eb196f09:record_1768,Hours,ED patients,hours,ed patients,true,[],CIHI NACRS / Other
file_fd960952b94a17c6133039e5515cdb29b133b2905b36909786e69941eb196f09:record_1769,Hours,ED patients,hours,ed patients,true,[],CIHI NACRS / Other
file_fd960952b94a17c6133039e5515cdb29b133b2905b36909786e69941eb196f09:record_1770,Hours,ED patients,hours,ed patients,true,[],CIHI NACRS / Other
file_fd960952b94a17c6133039e5515cdb29b133b2905b36909786e69941eb196f09:record_1771,Hours,ED patients,hours,ed patients,true,[],CIHI NACRS / Other
file_fd960952b94a17c6133039e5515cdb29b133b2905b36909786e69941eb196f09:record_1772,Hours,ED patients,hours,ed patients,true,[],CIHI NACRS / Other
file_fd960952b94a17c6133039e5515cdb29b133b2905b36909786e69941eb196f09:record_1773,%,ED patients,percent,ed patients,true,[],"CIHI NACRS / April 1, 2026 to March 31, 2027"
file_fd960952b94a17c6133039e5515cdb29b133b2905b36909786e69941eb196f09:record_1774,%,ED patients,percent,ed patients,true,[],"CIHI NACRS / April 1, 2026 to March 31, 2027"
file_fd960952b94a17c6133039e5515cdb29b133b2905b36909786e69941eb196f09:record_1775,%,ED patients,percent,ed patients,true,[],"CIHI NACRS / April 1, 2026 to March 31, 2027"
file_fd960952b94a17c6133039e5515cdb29b133b2905b36909786e69941eb196f09:record_1776,%,ED patients,percent,ed patients,true,[],"CIHI NACRS / April 1, 2026 to March 31, 2027"
file_fd960952b94a17c6133039e5515cdb29b133b2905b36909786e69941eb196f09:record_1777,Ratio (No unit),ALC patients,ratio,alc patients,true,[],"CIHI DAD / April 1, 2026 to March 31, 2027"
file_fd960952b94a17c6133039e5515cdb29b133b2905b36909786e69941eb196f09:record_1778,Ratio (No unit),ALC patients,ratio,alc patients,true,[],"CIHI DAD / April 1, 2026 to March 31, 2027"
file_fd960952b94a17c6133039e5515cdb29b133b2905b36909786e69941eb196f09:record_1779,%,Discharged patients ,percent,discharged patients,true,[],"CIHI DAD / April 1, 2026 to March 31, 2027"
file_fd960952b94a17c6133039e5515cdb29b133b2905b36909786e69941eb196f09:record_1780,%,ED patients,percent,ed patients,true,[],"Local data collection / April 1, 2026 to March 31, 2027"
file_fd960952b94a17c6133039e5515cdb29b133b2905b36909786e69941eb196f09:record_1781,%,ED patients,percent,ed patients,true,[],"Local data collection / April 1, 2026 to March 31, 2027"
file_fd960952b94a17c6133039e5515cdb29b133b2905b36909786e69941eb196f09:record_1782,%,All acute patients,percent,all acute patients,true,[],"Local data collection / April 1, 2026 to March 31, 2027"
file_fd960952b94a17c6133039e5515cdb29b133b2905b36909786e69941eb196f09:record_1783,%,Discharged patients ,percent,discharged patients,true,[],Local data collection / Other
file_fd960952b94a17c6133039e5515cdb29b133b2905b36909786e69941eb196f09:record_1784,%,Staff,percent,staff,false,"[""incompatible_indicator_unit""]",Local data collection / Other
file_fd960952b94a17c6133039e5515cdb29b133b2905b36909786e69941eb196f09:record_1785,%,Staff,percent,staff,true,[],Local data collection / Other
file_fd960952b94a17c6133039e5515cdb29b133b2905b36909786e69941eb196f09:record_1786,%,Discharged patients ,percent,discharged patients,true,[],Local data collection / Other
file_fd960952b94a17c6133039e5515cdb29b133b2905b36909786e69941eb196f09:record_1787,%,Discharged patients ,percent,discharged patients,true,[],Local data collection / Other
file_fd960952b94a17c6133039e5515cdb29b133b2905b36909786e69941eb196f09:record_1788,%,Discharged patients ,percent,discharged patients,true,[],Local data collection / Other
file_fd960952b94a17c6133039e5515cdb29b133b2905b36909786e69941eb196f09:record_1789,%,Survey respondents,percent,survey respondents,true,[],Local data collection / Other
file_fd960952b94a17c6133039e5515cdb29b133b2905b36909786e69941eb196f09:record_1790,%,Survey respondents,percent,survey respondents,true,[],Local data collection / Other
file_fd960952b94a17c6133039e5515cdb29b133b2905b36909786e69941eb196f09:record_1791,%,Survey respondents,percent,survey respondents,true,[],Local data collection / Other
file_fd960952b94a17c6133039e5515cdb29b133b2905b36909786e69941eb196f09:record_1792,%,Staff,percent,staff,true,[],Local data collection / Other
file_fd960952b94a17c6133039e5515cdb29b133b2905b36909786e69941eb196f09:record_1793,%,Survey respondents,percent,survey respondents,true,[],Local data collection / Other
file_fd960952b94a17c6133039e5515cdb29b133b2905b36909786e69941eb196f09:record_1794,%,Survey respondents,percent,survey respondents,true,[],Local data collection / Other
file_fd960952b94a17c6133039e5515cdb29b133b2905b36909786e69941eb196f09:record_1795,%,ED patients,percent,ed patients,true,[],CIHI NACRS / Fiscal Year
file_fd960952b94a17c6133039e5515cdb29b133b2905b36909786e69941eb196f09:record_1796,%,ED patients,percent,ed patients,true,[],CIHI NACRS / Fiscal Year
file_fd960952b94a17c6133039e5515cdb29b133b2905b36909786e69941eb196f09:record_1797,%,Staff,percent,staff,false,"[""incompatible_indicator_unit""]",Local data collection / Other
file_fd960952b94a17c6133039e5515cdb29b133b2905b36909786e69941eb196f09:record_1798,%,Staff,percent,staff,false,"[""incompatible_indicator_unit""]",Local data collection / Other
file_fd960952b94a17c6133039e5515cdb29b133b2905b36909786e69941eb196f09:record_1799,Hours,ED patients,hours,ed patients,true,[],CIHI NACRS / Other
file_fd960952b94a17c6133039e5515cdb29b133b2905b36909786e69941eb196f09:record_1800,%,Staff,percent,staff,true,[],Other / 12 month period Jan 1-Dec 31
file_fd960952b94a17c6133039e5515cdb29b133b2905b36909786e69941eb196f09:record_1801,%,Patients,percent,patients,true,[],Other / 12 month period Jan 1-Dec 31
file_fd960952b94a17c6133039e5515cdb29b133b2905b36909786e69941eb196f09:record_1802,%,Other,percent,unknown,false,"[""unknown_unit_or_population""]",Other / Q3
file_fd960952b94a17c6133039e5515cdb29b133b2905b36909786e69941eb196f09:record_1803,%,ALC patients,percent,alc patients,true,[],CIHI DAD / Q3
file_fd960952b94a17c6133039e5515cdb29b133b2905b36909786e69941eb196f09:record_1804,%,Patients,percent,patients,true,[],Other / 12 month period Jan 1-Dec 31
file_fd960952b94a17c6133039e5515cdb29b133b2905b36909786e69941eb196f09:record_1805,%,Staff,percent,staff,true,[],Other / 12 month period Jan 1-Dec 31
