source_name,indicator_id,normalized_name,mapping_status,basis
"""Did you receive enough information from hospital staff about what to do if you were worried about your condition or treatment after you left the hospital?Response: Completely",ind_eaf99c3144515eb3,"""Did you receive enough information from hospital staff about what to do if you were worried about your condition or treatment after you left the hospital?Response: Completely",accepted,Source-exact definition retained; display whitespace only; no cross-label equivalence asserted
"""Do you feel that you can raise a concern about staff without it negatively affecting your (or your family members') care?Response: Yes Definitely",ind_e192cc102187bd02,"""Do you feel that you can raise a concern about staff without it negatively affecting your (or your family members') care?Response: Yes Definitely",accepted,Source-exact definition retained; display whitespace only; no cross-label equivalence asserted
"""How often did staff involve you in planning your (or your family members') care?""Response: Always",ind_64124c1c52a26d14,"""How often did staff involve you in planning your (or your family members') care?""Response: Always",accepted,Source-exact definition retained; display whitespace only; no cross-label equivalence asserted
"""How often did staff listen carefully to you?""Response: Always",ind_a47a0457419a8c9f,"""How often did staff listen carefully to you?""Response: Always",accepted,Source-exact definition retained; display whitespace only; no cross-label equivalence asserted
"""I was involved as much as I wanted to be in decisions about my treatment and support.""Response: Strongly Agree",ind_8868923bcfa26d91,"""I was involved as much as I wanted to be in decisions about my treatment and support.""Response: Strongly Agree",accepted,Source-exact definition retained; display whitespace only; no cross-label equivalence asserted
"""If I had a serious concern, I would know how to make a formal complaint to this organization."" Response: Strongly Agree",ind_d686c151f23c6029,"""If I had a serious concern, I would know how to make a formal complaint to this organization."" Response: Strongly Agree",accepted,Source-exact definition retained; display whitespace only; no cross-label equivalence asserted
"""Medication reconciliation at admission: Total number of admitted patients for whom a Best Possible Medication Admission Plan was created as a proportion to the total number of patients admitted.""",ind_8582e29cc0241bad,"""Medication reconciliation at admission: Total number of admitted patients for whom a Best Possible Medication Admission Plan was created as a proportion to the total number of patients admitted.""",accepted,Source-exact definition retained; display whitespace only; no cross-label equivalence asserted
# Alternate Level of Care (ALC) throughput,ind_1d25decb2093265d,# Alternate Level of Care (ALC) throughput,accepted,Source-exact definition retained; display whitespace only; no cross-label equivalence asserted
"# of encounters of professional interpretation services (in-person, phone, and remote video) per month across all Sunnybrook clinical areas (inpatient & outpatient).",ind_7dc4d3014e4e345e,"# of encounters of professional interpretation services (in-person, phone, and remote video) per month across all Sunnybrook clinical areas (inpatient & outpatient).",accepted,Source-exact definition retained; display whitespace only; no cross-label equivalence asserted
# of encounters of professional interpretation services for American Sign Language (ASL) (in-person and remote video) per month across all Sunnybrook clinical areas (inpatient & outpatient).,ind_391a563f2610ca68,# of encounters of professional interpretation services for American Sign Language (ASL) (in-person and remote video) per month across all Sunnybrook clinical areas (inpatient & outpatient).,accepted,Source-exact definition retained; display whitespace only; no cross-label equivalence asserted
# of in person huddles with various department/program in each quarter to target front line EDI focused training,ind_75ae27727936dfb5,# of in person huddles with various department/program in each quarter to target front line EDI focused training,accepted,Source-exact definition retained; display whitespace only; no cross-label equivalence asserted
"# of patient incidents, particularly near miss/good catch events, reported per month",ind_40262ff9d5ce78c2,"# of patient incidents, particularly near miss/good catch events, reported per month",accepted,Source-exact definition retained; display whitespace only; no cross-label equivalence asserted
# of total safety reports with documented follow-up in the Safety Event Reporting System in Q4 2025/26,ind_f18aab9c6e6f9f78,# of total safety reports with documented follow-up in the Safety Event Reporting System in Q4 2025/26,accepted,Source-exact definition retained; display whitespace only; no cross-label equivalence asserted
% Bedside Medication Verification Rate,ind_164237e4c24ea503,% Bedside Medication Verification Rate,accepted,Source-exact definition retained; display whitespace only; no cross-label equivalence asserted
% Completion of electronic medication reconciliation at admission and discharge,ind_b7cb4c6d9c3ca6b7,% Completion of electronic medication reconciliation at admission and discharge,accepted,Source-exact definition retained; display whitespace only; no cross-label equivalence asserted
% Completion of electronic positive patient identification (PPID) and Positive Accession Identification (PAID),ind_47518239c5cfbc55,% Completion of electronic positive patient identification (PPID) and Positive Accession Identification (PAID),accepted,Source-exact definition retained; display whitespace only; no cross-label equivalence asserted
% Completion of of quality initiatives aimed to strengthen cultural safety and reconciliation actions.,ind_8278ab0c2ee42a4a,% Completion of of quality initiatives aimed to strengthen cultural safety and reconciliation actions.,accepted,Source-exact definition retained; display whitespace only; no cross-label equivalence asserted
% ED nursing staff trained on sickle cell disease presentation and management.,ind_f2af83b4d79810e3,% ED nursing staff trained on sickle cell disease presentation and management.,accepted,Source-exact definition retained; display whitespace only; no cross-label equivalence asserted
% Emergency use of physical restraints during inpatient stay (excludes the Emergency Department),ind_a805e3c9031b2d04,% Emergency use of physical restraints during inpatient stay (excludes the Emergency Department),accepted,Source-exact definition retained; display whitespace only; no cross-label equivalence asserted
% Improvement in nursing turnover and achieve a ZERO Never Event related to the premature departure (voluntary) within two years of hire,ind_444ce554025de292,% Improvement in nursing turnover and achieve a ZERO Never Event related to the premature departure (voluntary) within two years of hire,accepted,Source-exact definition retained; display whitespace only; no cross-label equivalence asserted
% Inpatients with a Clinical Assessment Protocol (CAPS) in the Recovery Plan of Care (RPOC) tool updated in 28 days,ind_cc871288a2b93224,% Inpatients with a Clinical Assessment Protocol (CAPS) in the Recovery Plan of Care (RPOC) tool updated in 28 days,accepted,Source-exact definition retained; display whitespace only; no cross-label equivalence asserted
% Nursing turnover (voluntary) within two years of hire,ind_e9d809a5a3850c4c,% Nursing turnover (voluntary) within two years of hire,accepted,Source-exact definition retained; display whitespace only; no cross-label equivalence asserted
% Psycho-Social Assessments completed within 21 days of admission,ind_f0feca09ae8284d0,% Psycho-Social Assessments completed within 21 days of admission,accepted,Source-exact definition retained; display whitespace only; no cross-label equivalence asserted
% Restraint events in inpatient mental health that have been audited by leadership within 72 hours.,ind_45826902d7f50e63,% Restraint events in inpatient mental health that have been audited by leadership within 72 hours.,accepted,Source-exact definition retained; display whitespace only; no cross-label equivalence asserted
% admissions meeting admission target ( ready to admission ),ind_ba7c39fa21e01f15,% admissions meeting admission target ( ready to admission ),accepted,Source-exact definition retained; display whitespace only; no cross-label equivalence asserted
% admissions meeting admission target ( ready to admission from acute care ),ind_94aed56016beccb0,% admissions meeting admission target ( ready to admission from acute care ),accepted,Source-exact definition retained; display whitespace only; no cross-label equivalence asserted
% change in WPV incident reporting that meets criteria,ind_30c05f43af2b7576,% change in WPV incident reporting that meets criteria,accepted,Source-exact definition retained; display whitespace only; no cross-label equivalence asserted
% completed Medication Reconciliation on Admission within 48 hrs  / All admitted patients staying >48 hrs (excluding infants that are born in the hospital),ind_1473113db2109179,% completed Medication Reconciliation on Admission within 48 hrs / All admitted patients staying >48 hrs (excluding infants that are born in the hospital),accepted,Source-exact definition retained; display whitespace only; no cross-label equivalence asserted
% compliance rate for scanning bar coded medications by staff who administer medication.,ind_5b7acc66adc8a190,% compliance rate for scanning bar coded medications by staff who administer medication.,accepted,Source-exact definition retained; display whitespace only; no cross-label equivalence asserted
% emergency use of physical restraints during inpatient stay (excludes the Emergency Department),ind_cfb0bf8dc3e49a9e,% emergency use of physical restraints during inpatient stay (excludes the Emergency Department),accepted,Source-exact definition retained; display whitespace only; no cross-label equivalence asserted
% inpatients over 65 yrs who have delirium assessments recorded in HIS,ind_0da1c28451692866,% inpatients over 65 yrs who have delirium assessments recorded in HIS,accepted,Source-exact definition retained; display whitespace only; no cross-label equivalence asserted
% of EDIB Actions Completed(Number of Actions Completed/Total Actions Identified) x 100,ind_699761ad18c62e59,% of EDIB Actions Completed(Number of Actions Completed/Total Actions Identified) x 100,accepted,Source-exact definition retained; display whitespace only; no cross-label equivalence asserted
% of Emergency Department (ED) visits (non-admitted) discharged within their CTAS appropriate target,ind_825d2604f2093328,% of Emergency Department (ED) visits (non-admitted) discharged within their CTAS appropriate target,accepted,Source-exact definition retained; display whitespace only; no cross-label equivalence asserted
"% of Hospital and Long-Term Care Home Leaders complete at least one foundational and one applied equity, diversity and inclusion designated educational session by March 2027",ind_6a389d3913ae58c3,"% of Hospital and Long-Term Care Home Leaders complete at least one foundational and one applied equity, diversity and inclusion designated educational session by March 2027",accepted,Source-exact definition retained; display whitespace only; no cross-label equivalence asserted
% of Leaders completing four IDEAA self-directed or focused learning and development sessions,ind_99683066bae3ad6d,% of Leaders completing four IDEAA self-directed or focused learning and development sessions,accepted,Source-exact definition retained; display whitespace only; no cross-label equivalence asserted
"% of Patients/Clients who completed sociodemographic data collection questions during ER Visit, Acute Admission, Community Counseling Admission",ind_1a2e045837f1350f,"% of Patients/Clients who completed sociodemographic data collection questions during ER Visit, Acute Admission, Community Counseling Admission",accepted,Source-exact definition retained; display whitespace only; no cross-label equivalence asserted
% of Serious Safety Event (including CI) Reviews with Race/Ethnicity/ Language Identified,ind_6ae408d1b870e390,% of Serious Safety Event (including CI) Reviews with Race/Ethnicity/ Language Identified,accepted,Source-exact definition retained; display whitespace only; no cross-label equivalence asserted
% of Staff completing Anti-Racism Learning Module,ind_7d319cc031f72322,% of Staff completing Anti-Racism Learning Module,accepted,Source-exact definition retained; display whitespace only; no cross-label equivalence asserted
% of Surgical Services Closures,ind_e2749448feca2193,% of Surgical Services Closures,accepted,Source-exact definition retained; display whitespace only; no cross-label equivalence asserted
"% of active staff (executive-level, management, or all) who have completed a refresher course on equity, diversity, inclusion, and antiracism.",ind_942c5dfd90dd7b62,"% of active staff (executive-level, management, or all) who have completed a refresher course on equity, diversity, inclusion, and antiracism.",accepted,Source-exact definition retained; display whitespace only; no cross-label equivalence asserted
"% of active staff (executive-level, management, or all) who have completed anti-stigma training relating to mental health and addictions",ind_1cef6d95f29c6ae3,"% of active staff (executive-level, management, or all) who have completed anti-stigma training relating to mental health and addictions",accepted,Source-exact definition retained; display whitespace only; no cross-label equivalence asserted
% of all staff who have completed EDI training and respond yes to “I will make changes to support EDI at the Royal as a result of this training – yes or no”. Target 80%.,ind_685bf8d59d027255,% of all staff who have completed EDI training and respond yes to “I will make changes to support EDI at the Royal as a result of this training – yes or no”. Target 80%.,accepted,Source-exact definition retained; display whitespace only; no cross-label equivalence asserted
% of applicable Waypoint inpatient discharges that have a subsequent unscheduled ED visit for a MH&A reason within 30 days of their Waypoint inpatient discharge,ind_c090a4c58ec89636,% of applicable Waypoint inpatient discharges that have a subsequent unscheduled ED visit for a MH&A reason within 30 days of their Waypoint inpatient discharge,accepted,Source-exact definition retained; display whitespace only; no cross-label equivalence asserted
% of applicable Waypoint inpatient discharges that have a subsequent unscheduled ED visit for a MH&A reason within 30 days of their Waypoint inpatient discharge.,ind_5c00ebb9a77a1e82,% of applicable Waypoint inpatient discharges that have a subsequent unscheduled ED visit for a MH&A reason within 30 days of their Waypoint inpatient discharge.,accepted,Source-exact definition retained; display whitespace only; no cross-label equivalence asserted
% of clinical programs that have completed an EQUIP Organizational Equity Self Assessment to identify equity strengths and gaps,ind_906087f3facc6965,% of clinical programs that have completed an EQUIP Organizational Equity Self Assessment to identify equity strengths and gaps,accepted,Source-exact definition retained; display whitespace only; no cross-label equivalence asserted
% of front-line staff and physicians in the past 12 months who have experienced or witnessed unfair treatment or discrimination at work based on personal characteristics.,ind_7b9e382b93ff8b4a,% of front-line staff and physicians in the past 12 months who have experienced or witnessed unfair treatment or discrimination at work based on personal characteristics.,accepted,Source-exact definition retained; display whitespace only; no cross-label equivalence asserted
% of hospital readmissions within 30 days.(EFFICIENT),ind_28e759ab1872d857,% of hospital readmissions within 30 days.(EFFICIENT),accepted,Source-exact definition retained; display whitespace only; no cross-label equivalence asserted
"% of inpatients that respond ""strongly agree/ agree"" to OPOC question 29 'Staff helped me identify where to get support after I finish my program/ treatment'",ind_ee69bc8f2064d952,"% of inpatients that respond ""strongly agree/ agree"" to OPOC question 29 'Staff helped me identify where to get support after I finish my program/ treatment'",accepted,Source-exact definition retained; display whitespace only; no cross-label equivalence asserted
"% of leadership (Directors, Physician Chiefs, and Senior Leadership Team members) completing DEI learning modules (DEI Fundamentals, Understanding Bias, Cultural Competency)",ind_ea03f2ae8b87505d,"% of leadership (Directors, Physician Chiefs, and Senior Leadership Team members) completing DEI learning modules (DEI Fundamentals, Understanding Bias, Cultural Competency)",accepted,Source-exact definition retained; display whitespace only; no cross-label equivalence asserted
"% of patient who achieve a change of 6 points or more on the PHQ9 score and/or 4 points or more on their GAD-7 score after finished treatment at discharge. In scope outpatient clinics are AMD, OSP and Women's MH clinic. Discharge reason is planned discharges.",ind_07b9083119b4b275,"% of patient who achieve a change of 6 points or more on the PHQ9 score and/or 4 points or more on their GAD-7 score after finished treatment at discharge. In scope outpatient clinics are AMD, OSP and Women's MH clinic. Discharge reason is planned discharges.",accepted,Source-exact definition retained; display whitespace only; no cross-label equivalence asserted
% of patients identified by staff at registration as requiring interpretation services who receive interpretation support during their visit.,ind_a8d66ff6ec15c60e,% of patients identified by staff at registration as requiring interpretation services who receive interpretation support during their visit.,accepted,Source-exact definition retained; display whitespace only; no cross-label equivalence asserted
% of patients physically restrained during inpatient stay,ind_e5c01cad37a7ec68,% of patients physically restrained during inpatient stay,accepted,Source-exact definition retained; display whitespace only; no cross-label equivalence asserted
"% of patients screened at registration who have been asked the question "" Do you self-identify as Indigenous?""",ind_b6a26ad9a75e4187,"% of patients screened at registration who have been asked the question "" Do you self-identify as Indigenous?""",accepted,Source-exact definition retained; display whitespace only; no cross-label equivalence asserted
% of patients who select the top-box answer (always) for respect and dignity/ courtesy  (%/ ED patients),ind_47a08018e0b284e3,% of patients who select the top-box answer (always) for respect and dignity/ courtesy (%/ ED patients),accepted,Source-exact definition retained; display whitespace only; no cross-label equivalence asserted
% of patients who select the top-box answer (always) for respect and dignity/ courtesy (%/ Inpatients),ind_7fc5c7fcbc486130,% of patients who select the top-box answer (always) for respect and dignity/ courtesy (%/ Inpatients),accepted,Source-exact definition retained; display whitespace only; no cross-label equivalence asserted
% of patients who select the top-box answer for courtesy and respect,ind_74f60f70ac51d62f,% of patients who select the top-box answer for courtesy and respect,accepted,Source-exact definition retained; display whitespace only; no cross-label equivalence asserted
% of patients who select the top-box answer for courtesy and respect.,ind_74f6f98f9641e372,% of patients who select the top-box answer for courtesy and respect.,accepted,Source-exact definition retained; display whitespace only; no cross-label equivalence asserted
% of patients who visited the ED and left without being seen by a physician.,ind_3e46ac6dca5208d9,% of patients who visited the ED and left without being seen by a physician.,accepted,Source-exact definition retained; display whitespace only; no cross-label equivalence asserted
% of patients who visited the Emergency Department and left without being seen by a provider,ind_92ba66c7959681b2,% of patients who visited the Emergency Department and left without being seen by a provider,accepted,Source-exact definition retained; display whitespace only; no cross-label equivalence asserted
"% of patients with a progressive, life limiting illness, that are identified to benefit from palliative care, who subsequently have their palliative care needs assessed using a comprehensive and holistic approach.",ind_4306eceadd98524d,"% of patients with a progressive, life limiting illness, that are identified to benefit from palliative care, who subsequently have their palliative care needs assessed using a comprehensive and holistic approach.",accepted,Source-exact definition retained; display whitespace only; no cross-label equivalence asserted
% of physical restraints events longer than 4 hours in the ED,ind_c9abd14221b4c807,% of physical restraints events longer than 4 hours in the ED,accepted,Source-exact definition retained; display whitespace only; no cross-label equivalence asserted
% of policies and procedures that were translated into another language to accommodate current staff who might prefer the policies and procedures for their department be in their own language.,ind_1b452f651edbf6dc,% of policies and procedures that were translated into another language to accommodate current staff who might prefer the policies and procedures for their department be in their own language.,accepted,Source-exact definition retained; display whitespace only; no cross-label equivalence asserted
"% of positive responses to the question “From now on, I know what to expect about my care” from our discharge patient satisfaction survey data.",ind_4704fa30d04ddc65,"% of positive responses to the question “From now on, I know what to expect about my care” from our discharge patient satisfaction survey data.",accepted,Source-exact definition retained; display whitespace only; no cross-label equivalence asserted
% of readmissions within 30 days of discharge.,ind_7bfbc51bb5337fae,% of readmissions within 30 days of discharge.,accepted,Source-exact definition retained; display whitespace only; no cross-label equivalence asserted
% of repeat ED visits for mental health and addictions (MHA) conditions.,ind_002910b76aeb5d4f,% of repeat ED visits for mental health and addictions (MHA) conditions.,accepted,Source-exact definition retained; display whitespace only; no cross-label equivalence asserted
% of repeat visits within 72 hours that have admission on second visit to ED,ind_6b24c326f0270512,% of repeat visits within 72 hours that have admission on second visit to ED,accepted,Source-exact definition retained; display whitespace only; no cross-label equivalence asserted
% of repeat visits within 72 hours that have admission on second visit to ED.,ind_7bfa8da796d21230,% of repeat visits within 72 hours that have admission on second visit to ED.,accepted,Source-exact definition retained; display whitespace only; no cross-label equivalence asserted
% of repeat visits within 72 hours that have admission on second visit.,ind_801b4b01f6491785,% of repeat visits within 72 hours that have admission on second visit.,accepted,Source-exact definition retained; display whitespace only; no cross-label equivalence asserted
"% of required staff who have completed the refreshed de-escalation training, which integrates trauma-informed care and non-violent crisis intervention.",ind_f8af020bb1ba7138,"% of required staff who have completed the refreshed de-escalation training, which integrates trauma-informed care and non-violent crisis intervention.",accepted,Source-exact definition retained; display whitespace only; no cross-label equivalence asserted
% of respondents who answered “9 and 10” to the question: Overall Experience?,ind_069bd744b3ad2b14,% of respondents who answered “9 and 10” to the question: Overall Experience?,accepted,Source-exact definition retained; display whitespace only; no cross-label equivalence asserted
"% of respondents who responded "" Yes"" to the question- "" Did you receive enough information about what to do if you were worried about your condition or treatment after you left the hospital"".",ind_8850b9a33d8c579b,"% of respondents who responded "" Yes"" to the question- "" Did you receive enough information about what to do if you were worried about your condition or treatment after you left the hospital"".",accepted,Source-exact definition retained; display whitespace only; no cross-label equivalence asserted
"% of respondents who responded 'always' to the following question "" Were you involved as much as you wanted to be in decisions about your care and treatment?”",ind_907029c2d837a06d,"% of respondents who responded 'always' to the following question "" Were you involved as much as you wanted to be in decisions about your care and treatment?”",accepted,Source-exact definition retained; display whitespace only; no cross-label equivalence asserted
"% of respondents who responded positively (Always, I did not want them to be involved, I did not have family or friends to be involved) to the following question:  Were your family or friends involved as much as you wanted in decisions about your care and treatment?",ind_9ce153b768fba71e,"% of respondents who responded positively (Always, I did not want them to be involved, I did not have family or friends to be involved) to the following question: Were your family or friends involved as much as you wanted in decisions about your care and treatment?",accepted,Source-exact definition retained; display whitespace only; no cross-label equivalence asserted
"% of respondents who responded positively (Always, I did not want them to be involved, I did not have family or friends to be involved) to the following question: were your family or friends involved as much as you wanted in decisions about your care and treatment?",ind_16397b38ca4ac132,"% of respondents who responded positively (Always, I did not want them to be involved, I did not have family or friends to be involved) to the following question: were your family or friends involved as much as you wanted in decisions about your care and treatment?",accepted,Source-exact definition retained; display whitespace only; no cross-label equivalence asserted
% of speciality clinic NOVARI referrals entered electronically from the DRHC Emergency Department,ind_a8aeeff42beb53ea,% of speciality clinic NOVARI referrals entered electronically from the DRHC Emergency Department,accepted,Source-exact definition retained; display whitespace only; no cross-label equivalence asserted
% of staff compliance with hand hygiene before patient environment contact,ind_be7a01c0caee1865,% of staff compliance with hand hygiene before patient environment contact,accepted,Source-exact definition retained; display whitespace only; no cross-label equivalence asserted
"% of staff educated on new ""Code White"" procedure to include Panic Alarm systems",ind_12363f414148fc0f,"% of staff educated on new ""Code White"" procedure to include Panic Alarm systems",accepted,Source-exact definition retained; display whitespace only; no cross-label equivalence asserted
"% of staff who completed relevant equity, diversity, inclusion and anti-racism education.",ind_03d0085835fa067f,"% of staff who completed relevant equity, diversity, inclusion and anti-racism education.",accepted,Source-exact definition retained; display whitespace only; no cross-label equivalence asserted
"% of staff who have completed relevant equity, diversity, inclusion, and /or indigenous cultural education",ind_71dd959aad873107,"% of staff who have completed relevant equity, diversity, inclusion, and /or indigenous cultural education",accepted,Source-exact definition retained; display whitespace only; no cross-label equivalence asserted
% of teams of completing an improvement huddle at least once per month,ind_0f6aaf5b70f35ede,% of teams of completing an improvement huddle at least once per month,accepted,Source-exact definition retained; display whitespace only; no cross-label equivalence asserted
"% of the leadership team who have completed relevant equity, diversity, inclusion and anti-racism education (focus on Indigenous Cultural Awareness)",ind_5b27255da8f0f057,"% of the leadership team who have completed relevant equity, diversity, inclusion and anti-racism education (focus on Indigenous Cultural Awareness)",accepted,Source-exact definition retained; display whitespace only; no cross-label equivalence asserted
"% of time we conduct a Home First Meeting within 72 hours of patients being designated ""medically stable""",ind_a26d16f4eb1c2e22,"% of time we conduct a Home First Meeting within 72 hours of patients being designated ""medically stable""",accepted,Source-exact definition retained; display whitespace only; no cross-label equivalence asserted
% of workplace violence incidents resulting in lost time injury,ind_af1e9ec0347b8a40,% of workplace violence incidents resulting in lost time injury,accepted,Source-exact definition retained; display whitespace only; no cross-label equivalence asserted
% patients designated ALC – Long Term Care (open cases),ind_27a1238a49b8aa38,% patients designated ALC – Long Term Care (open cases),accepted,Source-exact definition retained; display whitespace only; no cross-label equivalence asserted
% patients that feel they received adequate information about their health and their care at discharge (Acute Care).,ind_e63d71cca8e6064b,% patients that feel they received adequate information about their health and their care at discharge (Acute Care).,accepted,Source-exact definition retained; display whitespace only; no cross-label equivalence asserted
% patients that feel they received adequate information about their health and their care at discharge (ED).,ind_d77211a0b132c00b,% patients that feel they received adequate information about their health and their care at discharge (ED).,accepted,Source-exact definition retained; display whitespace only; no cross-label equivalence asserted
"% positive responses to the PEP survey question “There were enough activities of interest to me during free time""",ind_f5ca02e1dbd1898d,"% positive responses to the PEP survey question “There were enough activities of interest to me during free time""",accepted,Source-exact definition retained; display whitespace only; no cross-label equivalence asserted
"% positive responses to the annual PEP survey question ""I felt safe in the facility at all times""",ind_0e51d74379ca749f,"% positive responses to the annual PEP survey question ""I felt safe in the facility at all times""",accepted,Source-exact definition retained; display whitespace only; no cross-label equivalence asserted
"% positive responses to the annual PEP survey question “Staff were sensitive to my cultural needs (e.g. language, ethnic background, race).”",ind_66653825134a6f34,"% positive responses to the annual PEP survey question “Staff were sensitive to my cultural needs (e.g. language, ethnic background, race).”",accepted,Source-exact definition retained; display whitespace only; no cross-label equivalence asserted
% reportable (healthcare or lost time) of workplace violence incidents,ind_7cec6e2a5d9001b3,% reportable (healthcare or lost time) of workplace violence incidents,accepted,Source-exact definition retained; display whitespace only; no cross-label equivalence asserted
% wait list priority targets for all surgeries (long waiters),ind_e8e1c9cf19929393,% wait list priority targets for all surgeries (long waiters),accepted,Source-exact definition retained; display whitespace only; no cross-label equivalence asserted
"1. Reduce 90th Percentile Time to Inpatient Bed by 5% by February 26, 2027, in alignment with the target outlined in the HPHA Patient Flow Policy.2. Reduce 90th Percentile ED LOS by 3% by February 26, 2027.",ind_b2e36c3411602e22,"1. Reduce 90th Percentile Time to Inpatient Bed by 5% by February 26, 2027, in alignment with the target outlined in the HPHA Patient Flow Policy.2. Reduce 90th Percentile ED LOS by 3% by February 26, 2027.",accepted,Source-exact definition retained; display whitespace only; no cross-label equivalence asserted
"1. a) Complete a review and evaluation of crisis intervention, de-escalation and trauma-informed care training and education and recommend preferred program by September 30, 2026.b) Develop and recommend sustainable staff training plan for approval by Feb 26, 20272. Phase 1: Review and revise Code White policy by Sept 30, 2026 Phase 2: Revise Code White policy as appropriate depending on preferred crisis intervention, de-escalation and trauma-informed care training and education program for staff by Feb. 26, 2027.3. a) Conduct site visits by June 30, 2026.b) Review, evaluate and recommend environmental factors to balance patient and staff safety, and patient experience in designated ED rooms by December 31, 2026.c) Begin implementation of standardized designated room design features if funding available in 2026/27.d) Review, revise, provide education, and implement monitoring protocols of patients in designated ED rooms by December 31, 2026.",ind_ca7c0b06bfada3d0,"1. a) Complete a review and evaluation of crisis intervention, de-escalation and trauma-informed care training and education and recommend preferred program by September 30, 2026.b) Develop and recommend sustainable staff training plan for approval by Feb 26, 20272. Phase 1: Review and revise Code White policy by Sept 30, 2026 Phase 2: Revise Code White policy as appropriate depending on preferred crisis intervention, de-escalation and trauma-informed care training and education program for staff by Feb. 26, 2027.3. a) Conduct site visits by June 30, 2026.b) Review, evaluate and recommend environmental factors to balance patient and staff safety, and patient experience in designated ED rooms by December 31, 2026.c) Begin implementation of standardized designated room design features if funding available in 2026/27.d) Review, revise, provide education, and implement monitoring protocols of patients in designated ED rooms by December 31, 2026.",accepted,Source-exact definition retained; display whitespace only; no cross-label equivalence asserted
10% reduction in surgical waitlist cases,ind_2eb49838a0828aa3,10% reduction in surgical waitlist cases,accepted,Source-exact definition retained; display whitespace only; no cross-label equivalence asserted
28-Day All-Cause Hospital Readmission Rate (Inpatient),ind_6601b1755e5efd53,28-Day All-Cause Hospital Readmission Rate (Inpatient),accepted,Source-exact definition retained; display whitespace only; no cross-label equivalence asserted
3% increase in cumulative health equity survey responses,ind_260dae9a5fb06c86,3% increase in cumulative health equity survey responses,accepted,Source-exact definition retained; display whitespace only; no cross-label equivalence asserted
30 day revisit to ED,ind_adc3d8deab11fe68,30 day revisit to ED,accepted,Source-exact definition retained; display whitespace only; no cross-label equivalence asserted
30 day revisit to Emergency Department,ind_746b689c5c391f73,30 day revisit to Emergency Department,accepted,Source-exact definition retained; display whitespace only; no cross-label equivalence asserted
30-Day medical readmission rate,ind_097db599a9b16504,30-Day medical readmission rate,accepted,Source-exact definition retained; display whitespace only; no cross-label equivalence asserted
90% ED Length of Stay (LOS Reg/Triage to Depart ER (admitted patients),ind_4bd4d59e27d820a2,90% ED Length of Stay (LOS Reg/Triage to Depart ER (admitted patients),accepted,Source-exact definition retained; display whitespace only; no cross-label equivalence asserted
90% ED Length of Stay (LOS) Reg/Triage to Depart ER (Admitted Patients),ind_c28653b45c3c11de,90% ED Length of Stay (LOS) Reg/Triage to Depart ER (Admitted Patients),accepted,Source-exact definition retained; display whitespace only; no cross-label equivalence asserted
90% percentile Emergency Department wait time to inpatient bed.,ind_b4864347e5adcd73,90% percentile Emergency Department wait time to inpatient bed.,accepted,Source-exact definition retained; display whitespace only; no cross-label equivalence asserted
90th Percentile AOT for ED patients.,ind_7c1f34d5eeed415b,90th Percentile AOT for ED patients.,accepted,Source-exact definition retained; display whitespace only; no cross-label equivalence asserted
90th Percentile ED Length of Say,ind_3fc7a2799d7f4896,90th Percentile ED Length of Say,accepted,Source-exact definition retained; display whitespace only; no cross-label equivalence asserted
90th Percentile ED Length of Stay (LOS) for admitted patients,ind_895e9bd7d98a91cc,90th Percentile ED Length of Stay (LOS) for admitted patients,accepted,Source-exact definition retained; display whitespace only; no cross-label equivalence asserted
90th Percentile Emergency Department Admitted Length of Stay,ind_4dca8fff642fa843,90th Percentile Emergency Department Admitted Length of Stay,accepted,Source-exact definition retained; display whitespace only; no cross-label equivalence asserted
90th Percentile Emergency Department Wait Time for Inpatient Bed (length of stay for inpatient bed waiting as an ED inpatient until physically transferred to an inpatient bed),ind_75ae7cc714186667,90th Percentile Emergency Department Wait Time for Inpatient Bed (length of stay for inpatient bed waiting as an ED inpatient until physically transferred to an inpatient bed),accepted,Source-exact definition retained; display whitespace only; no cross-label equivalence asserted
90th Percentile PIA Time in the Emergency Department (ED).,ind_02de1a41db3a2aae,90th Percentile PIA Time in the Emergency Department (ED).,accepted,Source-exact definition retained; display whitespace only; no cross-label equivalence asserted
90th Percentile time (in hours) from Triage to Provider Initial Assessment (PIA) for Canadian Triage & Acuity Screening (CTAS) levels 1 & 2,ind_f8839429fcf611d5,90th Percentile time (in hours) from Triage to Provider Initial Assessment (PIA) for Canadian Triage & Acuity Screening (CTAS) levels 1 & 2,accepted,Source-exact definition retained; display whitespace only; no cross-label equivalence asserted
90th percentile Acute Care wait time for a Rehabilitative Care Bed. The time in days from date of acute care referral to date admitted to rehabilitative care bed,ind_c6220b132f4fe867,90th percentile Acute Care wait time for a Rehabilitative Care Bed. The time in days from date of acute care referral to date admitted to rehabilitative care bed,accepted,Source-exact definition retained; display whitespace only; no cross-label equivalence asserted
90th percentile ED LOS for Admitted Patients,ind_bf93f6b2d08aea6a,90th percentile ED LOS for Admitted Patients,accepted,Source-exact definition retained; display whitespace only; no cross-label equivalence asserted
90th percentile ED length of stay,ind_3fdbfa1beb8cd349,90th percentile ED length of stay,accepted,Source-exact definition retained; display whitespace only; no cross-label equivalence asserted
90th percentile ED length of stay: non-admit high-acuity (CTAS 1-3)patients.,ind_6f2ea74f30b39dc3,90th percentile ED length of stay: non-admit high-acuity (CTAS 1-3)patients.,accepted,Source-exact definition retained; display whitespace only; no cross-label equivalence asserted
90th percentile Emergency Department (ED) Length of Stay (LOS) as high acuity,ind_26f4040d5e42bdbe,90th percentile Emergency Department (ED) Length of Stay (LOS) as high acuity,accepted,Source-exact definition retained; display whitespace only; no cross-label equivalence asserted
90th percentile Emergency Department (ED) Length of Stay (LOS) for non-admitted patients triaged as low acuity,ind_5fa9beb59afe060d,90th percentile Emergency Department (ED) Length of Stay (LOS) for non-admitted patients triaged as low acuity,accepted,Source-exact definition retained; display whitespace only; no cross-label equivalence asserted
90th percentile Emergency Department Length of Stay - Admitted Patient (90th % ED LOS Admitted),ind_c33523679e1044e5,90th percentile Emergency Department Length of Stay - Admitted Patient (90th % ED LOS Admitted),accepted,Source-exact definition retained; display whitespace only; no cross-label equivalence asserted
90th percentile Emergency Department Length of Stay - Admitted patient (ED LOS - Admitted),ind_a8c4e0116c532e12,90th percentile Emergency Department Length of Stay - Admitted patient (ED LOS - Admitted),accepted,Source-exact definition retained; display whitespace only; no cross-label equivalence asserted
90th percentile ambulance offload time,ind_ee70b593aad3e4f6,90th percentile ambulance offload time,accepted,Source-exact definition retained; display whitespace only; no cross-label equivalence asserted
90th percentile ambulance offload time.,ind_29ce0ea7a9811739,90th percentile ambulance offload time.,accepted,Source-exact definition retained; display whitespace only; no cross-label equivalence asserted
90th percentile emergency department length of stay for admitted patients,ind_f197a93604c302d2,90th percentile emergency department length of stay for admitted patients,accepted,Source-exact definition retained; display whitespace only; no cross-label equivalence asserted
90th percentile emergency department length of stay for noadmitted patients with low acuity,ind_f08954e5367b10a4,90th percentile emergency department length of stay for noadmitted patients with low acuity,accepted,Source-exact definition retained; display whitespace only; no cross-label equivalence asserted
90th percentile emergency department length of stay for nonadmitted patients (all acuity).,ind_82660a402a02c63b,90th percentile emergency department length of stay for nonadmitted patients (all acuity).,accepted,Source-exact definition retained; display whitespace only; no cross-label equivalence asserted
90th percentile emergency department length of stay for nonadmitted patients with high acuity,ind_7ebd4762b8a6c688,90th percentile emergency department length of stay for nonadmitted patients with high acuity,accepted,Source-exact definition retained; display whitespace only; no cross-label equivalence asserted
90th percentile emergency department length of stay for nonadmitted patients with low acuity,ind_e666bcb709405e0f,90th percentile emergency department length of stay for nonadmitted patients with low acuity,accepted,Source-exact definition retained; display whitespace only; no cross-label equivalence asserted
90th percentile emergency department wait time to inpatient bed,ind_ef4a9573ead4ee92,90th percentile emergency department wait time to inpatient bed,accepted,Source-exact definition retained; display whitespace only; no cross-label equivalence asserted
90th percentile emergency department wait time to inpatient bed.,ind_91982437d751f183,90th percentile emergency department wait time to inpatient bed.,accepted,Source-exact definition retained; display whitespace only; no cross-label equivalence asserted
90th percentile emergency department wait time to physician initial assessment,ind_e7cd9b5804f1c518,90th percentile emergency department wait time to physician initial assessment,accepted,Source-exact definition retained; display whitespace only; no cross-label equivalence asserted
90th percentile emergency department wait time to physician initial assessment for CTAS-1 patients,ind_923f20b6f720663c,90th percentile emergency department wait time to physician initial assessment for CTAS-1 patients,accepted,Source-exact definition retained; display whitespace only; no cross-label equivalence asserted
90th percentile length of stay for non-admitted patients,ind_2c5bf14a3e9e8ea9,90th percentile length of stay for non-admitted patients,accepted,Source-exact definition retained; display whitespace only; no cross-label equivalence asserted
90th percentile physician initial assessment (PIA) time,ind_c1306461f3f82721,90th percentile physician initial assessment (PIA) time,accepted,Source-exact definition retained; display whitespace only; no cross-label equivalence asserted
"90th percentile wait time (hours) for patients admitted from the ED to an inpatient bed or operating room, where wait time is from Disposition Date/Time until the Date/Time Patient Left Emergency Department (ED) for admission.",ind_3700bf2b49bae03a,"90th percentile wait time (hours) for patients admitted from the ED to an inpatient bed or operating room, where wait time is from Disposition Date/Time until the Date/Time Patient Left Emergency Department (ED) for admission.",accepted,Source-exact definition retained; display whitespace only; no cross-label equivalence asserted
90th percentile emergency department length of stay for non-admitted patients with high acuity,ind_62c7e80914d75544,90th percentile emergency department length of stay for non-admitted patients with high acuity,accepted,Source-exact definition retained; display whitespace only; no cross-label equivalence asserted
90th percentile emergency department wait time to inpatient bed,ind_071425b13fe13ad9,90th percentile emergency department wait time to inpatient bed,accepted,Source-exact definition retained; display whitespace only; no cross-label equivalence asserted
A 20% reduction in the Harm Index,ind_7e74569545ff3fd2,A 20% reduction in the Harm Index,accepted,Source-exact definition retained; display whitespace only; no cross-label equivalence asserted
ACS/HF Discharge Information,ind_bd2d1ebe6c7b26d4,ACS/HF Discharge Information,accepted,Source-exact definition retained; display whitespace only; no cross-label equivalence asserted
ALC - LTC throughput ratio,ind_2e6eb4906d494d74,ALC - LTC throughput ratio,accepted,Source-exact definition retained; display whitespace only; no cross-label equivalence asserted
ALC Throughput,ind_43ce6f36688db66a,ALC Throughput,accepted,Source-exact definition retained; display whitespace only; no cross-label equivalence asserted
Access to Hip Fracture Surgery within 48 Hours,ind_164028b8d003b7ac,Access to Hip Fracture Surgery within 48 Hours,accepted,Source-exact definition retained; display whitespace only; no cross-label equivalence asserted
Access to Hop Fracture Surgery within 48 Hours,ind_97e1c2cf0947da44,Access to Hop Fracture Surgery within 48 Hours,accepted,Source-exact definition retained; display whitespace only; no cross-label equivalence asserted
Accessibility Baseline Assessment,ind_d35202ae108e8b6d,Accessibility Baseline Assessment,accepted,Source-exact definition retained; display whitespace only; no cross-label equivalence asserted
Accessibility Sub-Committee,ind_c75ac4ed48b4172e,Accessibility Sub-Committee,accepted,Source-exact definition retained; display whitespace only; no cross-label equivalence asserted
Accreditation leadership standards implemented,ind_190b9aec9fddeb4a,Accreditation leadership standards implemented,accepted,Source-exact definition retained; display whitespace only; no cross-label equivalence asserted
Achievement of Exemplary status during the Accreditation Canada process,ind_d3d405e2f972cbf9,Achievement of Exemplary status during the Accreditation Canada process,accepted,Source-exact definition retained; display whitespace only; no cross-label equivalence asserted
Acute Cardiac Triage Unit (ACTU),ind_f2c8f0b5c76d52bc,Acute Cardiac Triage Unit (ACTU),accepted,Source-exact definition retained; display whitespace only; no cross-label equivalence asserted
Acute Clinical Deterioration - Interventions on EWS Scores >5,ind_67366939d6b7a64d,Acute Clinical Deterioration - Interventions on EWS Scores >5,accepted,Source-exact definition retained; display whitespace only; no cross-label equivalence asserted
"Adjusted Breastfeeding Rate: Proportion of newborns who were exclusively breastfed or fed human milk from birth to discharge, or if they received any feeds other than human milk, this was because of documented medical reasons.",ind_e255f8eb7cf0465e,"Adjusted Breastfeeding Rate: Proportion of newborns who were exclusively breastfed or fed human milk from birth to discharge, or if they received any feeds other than human milk, this was because of documented medical reasons.",accepted,Source-exact definition retained; display whitespace only; no cross-label equivalence asserted
Admission rates of patients presenting to ED with opioid use disorder(s).,ind_738bb4d67a0c86d2,Admission rates of patients presenting to ED with opioid use disorder(s).,accepted,Source-exact definition retained; display whitespace only; no cross-label equivalence asserted
Adopt the EPIC After Visit Summary (AVS) and train all full and part-time clinical staff (inpatient units) on the completion of the tool and patient review & discharge teaching process.,ind_59d70dad452c56b3,Adopt the EPIC After Visit Summary (AVS) and train all full and part-time clinical staff (inpatient units) on the completion of the tool and patient review & discharge teaching process.,accepted,Source-exact definition retained; display whitespace only; no cross-label equivalence asserted
Adoption of eCheck-in:  # of completed appointments using eCheck-in (myHR or kiosk) / total # of completed appointments,ind_0c80ae4bb83ffb93,Adoption of eCheck-in: # of completed appointments using eCheck-in (myHR or kiosk) / total # of completed appointments,accepted,Source-exact definition retained; display whitespace only; no cross-label equivalence asserted
Adoption of the OHA short form patient experience survey.?,ind_398874f87960953c,Adoption of the OHA short form patient experience survey.?,accepted,Source-exact definition retained; display whitespace only; no cross-label equivalence asserted
Adult Inpatient percentage positive responses to:  Did patients feel they received adequate information about their health and their care at discharge?,ind_70af49183c985bdc,Adult Inpatient percentage positive responses to: Did patients feel they received adequate information about their health and their care at discharge?,accepted,Source-exact definition retained; display whitespace only; no cross-label equivalence asserted
Advance Infrastructure to Support Health Equity: Progression on organizational Maturity Scale from Exploring to Transforming,ind_686bad40bec2aafd,Advance Infrastructure to Support Health Equity: Progression on organizational Maturity Scale from Exploring to Transforming,accepted,Source-exact definition retained; display whitespace only; no cross-label equivalence asserted
"Advance the integration of Equity, Diversity, Inclusion and Indigeneity across the organization by implementing the approved IAC (Inclusion Advisory Council) Project Plan, with progress tracked by the percentage of milestones achieved.",ind_226ac7b2f643c314,"Advance the integration of Equity, Diversity, Inclusion and Indigeneity across the organization by implementing the approved IAC (Inclusion Advisory Council) Project Plan, with progress tracked by the percentage of milestones achieved.",accepted,Source-exact definition retained; display whitespace only; no cross-label equivalence asserted
Agency Nursing Costs per quarter,ind_0e997b39ff0a2fd0,Agency Nursing Costs per quarter,accepted,Source-exact definition retained; display whitespace only; no cross-label equivalence asserted
All (except LTC) - Number of incidents of racism & discrimination reported by SJCG staff,ind_e0c4b05d41e30229,All (except LTC) - Number of incidents of racism & discrimination reported by SJCG staff,accepted,Source-exact definition retained; display whitespace only; no cross-label equivalence asserted
All Patients Readmitted to Hospital,ind_cc8c64cd779728c7,All Patients Readmitted to Hospital,accepted,Source-exact definition retained; display whitespace only; no cross-label equivalence asserted
"All SJCG (except LTC) - Percentage of staff who have completed relevant equity, diversity, inclusion, anti-racism education - Repairing the Sacred Circle 1 (All Staff)*EC",ind_76d8fd3aea130c48,"All SJCG (except LTC) - Percentage of staff who have completed relevant equity, diversity, inclusion, anti-racism education - Repairing the Sacred Circle 1 (All Staff)*EC",accepted,Source-exact definition retained; display whitespace only; no cross-label equivalence asserted
Alternate Level of Care ( Throughput Ratio),ind_54fe3ae8167cd926,Alternate Level of Care ( Throughput Ratio),accepted,Source-exact definition retained; display whitespace only; no cross-label equivalence asserted
Alternate Level of Care (ALC) Rate,ind_b733bc180a319bf5,Alternate Level of Care (ALC) Rate,accepted,Source-exact definition retained; display whitespace only; no cross-label equivalence asserted
Alternate Level of Care (ALC) Rate (%),ind_1404934a6bc58ae7,Alternate Level of Care (ALC) Rate (%),accepted,Source-exact definition retained; display whitespace only; no cross-label equivalence asserted
Alternate Level of Care (ALC) days expressed as a percentage of all inpatient days in the same period.,ind_d026d982f3288a0d,Alternate Level of Care (ALC) days expressed as a percentage of all inpatient days in the same period.,accepted,Source-exact definition retained; display whitespace only; no cross-label equivalence asserted
Alternate Level of Care (ALC) rate,ind_34067632b5001624,Alternate Level of Care (ALC) rate,accepted,Source-exact definition retained; display whitespace only; no cross-label equivalence asserted
Alternate Level of Care (ALC) rate MSH,ind_dda18ec65707be5a,Alternate Level of Care (ALC) rate MSH,accepted,Source-exact definition retained; display whitespace only; no cross-label equivalence asserted
Alternate Level of Care (ALC) rate.This indicator measures the total number of alternate level of care (ALC) days contributed by ALC patients within the specific reporting period using monthly bed census data. A lower rate is better.,ind_3d8992a40a443e07,Alternate Level of Care (ALC) rate.This indicator measures the total number of alternate level of care (ALC) days contributed by ALC patients within the specific reporting period using monthly bed census data. A lower rate is better.,accepted,Source-exact definition retained; display whitespace only; no cross-label equivalence asserted
Alternate Level of Care (ALC) throughput ratio,ind_3712700ff4df7317,Alternate Level of Care (ALC) throughput ratio,accepted,Source-exact definition retained; display whitespace only; no cross-label equivalence asserted
Alternate Level of Care Throughput Ratio,ind_a8db40ea8051fec2,Alternate Level of Care Throughput Ratio,accepted,Source-exact definition retained; display whitespace only; no cross-label equivalence asserted
Alternate level of care (ALC) throughput ratio,ind_cd57992e4ca687e8,Alternate level of care (ALC) throughput ratio,accepted,Source-exact definition retained; display whitespace only; no cross-label equivalence asserted
Alternate level of care (ALC) throughput ratio (EFFICIENT),ind_d81b95737e9f6975,Alternate level of care (ALC) throughput ratio (EFFICIENT),accepted,Source-exact definition retained; display whitespace only; no cross-label equivalence asserted
Alternate level of care (ALC) throughput ratio (Espanola GeneralHospital),ind_3aa29491e946ff2d,Alternate level of care (ALC) throughput ratio (Espanola GeneralHospital),accepted,Source-exact definition retained; display whitespace only; no cross-label equivalence asserted
Alternate level of care (ALC) throughput ratio excluding any patients with refugee status that are awaiting an immigration hearing,ind_eeb2ac8d4f6dad3c,Alternate level of care (ALC) throughput ratio excluding any patients with refugee status that are awaiting an immigration hearing,accepted,Source-exact definition retained; display whitespace only; no cross-label equivalence asserted
Alternate level of care (ALC) throughput ratio.,ind_93ff287e70bfcafb,Alternate level of care (ALC) throughput ratio.,accepted,Source-exact definition retained; display whitespace only; no cross-label equivalence asserted
Alternative Level of Care (ALC) Rate - % of ALC days out of total inpatient days,ind_d07919bd9be29668,Alternative Level of Care (ALC) Rate - % of ALC days out of total inpatient days,accepted,Source-exact definition retained; display whitespace only; no cross-label equivalence asserted
Alternative Level of Care (ALC) throughput ratio,ind_316ec7f555b1e8ca,Alternative Level of Care (ALC) throughput ratio,accepted,Source-exact definition retained; display whitespace only; no cross-label equivalence asserted
Ambulatory Care Hand Hygiene Audit,ind_9e718b5f7d17ec2e,Ambulatory Care Hand Hygiene Audit,accepted,Source-exact definition retained; display whitespace only; no cross-label equivalence asserted
Annual Budget deficit,ind_26b1221e7077432e,Annual Budget deficit,accepted,Source-exact definition retained; display whitespace only; no cross-label equivalence asserted
Antimicrobial Stewardship: Days of Therapy (DOT) for inpatients,ind_b285fc31edf55597,Antimicrobial Stewardship: Days of Therapy (DOT) for inpatients,accepted,Source-exact definition retained; display whitespace only; no cross-label equivalence asserted
Appropriate referral to Mental Health follow up for those meeting criteria through the Emergency Department,ind_d3f6cf366ea644ff,Appropriate referral to Mental Health follow up for those meeting criteria through the Emergency Department,accepted,Source-exact definition retained; display whitespace only; no cross-label equivalence asserted
Appropriate referral to addictions support/pathway,ind_f89af249bc83b4be,Appropriate referral to addictions support/pathway,accepted,Source-exact definition retained; display whitespace only; no cross-label equivalence asserted
Attendance and Healthy Return to Work - Total average sick days per employee,ind_56196698b1a0d6fe,Attendance and Healthy Return to Work - Total average sick days per employee,accepted,Source-exact definition retained; display whitespace only; no cross-label equivalence asserted
"Average Active Rehab Length of Stay, Rehab Group Fracture of Lower Extremity; Parkwood Main Specialized Geriatric Services",ind_29493b8d5862943c,"Average Active Rehab Length of Stay, Rehab Group Fracture of Lower Extremity; Parkwood Main Specialized Geriatric Services",accepted,Source-exact definition retained; display whitespace only; no cross-label equivalence asserted
Average Acute Length of Stay (excludes the Obstetrics Adults and Newborn patient days and discharges),ind_c5cdf865516d3f3c,Average Acute Length of Stay (excludes the Obstetrics Adults and Newborn patient days and discharges),accepted,Source-exact definition retained; display whitespace only; no cross-label equivalence asserted
Average Ambulance Offload Time,ind_69a27a035a2924ed,Average Ambulance Offload Time,accepted,Source-exact definition retained; display whitespace only; no cross-label equivalence asserted
Average Ambulance offload Time,ind_4b8c59cc30cbab2c,Average Ambulance offload Time,accepted,Source-exact definition retained; display whitespace only; no cross-label equivalence asserted
Average ED length of stay for non-admitted patients with high acuity,ind_ac7e9f2b5b4ae01c,Average ED length of stay for non-admitted patients with high acuity,accepted,Source-exact definition retained; display whitespace only; no cross-label equivalence asserted
Average ED length of stay for non-admitted patients with low acuity,ind_eed325d201e33dcf,Average ED length of stay for non-admitted patients with low acuity,accepted,Source-exact definition retained; display whitespace only; no cross-label equivalence asserted
Average ED wait time to Physician Initial Assessment for individuals with Sickle Cell Disease (SCD) with crisis,ind_b6616275d86951ea,Average ED wait time to Physician Initial Assessment for individuals with Sickle Cell Disease (SCD) with crisis,accepted,Source-exact definition retained; display whitespace only; no cross-label equivalence asserted
Average ED wait time to physician initial assessment (PIA),ind_4a13c6b5c4b532e9,Average ED wait time to physician initial assessment (PIA),accepted,Source-exact definition retained; display whitespace only; no cross-label equivalence asserted
Average ED wait time to physician initial assessment (PIA) for individuals with sickle cell disease (CTAS 1 or 2),ind_c2ff2b1872f9acce,Average ED wait time to physician initial assessment (PIA) for individuals with sickle cell disease (CTAS 1 or 2),accepted,Source-exact definition retained; display whitespace only; no cross-label equivalence asserted
Average Emergency Department Wait Time to Physician Initial Assessment for Individuals with Sickle Cell Disease (CTAS 1 or 2),ind_db110398bf000e7d,Average Emergency Department Wait Time to Physician Initial Assessment for Individuals with Sickle Cell Disease (CTAS 1 or 2),accepted,Source-exact definition retained; display whitespace only; no cross-label equivalence asserted
Average Emergency Department length of stay for non-admitted patients with low acuity,ind_968392df9dd800c5,Average Emergency Department length of stay for non-admitted patients with low acuity,accepted,Source-exact definition retained; display whitespace only; no cross-label equivalence asserted
Average Emergency Department wait time to physician initial assessment,ind_386d050bd75a6a2b,Average Emergency Department wait time to physician initial assessment,accepted,Source-exact definition retained; display whitespace only; no cross-label equivalence asserted
Average Length of Stay (LOS) for Acute Patients (Inpatient),ind_d56d13be849c34b4,Average Length of Stay (LOS) for Acute Patients (Inpatient),accepted,Source-exact definition retained; display whitespace only; no cross-label equivalence asserted
Average Length of Stay (LOS) for Alternate Level of Care (ALC) Patients (Inpatient),ind_022983814e191531,Average Length of Stay (LOS) for Alternate Level of Care (ALC) Patients (Inpatient),accepted,Source-exact definition retained; display whitespace only; no cross-label equivalence asserted
Average Length of Stay (LOS) for Quality-Based Procedure (QBP) Patients:,ind_5298e86489d39d7e,Average Length of Stay (LOS) for Quality-Based Procedure (QBP) Patients:,accepted,Source-exact definition retained; display whitespace only; no cross-label equivalence asserted
Average Quarterly Number of New Hospital-Acquired Stage III/IV Pressure Injuries,ind_175fab9eb94291e1,Average Quarterly Number of New Hospital-Acquired Stage III/IV Pressure Injuries,accepted,Source-exact definition retained; display whitespace only; no cross-label equivalence asserted
Average ambulance offload time,ind_8c5fd42739f90d9c,Average ambulance offload time,accepted,Source-exact definition retained; display whitespace only; no cross-label equivalence asserted
Average number of days per month in which care teams worked without the full complement of staff and physicians.,ind_c89bc7d1d085143f,Average number of days per month in which care teams worked without the full complement of staff and physicians.,accepted,Source-exact definition retained; display whitespace only; no cross-label equivalence asserted
Average response score to the following patient satisfaction survey question:  Overall experience rating.,ind_349df9439a41936f,Average response score to the following patient satisfaction survey question: Overall experience rating.,accepted,Source-exact definition retained; display whitespace only; no cross-label equivalence asserted
Average response score to the following patient satisfaction survey questions: Overall experience rating.,ind_fe14abbfe1d2f9d6,Average response score to the following patient satisfaction survey questions: Overall experience rating.,accepted,Source-exact definition retained; display whitespace only; no cross-label equivalence asserted
Average time from earliest point of entry (swipe) to administration of the first dose of analgesia for ED patients presenting with Vaso-occlusive crisis (VOC),ind_74dde4a73dc300cf,Average time from earliest point of entry (swipe) to administration of the first dose of analgesia for ED patients presenting with Vaso-occlusive crisis (VOC),accepted,Source-exact definition retained; display whitespace only; no cross-label equivalence asserted
Average time from order to verification for tropnonin,ind_6ddf63a6ffa0db36,Average time from order to verification for tropnonin,accepted,Source-exact definition retained; display whitespace only; no cross-label equivalence asserted
Average time from triage to administration of the first dose of analgesia for ED patients presenting with VOC,ind_25d6d352b6b9f2a1,Average time from triage to administration of the first dose of analgesia for ED patients presenting with VOC,accepted,Source-exact definition retained; display whitespace only; no cross-label equivalence asserted
Average time patients waited for first assessment in emergency department (ED),ind_54ae3f3f82056735,Average time patients waited for first assessment in emergency department (ED),accepted,Source-exact definition retained; display whitespace only; no cross-label equivalence asserted
Average time to inpatient bed for Mental Health & Addictions patients,ind_52ff3149a6587b82,Average time to inpatient bed for Mental Health & Addictions patients,accepted,Source-exact definition retained; display whitespace only; no cross-label equivalence asserted
Average time to inpatient bed for acute inpatients,ind_e2ce4d4a4209ce34,Average time to inpatient bed for acute inpatients,accepted,Source-exact definition retained; display whitespace only; no cross-label equivalence asserted
Average time to inpatient bed for mental health and addictions inpatients,ind_f16566eab43a0876,Average time to inpatient bed for mental health and addictions inpatients,accepted,Source-exact definition retained; display whitespace only; no cross-label equivalence asserted
Average time to inpatient patient bed for general internal medicine patients,ind_c521558a04f6cf69,Average time to inpatient patient bed for general internal medicine patients,accepted,Source-exact definition retained; display whitespace only; no cross-label equivalence asserted
Average total length of stay (combined acute + ALC days) for admitted patients in medicine and surgical units,ind_cbf37604f666a309,Average total length of stay (combined acute + ALC days) for admitted patients in medicine and surgical units,accepted,Source-exact definition retained; display whitespace only; no cross-label equivalence asserted
Average triage time within 15 minutes of arrival in the Emergency Department.,ind_68892529abac045b,Average triage time within 15 minutes of arrival in the Emergency Department.,accepted,Source-exact definition retained; display whitespace only; no cross-label equivalence asserted
Average wait time for admitted patients from registration to physician initial assessment.,ind_bdd53af398a0ce8a,Average wait time for admitted patients from registration to physician initial assessment.,accepted,Source-exact definition retained; display whitespace only; no cross-label equivalence asserted
Average wait time for admitted patients from registration to triage,ind_387d2ec43b51f64e,Average wait time for admitted patients from registration to triage,accepted,Source-exact definition retained; display whitespace only; no cross-label equivalence asserted
Average wait time for admitted patients from registration to triage.,ind_6d0de6fe3e706429,Average wait time for admitted patients from registration to triage.,accepted,Source-exact definition retained; display whitespace only; no cross-label equivalence asserted
Barcode Medication Administration (BCMA) Completion Rate,ind_8c6a3079a5927165,Barcode Medication Administration (BCMA) Completion Rate,accepted,Source-exact definition retained; display whitespace only; no cross-label equivalence asserted
Barcode Medication Administration (BCMA) Completion Rate (%),ind_532940f3d81baf4c,Barcode Medication Administration (BCMA) Completion Rate (%),accepted,Source-exact definition retained; display whitespace only; no cross-label equivalence asserted
Barcode Medication Administration (BCMA) rates,ind_082273d18459f2d0,Barcode Medication Administration (BCMA) rates,accepted,Source-exact definition retained; display whitespace only; no cross-label equivalence asserted
"Before you left the hospital, did you have a clear understanding about all of your prescribed medications, including those you were taking before your hospital stay?",ind_727b0e9c19403624,"Before you left the hospital, did you have a clear understanding about all of your prescribed medications, including those you were taking before your hospital stay?",accepted,Source-exact definition retained; display whitespace only; no cross-label equivalence asserted
Begin the planning for EPIC (electronic health records software system) implementation.  Percentage of processes completed by quarter.,ind_3d2b4228a2500924,Begin the planning for EPIC (electronic health records software system) implementation. Percentage of processes completed by quarter.,accepted,Source-exact definition retained; display whitespace only; no cross-label equivalence asserted
Beyond Cardiac Rehab,ind_81e83752da2fb19a,Beyond Cardiac Rehab,accepted,Source-exact definition retained; display whitespace only; no cross-label equivalence asserted
Board Resource and Planning Project Approved Milestones,ind_7997ff0e970e9f75,Board Resource and Planning Project Approved Milestones,accepted,Source-exact definition retained; display whitespace only; no cross-label equivalence asserted
"By March 31, 2027, increase organizational capacity to provide culturally safer care for First Nations, Inuit and Métis patients by improving staff knowledge, confidence, and system supports for Indigenous cultural and spiritual practices, as measured through participation in Indigenous safety education, access to cultural practices (e.g., smudging), and improved reporting and measurement related to spiritual, cultural, and emotional harm.Indicator: # of smudging ceremonies performed per month at Bayview campus (based on submission of hot work permits).",ind_05b81ba7b1a59dce,"By March 31, 2027, increase organizational capacity to provide culturally safer care for First Nations, Inuit and Métis patients by improving staff knowledge, confidence, and system supports for Indigenous cultural and spiritual practices, as measured through participation in Indigenous safety education, access to cultural practices (e.g., smudging), and improved reporting and measurement related to spiritual, cultural, and emotional harm.Indicator: # of smudging ceremonies performed per month at Bayview campus (based on submission of hot work permits).",accepted,Source-exact definition retained; display whitespace only; no cross-label equivalence asserted
"By March 31, 2027, increase organizational capacity to provide culturally safer care for First Nations, Inuit and Métis patients by improving staff knowledge, confidence, and system supports for Indigenous cultural and spiritual practices, as measured through participation in Indigenous safety education, access to cultural practices (e.g., smudging), and improved reporting and measurement related to spiritual, cultural, and emotional harm.Indicator: % of Care Programs having implemented the Indigenous Cultural Safety Scorecard.",ind_95f4f1876860a3bd,"By March 31, 2027, increase organizational capacity to provide culturally safer care for First Nations, Inuit and Métis patients by improving staff knowledge, confidence, and system supports for Indigenous cultural and spiritual practices, as measured through participation in Indigenous safety education, access to cultural practices (e.g., smudging), and improved reporting and measurement related to spiritual, cultural, and emotional harm.Indicator: % of Care Programs having implemented the Indigenous Cultural Safety Scorecard.",accepted,Source-exact definition retained; display whitespace only; no cross-label equivalence asserted
"CDI rate per 1,000 patient days: Number of patients newly diagnosed with hospital-acquired CDI during the reporting period, divided by the number of patient days in the reporting period, multiplied by 1,000.",ind_092cc3eff43d4449,"CDI rate per 1,000 patient days: Number of patients newly diagnosed with hospital-acquired CDI during the reporting period, divided by the number of patient days in the reporting period, multiplied by 1,000.",accepted,Source-exact definition retained; display whitespace only; no cross-label equivalence asserted
Cancer Surgical Volumes,ind_7f499173f0ae5db7,Cancer Surgical Volumes,accepted,Source-exact definition retained; display whitespace only; no cross-label equivalence asserted
Cannabis Education During Preoperative Period,ind_43f74503cde38b67,Cannabis Education During Preoperative Period,accepted,Source-exact definition retained; display whitespace only; no cross-label equivalence asserted
Cardiac Rehabilitation Educational Tools for Inuit Patients,ind_029fbfbe03f0773d,Cardiac Rehabilitation Educational Tools for Inuit Patients,accepted,Source-exact definition retained; display whitespace only; no cross-label equivalence asserted
"Choosing Wisely telemetryObjective: Decrease use of non-indicated continuous cardiac monitoring (telemetry) per American Heart Association (AHA) guidelines in patients admitted to ward beds excluding ICU patients and D3 patients at Bayview Campus.Indicator: Proportion of patients for whom telemetry is ordered and initiated without an appropriate indication per AHA guidelines, or who are on telemetry longer than the indicated duration.",ind_50caf236c1de4eb6,"Choosing Wisely telemetryObjective: Decrease use of non-indicated continuous cardiac monitoring (telemetry) per American Heart Association (AHA) guidelines in patients admitted to ward beds excluding ICU patients and D3 patients at Bayview Campus.Indicator: Proportion of patients for whom telemetry is ordered and initiated without an appropriate indication per AHA guidelines, or who are on telemetry longer than the indicated duration.",accepted,Source-exact definition retained; display whitespace only; no cross-label equivalence asserted
Choosing Wisely- Using Labs Wisely : Reduce unnecessary repeat short interval laboratory testing of lipid profiles (whole panel) for patients where testing is not indicated.,ind_c1d6c13aa4428ba1,Choosing Wisely- Using Labs Wisely : Reduce unnecessary repeat short interval laboratory testing of lipid profiles (whole panel) for patients where testing is not indicated.,accepted,Source-exact definition retained; display whitespace only; no cross-label equivalence asserted
Choosing Wisely- Using Labs Wisely : Reduce unnecessary repeat short interval laboratory testing of thyroid stimulating hormone (TSH) for patients where testing is not indicated.,ind_96c6a6966906cf59,Choosing Wisely- Using Labs Wisely : Reduce unnecessary repeat short interval laboratory testing of thyroid stimulating hormone (TSH) for patients where testing is not indicated.,accepted,Source-exact definition retained; display whitespace only; no cross-label equivalence asserted
Choosing Wisely- Using Labs Wisely: Reduce unnecessary repeat short interval laboratory testing of serum protein electrophoresis (SPEP) for patients where testing is not indicated.,ind_2de449447d42c20a,Choosing Wisely- Using Labs Wisely: Reduce unnecessary repeat short interval laboratory testing of serum protein electrophoresis (SPEP) for patients where testing is not indicated.,accepted,Source-exact definition retained; display whitespace only; no cross-label equivalence asserted
Clinical Pathway Length of Stay (LOS) Adherence - % of inpatients that meet care pathway length of stay (LOS) targets at time of discharge or forensic transfer,ind_4591867a73fb16c8,Clinical Pathway Length of Stay (LOS) Adherence - % of inpatients that meet care pathway length of stay (LOS) targets at time of discharge or forensic transfer,accepted,Source-exact definition retained; display whitespace only; no cross-label equivalence asserted
Clinical Pathway Length of Stay (LOS) Adherence - % of inpatients that meet care pathway length of stay (LOS) targets at time of discharge or forensic transfer. Alternative Level of Care (ALC) are excluded.,ind_7679d0d1bdec8364,Clinical Pathway Length of Stay (LOS) Adherence - % of inpatients that meet care pathway length of stay (LOS) targets at time of discharge or forensic transfer. Alternative Level of Care (ALC) are excluded.,accepted,Source-exact definition retained; display whitespace only; no cross-label equivalence asserted
Clinical Pharmacy Failure Modes and Effects Analysis,ind_3a36105916492552,Clinical Pharmacy Failure Modes and Effects Analysis,accepted,Source-exact definition retained; display whitespace only; no cross-label equivalence asserted
Collect patient demographic information,ind_32adf39f302c210d,Collect patient demographic information,accepted,Source-exact definition retained; display whitespace only; no cross-label equivalence asserted
Collection of Sociodemographic data for identifying equity-deserving populations,ind_390050be6bef5aa6,Collection of Sociodemographic data for identifying equity-deserving populations,accepted,Source-exact definition retained; display whitespace only; no cross-label equivalence asserted
Communication Boards in CCU and CSICU at UOHI,ind_001a288c000187d5,Communication Boards in CCU and CSICU at UOHI,accepted,Source-exact definition retained; display whitespace only; no cross-label equivalence asserted
Communication with Physicians and Nurses (%) - Composite Metric,ind_4430d40ce626a876,Communication with Physicians and Nurses (%) - Composite Metric,accepted,Source-exact definition retained; display whitespace only; no cross-label equivalence asserted
Communication with physicians and nurses (%) - composite metric,ind_2f4216f44ca3f7a8,Communication with physicians and nurses (%) - composite metric,accepted,Source-exact definition retained; display whitespace only; no cross-label equivalence asserted
Communication with physicians and nurses (%) composite metric,ind_125be64af8ce1c8a,Communication with physicians and nurses (%) composite metric,accepted,Source-exact definition retained; display whitespace only; no cross-label equivalence asserted
Community Mental Health: Counselling Waitlist (average days waited) (#),ind_05a48d30be54f375,Community Mental Health: Counselling Waitlist (average days waited) (#),accepted,Source-exact definition retained; display whitespace only; no cross-label equivalence asserted
Community Mental Health: Percentage of in-person and virtual visits in the counselling and treatment program (%).,ind_bb2e7f0ac62a8daa,Community Mental Health: Percentage of in-person and virtual visits in the counselling and treatment program (%).,accepted,Source-exact definition retained; display whitespace only; no cross-label equivalence asserted
Community Referrals: percent of patient referrals received from community partners,ind_87de9dc570a77b7b,Community Referrals: percent of patient referrals received from community partners,accepted,Source-exact definition retained; display whitespace only; no cross-label equivalence asserted
Completed wellness initiatives per department (#).,ind_2170920d5d4be6a1,Completed wellness initiatives per department (#).,accepted,Source-exact definition retained; display whitespace only; no cross-label equivalence asserted
Completion of Medication Reconciliation Community-Based Mental Health Program,ind_fbe2b98293b869d9,Completion of Medication Reconciliation Community-Based Mental Health Program,accepted,Source-exact definition retained; display whitespace only; no cross-label equivalence asserted
Completion of sociodemographic data collection,ind_37de22e8f8c2670f,Completion of sociodemographic data collection,accepted,Source-exact definition retained; display whitespace only; no cross-label equivalence asserted
Completion rate of minimum data set for socio-demographic information for current patients (inpatients and outpatients),ind_49aaa7e267379d23,Completion rate of minimum data set for socio-demographic information for current patients (inpatients and outpatients),accepted,Source-exact definition retained; display whitespace only; no cross-label equivalence asserted
Compliance of Hand Hygiene after patient/patient environment contact (%),ind_1d9d3850eada94b4,Compliance of Hand Hygiene after patient/patient environment contact (%),accepted,Source-exact definition retained; display whitespace only; no cross-label equivalence asserted
"Composite score for the Opinion Survey based on scores achieved across dimensions including: Job, Work and Organizational Engagement for FT, PT and Casual employees and Active, Associate and Courtesy Professional staff.",ind_ca260e2f3781466b,"Composite score for the Opinion Survey based on scores achieved across dimensions including: Job, Work and Organizational Engagement for FT, PT and Casual employees and Active, Associate and Courtesy Professional staff.",accepted,Source-exact definition retained; display whitespace only; no cross-label equivalence asserted
Conservable Bed Days,ind_ccd554b0cf1cb0ca,Conservable Bed Days,accepted,Source-exact definition retained; display whitespace only; no cross-label equivalence asserted
Conservable Bed Days (inpatient),ind_fc1b5107fd3f65cc,Conservable Bed Days (inpatient),accepted,Source-exact definition retained; display whitespace only; no cross-label equivalence asserted
Corporate average triage time within 15 minutes,ind_612d8bdcdbbeb445,Corporate average triage time within 15 minutes,accepted,Source-exact definition retained; display whitespace only; no cross-label equivalence asserted
"Cultural Humility and Responsiveness - % of inpatients responded positively to the patient experience survey question ‘The care team was attentive to my cultural needs (e.g. religion, language, ethnic background, race)’",ind_74a78a3fce547712,"Cultural Humility and Responsiveness - % of inpatients responded positively to the patient experience survey question ‘The care team was attentive to my cultural needs (e.g. religion, language, ethnic background, race)’",accepted,Source-exact definition retained; display whitespace only; no cross-label equivalence asserted
Cultural Support Provider Integration in Hospital,ind_871eeba7bbb2b92c,Cultural Support Provider Integration in Hospital,accepted,Source-exact definition retained; display whitespace only; no cross-label equivalence asserted
Culturally Safer Care: Progression on organizational maturity scale from exploring to transforming,ind_7fc689e703379fbe,Culturally Safer Care: Progression on organizational maturity scale from exploring to transforming,accepted,Source-exact definition retained; display whitespace only; no cross-label equivalence asserted
Culturally-Sensitive Inuit Education,ind_a4e81d70f4dfb1b5,Culturally-Sensitive Inuit Education,accepted,Source-exact definition retained; display whitespace only; no cross-label equivalence asserted
Current ratio: Current assets divided by the current liabilities,ind_e2b3f282dc99bf47,Current ratio: Current assets divided by the current liabilities,accepted,Source-exact definition retained; display whitespace only; no cross-label equivalence asserted
Daily average number of patients waiting in the ED for an inpatient bed at Midnight,ind_384b0e8c7913a77b,Daily average number of patients waiting in the ED for an inpatient bed at Midnight,accepted,Source-exact definition retained; display whitespace only; no cross-label equivalence asserted
Daily average number of patients waiting in the Emergency Department for an inpatient bed at 11 a.m,ind_1d18e95083b0ff94,Daily average number of patients waiting in the Emergency Department for an inpatient bed at 11 a.m,accepted,Source-exact definition retained; display whitespace only; no cross-label equivalence asserted
Daily average number of patients waiting in the Emergency Department for an inpatient bed at 11 a.m.,ind_fa2a947f225c338a,Daily average number of patients waiting in the Emergency Department for an inpatient bed at 11 a.m.,accepted,Source-exact definition retained; display whitespace only; no cross-label equivalence asserted
Daily average number of patients waiting in the emergency department for an inpatient bed as of 8 a.m.,ind_1e725dd70007b354,Daily average number of patients waiting in the emergency department for an inpatient bed as of 8 a.m.,accepted,Source-exact definition retained; display whitespace only; no cross-label equivalence asserted
Daily average number of patients waiting in the emergency department for an inpatient bed at 6 a.m.,ind_cf476acd9c65ce35,Daily average number of patients waiting in the emergency department for an inpatient bed at 6 a.m.,accepted,Source-exact definition retained; display whitespace only; no cross-label equivalence asserted
Daily average number of patients waiting in the emergency department for an inpatient bed at 8 a.m.,ind_5b2e1352e31909e8,Daily average number of patients waiting in the emergency department for an inpatient bed at 8 a.m.,accepted,Source-exact definition retained; display whitespace only; no cross-label equivalence asserted
Daily average number of patients waiting in the emergency department for an inpatient bed at midnight,ind_e45f0c12f3c99239,Daily average number of patients waiting in the emergency department for an inpatient bed at midnight,accepted,Source-exact definition retained; display whitespace only; no cross-label equivalence asserted
Date DI requisition received to date exam is booked for outpatient exams (booking turnaround time),ind_bb2e147a9d3cb272,Date DI requisition received to date exam is booked for outpatient exams (booking turnaround time),accepted,Source-exact definition retained; display whitespace only; no cross-label equivalence asserted
Day Surgery - Percentage of respondents who responded “completely” to the following question: Did you receive enough information from hospital staff about what to do if you were worried about your condition or treatment after you left the hospital?,ind_1fda25009ab87bcd,Day Surgery - Percentage of respondents who responded “completely” to the following question: Did you receive enough information from hospital staff about what to do if you were worried about your condition or treatment after you left the hospital?,accepted,Source-exact definition retained; display whitespace only; no cross-label equivalence asserted
Days in-between Pressure Injury MSH Stage 3 and 4 (Never Event criteria),ind_1b40a5c93f05e7fa,Days in-between Pressure Injury MSH Stage 3 and 4 (Never Event criteria),accepted,Source-exact definition retained; display whitespace only; no cross-label equivalence asserted
Decrease COPD patient discharges with conservable bed days to 36.4%,ind_4f5ad4e4495adff8,Decrease COPD patient discharges with conservable bed days to 36.4%,accepted,Source-exact definition retained; display whitespace only; no cross-label equivalence asserted
Decrease ED Volumes,ind_f2b32be079324e49,Decrease ED Volumes,accepted,Source-exact definition retained; display whitespace only; no cross-label equivalence asserted
Decrease inpatient falls with Harm by 20%,ind_deb2096d2f34fd5a,Decrease inpatient falls with Harm by 20%,accepted,Source-exact definition retained; display whitespace only; no cross-label equivalence asserted
Decrease number of instances when patients are assessed with pain of 4 or higher by 10% from baseline data.,ind_cab7a0c017573371,Decrease number of instances when patients are assessed with pain of 4 or higher by 10% from baseline data.,accepted,Source-exact definition retained; display whitespace only; no cross-label equivalence asserted
Decrease percentage of workplace violence/ harassment incidents resulting in a form of injury/harm.,ind_d282c69cbea0a2f6,Decrease percentage of workplace violence/ harassment incidents resulting in a form of injury/harm.,accepted,Source-exact definition retained; display whitespace only; no cross-label equivalence asserted
Decrease the number of workplace violence incidents,ind_4f4fde0c9cc2c8e0,Decrease the number of workplace violence incidents,accepted,Source-exact definition retained; display whitespace only; no cross-label equivalence asserted
Decrease workplace violence,ind_9e22536873b452e0,Decrease workplace violence,accepted,Source-exact definition retained; display whitespace only; no cross-label equivalence asserted
Decreased number of total falls.,ind_2733cf7e6b918e3d,Decreased number of total falls.,accepted,Source-exact definition retained; display whitespace only; no cross-label equivalence asserted
Delirium Onset during Baycrest Hospitalization,ind_28702b2452332d13,Delirium Onset during Baycrest Hospitalization,accepted,Source-exact definition retained; display whitespace only; no cross-label equivalence asserted
Delirium Recognition LMS Training Completion – RN/RPN Staff =100 Days,ind_abaee1b5765d5cd6,Delirium Recognition LMS Training Completion – RN/RPN Staff =100 Days,accepted,Source-exact definition retained; display whitespace only; no cross-label equivalence asserted
Demonstrate improved safety culture through decreasing the # of Serious Safety events,ind_fd176af7500069fa,Demonstrate improved safety culture through decreasing the # of Serious Safety events,accepted,Source-exact definition retained; display whitespace only; no cross-label equivalence asserted
Demonstrate improved safety culture through increased # of safety events reported.,ind_75d9ff43003faf7a,Demonstrate improved safety culture through increased # of safety events reported.,accepted,Source-exact definition retained; display whitespace only; no cross-label equivalence asserted
Demonstrate improved safety culture through increased incident reporting and shared learnings.-# of safety events,ind_320d97455bf36e91,Demonstrate improved safety culture through increased incident reporting and shared learnings.-# of safety events,accepted,Source-exact definition retained; display whitespace only; no cross-label equivalence asserted
"Develop a coordinated response within North Toronto OHT (Ontario Health teams) to extreme weather conditions, with a focus on the most vulnerable populations.",ind_80c3ede24918636b,"Develop a coordinated response within North Toronto OHT (Ontario Health teams) to extreme weather conditions, with a focus on the most vulnerable populations.",accepted,Source-exact definition retained; display whitespace only; no cross-label equivalence asserted
"Development of Diversity, Equity, Inclusion, and Belonging (DEIB) committee with terms of reference, regular meetings and framework.",ind_d007760bb2b6747c,"Development of Diversity, Equity, Inclusion, and Belonging (DEIB) committee with terms of reference, regular meetings and framework.",accepted,Source-exact definition retained; display whitespace only; no cross-label equivalence asserted
"Development of training materials and completion of training in DEI Essentials for Managers, Human Resources and DEI Committee members.",ind_bd7bb9497310d50c,"Development of training materials and completion of training in DEI Essentials for Managers, Human Resources and DEI Committee members.",accepted,Source-exact definition retained; display whitespace only; no cross-label equivalence asserted
Did patients feel they received adequate information about their health and their care at discharge?,ind_4974e8be665c4fc2,Did patients feel they received adequate information about their health and their care at discharge?,accepted,Source-exact definition retained; display whitespace only; no cross-label equivalence asserted
Did patients feel they were treated with courtesy and respect during their hospital visit and/or stay?,ind_f85d92b165e4b800,Did patients feel they were treated with courtesy and respect during their hospital visit and/or stay?,accepted,Source-exact definition retained; display whitespace only; no cross-label equivalence asserted
Did you receive enough information from hospital staff about what to do if you were worried about your condition or treatment after you left the hospital?,ind_43a790d3afe0c937,Did you receive enough information from hospital staff about what to do if you were worried about your condition or treatment after you left the hospital?,accepted,Source-exact definition retained; display whitespace only; no cross-label equivalence asserted
Did you receive enough information from the hospital staff about your health to clearly understand thing you were responsible for in managing you health,ind_8460574f5d01cbda,Did you receive enough information from the hospital staff about your health to clearly understand thing you were responsible for in managing you health,accepted,Source-exact definition retained; display whitespace only; no cross-label equivalence asserted
Digital Strategy: Board Resource and Planning Project Approved Milestones,ind_f98f1de78c76d88a,Digital Strategy: Board Resource and Planning Project Approved Milestones,accepted,Source-exact definition retained; display whitespace only; no cross-label equivalence asserted
"Discharge Experience - percentage of patients discharged to the community asked “Overall, how would you rate your discharge experience?” who responded Very Good (top box) on the Hospital 2 Home Patient Experience Program survey",ind_ce7b154fd42ad078,"Discharge Experience - percentage of patients discharged to the community asked “Overall, how would you rate your discharge experience?” who responded Very Good (top box) on the Hospital 2 Home Patient Experience Program survey",accepted,Source-exact definition retained; display whitespace only; no cross-label equivalence asserted
"Discharge Experience - percentage of patients discharged to the community asked “Overall, how would you rate your discharge experience?” who responded Very Good (top box) on the Hospital 2 Home Patient Experience Program survey.",ind_0e5d9eedc334753d,"Discharge Experience - percentage of patients discharged to the community asked “Overall, how would you rate your discharge experience?” who responded Very Good (top box) on the Hospital 2 Home Patient Experience Program survey.",accepted,Source-exact definition retained; display whitespace only; no cross-label equivalence asserted
Discharge Experience: Overall Discharge experience,ind_a0bc72b3bf5a17c1,Discharge Experience: Overall Discharge experience,accepted,Source-exact definition retained; display whitespace only; no cross-label equivalence asserted
Discharge by Noon Rate,ind_e86e52b9dd5ab5ba,Discharge by Noon Rate,accepted,Source-exact definition retained; display whitespace only; no cross-label equivalence asserted
Discharge summary completed by hospital within 48 hours of discharge,ind_655dd322796d7952,Discharge summary completed by hospital within 48 hours of discharge,accepted,Source-exact definition retained; display whitespace only; no cross-label equivalence asserted
ED (Markham & Uxbridge): % of patients who select top-box answer (completely) for survey question: “Did you receive enough information from hospital staff about what to do if you were worried about your condition or treatment after you left the hospital?”,ind_38bc7ec740df6281,ED (Markham & Uxbridge): % of patients who select top-box answer (completely) for survey question: “Did you receive enough information from hospital staff about what to do if you were worried about your condition or treatment after you left the hospital?”,accepted,Source-exact definition retained; display whitespace only; no cross-label equivalence asserted
ED Flow- ED LOS non-admitted patients low acuity.,ind_ce77a2c6f3cb080a,ED Flow- ED LOS non-admitted patients low acuity.,accepted,Source-exact definition retained; display whitespace only; no cross-label equivalence asserted
ED Time to Inpatient Bed,ind_6dd12bc8b93d145a,ED Time to Inpatient Bed,accepted,Source-exact definition retained; display whitespace only; no cross-label equivalence asserted
ED Wait Time Efficiencies,ind_cb9d21b021566c52,ED Wait Time Efficiencies,accepted,Source-exact definition retained; display whitespace only; no cross-label equivalence asserted
EMPaCT framework,ind_0649c8510837eb23,EMPaCT framework,accepted,Source-exact definition retained; display whitespace only; no cross-label equivalence asserted
EMPaCT in Patient Engagement: Phase 2,ind_b6ab3e7335dfce74,EMPaCT in Patient Engagement: Phase 2,accepted,Source-exact definition retained; display whitespace only; no cross-label equivalence asserted
"Early Warning Scores (EWS): Complete implementation of the Sunnybrook EWS system on  remaining 8 acute care units by March 31st, 2025.",ind_fc8c1b7274eab62c,"Early Warning Scores (EWS): Complete implementation of the Sunnybrook EWS system on remaining 8 acute care units by March 31st, 2025.",accepted,Source-exact definition retained; display whitespace only; no cross-label equivalence asserted
Emergency Arrival to Physician in to Assess,ind_aa119af6f4d25ccf,Emergency Arrival to Physician in to Assess,accepted,Source-exact definition retained; display whitespace only; no cross-label equivalence asserted
Emergency Arrival to Physician in to Assess Time,ind_417776f21116e33c,Emergency Arrival to Physician in to Assess Time,accepted,Source-exact definition retained; display whitespace only; no cross-label equivalence asserted
Emergency Department - Patient Experience. Did you receive enough information from hospital staff about what to do if you were worried about your condition or treatment after you left the hospital?,ind_83177fc3020ef21f,Emergency Department - Patient Experience. Did you receive enough information from hospital staff about what to do if you were worried about your condition or treatment after you left the hospital?,accepted,Source-exact definition retained; display whitespace only; no cross-label equivalence asserted
Emergency Department - Percentage of respondents who rated their Overall Experience between 8-10,ind_919268fb759d6bed,Emergency Department - Percentage of respondents who rated their Overall Experience between 8-10,accepted,Source-exact definition retained; display whitespace only; no cross-label equivalence asserted
Emergency Department - Percentage of respondents who responded “completely” to the following question: Did you receive enough information from hospital staff about what to do if you were worried about your condition or treatment after you left the hospital?,ind_9c34107e9b355ac4,Emergency Department - Percentage of respondents who responded “completely” to the following question: Did you receive enough information from hospital staff about what to do if you were worried about your condition or treatment after you left the hospital?,accepted,Source-exact definition retained; display whitespace only; no cross-label equivalence asserted
Emergency Department 90th percentile length of stay.,ind_8cc37c6f5f5bd596,Emergency Department 90th percentile length of stay.,accepted,Source-exact definition retained; display whitespace only; no cross-label equivalence asserted
Emergency Department Outpatient Survey- Overall Experience Rating 9 out of 10,ind_875299237cfe80b5,Emergency Department Outpatient Survey- Overall Experience Rating 9 out of 10,accepted,Source-exact definition retained; display whitespace only; no cross-label equivalence asserted
Emergency Department Time to Inpatient Bed (TTIB),ind_d55a3389a0a1fde9,Emergency Department Time to Inpatient Bed (TTIB),accepted,Source-exact definition retained; display whitespace only; no cross-label equivalence asserted
Emergency Department Wait Time for Physician Initial Assessment,ind_facb840bf1f0474b,Emergency Department Wait Time for Physician Initial Assessment,accepted,Source-exact definition retained; display whitespace only; no cross-label equivalence asserted
Emergency Department Wait Time for Registration to Physician/NP Initial Assessment,ind_26dc76eab80d449e,Emergency Department Wait Time for Registration to Physician/NP Initial Assessment,accepted,Source-exact definition retained; display whitespace only; no cross-label equivalence asserted
Emergency Department Wait Time for Registration to Physician/NP Initial Assessment (min) LVGH (Dryden comparator),ind_dc702b55c8a44ccd,Emergency Department Wait Time for Registration to Physician/NP Initial Assessment (min) LVGH (Dryden comparator),accepted,Source-exact definition retained; display whitespace only; no cross-label equivalence asserted
Emergency Department Wait Time for Registration to Physician/NP Initial Assessment (min) RR (Atikokan comparator),ind_7259072682787af2,Emergency Department Wait Time for Registration to Physician/NP Initial Assessment (min) RR (Atikokan comparator),accepted,Source-exact definition retained; display whitespace only; no cross-label equivalence asserted
Emergency Department Wait Time for Registration to Triage/Assessment (min) LVGH (Dryden Comparator),ind_acb6bbf189a319c8,Emergency Department Wait Time for Registration to Triage/Assessment (min) LVGH (Dryden Comparator),accepted,Source-exact definition retained; display whitespace only; no cross-label equivalence asserted
Emergency Department Wait Time for Registration to Triage/Assessment (min) RR (Atikokan Comparator),ind_3c9c90ddc5cbe2b7,Emergency Department Wait Time for Registration to Triage/Assessment (min) RR (Atikokan Comparator),accepted,Source-exact definition retained; display whitespace only; no cross-label equivalence asserted
Emergency Department as a first point of contact for a Mental Health Condition as a % of all Mental Health presentations to the Emergency Department,ind_24d8f94a47766bec,Emergency Department as a first point of contact for a Mental Health Condition as a % of all Mental Health presentations to the Emergency Department,accepted,Source-exact definition retained; display whitespace only; no cross-label equivalence asserted
Emergency Department visit as the first point of contact for MHA-related care,ind_40549f91588229ff,Emergency Department visit as the first point of contact for MHA-related care,accepted,Source-exact definition retained; display whitespace only; no cross-label equivalence asserted
Emergency Department wait time for inpatient bed (90th percentile),ind_15be6b67ccf86839,Emergency Department wait time for inpatient bed (90th percentile),accepted,Source-exact definition retained; display whitespace only; no cross-label equivalence asserted
Emergency Department wait time to inpatient bed,ind_be2b4ca3e24e8a18,Emergency Department wait time to inpatient bed,accepted,Source-exact definition retained; display whitespace only; no cross-label equivalence asserted
Emergency Department wait time to physician initial assessment,ind_20f55cebcb28aad1,Emergency Department wait time to physician initial assessment,accepted,Source-exact definition retained; display whitespace only; no cross-label equivalence asserted
Emergency Patient Experience survey metric - Did you receive enough information when you left the hospital,ind_4c2aa824a60377d1,Emergency Patient Experience survey metric - Did you receive enough information when you left the hospital,accepted,Source-exact definition retained; display whitespace only; no cross-label equivalence asserted
Emergency Visits - Wait Time for Physician Initial Assessment (PIA),ind_c1c4386902d814ba,Emergency Visits - Wait Time for Physician Initial Assessment (PIA),accepted,Source-exact definition retained; display whitespace only; no cross-label equivalence asserted
Emergency after-care # visits (Access) to emergency psychiatric care and addictions services,ind_f3dd65b858bd19a7,Emergency after-care # visits (Access) to emergency psychiatric care and addictions services,accepted,Source-exact definition retained; display whitespace only; no cross-label equivalence asserted
Emergency department Wait time (Time in ER to Disposition decision),ind_93e9ab03e009df3d,Emergency department Wait time (Time in ER to Disposition decision),accepted,Source-exact definition retained; display whitespace only; no cross-label equivalence asserted
Emergency department length of stay for admitted patients (mean) (St. Joseph's Health Centre),ind_c42f625e16d6b2c8,Emergency department length of stay for admitted patients (mean) (St. Joseph's Health Centre),accepted,Source-exact definition retained; display whitespace only; no cross-label equivalence asserted
Emergency department length of stay for admitted patients (mean) (St. Michael's Hospital),ind_2458e6a08771d808,Emergency department length of stay for admitted patients (mean) (St. Michael's Hospital),accepted,Source-exact definition retained; display whitespace only; no cross-label equivalence asserted
Employee Retention (excluding retirements),ind_f9605f6ba5bc4041,Employee Retention (excluding retirements),accepted,Source-exact definition retained; display whitespace only; no cross-label equivalence asserted
Employee retention (excluding retirements),ind_bba4ba9a1f7a7a12,Employee retention (excluding retirements),accepted,Source-exact definition retained; display whitespace only; no cross-label equivalence asserted
"English-Establish an Indigenous Advisory Circle and developed a multi-year action plan#Algonquin?- Nitam Pibóng: Kíjenindan Anishinábe pemádizidjig kaye Kíwedinog ijichige tidibá-ahí ashidj kidji ayámowádj kinwej nanda ijichigewin.?#Anishinabek?- Nitam Biboon: Gii'enindan Anishinaabeg bimaadizijig, Anishinaabeg Akiing gaye (Inuit) Giiwedinong izhichige dibaa'ahii dash gii-ayaawaad daso-biboon nanda-izhichigewin.??",ind_80d36ab9f602a7f0,"English-Establish an Indigenous Advisory Circle and developed a multi-year action plan#Algonquin?- Nitam Pibóng: Kíjenindan Anishinábe pemádizidjig kaye Kíwedinog ijichige tidibá-ahí ashidj kidji ayámowádj kinwej nanda ijichigewin.?#Anishinabek?- Nitam Biboon: Gii'enindan Anishinaabeg bimaadizijig, Anishinaabeg Akiing gaye (Inuit) Giiwedinong izhichige dibaa'ahii dash gii-ayaawaad daso-biboon nanda-izhichigewin.??",accepted,Source-exact definition retained; display whitespace only; no cross-label equivalence asserted
Enhance Safe Senior Care:Reduce delirium rate for patients with Length of Stay (LOS) > 2 days and age =65,ind_48bc9cd67de7e1a5,Enhance Safe Senior Care:Reduce delirium rate for patients with Length of Stay (LOS) > 2 days and age =65,accepted,Source-exact definition retained; display whitespace only; no cross-label equivalence asserted
"Enhance Safe Senior Friendly Care based on the Institute for Healthcare Improvement (IHI) 4 M’s Age-Friendly Care Framework.Delirium rate for patients with length of stay (LOS) greater than two days and 65 years of age and older, measured across three units (D2, D3, K3 East)",ind_910a896770ce9041,"Enhance Safe Senior Friendly Care based on the Institute for Healthcare Improvement (IHI) 4 M’s Age-Friendly Care Framework.Delirium rate for patients with length of stay (LOS) greater than two days and 65 years of age and older, measured across three units (D2, D3, K3 East)",accepted,Source-exact definition retained; display whitespace only; no cross-label equivalence asserted
Enhance Safe Senior Friendly Care: Reduce delirium rate* for patients with Length of Stay (LOS) > 2 days and age =65*The Delirium rate is generated by the GEMINI Research Group using a computerized algorithm.,ind_741b95056ef66a37,Enhance Safe Senior Friendly Care: Reduce delirium rate* for patients with Length of Stay (LOS) > 2 days and age =65*The Delirium rate is generated by the GEMINI Research Group using a computerized algorithm.,accepted,Source-exact definition retained; display whitespace only; no cross-label equivalence asserted
Enhance culturally safe and patient-centered obstetric care,ind_60895a34f1edc3f8,Enhance culturally safe and patient-centered obstetric care,accepted,Source-exact definition retained; display whitespace only; no cross-label equivalence asserted
Ensure Barthel Index for Activities of Daily Living is not just completed on discharge but also completed on admission to ensure we are measuring level of risk for patients over the age of 65 on the Integrated Medical Unit.,ind_a6fc582787b7e3ac,Ensure Barthel Index for Activities of Daily Living is not just completed on discharge but also completed on admission to ensure we are measuring level of risk for patients over the age of 65 on the Integrated Medical Unit.,accepted,Source-exact definition retained; display whitespace only; no cross-label equivalence asserted
"Ensure MAHC Board of Directors, Executive Level, Management and PFAC complete Indigenous Cultural Safety Training.",ind_cb5e52e60cd7fa45,"Ensure MAHC Board of Directors, Executive Level, Management and PFAC complete Indigenous Cultural Safety Training.",accepted,Source-exact definition retained; display whitespace only; no cross-label equivalence asserted
Environmental Impact Education,ind_78a9eb172af44ade,Environmental Impact Education,accepted,Source-exact definition retained; display whitespace only; no cross-label equivalence asserted
"Equity, Diversity and Inclusion Framework",ind_d7a1762722604f82,"Equity, Diversity and Inclusion Framework",accepted,Source-exact definition retained; display whitespace only; no cross-label equivalence asserted
"Equity, Diversity, and Inclusion Committee (EDI) will complete a gap analysis to identify improvement opportunities in the workplace.",ind_8e321fbe0fce65a6,"Equity, Diversity, and Inclusion Committee (EDI) will complete a gap analysis to identify improvement opportunities in the workplace.",accepted,Source-exact definition retained; display whitespace only; no cross-label equivalence asserted
"Escalation of Care: Number of serious incidents involving escalation of care (3, 4, 5)",ind_2348b5a3a094f9df,"Escalation of Care: Number of serious incidents involving escalation of care (3, 4, 5)",accepted,Source-exact definition retained; display whitespace only; no cross-label equivalence asserted
Establish ALC Length of Stay (LOS) baseline data.,ind_09fb9f6010cc15fc,Establish ALC Length of Stay (LOS) baseline data.,accepted,Source-exact definition retained; display whitespace only; no cross-label equivalence asserted
Establish an Organization wide Equity and Diversity Committee,ind_8af6ea5500393bcd,Establish an Organization wide Equity and Diversity Committee,accepted,Source-exact definition retained; display whitespace only; no cross-label equivalence asserted
Establish an Urgent Care Center (UCC) and capture baseline program utilization data.,ind_c370a067d0bfba1e,Establish an Urgent Care Center (UCC) and capture baseline program utilization data.,accepted,Source-exact definition retained; display whitespace only; no cross-label equivalence asserted
Ethics Staff Education Campaign,ind_2beb5f8ea6b1944f,Ethics Staff Education Campaign,accepted,Source-exact definition retained; display whitespace only; no cross-label equivalence asserted
"Evaluate and recommend practices to align equity principles in all People and Culture processes: Embed Equity, Diversity & Inclusion (EDI) in HR practices and processes",ind_5fa29fa553f60956,"Evaluate and recommend practices to align equity principles in all People and Culture processes: Embed Equity, Diversity & Inclusion (EDI) in HR practices and processes",accepted,Source-exact definition retained; display whitespace only; no cross-label equivalence asserted
Expansion CARE data initiative (Emergency Departments),ind_0f4bac660504d561,Expansion CARE data initiative (Emergency Departments),accepted,Source-exact definition retained; display whitespace only; no cross-label equivalence asserted
Expansion of CARE data initiative,ind_3a13a1de3d9d58ec,Expansion of CARE data initiative,accepted,Source-exact definition retained; display whitespace only; no cross-label equivalence asserted
Experience Survey Redesign,ind_af380b80a457b32f,Experience Survey Redesign,accepted,Source-exact definition retained; display whitespace only; no cross-label equivalence asserted
Fall Prevention - Number of reported inpatient falls per 1000 inpatient days.,ind_23c984cd0fdb2523,Fall Prevention - Number of reported inpatient falls per 1000 inpatient days.,accepted,Source-exact definition retained; display whitespace only; no cross-label equivalence asserted
Falls,ind_b82f3a3d0d9fe91b,Falls,accepted,Source-exact definition retained; display whitespace only; no cross-label equivalence asserted
Falls Rate - Acute Inpatient Falls (excludes neaer misses),ind_e93e4e2e913ccae1,Falls Rate - Acute Inpatient Falls (excludes neaer misses),accepted,Source-exact definition retained; display whitespace only; no cross-label equivalence asserted
"Falls Rate Falls-Acute Inpatient Falls (excludes near misses) per 1,000 inpatient days.Number of inpatient falls divided by the number of inpatient days multiplied by 1,000",ind_9057a7fb4db0b82f,"Falls Rate Falls-Acute Inpatient Falls (excludes near misses) per 1,000 inpatient days.Number of inpatient falls divided by the number of inpatient days multiplied by 1,000",accepted,Source-exact definition retained; display whitespace only; no cross-label equivalence asserted
"Falls Rate per 1,000 Patient Days [Best Practice Spotlight Organization (BPSO) and Dedicated Education Units (DEU)]",ind_18d8405143674115,"Falls Rate per 1,000 Patient Days [Best Practice Spotlight Organization (BPSO) and Dedicated Education Units (DEU)]",accepted,Source-exact definition retained; display whitespace only; no cross-label equivalence asserted
Falls Risk assessment on admission,ind_388cde9506e2ccfc,Falls Risk assessment on admission,accepted,Source-exact definition retained; display whitespace only; no cross-label equivalence asserted
Falls causing harm,ind_c7d51ebab5b81eaf,Falls causing harm,accepted,Source-exact definition retained; display whitespace only; no cross-label equivalence asserted
Falls with injury,ind_78bf86fae6402922,Falls with injury,accepted,Source-exact definition retained; display whitespace only; no cross-label equivalence asserted
Family Experience - Would you recommend,ind_56c588789d968048,Family Experience - Would you recommend,accepted,Source-exact definition retained; display whitespace only; no cross-label equivalence asserted
Follow-up calls to patients who left the ED without being seen (CTAS 1-3),ind_1c16ac3f1f2c48d3,Follow-up calls to patients who left the ED without being seen (CTAS 1-3),accepted,Source-exact definition retained; display whitespace only; no cross-label equivalence asserted
Frequent emergency room visits for help with mental health and substance use.,ind_ea34c08bc4892bfe,Frequent emergency room visits for help with mental health and substance use.,accepted,Source-exact definition retained; display whitespace only; no cross-label equivalence asserted
Green Heart Initiative,ind_ded6fad84d67ad42,Green Heart Initiative,accepted,Source-exact definition retained; display whitespace only; no cross-label equivalence asserted
Green Heart Recommendations report,ind_38b913afc46b4233,Green Heart Recommendations report,accepted,Source-exact definition retained; display whitespace only; no cross-label equivalence asserted
HBH: Linguistically Accessible: Inpatient Experience Compassionate Care SurveyQuestion: Compassionate Care: Share information in a way that is understandable,ind_434ecc8fd070ed16,HBH: Linguistically Accessible: Inpatient Experience Compassionate Care SurveyQuestion: Compassionate Care: Share information in a way that is understandable,accepted,Source-exact definition retained; display whitespace only; no cross-label equivalence asserted
Hand Hygiene,ind_01d35a77e22b6ffe,Hand Hygiene,accepted,Source-exact definition retained; display whitespace only; no cross-label equivalence asserted
Hand Hygiene Compliance,ind_71148c331fa8c987,Hand Hygiene Compliance,accepted,Source-exact definition retained; display whitespace only; no cross-label equivalence asserted
Hand Hygiene Compliance After Patient Contact,ind_4567f8c149e03298,Hand Hygiene Compliance After Patient Contact,accepted,Source-exact definition retained; display whitespace only; no cross-label equivalence asserted
Hand Hygiene Compliance Before Patient Contact,ind_6471b13921d93196,Hand Hygiene Compliance Before Patient Contact,accepted,Source-exact definition retained; display whitespace only; no cross-label equivalence asserted
Hand Hygiene Moment #1 Compliance,ind_25ab0d1ed7a5938b,Hand Hygiene Moment #1 Compliance,accepted,Source-exact definition retained; display whitespace only; no cross-label equivalence asserted
Hand Hygiene Rate,ind_4a677f114994001c,Hand Hygiene Rate,accepted,Source-exact definition retained; display whitespace only; no cross-label equivalence asserted
Hand Hygiene compliance after patient contact,ind_6eab045b14dd2a49,Hand Hygiene compliance after patient contact,accepted,Source-exact definition retained; display whitespace only; no cross-label equivalence asserted
Hand Hygiene compliance before  patient contact,ind_11ae52b02d652677,Hand Hygiene compliance before patient contact,accepted,Source-exact definition retained; display whitespace only; no cross-label equivalence asserted
"Hand Hygiene compliance rate by the indication, before initial patient and patient environment contact (Providence Care Hospital and Providence Transitional Care Centre).",ind_3362918e174d8b3b,"Hand Hygiene compliance rate by the indication, before initial patient and patient environment contact (Providence Care Hospital and Providence Transitional Care Centre).",accepted,Source-exact definition retained; display whitespace only; no cross-label equivalence asserted
Hand Washing Compliance - Moment 1 (before entering patient environment) by Hospital Care Provider,ind_5b9caf72d5308a99,Hand Washing Compliance - Moment 1 (before entering patient environment) by Hospital Care Provider,accepted,Source-exact definition retained; display whitespace only; no cross-label equivalence asserted
Hand Washing Compliance - Moment 1 (before touching a patient) by Hospital Care Provider,ind_91da8606c8bb476c,Hand Washing Compliance - Moment 1 (before touching a patient) by Hospital Care Provider,accepted,Source-exact definition retained; display whitespace only; no cross-label equivalence asserted
Hand hygiene compliance among health care providers,ind_44c79c6e6fe9b527,Hand hygiene compliance among health care providers,accepted,Source-exact definition retained; display whitespace only; no cross-label equivalence asserted
Hand hygiene compliance among health care providers prior to patient contact (Moment 1),ind_45628c1b60f7efb3,Hand hygiene compliance among health care providers prior to patient contact (Moment 1),accepted,Source-exact definition retained; display whitespace only; no cross-label equivalence asserted
Harm Index,ind_b9820c07c10ebe1d,Harm Index,accepted,Source-exact definition retained; display whitespace only; no cross-label equivalence asserted
Harm index,ind_eb8afff4b0bcd8f5,Harm index,accepted,Source-exact definition retained; display whitespace only; no cross-label equivalence asserted
Health Equity Data Initiative (HEDI) completion for all unique SickKids patients seen,ind_3d4aeb139e49fc30,Health Equity Data Initiative (HEDI) completion for all unique SickKids patients seen,accepted,Source-exact definition retained; display whitespace only; no cross-label equivalence asserted
Health Equity Demographic Data,ind_6b8e077268671e38,Health Equity Demographic Data,accepted,Source-exact definition retained; display whitespace only; no cross-label equivalence asserted
Health Equity Framework - Advancing our infrastructure to support health equity.   Level of progress assessment scale rated between 0-5 [0- no work on this element; 5- the organization consistently executes on this element],ind_91b2035ebdb0356b,Health Equity Framework - Advancing our infrastructure to support health equity. Level of progress assessment scale rated between 0-5 [0- no work on this element; 5- the organization consistently executes on this element],accepted,Source-exact definition retained; display whitespace only; no cross-label equivalence asserted
Healthcare-Associated C-Diff Infection Rate (%),ind_dea6c8e30707ce57,Healthcare-Associated C-Diff Infection Rate (%),accepted,Source-exact definition retained; display whitespace only; no cross-label equivalence asserted
Heart Failure Transitional Care: The Value of an Inpatient vs. Outpatient Intervention,ind_44a65001727d0dd0,Heart Failure Transitional Care: The Value of an Inpatient vs. Outpatient Intervention,accepted,Source-exact definition retained; display whitespace only; no cross-label equivalence asserted
Hospital Acquired Pressure Injuries,ind_c81588461cddeaff,Hospital Acquired Pressure Injuries,accepted,Source-exact definition retained; display whitespace only; no cross-label equivalence asserted
Hospital Bed Occupancy,ind_b6923849797db65a,Hospital Bed Occupancy,accepted,Source-exact definition retained; display whitespace only; no cross-label equivalence asserted
Hospital Deaths Following Major Surgery,ind_10919e2ab4005322,Hospital Deaths Following Major Surgery,accepted,Source-exact definition retained; display whitespace only; no cross-label equivalence asserted
Hospital Total Margin,ind_474c28e2c409343a,Hospital Total Margin,accepted,Source-exact definition retained; display whitespace only; no cross-label equivalence asserted
Hospital acquired pressure injuries level 3 and up.,ind_529d8aaa1e59e48a,Hospital acquired pressure injuries level 3 and up.,accepted,Source-exact definition retained; display whitespace only; no cross-label equivalence asserted
Hospital acquired pressure injury stage II and above in all inpatient populations,ind_888c8aeab592fa84,Hospital acquired pressure injury stage II and above in all inpatient populations,accepted,Source-exact definition retained; display whitespace only; no cross-label equivalence asserted
Hospital acquired pressure injury stage II and above in all inpatient populations: The rate of hospital acquired pressure injuries (HAPI) stage II and above over the total number of inpatient admissions.,ind_08386b8b731a1c60,Hospital acquired pressure injury stage II and above in all inpatient populations: The rate of hospital acquired pressure injuries (HAPI) stage II and above over the total number of inpatient admissions.,accepted,Source-exact definition retained; display whitespace only; no cross-label equivalence asserted
Hospital acquired pressure injury stage II and above in all inpatient populations: The rate of hospital acquired pressure injuries stage II and above over the total number of inpatient admissions.,ind_f6375d4fcc232407,Hospital acquired pressure injury stage II and above in all inpatient populations: The rate of hospital acquired pressure injuries stage II and above over the total number of inpatient admissions.,accepted,Source-exact definition retained; display whitespace only; no cross-label equivalence asserted
Hospital fall rate: Total number of falls/number of falls by the number of patient bed days in the reporting period*1000.,ind_8e570dd628cdcaee,Hospital fall rate: Total number of falls/number of falls by the number of patient bed days in the reporting period*1000.,accepted,Source-exact definition retained; display whitespace only; no cross-label equivalence asserted
Hospital wide DEI training to all staff.,ind_49338342ed5ac513,Hospital wide DEI training to all staff.,accepted,Source-exact definition retained; display whitespace only; no cross-label equivalence asserted
Hospital-Acquired C. Difficile Infection (CDI),ind_a92ed12530f2ee8b,Hospital-Acquired C. Difficile Infection (CDI),accepted,Source-exact definition retained; display whitespace only; no cross-label equivalence asserted
Hospital-acquired delirium among inpatients in acute care over the age of 65.,ind_0b526aa996e4e990,Hospital-acquired delirium among inpatients in acute care over the age of 65.,accepted,Source-exact definition retained; display whitespace only; no cross-label equivalence asserted
Hospital-acquired pressure injuries,ind_f2711036873ba942,Hospital-acquired pressure injuries,accepted,Source-exact definition retained; display whitespace only; no cross-label equivalence asserted
IPAC Audits,ind_87b775dea4fd2091,IPAC Audits,accepted,Source-exact definition retained; display whitespace only; no cross-label equivalence asserted
Implanter le dossier de santé électronique (DSE) Epic pour améliorer l'expérience de nos clinicien(ne)s et de nos patient(e)s,ind_b0b054ab1c6785bd,Implanter le dossier de santé électronique (DSE) Epic pour améliorer l'expérience de nos clinicien(ne)s et de nos patient(e)s,accepted,Source-exact definition retained; display whitespace only; no cross-label equivalence asserted
Implement 100% of all quality initiatives aimed to decrease workplace violence.,ind_6617197f2dbe7457,Implement 100% of all quality initiatives aimed to decrease workplace violence.,accepted,Source-exact definition retained; display whitespace only; no cross-label equivalence asserted
"Implement Phase 2 of the multi-year Patient, Client, Resident, Family Engagement and Support Framework Initiative, with progress tracked by the percentage of milestones achieved.",ind_f44aafbb28265c2d,"Implement Phase 2 of the multi-year Patient, Client, Resident, Family Engagement and Support Framework Initiative, with progress tracked by the percentage of milestones achieved.",accepted,Source-exact definition retained; display whitespace only; no cross-label equivalence asserted
Implement discharge planning risk assessment screen for Alternate Level of Care (ALC).,ind_4f788745172a1b9e,Implement discharge planning risk assessment screen for Alternate Level of Care (ALC).,accepted,Source-exact definition retained; display whitespace only; no cross-label equivalence asserted
Implement the Senior Friendly Framework,ind_0927066b9fe61c4d,Implement the Senior Friendly Framework,accepted,Source-exact definition retained; display whitespace only; no cross-label equivalence asserted
Implement thrombolytics for stroke during 2024-25 Q1,ind_ca319d4c6bc50a2f,Implement thrombolytics for stroke during 2024-25 Q1,accepted,Source-exact definition retained; display whitespace only; no cross-label equivalence asserted
"Implement unconscious bias, inclusive language and ableism training to 85% of regular active staff in alignment with the corporate EIDA-R (Equity, Inclusion, Diversity & Anti-Racism) workplan by March 31, 2026.",ind_3424e07fc2c4ad86,"Implement unconscious bias, inclusive language and ableism training to 85% of regular active staff in alignment with the corporate EIDA-R (Equity, Inclusion, Diversity & Anti-Racism) workplan by March 31, 2026.",accepted,Source-exact definition retained; display whitespace only; no cross-label equivalence asserted
Implementation of Four Choosing Wisely Bundles,ind_bd4d3201caa19bd3,Implementation of Four Choosing Wisely Bundles,accepted,Source-exact definition retained; display whitespace only; no cross-label equivalence asserted
Implementation of MEDITECH Expanse upgrade,ind_2647c3cbd673c4ae,Implementation of MEDITECH Expanse upgrade,accepted,Source-exact definition retained; display whitespace only; no cross-label equivalence asserted
Implementation of OpenNotes:  % completed workplan items identified for Year 1,ind_2c02a54b53516df4,Implementation of OpenNotes: % completed workplan items identified for Year 1,accepted,Source-exact definition retained; display whitespace only; no cross-label equivalence asserted
Implementation of Qualtrics patient experience survey,ind_6bea965b96ec24d9,Implementation of Qualtrics patient experience survey,accepted,Source-exact definition retained; display whitespace only; no cross-label equivalence asserted
Implementation of a new tool in hospital and out-patient therapy and establishing a baseline measure.,ind_62b6fb06203b41e8,Implementation of a new tool in hospital and out-patient therapy and establishing a baseline measure.,accepted,Source-exact definition retained; display whitespace only; no cross-label equivalence asserted
"Implementation of patient, client and resident armbands to strengthen positive patient identification, target: 95%",ind_72fa78c68dcd234d,"Implementation of patient, client and resident armbands to strengthen positive patient identification, target: 95%",accepted,Source-exact definition retained; display whitespace only; no cross-label equivalence asserted
Improve Energy Use Intensity (EUI),ind_e205eba513500fa0,Improve Energy Use Intensity (EUI),accepted,Source-exact definition retained; display whitespace only; no cross-label equivalence asserted
Improve discharge efficiency for cardiology patients on H5.,ind_beed92794276990a,Improve discharge efficiency for cardiology patients on H5.,accepted,Source-exact definition retained; display whitespace only; no cross-label equivalence asserted
"Improve experience of care as reported by patients that identify as Indigenous (First Nations, Inuit, Metis)% of patients that identify as Indigenous that chose 8, 9, or 10 when asked to rate their overall experience from 0-10.Post-Discharge Phone Call + Digital Survey (Inpatient + ED)",ind_979270475543118c,"Improve experience of care as reported by patients that identify as Indigenous (First Nations, Inuit, Metis)% of patients that identify as Indigenous that chose 8, 9, or 10 when asked to rate their overall experience from 0-10.Post-Discharge Phone Call + Digital Survey (Inpatient + ED)",accepted,Source-exact definition retained; display whitespace only; no cross-label equivalence asserted
"Improve function focused discharge planning, strengthen transitions of care, and improve patient flow through the implementation of the Home First operational direction and Senior Friendly Care framework",ind_94bd6f527b8dc302,"Improve function focused discharge planning, strengthen transitions of care, and improve patient flow through the implementation of the Home First operational direction and Senior Friendly Care framework",accepted,Source-exact definition retained; display whitespace only; no cross-label equivalence asserted
Improve medication barcode scanning rate to 75% overall by improving ED scanning rate to 50%.,ind_e595cd2dbb997c5f,Improve medication barcode scanning rate to 75% overall by improving ED scanning rate to 50%.,accepted,Source-exact definition retained; display whitespace only; no cross-label equivalence asserted
"Improve patient experience:% of patients that chose 8,9 or 10 when asked to rate their overall experience. 0 - I had a very poor experience10 - I had a very good experiencePost-Discharge Phone Call + Digital Survey (Inpatient + ED)",ind_5c049abc1c63844c,"Improve patient experience:% of patients that chose 8,9 or 10 when asked to rate their overall experience. 0 - I had a very poor experience10 - I had a very good experiencePost-Discharge Phone Call + Digital Survey (Inpatient + ED)",accepted,Source-exact definition retained; display whitespace only; no cross-label equivalence asserted
Improve skin to skin time by recovering uncomplicated C-section patients within the OBS department.,ind_4ff909313b7ee35c,Improve skin to skin time by recovering uncomplicated C-section patients within the OBS department.,accepted,Source-exact definition retained; display whitespace only; no cross-label equivalence asserted
Improve staff awareness and promotion of the Centre as a resource for patients/families/visitors to Sunnybrook.,ind_eb321ae154e936a7,Improve staff awareness and promotion of the Centre as a resource for patients/families/visitors to Sunnybrook.,accepted,Source-exact definition retained; display whitespace only; no cross-label equivalence asserted
Improve staff engagement scores to achieve OHA Average of 6.4 out of 10,ind_5c22562e7064ff17,Improve staff engagement scores to achieve OHA Average of 6.4 out of 10,accepted,Source-exact definition retained; display whitespace only; no cross-label equivalence asserted
Improved restraint documentation practices,ind_cd76136206d5b566,Improved restraint documentation practices,accepted,Source-exact definition retained; display whitespace only; no cross-label equivalence asserted
Improving Compliance with Transfer of Accountability Practices During Inpatient Unit Transfers at UOHI,ind_4bef012ed5e478cc,Improving Compliance with Transfer of Accountability Practices During Inpatient Unit Transfers at UOHI,accepted,Source-exact definition retained; display whitespace only; no cross-label equivalence asserted
Improving patient and family communication using patient whiteboards,ind_74e6c5ac97ad0035,Improving patient and family communication using patient whiteboards,accepted,Source-exact definition retained; display whitespace only; no cross-label equivalence asserted
"Improving the care and safety of patients, in particular transgender (trans) and non-binary patients",ind_a60122ef0f7957f3,"Improving the care and safety of patients, in particular transgender (trans) and non-binary patients",accepted,Source-exact definition retained; display whitespace only; no cross-label equivalence asserted
In house survey: Percentage of patients who felt they received enough information when they left the hospital,ind_1520fe57fa56e66e,In house survey: Percentage of patients who felt they received enough information when they left the hospital,accepted,Source-exact definition retained; display whitespace only; no cross-label equivalence asserted
"In-Hospital Sepsis Rate (risk adjusted rate of in-hospital sepsis per 1,000 discharges)",ind_3f2b512a67d054f7,"In-Hospital Sepsis Rate (risk adjusted rate of in-hospital sepsis per 1,000 discharges)",accepted,Source-exact definition retained; display whitespace only; no cross-label equivalence asserted
In-hospital Sepsis,ind_94e2b2f1874c82b0,In-hospital Sepsis,accepted,Source-exact definition retained; display whitespace only; no cross-label equivalence asserted
In-house survey: Percentage of patients who felt they received enough information when they left the hospital.,ind_0ebd78ff8ab3b6c3,In-house survey: Percentage of patients who felt they received enough information when they left the hospital.,accepted,Source-exact definition retained; display whitespace only; no cross-label equivalence asserted
In-house survey: Percentage of patients who were satisfied overall with the hospital care and service they received.,ind_b7aef9033e275c9e,In-house survey: Percentage of patients who were satisfied overall with the hospital care and service they received.,accepted,Source-exact definition retained; display whitespace only; no cross-label equivalence asserted
In-patient falls with injury rate,ind_9de2a425e8e615ad,In-patient falls with injury rate,accepted,Source-exact definition retained; display whitespace only; no cross-label equivalence asserted
In-patient falls with injury rate (%),ind_1d22105749406924,In-patient falls with injury rate (%),accepted,Source-exact definition retained; display whitespace only; no cross-label equivalence asserted
Incident rate of Patient Falls per 1000 occupied bed days,ind_dceec4648c381236,Incident rate of Patient Falls per 1000 occupied bed days,accepted,Source-exact definition retained; display whitespace only; no cross-label equivalence asserted
"Inclusion, Diversity, Equity, and Accessibility (IDEA) and Indigenous Reconciliation (IR) are essential components of health care to ensure that the health system is just, accessible, and provides high quality care to all individuals, as well as a supportive workplace culture.",ind_b78e840d4a8bd0d4,"Inclusion, Diversity, Equity, and Accessibility (IDEA) and Indigenous Reconciliation (IR) are essential components of health care to ensure that the health system is just, accessible, and provides high quality care to all individuals, as well as a supportive workplace culture.",accepted,Source-exact definition retained; display whitespace only; no cross-label equivalence asserted
"Inclusion, Equity, Diversity & Indigenous Reconciliation",ind_851d619ab98cfcce,"Inclusion, Equity, Diversity & Indigenous Reconciliation",accepted,Source-exact definition retained; display whitespace only; no cross-label equivalence asserted
Increase and Maintain Occupancy Rate,ind_767a7b46adcc71d0,Increase and Maintain Occupancy Rate,accepted,Source-exact definition retained; display whitespace only; no cross-label equivalence asserted
Increase and Maintain Occupancy Rate >95%,ind_c847d7181ab04aaa,Increase and Maintain Occupancy Rate >95%,accepted,Source-exact definition retained; display whitespace only; no cross-label equivalence asserted
"Increase awareness of of Diversity, Equity and inclusivity through implementation of approved Project Plan - % milestones achieved",ind_40a8804b95bfe32b,"Increase awareness of of Diversity, Equity and inclusivity through implementation of approved Project Plan - % milestones achieved",accepted,Source-exact definition retained; display whitespace only; no cross-label equivalence asserted
"Increase in staff awareness and reporting of workplace violence, incivility, harassment, and psychological safety concerns as part of strengthening organizational safety culture",ind_5c9556dae87d8539,"Increase in staff awareness and reporting of workplace violence, incivility, harassment, and psychological safety concerns as part of strengthening organizational safety culture",accepted,Source-exact definition retained; display whitespace only; no cross-label equivalence asserted
Increase overall uptake and utilization of the MySunnybrook Experience Centre.,ind_ae6db906e72ae889,Increase overall uptake and utilization of the MySunnybrook Experience Centre.,accepted,Source-exact definition retained; display whitespace only; no cross-label equivalence asserted
"Increase patient reported care ratings to being treated with courtesy and respect, regardless of gender identity by 5%",ind_db055b93d303f28c,"Increase patient reported care ratings to being treated with courtesy and respect, regardless of gender identity by 5%",accepted,Source-exact definition retained; display whitespace only; no cross-label equivalence asserted
"Increase patient, client, resident, and family feedback through expanded collection methods.",ind_f50f5a6f0a5a0ebc,"Increase patient, client, resident, and family feedback through expanded collection methods.",accepted,Source-exact definition retained; display whitespace only; no cross-label equivalence asserted
Increase specimen collection scanning compliance in 4 units by 10%,ind_ec6f3af32bd9bb36,Increase specimen collection scanning compliance in 4 units by 10%,accepted,Source-exact definition retained; display whitespace only; no cross-label equivalence asserted
"Increase the collection of Patient experience (PE) data through the implementation of digital collection (QR codes, email, text and SMS).",ind_3af2cf6ac9575bf8,"Increase the collection of Patient experience (PE) data through the implementation of digital collection (QR codes, email, text and SMS).",accepted,Source-exact definition retained; display whitespace only; no cross-label equivalence asserted
Increase the rate of reporting of workplace violence incidents at SJGH.,ind_e4335eee0646685e,Increase the rate of reporting of workplace violence incidents at SJGH.,accepted,Source-exact definition retained; display whitespace only; no cross-label equivalence asserted
Increasing perception of staff safety on Sills 5 Mental Health Inpatient Unit,ind_a0fc327cef54d4b4,Increasing perception of staff safety on Sills 5 Mental Health Inpatient Unit,accepted,Source-exact definition retained; display whitespace only; no cross-label equivalence asserted
Indigenous Cultural Safety Training,ind_fd9a0b20dff4d8a7,Indigenous Cultural Safety Training,accepted,Source-exact definition retained; display whitespace only; no cross-label equivalence asserted
Initiate the systematic collection of sociodemographic data to support patient safety incident reviews,ind_e33d31b5792710c6,Initiate the systematic collection of sociodemographic data to support patient safety incident reviews,accepted,Source-exact definition retained; display whitespace only; no cross-label equivalence asserted
Inpatient (Markham & Uxbridge): % of patients who select top-box answer (completely) for survey question: “Did you receive enough information from hospital staff about what to do if you were worried about your condition or treatment after you left the hospital?”,ind_4124d86c85d4600a,Inpatient (Markham & Uxbridge): % of patients who select top-box answer (completely) for survey question: “Did you receive enough information from hospital staff about what to do if you were worried about your condition or treatment after you left the hospital?”,accepted,Source-exact definition retained; display whitespace only; no cross-label equivalence asserted
Inpatient Experience (Linguistic Accessibility),ind_18a5437b1dbb657e,Inpatient Experience (Linguistic Accessibility),accepted,Source-exact definition retained; display whitespace only; no cross-label equivalence asserted
Inpatient Experience survey metric - Did you receive enough information when you left the hospital,ind_176260a1b9f5eefa,Inpatient Experience survey metric - Did you receive enough information when you left the hospital,accepted,Source-exact definition retained; display whitespace only; no cross-label equivalence asserted
Inpatient Noise Level Awareness,ind_2a0e18acd6c1116c,Inpatient Noise Level Awareness,accepted,Source-exact definition retained; display whitespace only; no cross-label equivalence asserted
"Inpatient PFX survey: Provider told how to care for health after leaving (% answering ""yes, definitely"")",ind_9e0389db249f06df,"Inpatient PFX survey: Provider told how to care for health after leaving (% answering ""yes, definitely"")",accepted,Source-exact definition retained; display whitespace only; no cross-label equivalence asserted
Inpatient Patient Experience question: Did they tell you what danger signals about your child's condition to watch for after you went home?,ind_892f831e8e6bd97c,Inpatient Patient Experience question: Did they tell you what danger signals about your child's condition to watch for after you went home?,accepted,Source-exact definition retained; display whitespace only; no cross-label equivalence asserted
Inpatient Survey- Overall Experience Rating 9 out of 10,ind_b38e71d3aa2e2959,Inpatient Survey- Overall Experience Rating 9 out of 10,accepted,Source-exact definition retained; display whitespace only; no cross-label equivalence asserted
Inpatient falls,ind_5118efd1dfc44d07,Inpatient falls,accepted,Source-exact definition retained; display whitespace only; no cross-label equivalence asserted
Inpatient falls per 1000 patient days,ind_454aa970461715f3,Inpatient falls per 1000 patient days,accepted,Source-exact definition retained; display whitespace only; no cross-label equivalence asserted
"Inpatient falls resulting in harm:   The number of reported falls (mild, moderate, severe and death) resulting in harm in inpatient areas as a proportion of 1000 patient days",ind_b1f2aa2973e03509,"Inpatient falls resulting in harm: The number of reported falls (mild, moderate, severe and death) resulting in harm in inpatient areas as a proportion of 1000 patient days",accepted,Source-exact definition retained; display whitespace only; no cross-label equivalence asserted
"Inpatient falls resulting in harm: The number of reported falls (mild, moderate, severe and death) resulting in harm in inpatient areas as a proportion of 1000 patient days.",ind_df5a7c3fe01a44a8,"Inpatient falls resulting in harm: The number of reported falls (mild, moderate, severe and death) resulting in harm in inpatient areas as a proportion of 1000 patient days.",accepted,Source-exact definition retained; display whitespace only; no cross-label equivalence asserted
"Inpatient falls resulting in harm: The number of reported falls (mild, moderate, severe, and death) resulting in harm in inpatient areas as a proportion of 1000 patient days.",ind_3f4a6ae10d3f0ae0,"Inpatient falls resulting in harm: The number of reported falls (mild, moderate, severe, and death) resulting in harm in inpatient areas as a proportion of 1000 patient days.",accepted,Source-exact definition retained; display whitespace only; no cross-label equivalence asserted
Inpatient falls with injury rate (%),ind_0ff88600653402b9,Inpatient falls with injury rate (%),accepted,Source-exact definition retained; display whitespace only; no cross-label equivalence asserted
"Inpatient report of receiving adequate information about their health and their care at discharge, target: 79% (5% increase from 2024-25 OPOC question 29)",ind_10fb3de415a64ecb,"Inpatient report of receiving adequate information about their health and their care at discharge, target: 79% (5% increase from 2024-25 OPOC question 29)",accepted,Source-exact definition retained; display whitespace only; no cross-label equivalence asserted
Interdisciplinary team (including client) develops 2 goals of care within the first 72 hours of admission,ind_60257f316aa0832b,Interdisciplinary team (including client) develops 2 goals of care within the first 72 hours of admission,accepted,Source-exact definition retained; display whitespace only; no cross-label equivalence asserted
"Interim experience survey engagement rate (%) inclusive of staff, physicians, and midwives (formerly People Satisfaction Engagement Rate)",ind_6aace62e087e4814,"Interim experience survey engagement rate (%) inclusive of staff, physicians, and midwives (formerly People Satisfaction Engagement Rate)",accepted,Source-exact definition retained; display whitespace only; no cross-label equivalence asserted
Inuit Cultural Awareness,ind_afd2882b6c5d49ee,Inuit Cultural Awareness,accepted,Source-exact definition retained; display whitespace only; no cross-label equivalence asserted
"JEDI (Justice, Equity, Diversity and Inclusion Training)- Percentage of (new & returning) staff who have completed relevant equity, diversity, inclusion, and antiracism education.",ind_40027d460e483e1d,"JEDI (Justice, Equity, Diversity and Inclusion Training)- Percentage of (new & returning) staff who have completed relevant equity, diversity, inclusion, and antiracism education.",accepted,Source-exact definition retained; display whitespace only; no cross-label equivalence asserted
Just Culture,ind_43272c7db999af85,Just Culture,accepted,Source-exact definition retained; display whitespace only; no cross-label equivalence asserted
Kairos Blanket Exercise Training,ind_9afb16fff8cb2967,Kairos Blanket Exercise Training,accepted,Source-exact definition retained; display whitespace only; no cross-label equivalence asserted
LOS Optimization – Clinical Pathway Adherence - % of inpatients that meet care pathway length of stay (LOS) targets at time of discharge or forensic transfer.   Forensic Keep Fit Order patients are excluded.,ind_f2e8830c15796831,LOS Optimization – Clinical Pathway Adherence - % of inpatients that meet care pathway length of stay (LOS) targets at time of discharge or forensic transfer. Forensic Keep Fit Order patients are excluded.,accepted,Source-exact definition retained; display whitespace only; no cross-label equivalence asserted
"LTCM & Transitional Care Patient Experience - percentage of top box positive responses to ""If long stay care were needed for another family member or friend, would you recommend this facility?""",ind_7b13133505c66006,"LTCM & Transitional Care Patient Experience - percentage of top box positive responses to ""If long stay care were needed for another family member or friend, would you recommend this facility?""",accepted,Source-exact definition retained; display whitespace only; no cross-label equivalence asserted
Language Concordant Care: Percentage of admitted patients with language preference documented in SunnyCare / Quadramed,ind_0adf6874d55ca1d8,Language Concordant Care: Percentage of admitted patients with language preference documented in SunnyCare / Quadramed,accepted,Source-exact definition retained; display whitespace only; no cross-label equivalence asserted
Language Concordant Care: Use of professional interpretation services (phone and video) per month,ind_cceac5df41c32e07,Language Concordant Care: Use of professional interpretation services (phone and video) per month,accepted,Source-exact definition retained; display whitespace only; no cross-label equivalence asserted
Leaders in Equity Education: Overall completion rate of Equity Education Offerings for staff,ind_795a5f2767be9f20,Leaders in Equity Education: Overall completion rate of Equity Education Offerings for staff,accepted,Source-exact definition retained; display whitespace only; no cross-label equivalence asserted
"Level 3,4, unstageable and deep tissue pressure injuries",ind_eea08bdf466ce83e,"Level 3,4, unstageable and deep tissue pressure injuries",accepted,Source-exact definition retained; display whitespace only; no cross-label equivalence asserted
Living Safety Plan Clinical Training Module.,ind_1833458b359fb9d4,Living Safety Plan Clinical Training Module.,accepted,Source-exact definition retained; display whitespace only; no cross-label equivalence asserted
Lost Time Claims-wage loss benefits at 12 months (WSIB),ind_7b10cfd3e6a34786,Lost Time Claims-wage loss benefits at 12 months (WSIB),accepted,Source-exact definition retained; display whitespace only; no cross-label equivalence asserted
Lost Time Injury Rate,ind_36a0fe7ab400bd20,Lost Time Injury Rate,accepted,Source-exact definition retained; display whitespace only; no cross-label equivalence asserted
"Low-Value Lab Tests per 1,000 Patient Days",ind_cec1545d9fad6ff4,"Low-Value Lab Tests per 1,000 Patient Days",accepted,Source-exact definition retained; display whitespace only; no cross-label equivalence asserted
MH OP Indicator -- Overall experience,ind_7aecbe52a48769f1,MH OP Indicator -- Overall experience,accepted,Source-exact definition retained; display whitespace only; no cross-label equivalence asserted
MH RCC % overall quality care,ind_ede79eb233d87c68,MH RCC % overall quality care,accepted,Source-exact definition retained; display whitespace only; no cross-label equivalence asserted
MSH: Linguistically Accessible: Inpatient Experience Compassionate Care SurveyQuestion: Compassionate Care: Share information in a way that is understandable,ind_b8ce4adc6f233a44,MSH: Linguistically Accessible: Inpatient Experience Compassionate Care SurveyQuestion: Compassionate Care: Share information in a way that is understandable,accepted,Source-exact definition retained; display whitespace only; no cross-label equivalence asserted
Mean Percentile Wait Time for CT Priority 4,ind_8670ca4457f540c6,Mean Percentile Wait Time for CT Priority 4,accepted,Source-exact definition retained; display whitespace only; no cross-label equivalence asserted
Mean Percentile Wait Time for CT Priority 4 Cases,ind_70432430e9298d3d,Mean Percentile Wait Time for CT Priority 4 Cases,accepted,Source-exact definition retained; display whitespace only; no cross-label equivalence asserted
Mean percentile wait time for CT priority 4,ind_daf4dde1d1cced17,Mean percentile wait time for CT priority 4,accepted,Source-exact definition retained; display whitespace only; no cross-label equivalence asserted
Median Wait Time from Referral to First Offered Consult,ind_0cce0d09b66334df,Median Wait Time from Referral to First Offered Consult,accepted,Source-exact definition retained; display whitespace only; no cross-label equivalence asserted
Median Wait Time from Referral to First Offered Consult Appointment,ind_22bb59dca0552599,Median Wait Time from Referral to First Offered Consult Appointment,accepted,Source-exact definition retained; display whitespace only; no cross-label equivalence asserted
Median Wait Time from Referral to First Offered Consult Appointment.,ind_33e741c435735390,Median Wait Time from Referral to First Offered Consult Appointment.,accepted,Source-exact definition retained; display whitespace only; no cross-label equivalence asserted
"Median of Wait Time for All Neuromotor Therapy/services (including occupational therapy, physiotherapy, social work, psychology and speech-language pathology)",ind_a3d96cad155e0feb,"Median of Wait Time for All Neuromotor Therapy/services (including occupational therapy, physiotherapy, social work, psychology and speech-language pathology)",accepted,Source-exact definition retained; display whitespace only; no cross-label equivalence asserted
Median of Wait Time for All Neuromotor therapy/services,ind_fd65a1958eb8f511,Median of Wait Time for All Neuromotor therapy/services,accepted,Source-exact definition retained; display whitespace only; no cross-label equivalence asserted
Medication Audits,ind_906cff79001b6b5a,Medication Audits,accepted,Source-exact definition retained; display whitespace only; no cross-label equivalence asserted
Medication Incidents: % of medication incidents that reach the patient,ind_6a8dd796af8b51c8,Medication Incidents: % of medication incidents that reach the patient,accepted,Source-exact definition retained; display whitespace only; no cross-label equivalence asserted
Medication Reconciliation,ind_9e21c9245b409e16,Medication Reconciliation,accepted,Source-exact definition retained; display whitespace only; no cross-label equivalence asserted
"Medication Reconciliation at discharge: Percentage of Inpatients (non-OB or neonate, non-expired, non-LAMA) who have an updated BPMH completed on the EHR (discrete data)",ind_b9ea76432394471a,"Medication Reconciliation at discharge: Percentage of Inpatients (non-OB or neonate, non-expired, non-LAMA) who have an updated BPMH completed on the EHR (discrete data)",accepted,Source-exact definition retained; display whitespace only; no cross-label equivalence asserted
Medication Reconciliation: % of eligible patients who have had medication reconciliation completed,ind_72b08efec43b033b,Medication Reconciliation: % of eligible patients who have had medication reconciliation completed,accepted,Source-exact definition retained; display whitespace only; no cross-label equivalence asserted
Medication Scanning Compliance,ind_eb7f45a60cfc480e,Medication Scanning Compliance,accepted,Source-exact definition retained; display whitespace only; no cross-label equivalence asserted
Medication Scanning Compliance. Measures percentage of medications administered (scan or override selected) for which a medication scan was completed for all inpatient and ED patients.,ind_af557aedd6c94e76,Medication Scanning Compliance. Measures percentage of medications administered (scan or override selected) for which a medication scan was completed for all inpatient and ED patients.,accepted,Source-exact definition retained; display whitespace only; no cross-label equivalence asserted
Medication Scanning Rate,ind_2aa48441e2b4f9aa,Medication Scanning Rate,accepted,Source-exact definition retained; display whitespace only; no cross-label equivalence asserted
Medication and Patient Scanning rates for Inpatient Medication Administration,ind_7c6b5210bc7997b6,Medication and Patient Scanning rates for Inpatient Medication Administration,accepted,Source-exact definition retained; display whitespace only; no cross-label equivalence asserted
Medication reconciliation at admission. Inpatient: Total number of clients for whom at Best Possible Medication Reconciliation was done upon admission,ind_313b06c6b6d5751e,Medication reconciliation at admission. Inpatient: Total number of clients for whom at Best Possible Medication Reconciliation was done upon admission,accepted,Source-exact definition retained; display whitespace only; no cross-label equivalence asserted
Medication reconciliation at admission. Outpatient: Total number of clients in the Depo or Long Acting Injectable ARV programs for whom a Best Possible Medication Reconciliation was done upon starting treatment,ind_1a2e570fa381e086,Medication reconciliation at admission. Outpatient: Total number of clients in the Depo or Long Acting Injectable ARV programs for whom a Best Possible Medication Reconciliation was done upon starting treatment,accepted,Source-exact definition retained; display whitespace only; no cross-label equivalence asserted
Medication reconciliation at admission. Total number of completed medication reconciliations for all patients admitted to inpatient unit according to Accreditation  Canada guidelines.,ind_3256496582ec15b6,Medication reconciliation at admission. Total number of completed medication reconciliations for all patients admitted to inpatient unit according to Accreditation Canada guidelines.,accepted,Source-exact definition retained; display whitespace only; no cross-label equivalence asserted
Medication reconciliation at admission. Total number of completed medication reconciliations for all patients admitted to inpatient unit according to Accreditation Canada guidelines.,ind_1363324c18b50bdc,Medication reconciliation at admission. Total number of completed medication reconciliations for all patients admitted to inpatient unit according to Accreditation Canada guidelines.,accepted,Source-exact definition retained; display whitespace only; no cross-label equivalence asserted
"Medication reconciliation at admission: percentage (%) of admitted patients for whom a i. best possible medication history was created within 24 hours of admission, using ii. 2 or more sources and iii. including patient/care partner as a source.",ind_3cc206b5bf3a3fbf,"Medication reconciliation at admission: percentage (%) of admitted patients for whom a i. best possible medication history was created within 24 hours of admission, using ii. 2 or more sources and iii. including patient/care partner as a source.",accepted,Source-exact definition retained; display whitespace only; no cross-label equivalence asserted
"Medication reconciliation at admission: total number of admitted patients for whom a Best Possible Medication Plan was created within 24 hours of admission, as a proportion of total number of admitted patients (% / admitted patients)",ind_0dea253110933392,"Medication reconciliation at admission: total number of admitted patients for whom a Best Possible Medication Plan was created within 24 hours of admission, as a proportion of total number of admitted patients (% / admitted patients)",accepted,Source-exact definition retained; display whitespace only; no cross-label equivalence asserted
Medication reconciliation at discharge from inpatient units:  Total number of discharged patients for whom a Best Possible Medication Discharge Plan was created as a proportion the total number of patients discharged.,ind_481b26de5dfb094f,Medication reconciliation at discharge from inpatient units: Total number of discharged patients for whom a Best Possible Medication Discharge Plan was created as a proportion the total number of patients discharged.,accepted,Source-exact definition retained; display whitespace only; no cross-label equivalence asserted
Medication reconciliation at discharge: Total number of discharged patients for whom a Best Possible Medication Discharge Plan was created as a proportion the total number of patients discharged.,ind_0646035afd9bba7c,Medication reconciliation at discharge: Total number of discharged patients for whom a Best Possible Medication Discharge Plan was created as a proportion the total number of patients discharged.,accepted,Source-exact definition retained; display whitespace only; no cross-label equivalence asserted
Medication reconciliation at transitions of Care. Focus: Inpatient admission/discharge and initiation of care in Depo and/or Long Acting ARV clinic,ind_8a4c2e987ee00c33,Medication reconciliation at transitions of Care. Focus: Inpatient admission/discharge and initiation of care in Depo and/or Long Acting ARV clinic,accepted,Source-exact definition retained; display whitespace only; no cross-label equivalence asserted
Medication reconciliation at transitions of care. Focus: Inpatient admission/discharge and initiation of care in depo and/or long acting ARV clinic.,ind_12a37393bac9d10b,Medication reconciliation at transitions of care. Focus: Inpatient admission/discharge and initiation of care in depo and/or long acting ARV clinic.,accepted,Source-exact definition retained; display whitespace only; no cross-label equivalence asserted
Medication reconciliation upon internal transfer to Surgical Services,ind_20cf98a4dd2fc36c,Medication reconciliation upon internal transfer to Surgical Services,accepted,Source-exact definition retained; display whitespace only; no cross-label equivalence asserted
"Medication:  Number of medication incidents (3,4,5)",ind_3fb734a3b1538472,"Medication: Number of medication incidents (3,4,5)",accepted,Source-exact definition retained; display whitespace only; no cross-label equivalence asserted
Meet optimal wait times for internal inpatient to outpatient services based on stroke wait times.,ind_55c1a3c89af3e239,Meet optimal wait times for internal inpatient to outpatient services based on stroke wait times.,accepted,Source-exact definition retained; display whitespace only; no cross-label equivalence asserted
Mental Health (Inpatient Rehabilitative Care) - Active Length of Stay (excluding ALC days),ind_c8b6505a4505070b,Mental Health (Inpatient Rehabilitative Care) - Active Length of Stay (excluding ALC days),accepted,Source-exact definition retained; display whitespace only; no cross-label equivalence asserted
Mental Health (Inpatient) - Active Length of Stay (excluding ALC days),ind_b470b55efbc3a11d,Mental Health (Inpatient) - Active Length of Stay (excluding ALC days),accepted,Source-exact definition retained; display whitespace only; no cross-label equivalence asserted
Mental Health (Inpatient) - I was involved as much as I wanted to be in decisions about my treatment and support.Response: Strongly Agree,ind_9f18c0f59678c6e0,Mental Health (Inpatient) - I was involved as much as I wanted to be in decisions about my treatment and support.Response: Strongly Agree,accepted,Source-exact definition retained; display whitespace only; no cross-label equivalence asserted
"Mental Health (Inpatient) - If I had a serious concern, I would know how to make a formal complaint to this organization. Response: Strongly Agree",ind_2d5b2175de37001a,"Mental Health (Inpatient) - If I had a serious concern, I would know how to make a formal complaint to this organization. Response: Strongly Agree",accepted,Source-exact definition retained; display whitespace only; no cross-label equivalence asserted
Mental Health Urgent Care Crisis - # of ED diversions,ind_57737acfda33127f,Mental Health Urgent Care Crisis - # of ED diversions,accepted,Source-exact definition retained; display whitespace only; no cross-label equivalence asserted
Mental Health and Addictions (MHA)- Repeat Unscheduled Visits to Emergency Department within 30 days for Mental Health Condition (age 12-25).,ind_d509ee9c32d12b43,Mental Health and Addictions (MHA)- Repeat Unscheduled Visits to Emergency Department within 30 days for Mental Health Condition (age 12-25).,accepted,Source-exact definition retained; display whitespace only; no cross-label equivalence asserted
Never Events Reporting,ind_9ba410d1faece893,Never Events Reporting,accepted,Source-exact definition retained; display whitespace only; no cross-label equivalence asserted
New Hire Delirium Education,ind_7202c447b5d2b5eb,New Hire Delirium Education,accepted,Source-exact definition retained; display whitespace only; no cross-label equivalence asserted
Nitrous Oxide (N2O) Leakage from Central Supply,ind_f596bbc13c9e464d,Nitrous Oxide (N2O) Leakage from Central Supply,accepted,Source-exact definition retained; display whitespace only; no cross-label equivalence asserted
No Bed Admits (NBA) in the Emergency Department at 8:00 AM.,ind_20a00040cadcef35,No Bed Admits (NBA) in the Emergency Department at 8:00 AM.,accepted,Source-exact definition retained; display whitespace only; no cross-label equivalence asserted
Noise Level Awareness,ind_dcf927c51e224a13,Noise Level Awareness,accepted,Source-exact definition retained; display whitespace only; no cross-label equivalence asserted
Nombre d’employés et de médecins ayant complété la formation en sécurité culturelle autochtone de 3.5 h intitulée les 4 saisons de la réconciliation de l’Université des Premières Nations (**on vise à utiliser nos 1000 licences disponibles),ind_83b466e948b1a471,Nombre d’employés et de médecins ayant complété la formation en sécurité culturelle autochtone de 3.5 h intitulée les 4 saisons de la réconciliation de l’Université des Premières Nations (**on vise à utiliser nos 1000 licences disponibles),accepted,Source-exact definition retained; display whitespace only; no cross-label equivalence asserted
Number Completed ED Patient Experience Surveys,ind_2577d411cb76e892,Number Completed ED Patient Experience Surveys,accepted,Source-exact definition retained; display whitespace only; no cross-label equivalence asserted
"Number of  brief, practice-integrated micro-learning sessions for Emergency Department staff to support the consistent application of equity, diversity, inclusion, and anti-racism (EDII) principles in day-to-day clinical decision-making.",ind_5f825eeb1a0d8279,"Number of brief, practice-integrated micro-learning sessions for Emergency Department staff to support the consistent application of equity, diversity, inclusion, and anti-racism (EDII) principles in day-to-day clinical decision-making.",accepted,Source-exact definition retained; display whitespace only; no cross-label equivalence asserted
Number of Active Clients with an MRAT completed during the previous 12 months. Active clients defined as having one outpatient visit and/or inpatient admission during the specific reporting period.,ind_18711a39bc1f2702,Number of Active Clients with an MRAT completed during the previous 12 months. Active clients defined as having one outpatient visit and/or inpatient admission during the specific reporting period.,accepted,Source-exact definition retained; display whitespace only; no cross-label equivalence asserted
Number of Active Clients with an MRAT completed during the previous 12 months.Active clients defined as having one outpatient visit and/or inpatient admission during the specific reporting period.,ind_cd943cfbba7f8786,Number of Active Clients with an MRAT completed during the previous 12 months.Active clients defined as having one outpatient visit and/or inpatient admission during the specific reporting period.,accepted,Source-exact definition retained; display whitespace only; no cross-label equivalence asserted
Number of Completed ED Patient Experience Surveys,ind_e31888bb2d4a22b9,Number of Completed ED Patient Experience Surveys,accepted,Source-exact definition retained; display whitespace only; no cross-label equivalence asserted
Number of Days between incident occurrence and incident analysis presentation at the  meeting (CIRT),ind_7c391fc17304d355,Number of Days between incident occurrence and incident analysis presentation at the meeting (CIRT),accepted,Source-exact definition retained; display whitespace only; no cross-label equivalence asserted
Number of ED visits for a modified list of ambulatory care-sensitive conditions* per 100 patients in the slow-paced rehabilitation program.,ind_ee0a52870829be9c,Number of ED visits for a modified list of ambulatory care-sensitive conditions* per 100 patients in the slow-paced rehabilitation program.,accepted,Source-exact definition retained; display whitespace only; no cross-label equivalence asserted
Number of ED visits for modified list of ambulatory care - sensitive conditions* per 100 long-term care residents,ind_bceb77579472eafb,Number of ED visits for modified list of ambulatory care - sensitive conditions* per 100 long-term care residents,accepted,Source-exact definition retained; display whitespace only; no cross-label equivalence asserted
"Number of Falls with harm per 1,000 Patient Days on the Best Practice Spotlight Organization (BPSO) and Dedicated Education Units (DEU)",ind_6dca743b7e987f53,"Number of Falls with harm per 1,000 Patient Days on the Best Practice Spotlight Organization (BPSO) and Dedicated Education Units (DEU)",accepted,Source-exact definition retained; display whitespace only; no cross-label equivalence asserted
Number of Form 1 patients successfully transferred to a Schedule 1 facility/Orng Pickup within 8 or 24 hours of Form 1 issuance. (Timeframe can be adjusted based on our hospital policy or best practices),ind_82a43dc15156ac69,Number of Form 1 patients successfully transferred to a Schedule 1 facility/Orng Pickup within 8 or 24 hours of Form 1 issuance. (Timeframe can be adjusted based on our hospital policy or best practices),accepted,Source-exact definition retained; display whitespace only; no cross-label equivalence asserted
Number of Hospital Acquired Pressure Injuries(HAPI) per thousand patient days,ind_1c34f6c74ffb94f4,Number of Hospital Acquired Pressure Injuries(HAPI) per thousand patient days,accepted,Source-exact definition retained; display whitespace only; no cross-label equivalence asserted
Number of Incident Management System (IMS) incidents open longer than 30 days,ind_e0af3346cdd12d45,Number of Incident Management System (IMS) incidents open longer than 30 days,accepted,Source-exact definition retained; display whitespace only; no cross-label equivalence asserted
Number of Incident Management?System?(IMS) incidents open longer than?30 days,ind_32f8fca1eb238f02,Number of Incident Management?System?(IMS) incidents open longer than?30 days,accepted,Source-exact definition retained; display whitespace only; no cross-label equivalence asserted
Number of Inpatient clients screened for falls risks within 48 hours of admission,ind_c5c43aa57a3e90fa,Number of Inpatient clients screened for falls risks within 48 hours of admission,accepted,Source-exact definition retained; display whitespace only; no cross-label equivalence asserted
Number of LEAN-FMEA completed.,ind_c53aa17f492190cf,Number of LEAN-FMEA completed.,accepted,Source-exact definition retained; display whitespace only; no cross-label equivalence asserted
Number of Medication Errors: Wrong Patient/Client Wrong Drug,ind_4758886b490b3eb8,Number of Medication Errors: Wrong Patient/Client Wrong Drug,accepted,Source-exact definition retained; display whitespace only; no cross-label equivalence asserted
Number of Medication errors,ind_d72b3827399848cf,Number of Medication errors,accepted,Source-exact definition retained; display whitespace only; no cross-label equivalence asserted
Number of Medication related incidents occurring in Emergency and Acute Units,ind_c7e68eb1fdaa098e,Number of Medication related incidents occurring in Emergency and Acute Units,accepted,Source-exact definition retained; display whitespace only; no cross-label equivalence asserted
Number of Medication related incidents occurring in Emergency and Acute Units that result in Risk Management rating of Harm to the Patient,ind_5e3f9963fc619e2c,Number of Medication related incidents occurring in Emergency and Acute Units that result in Risk Management rating of Harm to the Patient,accepted,Source-exact definition retained; display whitespace only; no cross-label equivalence asserted
Number of Patient Safety Events involving intra-hospital inpatient transport,ind_75571474ad7975af,Number of Patient Safety Events involving intra-hospital inpatient transport,accepted,Source-exact definition retained; display whitespace only; no cross-label equivalence asserted
Number of Patient Safety Events involving intra-hospital inpatient transport to/from Medical Imaging for Diagnostic Procedures related to transport prioritization and communication,ind_e2e74df574c72263,Number of Patient Safety Events involving intra-hospital inpatient transport to/from Medical Imaging for Diagnostic Procedures related to transport prioritization and communication,accepted,Source-exact definition retained; display whitespace only; no cross-label equivalence asserted
"Number of Patient Safety Events involving intra-hospital patient transport for imaging, admissions or intra-unit transfers related to coordination, communication and adherence to the intrahospital transport policy.?",ind_d816efd30a55824f,"Number of Patient Safety Events involving intra-hospital patient transport for imaging, admissions or intra-unit transfers related to coordination, communication and adherence to the intrahospital transport policy.?",accepted,Source-exact definition retained; display whitespace only; no cross-label equivalence asserted
Number of Pressure Injuries Greater Than Stage 2 and Unstageable per 1000 patient days,ind_591d3b068542ebc3,Number of Pressure Injuries Greater Than Stage 2 and Unstageable per 1000 patient days,accepted,Source-exact definition retained; display whitespace only; no cross-label equivalence asserted
Number of Pressure Injuries greater than stage 2 and Unstageable per 1000 patient days (rolling average),ind_beddc3f0d7ca0037,Number of Pressure Injuries greater than stage 2 and Unstageable per 1000 patient days (rolling average),accepted,Source-exact definition retained; display whitespace only; no cross-label equivalence asserted
"Number of Serious Safety Events (SSEs) per 1,000 patient days",ind_cd25a0ef7909d207,"Number of Serious Safety Events (SSEs) per 1,000 patient days",accepted,Source-exact definition retained; display whitespace only; no cross-label equivalence asserted
Number of Stage IV Hospital Acquired Pressure Injuries (never event),ind_9f91c6d20b5319f1,Number of Stage IV Hospital Acquired Pressure Injuries (never event),accepted,Source-exact definition retained; display whitespace only; no cross-label equivalence asserted
Number of Transmissions Beyond 1 Incubation Period,ind_7ae9c35fbbd398c4,Number of Transmissions Beyond 1 Incubation Period,accepted,Source-exact definition retained; display whitespace only; no cross-label equivalence asserted
Number of Workplace Violence Incidents Resulting in Lost-time or Healthcare Due to Injury,ind_047e7e176a84875c,Number of Workplace Violence Incidents Resulting in Lost-time or Healthcare Due to Injury,accepted,Source-exact definition retained; display whitespace only; no cross-label equivalence asserted
Number of Workplace Violence Incidents resulting in lost-time or healthcare due to injury.,ind_ccd2b5abc8191936,Number of Workplace Violence Incidents resulting in lost-time or healthcare due to injury.,accepted,Source-exact definition retained; display whitespace only; no cross-label equivalence asserted
Number of Workplace Violence Incidents resulting in lost-time or healthcare due to injury ,ind_b11ddfc1cd4389b8,Number of Workplace Violence Incidents resulting in lost-time or healthcare due to injury,accepted,Source-exact definition retained; display whitespace only; no cross-label equivalence asserted
Number of Workplace Violence Serious Incidents,ind_90df396261cc9727,Number of Workplace Violence Serious Incidents,accepted,Source-exact definition retained; display whitespace only; no cross-label equivalence asserted
Number of ambulatory areas that achieve standardized goals for both BPMH (80% completion) and medication reconciliation (65% completion) at initial visit with a clinician.,ind_c20eb5b54c37dc51,Number of ambulatory areas that achieve standardized goals for both BPMH (80% completion) and medication reconciliation (65% completion) at initial visit with a clinician.,accepted,Source-exact definition retained; display whitespace only; no cross-label equivalence asserted
"Number of complaints received which are related to equity, diversity, and inclusion.",ind_546d626142a12468,"Number of complaints received which are related to equity, diversity, and inclusion.",accepted,Source-exact definition retained; display whitespace only; no cross-label equivalence asserted
Number of completed In-Patient Experience Survey's Short Version,ind_b45b75d1836d801d,Number of completed In-Patient Experience Survey's Short Version,accepted,Source-exact definition retained; display whitespace only; no cross-label equivalence asserted
Number of completed Patient Experience Surveys in Acute Inpatient and Emergency Department areas.,ind_fab86e82af39d230,Number of completed Patient Experience Surveys in Acute Inpatient and Emergency Department areas.,accepted,Source-exact definition retained; display whitespace only; no cross-label equivalence asserted
"Number of conservable bed days linked to Organic mental disorders (For this indicator, organic mental health means changes in thinking, awareness, or behavior that are caused by a medical or physical condition, rather than a mental illness like depression or anxiety. It includes problems such as dementia, confusion, agitation, pain, falls, delirium and other medical symptoms that often affect older adults and can lead to longer hospital stays if not treated early.)",ind_daf2d51c7fb7c194,"Number of conservable bed days linked to Organic mental disorders (For this indicator, organic mental health means changes in thinking, awareness, or behavior that are caused by a medical or physical condition, rather than a mental illness like depression or anxiety. It includes problems such as dementia, confusion, agitation, pain, falls, delirium and other medical symptoms that often affect older adults and can lead to longer hospital stays if not treated early.)",accepted,Source-exact definition retained; display whitespace only; no cross-label equivalence asserted
Number of discharged patients for whom a Best Possible Medication Discharge Plan was created out of the total number of patients discharged,ind_5ea4fe9b3b051560,Number of discharged patients for whom a Best Possible Medication Discharge Plan was created out of the total number of patients discharged,accepted,Source-exact definition retained; display whitespace only; no cross-label equivalence asserted
"Number of falls resulting in moderate harm, serious harm or death",ind_96ddeae03fa98c05,"Number of falls resulting in moderate harm, serious harm or death",accepted,Source-exact definition retained; display whitespace only; no cross-label equivalence asserted
"Number of falls with harm per 1,000 patient days on Medicine and Cardiovascular & Stroke units",ind_02586b3a2ab8b71a,"Number of falls with harm per 1,000 patient days on Medicine and Cardiovascular & Stroke units",accepted,Source-exact definition retained; display whitespace only; no cross-label equivalence asserted
Number of hand hygiene audits completed where the individual completed the hand hygiene before and after contact with a client,ind_3e5d9856404eda74,Number of hand hygiene audits completed where the individual completed the hand hygiene before and after contact with a client,accepted,Source-exact definition retained; display whitespace only; no cross-label equivalence asserted
"Number of hospital acquired level 3, 4 and unstageable pressure injuries.",ind_26e64927a723e3f6,"Number of hospital acquired level 3, 4 and unstageable pressure injuries.",accepted,Source-exact definition retained; display whitespace only; no cross-label equivalence asserted
Number of incidents of Violence and Aggression (severity 2-4),ind_c8d2a65f043f909e,Number of incidents of Violence and Aggression (severity 2-4),accepted,Source-exact definition retained; display whitespace only; no cross-label equivalence asserted
Number of incidents of Violence and Aggression (severity level 2 - 4),ind_07cbc8154ccb0a37,Number of incidents of Violence and Aggression (severity level 2 - 4),accepted,Source-exact definition retained; display whitespace only; no cross-label equivalence asserted
Number of incidents of harm to staff due to workplace violence,ind_b2b82adddb6fa9a5,Number of incidents of harm to staff due to workplace violence,accepted,Source-exact definition retained; display whitespace only; no cross-label equivalence asserted
Number of incidents of harm to staff due to workplace violence.,ind_d7477ddd5422ded1,Number of incidents of harm to staff due to workplace violence.,accepted,Source-exact definition retained; display whitespace only; no cross-label equivalence asserted
Number of incidents of racism & discrimination reported by staff,ind_7aee4c5086d40e8d,Number of incidents of racism & discrimination reported by staff,accepted,Source-exact definition retained; display whitespace only; no cross-label equivalence asserted
"Number of infusion pumps enabled with a standardized, organization-approved drug library",ind_e84a9d5f5a9696a6,"Number of infusion pumps enabled with a standardized, organization-approved drug library",accepted,Source-exact definition retained; display whitespace only; no cross-label equivalence asserted
Number of inpatient encounters and recurring outpatient encounters seen by the Indigenous Patient Services team,ind_4367a3d395d97918,Number of inpatient encounters and recurring outpatient encounters seen by the Indigenous Patient Services team,accepted,Source-exact definition retained; display whitespace only; no cross-label equivalence asserted
Number of inpatient falls per quarter,ind_ac3aab7cafd05448,Number of inpatient falls per quarter,accepted,Source-exact definition retained; display whitespace only; no cross-label equivalence asserted
Number of inpatient units participating in the Essential Care Partners Program.,ind_e2b49f8e7ce3139b,Number of inpatient units participating in the Essential Care Partners Program.,accepted,Source-exact definition retained; display whitespace only; no cross-label equivalence asserted
Number of internally acquired pressure wounds (stages 2-4).,ind_e0c54b8eea291111,Number of internally acquired pressure wounds (stages 2-4).,accepted,Source-exact definition retained; display whitespace only; no cross-label equivalence asserted
Number of lost time incidents resulting from workplace violence (WV),ind_016cc0b23dbba251,Number of lost time incidents resulting from workplace violence (WV),accepted,Source-exact definition retained; display whitespace only; no cross-label equivalence asserted
Number of medication errors relating to wrong type/wrong dose,ind_6bef08e7d545fc2f,Number of medication errors relating to wrong type/wrong dose,accepted,Source-exact definition retained; display whitespace only; no cross-label equivalence asserted
Number of medication errors that reach the patient due to the wrong drug/dose/patient with moderate harm or greater,ind_142265d002ec857b,Number of medication errors that reach the patient due to the wrong drug/dose/patient with moderate harm or greater,accepted,Source-exact definition retained; display whitespace only; no cross-label equivalence asserted
Number of medication errors that reached the patient due to wrong drug/dose/patient (incident severity levels 2-5),ind_d479c6367e6d4732,Number of medication errors that reached the patient due to wrong drug/dose/patient (incident severity levels 2-5),accepted,Source-exact definition retained; display whitespace only; no cross-label equivalence asserted
Number of never events excluding stage IV hospital acquired pressure injuries,ind_270585e212a81151,Number of never events excluding stage IV hospital acquired pressure injuries,accepted,Source-exact definition retained; display whitespace only; no cross-label equivalence asserted
Number of new patient enrollments to team-based primary care for residents of a Naturally Occurring Retirement Community condo building in North York. (Enrollment is a priority indicator for interprofessional primary care teams on the Ontario Health 2026/27 QIP Indicator Matrix.),ind_89bb7ecd2a049a8d,Number of new patient enrollments to team-based primary care for residents of a Naturally Occurring Retirement Community condo building in North York. (Enrollment is a priority indicator for interprofessional primary care teams on the Ontario Health 2026/27 QIP Indicator Matrix.),accepted,Source-exact definition retained; display whitespace only; no cross-label equivalence asserted
"Number of patient Serious Safety Events (SSE)/10,000 adjusted patient days",ind_70b67533626ea33c,"Number of patient Serious Safety Events (SSE)/10,000 adjusted patient days",accepted,Source-exact definition retained; display whitespace only; no cross-label equivalence asserted
Number of patients aged 65 and older who return to the Emergency Department (ED) within 30 days of their initial visit,ind_f82e4b5866750855,Number of patients aged 65 and older who return to the Emergency Department (ED) within 30 days of their initial visit,accepted,Source-exact definition retained; display whitespace only; no cross-label equivalence asserted
Number of patients seen in regional care programs led or supported by CHEO - year one focus: 1Call1Click and regional surgical program,ind_b041095fa48a7f8b,Number of patients seen in regional care programs led or supported by CHEO - year one focus: 1Call1Click and regional surgical program,accepted,Source-exact definition retained; display whitespace only; no cross-label equivalence asserted
Number of patients seen through regional care programs led or supported by CHEO,ind_35c998502df408d4,Number of patients seen through regional care programs led or supported by CHEO,accepted,Source-exact definition retained; display whitespace only; no cross-label equivalence asserted
"Number of patients that respond 'no' to the Post Discharge Phone Call question ""Were staff respectful of your unique preferences and cultural beliefs?""",ind_8a135286e23fe4e2,"Number of patients that respond 'no' to the Post Discharge Phone Call question ""Were staff respectful of your unique preferences and cultural beliefs?""",accepted,Source-exact definition retained; display whitespace only; no cross-label equivalence asserted
Number of patients who self-ID as Indigenous during registration.,ind_e2fd391f9961d5b6,Number of patients who self-ID as Indigenous during registration.,accepted,Source-exact definition retained; display whitespace only; no cross-label equivalence asserted
Number of potential admissions avoided with utilization of the CHaH Program,ind_e2138ecc85596dfa,Number of potential admissions avoided with utilization of the CHaH Program,accepted,Source-exact definition retained; display whitespace only; no cross-label equivalence asserted
Number of prescriptions (count) of Potentially Inappropriate Medications (PIMS) (targeted list) initiated during hospital admission,ind_24947cfc79dda548,Number of prescriptions (count) of Potentially Inappropriate Medications (PIMS) (targeted list) initiated during hospital admission,accepted,Source-exact definition retained; display whitespace only; no cross-label equivalence asserted
Number of referrals for Indigenous Traditional Healing and Medicine,ind_a2e3499d8fbd9367,Number of referrals for Indigenous Traditional Healing and Medicine,accepted,Source-exact definition retained; display whitespace only; no cross-label equivalence asserted
Number of reportable (healthcare or lost time) workplace Musculoskeletal Disorder (MSD) injuries,ind_2f8249e729c91368,Number of reportable (healthcare or lost time) workplace Musculoskeletal Disorder (MSD) injuries,accepted,Source-exact definition retained; display whitespace only; no cross-label equivalence asserted
Number of reported Never Events,ind_c0be750e873b5c43,Number of reported Never Events,accepted,Source-exact definition retained; display whitespace only; no cross-label equivalence asserted
Number of reported near misses related to controlled substances within the organization.,ind_cee8520afbd1c6a0,Number of reported near misses related to controlled substances within the organization.,accepted,Source-exact definition retained; display whitespace only; no cross-label equivalence asserted
"Number of reported workplace violence incidents that resulted in First Aid, Health Care and Lost Time claims.",ind_90f47467783f70b6,"Number of reported workplace violence incidents that resulted in First Aid, Health Care and Lost Time claims.",accepted,Source-exact definition retained; display whitespace only; no cross-label equivalence asserted
Number of responses received from patients through WAHA patient experience survey.,ind_09d935dfec2418dd,Number of responses received from patients through WAHA patient experience survey.,accepted,Source-exact definition retained; display whitespace only; no cross-label equivalence asserted
Number of staff who attend Indigenous Cultural Safety Education Sessions,ind_c44bb682a27f673f,Number of staff who attend Indigenous Cultural Safety Education Sessions,accepted,Source-exact definition retained; display whitespace only; no cross-label equivalence asserted
Number of staff who have completed relevant cultural safety training,ind_d896b184906d08c2,Number of staff who have completed relevant cultural safety training,accepted,Source-exact definition retained; display whitespace only; no cross-label equivalence asserted
Number of survey responses for clients who completed the Sociodemographic Survey,ind_2625a6fa63dcc33e,Number of survey responses for clients who completed the Sociodemographic Survey,accepted,Source-exact definition retained; display whitespace only; no cross-label equivalence asserted
Number of team members who have completed learning on Inclusion & Belonging @OSMH,ind_7eb086623919f16d,Number of team members who have completed learning on Inclusion & Belonging @OSMH,accepted,Source-exact definition retained; display whitespace only; no cross-label equivalence asserted
Number of unique patient encounters seen by the Indigenous Patient Services team,ind_f48b5523a24cf17e,Number of unique patient encounters seen by the Indigenous Patient Services team,accepted,Source-exact definition retained; display whitespace only; no cross-label equivalence asserted
Number of violent incidents that result in lost time claims,ind_fe3b4b08cef7f6f4,Number of violent incidents that result in lost time claims,accepted,Source-exact definition retained; display whitespace only; no cross-label equivalence asserted
Number of workplace Identify/Racism Incident reports by hospital workers (as defined by OHSA) within a 12-month period,ind_21f7d61528ea4eb8,Number of workplace Identify/Racism Incident reports by hospital workers (as defined by OHSA) within a 12-month period,accepted,Source-exact definition retained; display whitespace only; no cross-label equivalence asserted
Number of workplace Violence incidents that resulted in clinical follow-up,ind_afac7de744a50481,Number of workplace Violence incidents that resulted in clinical follow-up,accepted,Source-exact definition retained; display whitespace only; no cross-label equivalence asserted
Number of workplace incidents of incivility: # reported by hospital workers within a 12 month period,ind_3f37d3b21fbf194e,Number of workplace incidents of incivility: # reported by hospital workers within a 12 month period,accepted,Source-exact definition retained; display whitespace only; no cross-label equivalence asserted
Number of workplace violence incidents,ind_bc7dbb56c675c74e,Number of workplace violence incidents,accepted,Source-exact definition retained; display whitespace only; no cross-label equivalence asserted
Number of workplace violence incidents (Overall),ind_63f124019251d9d8,Number of workplace violence incidents (Overall),accepted,Source-exact definition retained; display whitespace only; no cross-label equivalence asserted
Number of workplace violence incidents (WPV) (per quarter),ind_48cd5c5dfeb47fd7,Number of workplace violence incidents (WPV) (per quarter),accepted,Source-exact definition retained; display whitespace only; no cross-label equivalence asserted
Number of workplace violence incidents (severity level 3 or higher),ind_6082ba658528a3ea,Number of workplace violence incidents (severity level 3 or higher),accepted,Source-exact definition retained; display whitespace only; no cross-label equivalence asserted
Number of workplace violence incidents reported by hospital workers (OSHA-defined) per month,ind_ca99ad44ac667323,Number of workplace violence incidents reported by hospital workers (OSHA-defined) per month,accepted,Source-exact definition retained; display whitespace only; no cross-label equivalence asserted
Number of workplace violence incidents reported by hospital workers (as by defined by OHSA) with lost time within a 12 month period.?,ind_5e21009bba65529f,Number of workplace violence incidents reported by hospital workers (as by defined by OHSA) with lost time within a 12 month period.?,accepted,Source-exact definition retained; display whitespace only; no cross-label equivalence asserted
Number of workplace violence incidents reported by hospital workers (as by defined by OHSA) within a 12 month period.,ind_f716a625a5fe3177,Number of workplace violence incidents reported by hospital workers (as by defined by OHSA) within a 12 month period.,accepted,Source-exact definition retained; display whitespace only; no cross-label equivalence asserted
Number of workplace violence incidents reported by hospital workers (as by defined by OHSA) within a 12-month period,ind_7bcc369c519ce033,Number of workplace violence incidents reported by hospital workers (as by defined by OHSA) within a 12-month period,accepted,Source-exact definition retained; display whitespace only; no cross-label equivalence asserted
Number of workplace violence incidents reported by hospital workers (as defined by OHSA) within a 12 month period,ind_93eec4c94fefecc6,Number of workplace violence incidents reported by hospital workers (as defined by OHSA) within a 12 month period,accepted,Source-exact definition retained; display whitespace only; no cross-label equivalence asserted
"Number of workplace violence incidents reported by hospital workers (as defined by OHSA) within a 12 month period, that result in Lost Time or Healthcare.",ind_13c3d60efafbe85f,"Number of workplace violence incidents reported by hospital workers (as defined by OHSA) within a 12 month period, that result in Lost Time or Healthcare.",accepted,Source-exact definition retained; display whitespace only; no cross-label equivalence asserted
Number of workplace violence incidents reported by hospital workers (as defined by OHSA) within a 12 month period.,ind_93cd7d4a2f10d17c,Number of workplace violence incidents reported by hospital workers (as defined by OHSA) within a 12 month period.,accepted,Source-exact definition retained; display whitespace only; no cross-label equivalence asserted
Number of workplace violence incidents reported by hospital workers (as defined by OHSA) within a 12-month period.,ind_382f7d17731df261,Number of workplace violence incidents reported by hospital workers (as defined by OHSA) within a 12-month period.,accepted,Source-exact definition retained; display whitespace only; no cross-label equivalence asserted
Number of workplace violence incidents reported by hospital workers (as defined by OSHA) within a 12 month period,ind_79f198bfe1bad0b3,Number of workplace violence incidents reported by hospital workers (as defined by OSHA) within a 12 month period,accepted,Source-exact definition retained; display whitespace only; no cross-label equivalence asserted
Number of workplace violence incidents reported by hospital workers (as defined by Occupational Health & Safety Act),ind_f68e5fc2450970ea,Number of workplace violence incidents reported by hospital workers (as defined by Occupational Health & Safety Act),accepted,Source-exact definition retained; display whitespace only; no cross-label equivalence asserted
Number of workplace violence incidents reported by hospital workers as defined by Occupational Health and Safety Act.,ind_ea6f8917a1011d30,Number of workplace violence incidents reported by hospital workers as defined by Occupational Health and Safety Act.,accepted,Source-exact definition retained; display whitespace only; no cross-label equivalence asserted
Number of workplace violence incidents reported by hospital workers as defined by the Occupational Health & Safety Act,ind_3a75c3d1636d6e41,Number of workplace violence incidents reported by hospital workers as defined by the Occupational Health & Safety Act,accepted,Source-exact definition retained; display whitespace only; no cross-label equivalence asserted
Number of workplace violence incidents reported by hospital workers within a 12 month period.,ind_a0001e81ef283591,Number of workplace violence incidents reported by hospital workers within a 12 month period.,accepted,Source-exact definition retained; display whitespace only; no cross-label equivalence asserted
Number of workplace violence incidents reported by workers (physical violence or threat of physical violence) within a 12 month period  Hospital/Community sites,ind_477bff9955d3294e,Number of workplace violence incidents reported by workers (physical violence or threat of physical violence) within a 12 month period Hospital/Community sites,accepted,Source-exact definition retained; display whitespace only; no cross-label equivalence asserted
Number of workplace violence incidents reported by workers (physical violence or threat of physical violence) within a 12 month period. All sites,ind_e23ad386ee4cd414,Number of workplace violence incidents reported by workers (physical violence or threat of physical violence) within a 12 month period. All sites,accepted,Source-exact definition retained; display whitespace only; no cross-label equivalence asserted
Number of workplace violence incidents resulting in injury.,ind_8e4f7a453db84f21,Number of workplace violence incidents resulting in injury.,accepted,Source-exact definition retained; display whitespace only; no cross-label equivalence asserted
Number of workplace violence incidents resulting in lost time or healthcare sought,ind_3df4177f452ae7a3,Number of workplace violence incidents resulting in lost time or healthcare sought,accepted,Source-exact definition retained; display whitespace only; no cross-label equivalence asserted
Number of workplace violence incidents resulting in lost time or healthcare sought in a 12-month rolling period,ind_9b0a739954e1a189,Number of workplace violence incidents resulting in lost time or healthcare sought in a 12-month rolling period,accepted,Source-exact definition retained; display whitespace only; no cross-label equivalence asserted
Number of workplace violence incidents resulting in non-severe/non-critical harm requiring additional monitoring/treatment (severity level 3),ind_d1c4bf31233b7566,Number of workplace violence incidents resulting in non-severe/non-critical harm requiring additional monitoring/treatment (severity level 3),accepted,Source-exact definition retained; display whitespace only; no cross-label equivalence asserted
Number of workplace violenceincidents (severity level 3 or higher),ind_b4724245915b1060,Number of workplace violenceincidents (severity level 3 or higher),accepted,Source-exact definition retained; display whitespace only; no cross-label equivalence asserted
Number of ‘Not Acknowledged’ specimens going to the lab.  Improved specimen turn-around time.,ind_761325f362fc5097,Number of ‘Not Acknowledged’ specimens going to the lab. Improved specimen turn-around time.,accepted,Source-exact definition retained; display whitespace only; no cross-label equivalence asserted
"OR Usage, case hours per quarter",ind_c875a375f5cdb0e5,"OR Usage, case hours per quarter",accepted,Source-exact definition retained; display whitespace only; no cross-label equivalence asserted
Objective: Implement a process to determine outpatient clinic-specific quality improvement (QI) initiatives based on patient experience feedback dataIndicator: Number of outpatient clinics with QI initiatives identified based on patient experience feedback data,ind_cccac58ff46cb898,Objective: Implement a process to determine outpatient clinic-specific quality improvement (QI) initiatives based on patient experience feedback dataIndicator: Number of outpatient clinics with QI initiatives identified based on patient experience feedback data,accepted,Source-exact definition retained; display whitespace only; no cross-label equivalence asserted
Obstetrics Services Available Locally,ind_cd0a294f848fbf92,Obstetrics Services Available Locally,accepted,Source-exact definition retained; display whitespace only; no cross-label equivalence asserted
One Number to Call: Top 5 FAQ Standardization,ind_76686fd081e83bec,One Number to Call: Top 5 FAQ Standardization,accepted,Source-exact definition retained; display whitespace only; no cross-label equivalence asserted
Operating Room Scheduling Accuracy,ind_43d7dc525af276f5,Operating Room Scheduling Accuracy,accepted,Source-exact definition retained; display whitespace only; no cross-label equivalence asserted
"Operating room Usage, case hours per quarter",ind_ddd0aed9cf4d3bb1,"Operating room Usage, case hours per quarter",accepted,Source-exact definition retained; display whitespace only; no cross-label equivalence asserted
Opioid Stewardship Program,ind_9639940e12b0b58c,Opioid Stewardship Program,accepted,Source-exact definition retained; display whitespace only; no cross-label equivalence asserted
Optimization of Digitized UOHI Hypertension Guide,ind_22bc7f8694a0ca01,Optimization of Digitized UOHI Hypertension Guide,accepted,Source-exact definition retained; display whitespace only; no cross-label equivalence asserted
Optimize the inpatient experience survey response rate using Qualtrics software?,ind_0662e62bfbf9299e,Optimize the inpatient experience survey response rate using Qualtrics software?,accepted,Source-exact definition retained; display whitespace only; no cross-label equivalence asserted
Organizational Falls with Harm per 1000 patient days,ind_31dceaefba31ebfa,Organizational Falls with Harm per 1000 patient days,accepted,Source-exact definition retained; display whitespace only; no cross-label equivalence asserted
Outpatient Clinics - Percentage of respondents to newly implemented outpatient clinic surveys,ind_b46b01ef3fb50626,Outpatient Clinics - Percentage of respondents to newly implemented outpatient clinic surveys,accepted,Source-exact definition retained; display whitespace only; no cross-label equivalence asserted
Outpatient experience survey response rate (% returned),ind_0f479706141c7c70,Outpatient experience survey response rate (% returned),accepted,Source-exact definition retained; display whitespace only; no cross-label equivalence asserted
"Overall , on a scale of 1-10, how would you rate your transition to HDGH  ( responses 9 & 10 /10)",ind_6a34850f21b75b8a,"Overall , on a scale of 1-10, how would you rate your transition to HDGH ( responses 9 & 10 /10)",accepted,Source-exact definition retained; display whitespace only; no cross-label equivalence asserted
Overall Care Provider Experience,ind_fc02336a25c82c22,Overall Care Provider Experience,accepted,Source-exact definition retained; display whitespace only; no cross-label equivalence asserted
Overall Care top box responses (ratings of 9-10),ind_2857b59cbce9d1be,Overall Care top box responses (ratings of 9-10),accepted,Source-exact definition retained; display whitespace only; no cross-label equivalence asserted
Overall Patient Experience,ind_091b614b6fad795b,Overall Patient Experience,accepted,Source-exact definition retained; display whitespace only; no cross-label equivalence asserted
Overall Perception of Care - MH Inpatient,ind_fd5f6e3c6fe3b64f,Overall Perception of Care - MH Inpatient,accepted,Source-exact definition retained; display whitespace only; no cross-label equivalence asserted
Overall Rating of Experience,ind_73a55998c13c17ef,Overall Rating of Experience,accepted,Source-exact definition retained; display whitespace only; no cross-label equivalence asserted
Overall Rating of Experience Emergency Department,ind_926ced202f661c84,Overall Rating of Experience Emergency Department,accepted,Source-exact definition retained; display whitespace only; no cross-label equivalence asserted
Overall care provider Experience,ind_029ecf6a6eaaacd2,Overall care provider Experience,accepted,Source-exact definition retained; display whitespace only; no cross-label equivalence asserted
Overall care provider experience.,ind_dc4912b91256fce5,Overall care provider experience.,accepted,Source-exact definition retained; display whitespace only; no cross-label equivalence asserted
Overall experience score in patient experience survey,ind_403091ee5ad3275a,Overall experience score in patient experience survey,accepted,Source-exact definition retained; display whitespace only; no cross-label equivalence asserted
Overall incidents of Harm that reach the patient,ind_fe8d1f5e73bc3109,Overall incidents of Harm that reach the patient,accepted,Source-exact definition retained; display whitespace only; no cross-label equivalence asserted
Overall incidents of harm that reach the patient,ind_11608d60e7da47aa,Overall incidents of harm that reach the patient,accepted,Source-exact definition retained; display whitespace only; no cross-label equivalence asserted
Overall patient experience,ind_3d86e29594a1d682,Overall patient experience,accepted,Source-exact definition retained; display whitespace only; no cross-label equivalence asserted
"Overall percentage of “Excellent and Good” responses to the question “Overall, how would you rate your experience at Toronto Grace?” from the Patient Satisfaction survey",ind_957dfd4058cca568,"Overall percentage of “Excellent and Good” responses to the question “Overall, how would you rate your experience at Toronto Grace?” from the Patient Satisfaction survey",accepted,Source-exact definition retained; display whitespace only; no cross-label equivalence asserted
Overall rating of experience (Emergency Department),ind_7b80ea72e24f0e8b,Overall rating of experience (Emergency Department),accepted,Source-exact definition retained; display whitespace only; no cross-label equivalence asserted
Overall rating of experience (Inpatient Medicine/Surgery),ind_7b9e0bed3af527ae,Overall rating of experience (Inpatient Medicine/Surgery),accepted,Source-exact definition retained; display whitespace only; no cross-label equivalence asserted
Overdue Discharge Summaries & Operative Notes,ind_324098a66232689b,Overdue Discharge Summaries & Operative Notes,accepted,Source-exact definition retained; display whitespace only; no cross-label equivalence asserted
Overdue Preventative Maintenance Backlog for Non-Low Risk Devices,ind_173b2ed149e0a13d,Overdue Preventative Maintenance Backlog for Non-Low Risk Devices,accepted,Source-exact definition retained; display whitespace only; no cross-label equivalence asserted
Participation in Delirium Aware Safer Care (DASH) Campaign,ind_ddc04349d2f0143d,Participation in Delirium Aware Safer Care (DASH) Campaign,accepted,Source-exact definition retained; display whitespace only; no cross-label equivalence asserted
Patient Consults in the ACTU,ind_143b3b2b02928d6c,Patient Consults in the ACTU,accepted,Source-exact definition retained; display whitespace only; no cross-label equivalence asserted
"Patient Experience ""Rate your experience 0-10""",ind_48a60292ec779469,"Patient Experience ""Rate your experience 0-10""",accepted,Source-exact definition retained; display whitespace only; no cross-label equivalence asserted
"Patient Experience - Cultural Sensitivity - measures the % of  Inpatients who responded positively to the Ontario Perceptions of Care (OPOC) question ""Staff were sensitive to my cultural needs (eg. Religion, Language, ethnic background, race )",ind_65ebc53cc63bdfd8,"Patient Experience - Cultural Sensitivity - measures the % of Inpatients who responded positively to the Ontario Perceptions of Care (OPOC) question ""Staff were sensitive to my cultural needs (eg. Religion, Language, ethnic background, race )",accepted,Source-exact definition retained; display whitespace only; no cross-label equivalence asserted
"Patient Experience - If long stay care were needed for another family member or friend, would you recommend this facility?",ind_6a9f5017be18a149,"Patient Experience - If long stay care were needed for another family member or friend, would you recommend this facility?",accepted,Source-exact definition retained; display whitespace only; no cross-label equivalence asserted
Patient Experience - Involve you in decisions about your treatment - MSH 12S,ind_e46ee0219b72f2d7,Patient Experience - Involve you in decisions about your treatment - MSH 12S,accepted,Source-exact definition retained; display whitespace only; no cross-label equivalence asserted
Patient Experience - Involve you in decisions about your treatment - MSH 9S,ind_b3d72b74b2ec4cfb,Patient Experience - Involve you in decisions about your treatment - MSH 9S,accepted,Source-exact definition retained; display whitespace only; no cross-label equivalence asserted
Patient Experience - Involve you in decisions about your treatment - MSH Antenatal,ind_0756a1ab5287a6dd,Patient Experience - Involve you in decisions about your treatment - MSH Antenatal,accepted,Source-exact definition retained; display whitespace only; no cross-label equivalence asserted
"Patient Experience - Percentage of patients responding definitely (top box) to the question ""Would you recommend this hospital to """,ind_d0a6c027fed9a46d,"Patient Experience - Percentage of patients responding definitely (top box) to the question ""Would you recommend this hospital to """,accepted,Source-exact definition retained; display whitespace only; no cross-label equivalence asserted
"Patient Experience - Percentage of patients responding definitely (top box) to the question ""Would you recommend this hospital""",ind_50089e0f997db527,"Patient Experience - Percentage of patients responding definitely (top box) to the question ""Would you recommend this hospital""",accepted,Source-exact definition retained; display whitespace only; no cross-label equivalence asserted
Patient Experience Measures,ind_12b0972fbac73430,Patient Experience Measures,accepted,Source-exact definition retained; display whitespace only; no cross-label equivalence asserted
Patient Experience – Overall Care:  # of top box responses (ratings of 9-10) for overall care / total # respondents,ind_ca9084c3674aa08c,Patient Experience – Overall Care: # of top box responses (ratings of 9-10) for overall care / total # respondents,accepted,Source-exact definition retained; display whitespace only; no cross-label equivalence asserted
Patient Experience. % of respondents who have selected Top Box responses (9/10 ratings) for overall experience - Day Surgery and Outpatient,ind_791d686f4019f9f4,Patient Experience. % of respondents who have selected Top Box responses (9/10 ratings) for overall experience - Day Surgery and Outpatient,accepted,Source-exact definition retained; display whitespace only; no cross-label equivalence asserted
Patient Experience: Did you receive enough information from hospital staff about what to do if you were worried about your condition or treatment after you left the hospital?,ind_4ce2563cf7a36fe5,Patient Experience: Did you receive enough information from hospital staff about what to do if you were worried about your condition or treatment after you left the hospital?,accepted,Source-exact definition retained; display whitespace only; no cross-label equivalence asserted
Patient Experience: Percent of patients who report that the care received from their healthcare providers was compassionate,ind_a525242464a36874,Patient Experience: Percent of patients who report that the care received from their healthcare providers was compassionate,accepted,Source-exact definition retained; display whitespace only; no cross-label equivalence asserted
Patient Experience: Percent of patients who report that the care they received from their healthcare providers was compassionate.,ind_051ff1e9cedd2ffb,Patient Experience: Percent of patients who report that the care they received from their healthcare providers was compassionate.,accepted,Source-exact definition retained; display whitespace only; no cross-label equivalence asserted
Patient Experience: Percentage of unit leader engagement with the newly created patient experience measurement dashboards based on the digital patient experience survey results.,ind_64b484a88b55d33d,Patient Experience: Percentage of unit leader engagement with the newly created patient experience measurement dashboards based on the digital patient experience survey results.,accepted,Source-exact definition retained; display whitespace only; no cross-label equivalence asserted
Patient Experience: Would you recommend inpatient care to your friends and family?,ind_164df8731a839af4,Patient Experience: Would you recommend inpatient care to your friends and family?,accepted,Source-exact definition retained; display whitespace only; no cross-label equivalence asserted
Patient Falls per 1000 Patient Days,ind_8984d51191351121,Patient Falls per 1000 Patient Days,accepted,Source-exact definition retained; display whitespace only; no cross-label equivalence asserted
Patient Health Equity Survey Completion Rate,ind_3f74690089d73df7,Patient Health Equity Survey Completion Rate,accepted,Source-exact definition retained; display whitespace only; no cross-label equivalence asserted
Patient Health Equity Survey Completion Rate*:  % active patient completion of the “We Ask Because We Care” survey (includes partial and no consent responses),ind_448a0fe64184db6f,Patient Health Equity Survey Completion Rate*: % active patient completion of the “We Ask Because We Care” survey (includes partial and no consent responses),accepted,Source-exact definition retained; display whitespace only; no cross-label equivalence asserted
Patient Identification errors,ind_8b5bea28bb629e79,Patient Identification errors,accepted,Source-exact definition retained; display whitespace only; no cross-label equivalence asserted
Patient Navigator,ind_6cbd2d51ac0b030d,Patient Navigator,accepted,Source-exact definition retained; display whitespace only; no cross-label equivalence asserted
Patient Relations Review,ind_4fd3df58713b3e10,Patient Relations Review,accepted,Source-exact definition retained; display whitespace only; no cross-label equivalence asserted
Patient Resources Review,ind_d9d5f0e8f7d514f3,Patient Resources Review,accepted,Source-exact definition retained; display whitespace only; no cross-label equivalence asserted
Patient Safety Culture Survey - ‘Overall Rating Score’?,ind_e45109dcf741f8fa,Patient Safety Culture Survey - ‘Overall Rating Score’?,accepted,Source-exact definition retained; display whitespace only; no cross-label equivalence asserted
Patient Safety: Rate of Falls,ind_faf273128390820c,Patient Safety: Rate of Falls,accepted,Source-exact definition retained; display whitespace only; no cross-label equivalence asserted
Patient Safety: Rate of Falls(All falls),ind_c86e5fa0eeb9f94e,Patient Safety: Rate of Falls(All falls),accepted,Source-exact definition retained; display whitespace only; no cross-label equivalence asserted
Patient and Caregiver Delirium Education,ind_96e372697b942552,Patient and Caregiver Delirium Education,accepted,Source-exact definition retained; display whitespace only; no cross-label equivalence asserted
Patient experience: Did you receive enough information when you left the hospital?,ind_3bce33376ccdc6e3,Patient experience: Did you receive enough information when you left the hospital?,accepted,Source-exact definition retained; display whitespace only; no cross-label equivalence asserted
Patient experience: Would you recommend inpatient care to your friends and family?,ind_76ab30a284c6de57,Patient experience: Would you recommend inpatient care to your friends and family?,accepted,Source-exact definition retained; display whitespace only; no cross-label equivalence asserted
Patient experience: Would you recommend the emergency department?,ind_8a045123b1864c6c,Patient experience: Would you recommend the emergency department?,accepted,Source-exact definition retained; display whitespace only; no cross-label equivalence asserted
Patient experience: Would you recommend this hospital to family or friends if they needed this type of care?,ind_f2ce28bfeadd423e,Patient experience: Would you recommend this hospital to family or friends if they needed this type of care?,accepted,Source-exact definition retained; display whitespace only; no cross-label equivalence asserted
Patient falls (for every 1000 patient days),ind_394f8212a2d653c5,Patient falls (for every 1000 patient days),accepted,Source-exact definition retained; display whitespace only; no cross-label equivalence asserted
Patient falls with harm level of Moderate or worse per 1000 inpatient days,ind_24fc6d822a8705ed,Patient falls with harm level of Moderate or worse per 1000 inpatient days,accepted,Source-exact definition retained; display whitespace only; no cross-label equivalence asserted
Patient falls with harm severity level of Moderate or worse per 1000 inpatient days,ind_1b2933b5b550a700,Patient falls with harm severity level of Moderate or worse per 1000 inpatient days,accepted,Source-exact definition retained; display whitespace only; no cross-label equivalence asserted
"Patient falls/1,000 Patient Days",ind_328d61e47925eb45,"Patient falls/1,000 Patient Days",accepted,Source-exact definition retained; display whitespace only; no cross-label equivalence asserted
"Patients report feeling welcomed, respected, and free from discrimination while receiving care. Responses include: Always and Usually",ind_2ef767dec21afd36,"Patients report feeling welcomed, respected, and free from discrimination while receiving care. Responses include: Always and Usually",accepted,Source-exact definition retained; display whitespace only; no cross-label equivalence asserted
Patients report their cultural needs were respected,ind_d6aded97a1c96c0f,Patients report their cultural needs were respected,accepted,Source-exact definition retained; display whitespace only; no cross-label equivalence asserted
Peer Mentor Program,ind_48834037d4507e8c,Peer Mentor Program,accepted,Source-exact definition retained; display whitespace only; no cross-label equivalence asserted
People Leader Completion of 3 EDI Learning Modules =  #  People Leaders with completion of 3 EDI Foundations iLearn modules (EDI Foundations in Health Equity + EDI Foundations in Gender Diversity + EDI Foundations in Anti-Black Racism),ind_72400970c9a820b2,People Leader Completion of 3 EDI Learning Modules = # People Leaders with completion of 3 EDI Foundations iLearn modules (EDI Foundations in Health Equity + EDI Foundations in Gender Diversity + EDI Foundations in Anti-Black Racism),accepted,Source-exact definition retained; display whitespace only; no cross-label equivalence asserted
People Wellness,ind_e07fbef4c6be6989,People Wellness,accepted,Source-exact definition retained; display whitespace only; no cross-label equivalence asserted
Percent 'excellent' rating by clients and/or families to the question: Overall how would you rate Holland Bloorview?,ind_e5f5df51416a4c36,Percent 'excellent' rating by clients and/or families to the question: Overall how would you rate Holland Bloorview?,accepted,Source-exact definition retained; display whitespace only; no cross-label equivalence asserted
Percent Physician Initial Assessment (PIA) completed within CTAS target time,ind_e3b290b1ece87b3f,Percent Physician Initial Assessment (PIA) completed within CTAS target time,accepted,Source-exact definition retained; display whitespace only; no cross-label equivalence asserted
Percent completion of the We Count! questions,ind_e955adc201b47aeb,Percent completion of the We Count! questions,accepted,Source-exact definition retained; display whitespace only; no cross-label equivalence asserted
Percent completion of the We Count! survey,ind_faa15c89bf5342ee,Percent completion of the We Count! survey,accepted,Source-exact definition retained; display whitespace only; no cross-label equivalence asserted
Percent discharge summaries sent from hospital to community care provider within 48 hours of discharge,ind_8db9f6d8f0c4c1ea,Percent discharge summaries sent from hospital to community care provider within 48 hours of discharge,accepted,Source-exact definition retained; display whitespace only; no cross-label equivalence asserted
Percent of 4AT delirium screens accompanied by prevention and management interventions,ind_e3c693a58312ce4b,Percent of 4AT delirium screens accompanied by prevention and management interventions,accepted,Source-exact definition retained; display whitespace only; no cross-label equivalence asserted
Percent of Best Possible Medication correctly completed at admission to  ACUTE,ind_3aebfd3814a1253d,Percent of Best Possible Medication correctly completed at admission to ACUTE,accepted,Source-exact definition retained; display whitespace only; no cross-label equivalence asserted
Percent of ED Patients who were discharged without vital signs being taken.,ind_5940e1e91a9cb96d,Percent of ED Patients who were discharged without vital signs being taken.,accepted,Source-exact definition retained; display whitespace only; no cross-label equivalence asserted
"Percent of Emergency Patients who identify as Indigenous who rate Brightshores as 8, 9 or 10 on overall patient experience rating",ind_13c58593179e39df,"Percent of Emergency Patients who identify as Indigenous who rate Brightshores as 8, 9 or 10 on overall patient experience rating",accepted,Source-exact definition retained; display whitespace only; no cross-label equivalence asserted
Percent of Medication reconciliation forms filled out for admission to ACUTE that were 100% correct,ind_bbfadb34e18b501a,Percent of Medication reconciliation forms filled out for admission to ACUTE that were 100% correct,accepted,Source-exact definition retained; display whitespace only; no cross-label equivalence asserted
Percent of Patients/Clients who completed sociodemographic data collection questions during ER visit and Admission to Acute,ind_4148c10c68e8273a,Percent of Patients/Clients who completed sociodemographic data collection questions during ER visit and Admission to Acute,accepted,Source-exact definition retained; display whitespace only; no cross-label equivalence asserted
Percent of Staff members who recommend the organization as a good place to work.,ind_6b733ddffc398181,Percent of Staff members who recommend the organization as a good place to work.,accepted,Source-exact definition retained; display whitespace only; no cross-label equivalence asserted
"Percent of active full-time and part-time staff and physicians that complete the prescribed, risk appropriate workplace violence education in 2026-27.",ind_5d63f00f8a940420,"Percent of active full-time and part-time staff and physicians that complete the prescribed, risk appropriate workplace violence education in 2026-27.",accepted,Source-exact definition retained; display whitespace only; no cross-label equivalence asserted
Percent of all ED visits occurring in Pink Zone (regardless of Pink Zone CTAS level),ind_fcefa76b2ef2cea2,Percent of all ED visits occurring in Pink Zone (regardless of Pink Zone CTAS level),accepted,Source-exact definition retained; display whitespace only; no cross-label equivalence asserted
Percent of care completed within the clinically recommended window,ind_11b341e9bc4a73b1,Percent of care completed within the clinically recommended window,accepted,Source-exact definition retained; display whitespace only; no cross-label equivalence asserted
Percent of eligible leaders who have completed High Reliability Organization training,ind_d38f8ca6eda8fc1d,Percent of eligible leaders who have completed High Reliability Organization training,accepted,Source-exact definition retained; display whitespace only; no cross-label equivalence asserted
Percent of eligible leaders who have completed Indigenous Health education,ind_4cff662cd6682c73,Percent of eligible leaders who have completed Indigenous Health education,accepted,Source-exact definition retained; display whitespace only; no cross-label equivalence asserted
Percent of falls that result in any injury:  the number of falls that result in any injury divided by the total number of falls that occurred.,ind_0d00fe676d276d82,Percent of falls that result in any injury: the number of falls that result in any injury divided by the total number of falls that occurred.,accepted,Source-exact definition retained; display whitespace only; no cross-label equivalence asserted
Percent of front-line staff and physicians in the past 12 months who have experienced or witnessed unfair treatment or discrimination at work based on personal characteristics.,ind_0d1b94c8438f8146,Percent of front-line staff and physicians in the past 12 months who have experienced or witnessed unfair treatment or discrimination at work based on personal characteristics.,accepted,Source-exact definition retained; display whitespace only; no cross-label equivalence asserted
Percent of inpatient admissions with an estimated date of discharge (EDD) documented in the Electronic Medical Record (EMR) within four days of admission.,ind_a4c943149b81020d,Percent of inpatient admissions with an estimated date of discharge (EDD) documented in the Electronic Medical Record (EMR) within four days of admission.,accepted,Source-exact definition retained; display whitespace only; no cross-label equivalence asserted
"Percent of inpatient discharges from Finch Family Mental Health Building Assessment, Treatment and Rehabilitation Units that have an ambulatory follow-up visit scheduled within 7 days of discharge",ind_44b30ad492e68ed9,"Percent of inpatient discharges from Finch Family Mental Health Building Assessment, Treatment and Rehabilitation Units that have an ambulatory follow-up visit scheduled within 7 days of discharge",accepted,Source-exact definition retained; display whitespace only; no cross-label equivalence asserted
"Percent of leaders who indicated that their understanding of EDI was improved following completion of St. Joseph's standardized Equity, Diversity, Inclusion education.",ind_abd35e42bb318613,"Percent of leaders who indicated that their understanding of EDI was improved following completion of St. Joseph's standardized Equity, Diversity, Inclusion education.",accepted,Source-exact definition retained; display whitespace only; no cross-label equivalence asserted
"Percent of long stay visits where patients requesting support from Indigenous Patient Services, received support on same day.",ind_318561b7cc81de27,"Percent of long stay visits where patients requesting support from Indigenous Patient Services, received support on same day.",accepted,Source-exact definition retained; display whitespace only; no cross-label equivalence asserted
Percent of patient falls that result in any injury,ind_2168c99a8dfdaad0,Percent of patient falls that result in any injury,accepted,Source-exact definition retained; display whitespace only; no cross-label equivalence asserted
"Percent of patients that chose 8,9 or 10 when asked to rate their overall experience. 0 - I had a very poor experience 10 - I had a very good experience.Post-Discharge Phone Call + Digital Survey (Inpatient + ED)",ind_340c78f7bdf63b60,"Percent of patients that chose 8,9 or 10 when asked to rate their overall experience. 0 - I had a very poor experience 10 - I had a very good experience.Post-Discharge Phone Call + Digital Survey (Inpatient + ED)",accepted,Source-exact definition retained; display whitespace only; no cross-label equivalence asserted
"Percent of patients that identify as Indigenous that chose 8, 9, or 10 when asked to rate their overall experience from 0-10.Post-Discharge Phone Call + Digital Survey (Inpatient + ED)",ind_0c183a05a0ff0113,"Percent of patients that identify as Indigenous that chose 8, 9, or 10 when asked to rate their overall experience from 0-10.Post-Discharge Phone Call + Digital Survey (Inpatient + ED)",accepted,Source-exact definition retained; display whitespace only; no cross-label equivalence asserted
Percent of patients who report that the care received from their healthcare providers was compassionate.,ind_eff5c30e1bf0a832,Percent of patients who report that the care received from their healthcare providers was compassionate.,accepted,Source-exact definition retained; display whitespace only; no cross-label equivalence asserted
Percent of patients who visited the ED and left without being seen by a physician,ind_06590f50f65eac7e,Percent of patients who visited the ED and left without being seen by a physician,accepted,Source-exact definition retained; display whitespace only; no cross-label equivalence asserted
"Percent of patients who visited the ED and left without being seen by a physician, and received a follow up call.",ind_7427ebd174da0a52,"Percent of patients who visited the ED and left without being seen by a physician, and received a follow up call.",accepted,Source-exact definition retained; display whitespace only; no cross-label equivalence asserted
"Percent of respondents who responded with ""Very Good"" or ""Excellent to the following questions""  Overall, how would you rate the organization as a place to work?""",ind_66f40ae165c4c2eb,"Percent of respondents who responded with ""Very Good"" or ""Excellent to the following questions"" Overall, how would you rate the organization as a place to work?""",accepted,Source-exact definition retained; display whitespace only; no cross-label equivalence asserted
"Percent of respondents who responded with ""Very Good"" or Excellent"" to the following questions.",ind_01e0b2bc312470a9,"Percent of respondents who responded with ""Very Good"" or Excellent"" to the following questions.",accepted,Source-exact definition retained; display whitespace only; no cross-label equivalence asserted
"Percent of staff/medical staff participating in research, quality improvement or innovation",ind_3aca7b081b9cf5e7,"Percent of staff/medical staff participating in research, quality improvement or innovation",accepted,Source-exact definition retained; display whitespace only; no cross-label equivalence asserted
"Percent of staff/medical staff participating in research, quality improvement, or innovation",ind_0bbcdf3b1443bfd0,"Percent of staff/medical staff participating in research, quality improvement, or innovation",accepted,Source-exact definition retained; display whitespace only; no cross-label equivalence asserted
Percent positive engagement scores on workforce survey,ind_b59167a866124dd1,Percent positive engagement scores on workforce survey,accepted,Source-exact definition retained; display whitespace only; no cross-label equivalence asserted
Percent positive responses (“always” and “most of the time”) to the question - Are you kept well-informed about your progress in areas that are important to you?,ind_b7f76be0ce3c8f15,Percent positive responses (“always” and “most of the time”) to the question - Are you kept well-informed about your progress in areas that are important to you?,accepted,Source-exact definition retained; display whitespace only; no cross-label equivalence asserted
"Percent positive responses to the annual OPOC survey question ""Staff understood and responded to my needs and concerns.""  (Survey Question # 21)Inpatient Population Only2024 Annual OPOC Survey",ind_36926c9f06cd93f7,"Percent positive responses to the annual OPOC survey question ""Staff understood and responded to my needs and concerns."" (Survey Question # 21)Inpatient Population Only2024 Annual OPOC Survey",accepted,Source-exact definition retained; display whitespace only; no cross-label equivalence asserted
Percent positive responses to the question - Are you kept well-informed about your progress in areas that are important to you?,ind_6bfdd382106a20ba,Percent positive responses to the question - Are you kept well-informed about your progress in areas that are important to you?,accepted,Source-exact definition retained; display whitespace only; no cross-label equivalence asserted
Percent positive score on CHEO engagement survey,ind_353faa26da215eaf,Percent positive score on CHEO engagement survey,accepted,Source-exact definition retained; display whitespace only; no cross-label equivalence asserted
Percent positive score on our engagement survey,ind_88a1faf7c99de1ff,Percent positive score on our engagement survey,accepted,Source-exact definition retained; display whitespace only; no cross-label equivalence asserted
Percentage (%) Surgical Long Waiters,ind_7c328525e5eba5cf,Percentage (%) Surgical Long Waiters,accepted,Source-exact definition retained; display whitespace only; no cross-label equivalence asserted
"Percentage (%) of  Identified Leaders who have Completed Equity, Diversity and Inclusion and Anti-Racism Education",ind_ecace67bab1d6119,"Percentage (%) of Identified Leaders who have Completed Equity, Diversity and Inclusion and Anti-Racism Education",accepted,Source-exact definition retained; display whitespace only; no cross-label equivalence asserted
"Percentage (%) of  Staff Leaders, Physician Leaders, Board and Community Members who have Completed Equity, Diversity and Inclusion and Anti-Racism Education",ind_472d1354fa59548b,"Percentage (%) of Staff Leaders, Physician Leaders, Board and Community Members who have Completed Equity, Diversity and Inclusion and Anti-Racism Education",accepted,Source-exact definition retained; display whitespace only; no cross-label equivalence asserted
"Percentage (%) of family member, loved one, or care partner respondents who respond 'Very Satisfied' or 'Satisfied' to: ""How satisfied are you with your level of involvement in your loved one’s care planning and healthcare decisions?""",ind_c54b5d7a7857c35a,"Percentage (%) of family member, loved one, or care partner respondents who respond 'Very Satisfied' or 'Satisfied' to: ""How satisfied are you with your level of involvement in your loved one’s care planning and healthcare decisions?""",accepted,Source-exact definition retained; display whitespace only; no cross-label equivalence asserted
Percentage (%) of patients who visited the Emergency Department and left without being seen by a Provider,ind_28f6a91b7a3c9cc2,Percentage (%) of patients who visited the Emergency Department and left without being seen by a Provider,accepted,Source-exact definition retained; display whitespace only; no cross-label equivalence asserted
Percentage Reduction in Carbon Emissions ,ind_7b76d9f3ed045b6f,Percentage Reduction in Carbon Emissions,accepted,Source-exact definition retained; display whitespace only; no cross-label equivalence asserted
Percentage Reduction in Carbon Emissions from Facility Operations,ind_7fb49677e8f46038,Percentage Reduction in Carbon Emissions from Facility Operations,accepted,Source-exact definition retained; display whitespace only; no cross-label equivalence asserted
Percentage care within the clinically recommended window,ind_82503e6696c69f05,Percentage care within the clinically recommended window,accepted,Source-exact definition retained; display whitespace only; no cross-label equivalence asserted
Percentage increase of Waste Diversion Rate(reduce waste sent to landfill),ind_cc06a6e14fedee1d,Percentage increase of Waste Diversion Rate(reduce waste sent to landfill),accepted,Source-exact definition retained; display whitespace only; no cross-label equivalence asserted
Percentage of 'staff and physicians' will comply with all 'moments of hand hygiene'.,ind_54eb9d0a816465e0,Percentage of 'staff and physicians' will comply with all 'moments of hand hygiene'.,accepted,Source-exact definition retained; display whitespace only; no cross-label equivalence asserted
Percentage of Bedside Medication Verification (BMV) rate,ind_5119487f7185f906,Percentage of Bedside Medication Verification (BMV) rate,accepted,Source-exact definition retained; display whitespace only; no cross-label equivalence asserted
"Percentage of Board and Management staff who have completed equity, diversity, inclusion, and anti-racism and Forced Labour/Child Labour education.",ind_9db531cd79ac0a83,"Percentage of Board and Management staff who have completed equity, diversity, inclusion, and anti-racism and Forced Labour/Child Labour education.",accepted,Source-exact definition retained; display whitespace only; no cross-label equivalence asserted
"Percentage of Board and executives who have completed relevant equity, diversity, inclusion, and anti-racism education",ind_eec0edeac4a28e4d,"Percentage of Board and executives who have completed relevant equity, diversity, inclusion, and anti-racism education",accepted,Source-exact definition retained; display whitespace only; no cross-label equivalence asserted
Percentage of CTAS 2 and 3 patients who visited the ED and left without being seen by a physician.,ind_85a0e998ee60de64,Percentage of CTAS 2 and 3 patients who visited the ED and left without being seen by a physician.,accepted,Source-exact definition retained; display whitespace only; no cross-label equivalence asserted
"Percentage of ED patients initially misdiagnosed but later confirmed to have sepsis (ICD-10 codes A40, A41, R65.2, etc.) during admission or within 48 hours of discharge.",ind_73914b4969dcaf1e,"Percentage of ED patients initially misdiagnosed but later confirmed to have sepsis (ICD-10 codes A40, A41, R65.2, etc.) during admission or within 48 hours of discharge.",accepted,Source-exact definition retained; display whitespace only; no cross-label equivalence asserted
"Percentage of ED patients initially misdiagnosed but later confirmed to have sepsis (ICD-10 codes A40, A41, R65.2, etc.) either during admission or within 48 hours after discharge.",ind_209117cfef6fa7e7,"Percentage of ED patients initially misdiagnosed but later confirmed to have sepsis (ICD-10 codes A40, A41, R65.2, etc.) either during admission or within 48 hours after discharge.",accepted,Source-exact definition retained; display whitespace only; no cross-label equivalence asserted
"Percentage of ED respondents who responded “completely” to the following question: ""Did you receive enough information from hospital staff about what to do if you were worried about your condition or treatment after you left the hospital?""",ind_fed8017d772e6d23,"Percentage of ED respondents who responded “completely” to the following question: ""Did you receive enough information from hospital staff about what to do if you were worried about your condition or treatment after you left the hospital?""",accepted,Source-exact definition retained; display whitespace only; no cross-label equivalence asserted
Percentage of ED return visits within 7 days of discharge from ED resulting in admission with an acute myocardial infection (AMI),ind_141d41d2ba99d8cd,Percentage of ED return visits within 7 days of discharge from ED resulting in admission with an acute myocardial infection (AMI),accepted,Source-exact definition retained; display whitespace only; no cross-label equivalence asserted
Percentage of ED visits for individuals with sickle cell disease triaged with high severity (CTAS 1 or 2),ind_76002f26f7141f1f,Percentage of ED visits for individuals with sickle cell disease triaged with high severity (CTAS 1 or 2),accepted,Source-exact definition retained; display whitespace only; no cross-label equivalence asserted
Percentage of Emergency Department (ED) patients initially undiagnosed with blastomycosis but later confirmed to have blastomycosis (ICD-10 codes B40.0–B40.9) during admission or within 48 hours after discharge.,ind_3d0a4a6bfceaaee4,Percentage of Emergency Department (ED) patients initially undiagnosed with blastomycosis but later confirmed to have blastomycosis (ICD-10 codes B40.0–B40.9) during admission or within 48 hours after discharge.,accepted,Source-exact definition retained; display whitespace only; no cross-label equivalence asserted
Percentage of Emergency Department patients reassessed within the recommended timeframes according to ECTAS score.,ind_bd4c4358368e3f3c,Percentage of Emergency Department patients reassessed within the recommended timeframes according to ECTAS score.,accepted,Source-exact definition retained; display whitespace only; no cross-label equivalence asserted
Percentage of Emergency Department patients receiving initial nursing pre-triage contact upon arrival,ind_473ea6f57202d61b,Percentage of Emergency Department patients receiving initial nursing pre-triage contact upon arrival,accepted,Source-exact definition retained; display whitespace only; no cross-label equivalence asserted
"Percentage of FT/PT staff who have completed one relevant equity, diversity, inclusion, and anti-racism education",ind_88b36c0fca1c7c49,"Percentage of FT/PT staff who have completed one relevant equity, diversity, inclusion, and anti-racism education",accepted,Source-exact definition retained; display whitespace only; no cross-label equivalence asserted
"Percentage of GBGH staff & Professional Staff who have completed Diversity, Equity, Inclusion and Belonging (DEIB) training by end of fiscal year",ind_04f1ac96c3e26dae,"Percentage of GBGH staff & Professional Staff who have completed Diversity, Equity, Inclusion and Belonging (DEIB) training by end of fiscal year",accepted,Source-exact definition retained; display whitespace only; no cross-label equivalence asserted
"Percentage of GBGH staff who have?completed Diversity, Equity, Inclusion?and Belonging (DEIB) training?by end?of fiscal year",ind_7086fe477aa51a2a,"Percentage of GBGH staff who have?completed Diversity, Equity, Inclusion?and Belonging (DEIB) training?by end?of fiscal year",accepted,Source-exact definition retained; display whitespace only; no cross-label equivalence asserted
Percentage of High Skin Risk Patients with Pressure Injury Prevention Care Plan initiated and documented.,ind_e057736233322199,Percentage of High Skin Risk Patients with Pressure Injury Prevention Care Plan initiated and documented.,accepted,Source-exact definition retained; display whitespace only; no cross-label equivalence asserted
"Percentage of Hospital Inpatients responding “Definitely yes” to the question ""Would you recommend this hospital to your friends and family Based on the quality of care provided?"" (Inpatient care)-(The number of respondents who responded 'Definitely Yes' to the question).",ind_72406ebd03dbf04a,"Percentage of Hospital Inpatients responding “Definitely yes” to the question ""Would you recommend this hospital to your friends and family Based on the quality of care provided?"" (Inpatient care)-(The number of respondents who responded 'Definitely Yes' to the question).",accepted,Source-exact definition retained; display whitespace only; no cross-label equivalence asserted
"Percentage of Hospital and iLTC staff (executive-level, management or all) who have completed relevant equity, diversity, inclusion, and antiracism education.",ind_a0617b4bcc6953da,"Percentage of Hospital and iLTC staff (executive-level, management or all) who have completed relevant equity, diversity, inclusion, and antiracism education.",accepted,Source-exact definition retained; display whitespace only; no cross-label equivalence asserted
"Percentage of Hospital patients responding “Definitely yes” to the question ""Would you recommend this Emergency Department to friends and family based on the quality of care provided?"" (The number of respondents who responded 'Definitely Yes' to the question).",ind_b487da23c9b558c3,"Percentage of Hospital patients responding “Definitely yes” to the question ""Would you recommend this Emergency Department to friends and family based on the quality of care provided?"" (The number of respondents who responded 'Definitely Yes' to the question).",accepted,Source-exact definition retained; display whitespace only; no cross-label equivalence asserted
Percentage of Inpatient Clients who are discharged to the Outpatient Program and attend programing within four (4) weeks of discharge,ind_178a50cbc8f0164b,Percentage of Inpatient Clients who are discharged to the Outpatient Program and attend programing within four (4) weeks of discharge,accepted,Source-exact definition retained; display whitespace only; no cross-label equivalence asserted
"Percentage of Inpatient Clients who are discharged to the Outpatient Program and attend programing within four weeks of dischargeNote: We have this metric under 'Client centered' for the Quality dimension, the online system does not allow me to change the dimension from 'timely'",ind_7e9de416c9867f60,"Percentage of Inpatient Clients who are discharged to the Outpatient Program and attend programing within four weeks of dischargeNote: We have this metric under 'Client centered' for the Quality dimension, the online system does not allow me to change the dimension from 'timely'",accepted,Source-exact definition retained; display whitespace only; no cross-label equivalence asserted
"Percentage of Inpatient responding Strongly agree rating to: ""Were you or your caregiver asked what your NEEDS or CULTURAL values are when making decisions about your care?",ind_c655866f4fdaf5ab,"Percentage of Inpatient responding Strongly agree rating to: ""Were you or your caregiver asked what your NEEDS or CULTURAL values are when making decisions about your care?",accepted,Source-exact definition retained; display whitespace only; no cross-label equivalence asserted
Percentage of Inpatients Who Experience a Stage 3 or 4 Hospital Acquired Pressure Injury,ind_d8a172e7fca6417e,Percentage of Inpatients Who Experience a Stage 3 or 4 Hospital Acquired Pressure Injury,accepted,Source-exact definition retained; display whitespace only; no cross-label equivalence asserted
"Percentage of Inpatients who responded positively to the question ""Did you receive enough information from hospital staff if you were worried about your condition or treatment after you left the hospital?"" (Includes Post Discharge Phone call + Digital survey data. Includes 'completely' and 'quite a bit')",ind_892f3bd6c8e6121d,"Percentage of Inpatients who responded positively to the question ""Did you receive enough information from hospital staff if you were worried about your condition or treatment after you left the hospital?"" (Includes Post Discharge Phone call + Digital survey data. Includes 'completely' and 'quite a bit')",accepted,Source-exact definition retained; display whitespace only; no cross-label equivalence asserted
Percentage of Leaders complete a minimum of one educational opportunity regarding Anti-Discrimination education.,ind_64df4bf98442c7d3,Percentage of Leaders complete a minimum of one educational opportunity regarding Anti-Discrimination education.,accepted,Source-exact definition retained; display whitespace only; no cross-label equivalence asserted
"Percentage of MHA Board Executive Members, MHA Leaders including Physician Leads who have completed mandatory Indigenous training",ind_df819e45d2276e18,"Percentage of MHA Board Executive Members, MHA Leaders including Physician Leads who have completed mandatory Indigenous training",accepted,Source-exact definition retained; display whitespace only; no cross-label equivalence asserted
Percentage of MHA staff who have completed mandatory Indigenous training.,ind_9e671c7111f1943f,Percentage of MHA staff who have completed mandatory Indigenous training.,accepted,Source-exact definition retained; display whitespace only; no cross-label equivalence asserted
"Percentage of Management level team members who have completed relevant equity, diversity, inclusion, and anti-racism education",ind_ea862cae48704448,"Percentage of Management level team members who have completed relevant equity, diversity, inclusion, and anti-racism education",accepted,Source-exact definition retained; display whitespace only; no cross-label equivalence asserted
Percentage of Medication Reconciliation forms on ADMISSION that had discrepancies,ind_785df5deadb23e03,Percentage of Medication Reconciliation forms on ADMISSION that had discrepancies,accepted,Source-exact definition retained; display whitespace only; no cross-label equivalence asserted
Percentage of Medication Reconciliations on discharge that had errors that were considered clinically significant,ind_8d4f82ff27b8985b,Percentage of Medication Reconciliations on discharge that had errors that were considered clinically significant,accepted,Source-exact definition retained; display whitespace only; no cross-label equivalence asserted
Percentage of Medication reconciliation completed for inpatients at discharge,ind_15f7737d37133f66,Percentage of Medication reconciliation completed for inpatients at discharge,accepted,Source-exact definition retained; display whitespace only; no cross-label equivalence asserted
Percentage of New Admissions (Registrations) Who Have Received a Self-ID,ind_aa8caea5d073fa1a,Percentage of New Admissions (Registrations) Who Have Received a Self-ID,accepted,Source-exact definition retained; display whitespace only; no cross-label equivalence asserted
Percentage of Patient Experience survey respondents who provided responses to at least 3 of the 4 specified sociodemographic questions within the most recent consecutive 12-month period,ind_ffafdc8c79a41fe4,Percentage of Patient Experience survey respondents who provided responses to at least 3 of the 4 specified sociodemographic questions within the most recent consecutive 12-month period,accepted,Source-exact definition retained; display whitespace only; no cross-label equivalence asserted
Percentage of Patients in the ACU and ICU with new or worsening Pressure Injuries,ind_2f90b8c20acfc56f,Percentage of Patients in the ACU and ICU with new or worsening Pressure Injuries,accepted,Source-exact definition retained; display whitespace only; no cross-label equivalence asserted
Percentage of Patients who presented with Mental Health/Addiction issues to Emergency Department who were offered after hours services by Community Counselling Services while they were in the Emergency Department or an Inpatient in Acute,ind_2c3e3518b7b4cc57,Percentage of Patients who presented with Mental Health/Addiction issues to Emergency Department who were offered after hours services by Community Counselling Services while they were in the Emergency Department or an Inpatient in Acute,accepted,Source-exact definition retained; display whitespace only; no cross-label equivalence asserted
"Percentage of Positive Responses (Agree & Strongly Agree) when asked ""I waited the anticipated amount of time for this appointment"" to the Out-Patient Services Survey for Lab, Diagnostic Imaging, Rehabilitation, Community Counseling, Family Health Team.",ind_d18717b8693b5bd4,"Percentage of Positive Responses (Agree & Strongly Agree) when asked ""I waited the anticipated amount of time for this appointment"" to the Out-Patient Services Survey for Lab, Diagnostic Imaging, Rehabilitation, Community Counseling, Family Health Team.",accepted,Source-exact definition retained; display whitespace only; no cross-label equivalence asserted
Percentage of Reported Workplace Violence Events reported as Lost Time or Healthcare with completed root cause analysis,ind_2f7921bffcc13ed4,Percentage of Reported Workplace Violence Events reported as Lost Time or Healthcare with completed root cause analysis,accepted,Source-exact definition retained; display whitespace only; no cross-label equivalence asserted
Percentage of Reported Workplace Violence Events reported as Lost Time or Healthcare with completed root cause analysis.,ind_4d49b6db72302a80,Percentage of Reported Workplace Violence Events reported as Lost Time or Healthcare with completed root cause analysis.,accepted,Source-exact definition retained; display whitespace only; no cross-label equivalence asserted
Percentage of Residents in CVC with new or worsening Pressure Injuries,ind_c88639d5b7683c20,Percentage of Residents in CVC with new or worsening Pressure Injuries,accepted,Source-exact definition retained; display whitespace only; no cross-label equivalence asserted
Percentage of Senior Leadership Team that completed the Inclusion and Diversity 6-part learning series,ind_35bd5da44f8a5e44,Percentage of Senior Leadership Team that completed the Inclusion and Diversity 6-part learning series,accepted,Source-exact definition retained; display whitespace only; no cross-label equivalence asserted
Percentage of Staff who have  completed a diversity questionnaire,ind_2e4c62dd19982469,Percentage of Staff who have completed a diversity questionnaire,accepted,Source-exact definition retained; display whitespace only; no cross-label equivalence asserted
"Percentage of Stage 2 or greater Hospital Acquired Pressure Injuries (HAPI's) for admitted hospital patients, identified during quarterly Prevalence and Incidence Surveys",ind_e2314d132101eaa8,"Percentage of Stage 2 or greater Hospital Acquired Pressure Injuries (HAPI's) for admitted hospital patients, identified during quarterly Prevalence and Incidence Surveys",accepted,Source-exact definition retained; display whitespace only; no cross-label equivalence asserted
Percentage of Total number of discharged patients for whom a Medication Reconciliation was completed in its entirety as a proportion of the total number of patients discharged.,ind_fff38cc849f01d1d,Percentage of Total number of discharged patients for whom a Medication Reconciliation was completed in its entirety as a proportion of the total number of patients discharged.,accepted,Source-exact definition retained; display whitespace only; no cross-label equivalence asserted
"Percentage of Workplace Violence Incident reports with documented follow-up, investigation & disclosure (if applicable)",ind_14f4b374983295fd,"Percentage of Workplace Violence Incident reports with documented follow-up, investigation & disclosure (if applicable)",accepted,Source-exact definition retained; display whitespace only; no cross-label equivalence asserted
"Percentage of Workplace Violence Incident reports with documented follow-up, investigation & disclosure (if applicable).",ind_91df7a9458e51f9b,"Percentage of Workplace Violence Incident reports with documented follow-up, investigation & disclosure (if applicable).",accepted,Source-exact definition retained; display whitespace only; no cross-label equivalence asserted
Percentage of active full-time and part-time staff that complete anti-black and anti-racism training.,ind_0906519f6c906be0,Percentage of active full-time and part-time staff that complete anti-black and anti-racism training.,accepted,Source-exact definition retained; display whitespace only; no cross-label equivalence asserted
Percentage of active full-time and part-time staff that complete anti-black and anti-racism training..,ind_714529844e08204d,Percentage of active full-time and part-time staff that complete anti-black and anti-racism training..,accepted,Source-exact definition retained; display whitespace only; no cross-label equivalence asserted
Percentage of active full-time and part-time staff that complete caring for the Indigenous Older Adult education module,ind_3ab1eab8937254d0,Percentage of active full-time and part-time staff that complete caring for the Indigenous Older Adult education module,accepted,Source-exact definition retained; display whitespace only; no cross-label equivalence asserted
Percentage of active full-time and part-time staff that complete caring for the Indigenous Older Adult education module.,ind_72921b9d5516075e,Percentage of active full-time and part-time staff that complete caring for the Indigenous Older Adult education module.,accepted,Source-exact definition retained; display whitespace only; no cross-label equivalence asserted
Percentage of admissions where all of the patient's medications were reconciled within 24 hours,ind_a0e544555526255d,Percentage of admissions where all of the patient's medications were reconciled within 24 hours,accepted,Source-exact definition retained; display whitespace only; no cross-label equivalence asserted
Percentage of admitted patients in top three high prevalence areas for Hospital Acquired Pressure Injury who have: A documented pressure injury risk assessment completed within 24 hours of admission and daily thereafter  An individualized pressure injury prevention plan of care for patients identified as at risk (e.g. Braden =18) and/or with an existing pressure injury,ind_35ff17584f22fc17,Percentage of admitted patients in top three high prevalence areas for Hospital Acquired Pressure Injury who have: A documented pressure injury risk assessment completed within 24 hours of admission and daily thereafter An individualized pressure injury prevention plan of care for patients identified as at risk (e.g. Braden =18) and/or with an existing pressure injury,accepted,Source-exact definition retained; display whitespace only; no cross-label equivalence asserted
Percentage of admitted patients who have a Best Possible Medication History (BPMH) completed within 24 hours of admission,ind_d7a3977aaa692c43,Percentage of admitted patients who have a Best Possible Medication History (BPMH) completed within 24 hours of admission,accepted,Source-exact definition retained; display whitespace only; no cross-label equivalence asserted
Percentage of admitted patients who have a Best Possible Medication History (BPMH) completed within 24 hours of admission.,ind_f6ff250cf880839b,Percentage of admitted patients who have a Best Possible Medication History (BPMH) completed within 24 hours of admission.,accepted,Source-exact definition retained; display whitespace only; no cross-label equivalence asserted
Percentage of all Baycrest hospital and long term care staff who have completed relevant EDI and antiracism education,ind_370d313be09ff3da,Percentage of all Baycrest hospital and long term care staff who have completed relevant EDI and antiracism education,accepted,Source-exact definition retained; display whitespace only; no cross-label equivalence asserted
"Percentage of all staff who have completed relevant equity, diversity, inclusion, and anti-racism education",ind_f5c17b946fb196ba,"Percentage of all staff who have completed relevant equity, diversity, inclusion, and anti-racism education",accepted,Source-exact definition retained; display whitespace only; no cross-label equivalence asserted
"Percentage of ambulatory areas that achieve standardized goals for both BPMH and medication reconciliation at initial visit with a clinician: 80% of initial visits have BPMH completed, and 65% of initial visits have medication reconciliation completed.",ind_0939ff0a479edfb0,"Percentage of ambulatory areas that achieve standardized goals for both BPMH and medication reconciliation at initial visit with a clinician: 80% of initial visits have BPMH completed, and 65% of initial visits have medication reconciliation completed.",accepted,Source-exact definition retained; display whitespace only; no cross-label equivalence asserted
Percentage of audited Recovery Plans that include person centered culturally relevant goals and interventions,ind_e45692325eaada8d,Percentage of audited Recovery Plans that include person centered culturally relevant goals and interventions,accepted,Source-exact definition retained; display whitespace only; no cross-label equivalence asserted
Percentage of best possible medication history (BPMH) completed for inpatients,ind_9e0606bde1c83eca,Percentage of best possible medication history (BPMH) completed for inpatients,accepted,Source-exact definition retained; display whitespace only; no cross-label equivalence asserted
"Percentage of caregivers from the RVH/SFMH Caregiver Support Program who responded ""YES"" that these sessions were valuable to them/that they learned something helpful.",ind_302ccf2d1bfaee9e,"Percentage of caregivers from the RVH/SFMH Caregiver Support Program who responded ""YES"" that these sessions were valuable to them/that they learned something helpful.",accepted,Source-exact definition retained; display whitespace only; no cross-label equivalence asserted
"Percentage of caregivers from the RVH/SFMH Caregiver Support Program who responded ""Yes"" that these sessions were valuable to them/that they learned something helpful.",ind_f3a79505ea19839c,"Percentage of caregivers from the RVH/SFMH Caregiver Support Program who responded ""Yes"" that these sessions were valuable to them/that they learned something helpful.",accepted,Source-exact definition retained; display whitespace only; no cross-label equivalence asserted
"Percentage of client-facing staff and physicians who participate in equity, diversity and inclusion training",ind_0ab93d7679fc2be4,"Percentage of client-facing staff and physicians who participate in equity, diversity and inclusion training",accepted,Source-exact definition retained; display whitespace only; no cross-label equivalence asserted
Percentage of clients who use the Outpatient SCS with a completed Harm Reduction Assessment,ind_8b7af145847a5c40,Percentage of clients who use the Outpatient SCS with a completed Harm Reduction Assessment,accepted,Source-exact definition retained; display whitespace only; no cross-label equivalence asserted
Percentage of clinical areas that have at least one patient-focused equity-oriented improvement initiative,ind_2d74a43f1d6a4b74,Percentage of clinical areas that have at least one patient-focused equity-oriented improvement initiative,accepted,Source-exact definition retained; display whitespace only; no cross-label equivalence asserted
Percentage of collected patient email addresses across the hospital,ind_3dcbbeac5014b126,Percentage of collected patient email addresses across the hospital,accepted,Source-exact definition retained; display whitespace only; no cross-label equivalence asserted
Percentage of complaints acknowledged to the individual who made a complaint within 3 to 5 business days,ind_a7b50122d0480a9f,Percentage of complaints acknowledged to the individual who made a complaint within 3 to 5 business days,accepted,Source-exact definition retained; display whitespace only; no cross-label equivalence asserted
Percentage of complaints acknowledged to the individual who made a complaint within 3 to 5 business days.,ind_72818f9ac34145b6,Percentage of complaints acknowledged to the individual who made a complaint within 3 to 5 business days.,accepted,Source-exact definition retained; display whitespace only; no cross-label equivalence asserted
"Percentage of complaints received which are related to diversity, equity, and inclusion.",ind_d24fdc4350dfff9f,"Percentage of complaints received which are related to diversity, equity, and inclusion.",accepted,Source-exact definition retained; display whitespace only; no cross-label equivalence asserted
Percentage of discharge summaries sent from hospital to community care providers 7 days of discharge.( %; Discharged patients ; Quarter 3; In house data collection ),ind_42e17dbd520fdf08,Percentage of discharge summaries sent from hospital to community care providers 7 days of discharge.( %; Discharged patients ; Quarter 3; In house data collection ),accepted,Source-exact definition retained; display whitespace only; no cross-label equivalence asserted
Percentage of discharge summaries sent to primary care providers within 7 days of discharge from slow paced rehab program.,ind_83ce9704e600b8c9,Percentage of discharge summaries sent to primary care providers within 7 days of discharge from slow paced rehab program.,accepted,Source-exact definition retained; display whitespace only; no cross-label equivalence asserted
Percentage of discharged admitted patients with length of stay > 24 hours with a completed discharge medication reconciliation.,ind_399dbd30900de623,Percentage of discharged admitted patients with length of stay > 24 hours with a completed discharge medication reconciliation.,accepted,Source-exact definition retained; display whitespace only; no cross-label equivalence asserted
Percentage of eligible staff who have completed the trauma informed de-escalation training,ind_c55bf52c51b6d151,Percentage of eligible staff who have completed the trauma informed de-escalation training,accepted,Source-exact definition retained; display whitespace only; no cross-label equivalence asserted
Percentage of emergency department return visits (within 72 hours) that result in a surgical admission.,ind_b63866b887f21f14,Percentage of emergency department return visits (within 72 hours) that result in a surgical admission.,accepted,Source-exact definition retained; display whitespace only; no cross-label equivalence asserted
"Percentage of employees accessing equity inclusion diversity and Indigeneity, antiracism or anti-oppression (EDII) approved training.",ind_a3edee20683bde84,"Percentage of employees accessing equity inclusion diversity and Indigeneity, antiracism or anti-oppression (EDII) approved training.",accepted,Source-exact definition retained; display whitespace only; no cross-label equivalence asserted
Percentage of equity focused deliverables achieved,ind_1397f1dc0b6880a2,Percentage of equity focused deliverables achieved,accepted,Source-exact definition retained; display whitespace only; no cross-label equivalence asserted
Percentage of extended leadership team members  that have completed an Indigenous-specific learning journey for the 2025-26 fiscal year.,ind_db3f6165195a712c,Percentage of extended leadership team members that have completed an Indigenous-specific learning journey for the 2025-26 fiscal year.,accepted,Source-exact definition retained; display whitespace only; no cross-label equivalence asserted
Percentage of front-line staff in ED and Surgery who have completed relevant IDEAA education,ind_0257c6a730152172,Percentage of front-line staff in ED and Surgery who have completed relevant IDEAA education,accepted,Source-exact definition retained; display whitespace only; no cross-label equivalence asserted
"Percentage of front-line staff who have completed relevant equity, diversity, inclusion, and anti-racism education",ind_8286733a92bc54fb,"Percentage of front-line staff who have completed relevant equity, diversity, inclusion, and anti-racism education",accepted,Source-exact definition retained; display whitespace only; no cross-label equivalence asserted
"Percentage of full time and part time staff who have completed relevant inclusion, diversity, equity and accessibility (IDEA) education.",ind_32ca8e204def9c98,"Percentage of full time and part time staff who have completed relevant inclusion, diversity, equity and accessibility (IDEA) education.",accepted,Source-exact definition retained; display whitespace only; no cross-label equivalence asserted
"Percentage of full-time staff who have completed relevant equity, diversity, inclusion and anti-racism education",ind_2e8b392332121e6a,"Percentage of full-time staff who have completed relevant equity, diversity, inclusion and anti-racism education",accepted,Source-exact definition retained; display whitespace only; no cross-label equivalence asserted
"Percentage of full-time staff who have completed relevant equity, diversity, inclusion, and anti-racism education",ind_8fc941c9af1506a9,"Percentage of full-time staff who have completed relevant equity, diversity, inclusion, and anti-racism education",accepted,Source-exact definition retained; display whitespace only; no cross-label equivalence asserted
Percentage of hospital inpatient admissions or ED visits where blastomycosis (ICD-10 code B40.0–B40.9) is recorded as the main diagnosis within the reporting period.,ind_bffd5334f8b46e79,Percentage of hospital inpatient admissions or ED visits where blastomycosis (ICD-10 code B40.0–B40.9) is recorded as the main diagnosis within the reporting period.,accepted,Source-exact definition retained; display whitespace only; no cross-label equivalence asserted
Percentage of hospital readmissions within 30 days,ind_68f45d340ca4a3f3,Percentage of hospital readmissions within 30 days,accepted,Source-exact definition retained; display whitespace only; no cross-label equivalence asserted
"Percentage of identified leaders who have completed relevant Sex, Gender, Name (SGN) and Social Drivers of Health (SDoH) education",ind_117417aca1614067,"Percentage of identified leaders who have completed relevant Sex, Gender, Name (SGN) and Social Drivers of Health (SDoH) education",accepted,Source-exact definition retained; display whitespace only; no cross-label equivalence asserted
Percentage of inpatient days that beds were occupied by patients who could have been receiving care elsewhere.,ind_a0dc5123077b492e,Percentage of inpatient days that beds were occupied by patients who could have been receiving care elsewhere.,accepted,Source-exact definition retained; display whitespace only; no cross-label equivalence asserted
Percentage of inpatient discharges from the mental health stabilization unit meeting the length of stay target of 14 days.,ind_8e9fb8a7b5e0eec1,Percentage of inpatient discharges from the mental health stabilization unit meeting the length of stay target of 14 days.,accepted,Source-exact definition retained; display whitespace only; no cross-label equivalence asserted
Percentage of inpatient discharges meeting population-specific length of stay targets.,ind_bdb8d0ce4d72dcb0,Percentage of inpatient discharges meeting population-specific length of stay targets.,accepted,Source-exact definition retained; display whitespace only; no cross-label equivalence asserted
Percentage of inpatient falls causing harm,ind_41e2d3181d706fd7,Percentage of inpatient falls causing harm,accepted,Source-exact definition retained; display whitespace only; no cross-label equivalence asserted
Percentage of inpatients admitted with a pressure injury who show improvement in pressure injuries by discharge.,ind_7de58ef4672d660c,Percentage of inpatients admitted with a pressure injury who show improvement in pressure injuries by discharge.,accepted,Source-exact definition retained; display whitespace only; no cross-label equivalence asserted
"Percentage of inpatients that chose 8, 9, or 10 when asked to rate their Overall Experience where 0 = I had a very poor experience and 10 = I had a very good experience. (Includes Post Discharge Phone Call and Digital Survey data)",ind_3396b439f192c537,"Percentage of inpatients that chose 8, 9, or 10 when asked to rate their Overall Experience where 0 = I had a very poor experience and 10 = I had a very good experience. (Includes Post Discharge Phone Call and Digital Survey data)",accepted,Source-exact definition retained; display whitespace only; no cross-label equivalence asserted
Percentage of inpatients who experience a hospital acquired pressure injury.,ind_72d0ae589fea170f,Percentage of inpatients who experience a hospital acquired pressure injury.,accepted,Source-exact definition retained; display whitespace only; no cross-label equivalence asserted
"Percentage of inpatients who experience a stage 2, 3, 4 or unstageable Hospital Acquired Pressure Injury",ind_fa6d97d2f1c2dc68,"Percentage of inpatients who experience a stage 2, 3, 4 or unstageable Hospital Acquired Pressure Injury",accepted,Source-exact definition retained; display whitespace only; no cross-label equivalence asserted
Percentage of inpatients who reported receiving a Patient and Family Handbook upon admission.,ind_f1a44bd48e776fd4,Percentage of inpatients who reported receiving a Patient and Family Handbook upon admission.,accepted,Source-exact definition retained; display whitespace only; no cross-label equivalence asserted
Percentage of inpatients who respond “always” (top box score) to the question: “Did you feel listened to?”,ind_ad66a72309affaa2,Percentage of inpatients who respond “always” (top box score) to the question: “Did you feel listened to?”,accepted,Source-exact definition retained; display whitespace only; no cross-label equivalence asserted
"Percentage of inpatients who responded “completely” or ""quite a bit"" to the following question: Did you receive enough information from hospital staff about what to do if you were worried about your condition or treatment after you left the hospital?",ind_1bf07cc710ecfb57,"Percentage of inpatients who responded “completely” or ""quite a bit"" to the following question: Did you receive enough information from hospital staff about what to do if you were worried about your condition or treatment after you left the hospital?",accepted,Source-exact definition retained; display whitespace only; no cross-label equivalence asserted
Percentage of inpatients with a completed Braden scale risk assessment within 8 hours of admission.,ind_f0a8bd525e55e547,Percentage of inpatients with a completed Braden scale risk assessment within 8 hours of admission.,accepted,Source-exact definition retained; display whitespace only; no cross-label equivalence asserted
Percentage of leaders who have completed Phase 1 and Phase 2 of the inclusion education.,ind_620f74b1ad808f11,Percentage of leaders who have completed Phase 1 and Phase 2 of the inclusion education.,accepted,Source-exact definition retained; display whitespace only; no cross-label equivalence asserted
Percentage of leaders who have completed San'yas Indigenous Cultural Training,ind_72307409b4a66448,Percentage of leaders who have completed San'yas Indigenous Cultural Training,accepted,Source-exact definition retained; display whitespace only; no cross-label equivalence asserted
Percentage of leaders who have completed relevant cultural safety training,ind_30ff1ddb12cf025a,Percentage of leaders who have completed relevant cultural safety training,accepted,Source-exact definition retained; display whitespace only; no cross-label equivalence asserted
"Percentage of leaders who have completed relevant equity, diversity, inclusion, and antiracism education.",ind_acad99e7f50ff4e3,"Percentage of leaders who have completed relevant equity, diversity, inclusion, and antiracism education.",accepted,Source-exact definition retained; display whitespace only; no cross-label equivalence asserted
"Percentage of long-term care home residents who had a pressure ulcer that worsened to a stage 2, 3 or 4 (All LTC/ELDCap sites)",ind_1d0a07d87e18fde2,"Percentage of long-term care home residents who had a pressure ulcer that worsened to a stage 2, 3 or 4 (All LTC/ELDCap sites)",accepted,Source-exact definition retained; display whitespace only; no cross-label equivalence asserted
"Percentage of management who have completed relevant equity, diversity, inclusion, and anti-racism education",ind_27ec0dcb4f9e7b06,"Percentage of management who have completed relevant equity, diversity, inclusion, and anti-racism education",accepted,Source-exact definition retained; display whitespace only; no cross-label equivalence asserted
Percentage of medication reconciliation completed in identified ambulatory clinics where medication management is a major component of care,ind_0cc2547ce9536697,Percentage of medication reconciliation completed in identified ambulatory clinics where medication management is a major component of care,accepted,Source-exact definition retained; display whitespace only; no cross-label equivalence asserted
Percentage of mental health patients who receive an offer for follow up services following a mental health visit.,ind_89e59498484104c7,Percentage of mental health patients who receive an offer for follow up services following a mental health visit.,accepted,Source-exact definition retained; display whitespace only; no cross-label equivalence asserted
Percentage of new clients who complete Sociodemographic Survey,ind_55a904ce61db8086,Percentage of new clients who complete Sociodemographic Survey,accepted,Source-exact definition retained; display whitespace only; no cross-label equivalence asserted
"Percentage of new hires who have completed relevant equity, diversity, inclusion, and anti-racism education upon orientation",ind_e0f9caf8d032d988,"Percentage of new hires who have completed relevant equity, diversity, inclusion, and anti-racism education upon orientation",accepted,Source-exact definition retained; display whitespace only; no cross-label equivalence asserted
Percentage of new hires with documentation of indigenous cultural awareness and competency training within a 12-month period.,ind_b93bdba38642b98f,Percentage of new hires with documentation of indigenous cultural awareness and competency training within a 12-month period.,accepted,Source-exact definition retained; display whitespace only; no cross-label equivalence asserted
"Percentage of newly hired staff who have completed equity, diversity and inclusion, and Indigenous health education during orientation onboarding.",ind_69e34b96dcfd1271,"Percentage of newly hired staff who have completed equity, diversity and inclusion, and Indigenous health education during orientation onboarding.",accepted,Source-exact definition retained; display whitespace only; no cross-label equivalence asserted
"Percentage of newly hired staff who have completed equity, diversity, and inclusion, and Indigenous health education during orientation onboarding.",ind_57ea622a9ff26559,"Percentage of newly hired staff who have completed equity, diversity, and inclusion, and Indigenous health education during orientation onboarding.",accepted,Source-exact definition retained; display whitespace only; no cross-label equivalence asserted
"Percentage of no-show appointments in selected ambulatory programs at St. Joseph's Hospital (HULC Clinic In-Person Appointments, Mammography Breast Screening and Pulmonary Function)",ind_2ea0cf9ef97dec23,"Percentage of no-show appointments in selected ambulatory programs at St. Joseph's Hospital (HULC Clinic In-Person Appointments, Mammography Breast Screening and Pulmonary Function)",accepted,Source-exact definition retained; display whitespace only; no cross-label equivalence asserted
Percentage of organizational leaders who complete approved Indigenous cultural safety training.,ind_32251529fd3b3b42,Percentage of organizational leaders who complete approved Indigenous cultural safety training.,accepted,Source-exact definition retained; display whitespace only; no cross-label equivalence asserted
Percentage of patient responses to patient experience survey,ind_c3dbf2816856991d,Percentage of patient responses to patient experience survey,accepted,Source-exact definition retained; display whitespace only; no cross-label equivalence asserted
Percentage of patient survey respondents who responded “completely” to the following question: Overall Experience Rating 0-10,ind_5fb4b55a73b3dafe,Percentage of patient survey respondents who responded “completely” to the following question: Overall Experience Rating 0-10,accepted,Source-exact definition retained; display whitespace only; no cross-label equivalence asserted
Percentage of patients (who have a Family Provider noted in their Health Record) discharged from hospital for which discharge summaries are sent to their primary care provider within 2 days of discharge.,ind_2ec9e584e8278ee0,Percentage of patients (who have a Family Provider noted in their Health Record) discharged from hospital for which discharge summaries are sent to their primary care provider within 2 days of discharge.,accepted,Source-exact definition retained; display whitespace only; no cross-label equivalence asserted
"Percentage of patients 65 and over, whose physical function did not decline during hospitalization (maintained baseline or improved)",ind_5992d94ddd931eb8,"Percentage of patients 65 and over, whose physical function did not decline during hospitalization (maintained baseline or improved)",accepted,Source-exact definition retained; display whitespace only; no cross-label equivalence asserted
"Percentage of patients aged 65 and over, whose physical function did not decline during hospitalization (maintained baseline or improved)",ind_7240960268f8e4f6,"Percentage of patients aged 65 and over, whose physical function did not decline during hospitalization (maintained baseline or improved)",accepted,Source-exact definition retained; display whitespace only; no cross-label equivalence asserted
Percentage of patients at risk for delirium who have at least one prevention strategy documented in their care plan.,ind_6b3fa25aa176aa2f,Percentage of patients at risk for delirium who have at least one prevention strategy documented in their care plan.,accepted,Source-exact definition retained; display whitespace only; no cross-label equivalence asserted
Percentage of patients discharged from hospital for which discharge summaries are completed within 48 hours of  patient's discharge from hospital,ind_31f5b0e968dc79b1,Percentage of patients discharged from hospital for which discharge summaries are completed within 48 hours of patient's discharge from hospital,accepted,Source-exact definition retained; display whitespace only; no cross-label equivalence asserted
Percentage of patients discharged from hospital for which discharge summaries are completed within 48 hours of patient’s discharge from hospital.,ind_874ce45fc1dce2d4,Percentage of patients discharged from hospital for which discharge summaries are completed within 48 hours of patient’s discharge from hospital.,accepted,Source-exact definition retained; display whitespace only; no cross-label equivalence asserted
Percentage of patients discharged from hospital for which discharge summaries are delivered to primary care provider (when available) within 48 hours of patient’s discharge from hospital.,ind_7ab991fa86d42993,Percentage of patients discharged from hospital for which discharge summaries are delivered to primary care provider (when available) within 48 hours of patient’s discharge from hospital.,accepted,Source-exact definition retained; display whitespace only; no cross-label equivalence asserted
Percentage of patients discharged from hospital for which discharge summaries are delivered to primary care provider within 48 hours of patient's discharge from hospital,ind_cb9040f5b66d27a0,Percentage of patients discharged from hospital for which discharge summaries are delivered to primary care provider within 48 hours of patient's discharge from hospital,accepted,Source-exact definition retained; display whitespace only; no cross-label equivalence asserted
Percentage of patients discharged from hospital for which discharge summaries are delivered to primary care provider within 48 hours of patient’s discharge from hospital.,ind_3d855b72b71ffc61,Percentage of patients discharged from hospital for which discharge summaries are delivered to primary care provider within 48 hours of patient’s discharge from hospital.,accepted,Source-exact definition retained; display whitespace only; no cross-label equivalence asserted
Percentage of patients for whom BPMDP was completed at time of discharge,ind_e17542f744f2d209,Percentage of patients for whom BPMDP was completed at time of discharge,accepted,Source-exact definition retained; display whitespace only; no cross-label equivalence asserted
Percentage of patients identified as Fall Risk with a Fall care plan initiated and documented,ind_9ec53da9cc952402,Percentage of patients identified as Fall Risk with a Fall care plan initiated and documented,accepted,Source-exact definition retained; display whitespace only; no cross-label equivalence asserted
Percentage of patients offered a health equity survey,ind_14b2aa231960472c,Percentage of patients offered a health equity survey,accepted,Source-exact definition retained; display whitespace only; no cross-label equivalence asserted
Percentage of patients per month who visited the emergency department and left without being seen by a physican/NP.,ind_41651b96caaaa18a,Percentage of patients per month who visited the emergency department and left without being seen by a physican/NP.,accepted,Source-exact definition retained; display whitespace only; no cross-label equivalence asserted
Percentage of patients readmitted to hospital within 30 days of discharge after hospitalization for mental illness or addiction,ind_dd448f8343c59fa1,Percentage of patients readmitted to hospital within 30 days of discharge after hospitalization for mental illness or addiction,accepted,Source-exact definition retained; display whitespace only; no cross-label equivalence asserted
Percentage of patients representing to hospital within 30 days of discharge after hospitalization/ transfer to schedule 1 facility for mental illness or addiction,ind_3b91865c03954c62,Percentage of patients representing to hospital within 30 days of discharge after hospitalization/ transfer to schedule 1 facility for mental illness or addiction,accepted,Source-exact definition retained; display whitespace only; no cross-label equivalence asserted
Percentage of patients screened for delirium within 24 hours of admission (rehabilitation units 7E and 7W),ind_dfb82290642ddebc,Percentage of patients screened for delirium within 24 hours of admission (rehabilitation units 7E and 7W),accepted,Source-exact definition retained; display whitespace only; no cross-label equivalence asserted
"Percentage of patients who answered yes to the discharge question: ""When I left the hospital, I had a good understanding of the things I was responsible for in managing my health"".",ind_b0477c4c5a853c08,"Percentage of patients who answered yes to the discharge question: ""When I left the hospital, I had a good understanding of the things I was responsible for in managing my health"".",accepted,Source-exact definition retained; display whitespace only; no cross-label equivalence asserted
Percentage of patients who gave birth (live births and stillbirths) with Postpartum hemorrhage requiring transfusion,ind_d6c2a2a59afc9ab5,Percentage of patients who gave birth (live births and stillbirths) with Postpartum hemorrhage requiring transfusion,accepted,Source-exact definition retained; display whitespace only; no cross-label equivalence asserted
Percentage of patients who left the ED without seeing a provider,ind_3b990deb5785fe47,Percentage of patients who left the ED without seeing a provider,accepted,Source-exact definition retained; display whitespace only; no cross-label equivalence asserted
Percentage of patients who receive their first dose of intravenous antibiotics within 1 hour after activation of Code Sepsis.,ind_78a11bd179dfdf23,Percentage of patients who receive their first dose of intravenous antibiotics within 1 hour after activation of Code Sepsis.,accepted,Source-exact definition retained; display whitespace only; no cross-label equivalence asserted
"Percentage of patients who responded positively (Strongly Agree or Agree) to ""Did you receive enough information from the Hospital staff about your health to clearly understand the things you were responsible for in managing your health."" (Question #27).",ind_55234b1add4ff830,"Percentage of patients who responded positively (Strongly Agree or Agree) to ""Did you receive enough information from the Hospital staff about your health to clearly understand the things you were responsible for in managing your health."" (Question #27).",accepted,Source-exact definition retained; display whitespace only; no cross-label equivalence asserted
Percentage of patients who responded that they had an overall positive experience in the Emergency Departments,ind_8290d82271914367,Percentage of patients who responded that they had an overall positive experience in the Emergency Departments,accepted,Source-exact definition retained; display whitespace only; no cross-label equivalence asserted
Percentage of patients who visited the ED and Left without being seen by an MD/PA/NP,ind_1b8483f89d388871,Percentage of patients who visited the ED and Left without being seen by an MD/PA/NP,accepted,Source-exact definition retained; display whitespace only; no cross-label equivalence asserted
Percentage of patients whose stage 2 to 4 pressure injuries have worsened,ind_2b72414121e575d3,Percentage of patients whose stage 2 to 4 pressure injuries have worsened,accepted,Source-exact definition retained; display whitespace only; no cross-label equivalence asserted
Percentage of patients with a Confusion Assessment Method (CAM) positive screening who have at least one intervention strategy documented.,ind_51e93058cac9d1ac,Percentage of patients with a Confusion Assessment Method (CAM) positive screening who have at least one intervention strategy documented.,accepted,Source-exact definition retained; display whitespace only; no cross-label equivalence asserted
Percentage of patients with a Fall Risk Screen completed within 8 hours of admission or transfer to inpatient units.,ind_c06de43ea16b2f62,Percentage of patients with a Fall Risk Screen completed within 8 hours of admission or transfer to inpatient units.,accepted,Source-exact definition retained; display whitespace only; no cross-label equivalence asserted
Percentage of patients with a MyChart Account.,ind_63118fb23ae28d47,Percentage of patients with a MyChart Account.,accepted,Source-exact definition retained; display whitespace only; no cross-label equivalence asserted
Percentage of patients with a new stage 2+ hospital-acquired pressure injury (HAPI) identified during the quarterly pressure injury prevalence study,ind_de45ec3d0fa7736b,Percentage of patients with a new stage 2+ hospital-acquired pressure injury (HAPI) identified during the quarterly pressure injury prevalence study,accepted,Source-exact definition retained; display whitespace only; no cross-label equivalence asserted
Percentage of patients with a repeat visit within 30 days following a MH/SUD visit to the ED,ind_9ec784477ba91740,Percentage of patients with a repeat visit within 30 days following a MH/SUD visit to the ED,accepted,Source-exact definition retained; display whitespace only; no cross-label equivalence asserted
Percentage of patients with hip fracture whose time to surgery is less than 48 hours,ind_21977806f701e279,Percentage of patients with hip fracture whose time to surgery is less than 48 hours,accepted,Source-exact definition retained; display whitespace only; no cross-label equivalence asserted
"Percentage of patients, residents and clients responding 8, 9 or 10 on a ten-point scale rating their overall experience of care.",ind_3c06133be934d0b2,"Percentage of patients, residents and clients responding 8, 9 or 10 on a ten-point scale rating their overall experience of care.",accepted,Source-exact definition retained; display whitespace only; no cross-label equivalence asserted
"Percentage of patients/clients who expressed experiencing incidents of inequality and/or barriers to care and services due to culture, ethnicity, or orientation (Hospital/Oaks).",ind_ab76021cc88bcdb7,"Percentage of patients/clients who expressed experiencing incidents of inequality and/or barriers to care and services due to culture, ethnicity, or orientation (Hospital/Oaks).",accepted,Source-exact definition retained; display whitespace only; no cross-label equivalence asserted
Percentage of patients/clients who rate their overall inpatient* experience a 7/10 or better.,ind_f5444606ea125c73,Percentage of patients/clients who rate their overall inpatient* experience a 7/10 or better.,accepted,Source-exact definition retained; display whitespace only; no cross-label equivalence asserted
"Percentage of patients/families discharged from ED who completed a Patient Experience Survey (Discharge disposition non-expired, non-admitted, non-lwbs)",ind_88596c038832c86f,"Percentage of patients/families discharged from ED who completed a Patient Experience Survey (Discharge disposition non-expired, non-admitted, non-lwbs)",accepted,Source-exact definition retained; display whitespace only; no cross-label equivalence asserted
"Percentage of patients/families discharged from the med/surg inpatient unit who have completed a Patient Experience Survey (IP Short)(discharge disposition non-expired, non-transferred to other acute facility)",ind_e0c7211f6fee1afd,"Percentage of patients/families discharged from the med/surg inpatient unit who have completed a Patient Experience Survey (IP Short)(discharge disposition non-expired, non-transferred to other acute facility)",accepted,Source-exact definition retained; display whitespace only; no cross-label equivalence asserted
Percentage of people with Chronic Obstructive Pulmonary Disease (COPD) who get admitted or return to ED within 30 days after they have been triaged by the Nurse Navigator,ind_7162b44fc8298179,Percentage of people with Chronic Obstructive Pulmonary Disease (COPD) who get admitted or return to ED within 30 days after they have been triaged by the Nurse Navigator,accepted,Source-exact definition retained; display whitespace only; no cross-label equivalence asserted
Percentage of people with Heart Failure who get admitted or return to ED within 30 days after HF admission and being optimized by the HF physician assistant.,ind_7076fcfb0f828ddc,Percentage of people with Heart Failure who get admitted or return to ED within 30 days after HF admission and being optimized by the HF physician assistant.,accepted,Source-exact definition retained; display whitespace only; no cross-label equivalence asserted
Percentage of physical restraint events longer than 4 hours in the ED,ind_0b81146a34e8a853,Percentage of physical restraint events longer than 4 hours in the ED,accepted,Source-exact definition retained; display whitespace only; no cross-label equivalence asserted
"Percentage of positive responses to, “Did you receive enough information from hospital staff about what to do if you were worried about your condition or treatment after you left the hospital?”",ind_a9b0c9212f62e6ff,"Percentage of positive responses to, “Did you receive enough information from hospital staff about what to do if you were worried about your condition or treatment after you left the hospital?”",accepted,Source-exact definition retained; display whitespace only; no cross-label equivalence asserted
"Percentage of positive responses to, “Do you feel you received the information you needed before you left the hospital?” (%)",ind_edec904dd0aa6d7a,"Percentage of positive responses to, “Do you feel you received the information you needed before you left the hospital?” (%)",accepted,Source-exact definition retained; display whitespace only; no cross-label equivalence asserted
Percentage of post-fall assessments completed within Electronic Medical Record (EMR) for incidents of patient falls.,ind_3af8e7b303b33605,Percentage of post-fall assessments completed within Electronic Medical Record (EMR) for incidents of patient falls.,accepted,Source-exact definition retained; display whitespace only; no cross-label equivalence asserted
Percentage of preventable ED return visits within 7 days of discharge from ED resulting in admission with 1 of 3 key “sentinel diagnoses”.,ind_de72314ac96b80f2,Percentage of preventable ED return visits within 7 days of discharge from ED resulting in admission with 1 of 3 key “sentinel diagnoses”.,accepted,Source-exact definition retained; display whitespace only; no cross-label equivalence asserted
Percentage of providers who have personalized their screen in Epic,ind_95bacf9e9e5f1267,Percentage of providers who have personalized their screen in Epic,accepted,Source-exact definition retained; display whitespace only; no cross-label equivalence asserted
Percentage of reduction in new hospital-acquired Stage III & IV Pressure injuries,ind_4a9d253a0c3ea5d5,Percentage of reduction in new hospital-acquired Stage III & IV Pressure injuries,accepted,Source-exact definition retained; display whitespace only; no cross-label equivalence asserted
Percentage of referrals diverted to community partners,ind_456970dd2aedb987,Percentage of referrals diverted to community partners,accepted,Source-exact definition retained; display whitespace only; no cross-label equivalence asserted
Percentage of repeat unscheduled ED visits to an Ontario hospital following an emergency visit for mental health conditions within 30 days of the index visit. (repeat visit is either a mental health or substance abuse condition),ind_1acfaa148e254543,Percentage of repeat unscheduled ED visits to an Ontario hospital following an emergency visit for mental health conditions within 30 days of the index visit. (repeat visit is either a mental health or substance abuse condition),accepted,Source-exact definition retained; display whitespace only; no cross-label equivalence asserted
Percentage of reported inpatient falls that result in moderate or higher harm (as a proportion of all inpatient falls and near-miss falls reported in SafePoint),ind_62939b945fc2926a,Percentage of reported inpatient falls that result in moderate or higher harm (as a proportion of all inpatient falls and near-miss falls reported in SafePoint),accepted,Source-exact definition retained; display whitespace only; no cross-label equivalence asserted
Percentage of reported inpatient violence incidents toward hospital workers (as defined by Occupational Health and Safety Act) that have an inpatient behavioural workplan developed.,ind_5834c2c324cbb705,Percentage of reported inpatient violence incidents toward hospital workers (as defined by Occupational Health and Safety Act) that have an inpatient behavioural workplan developed.,accepted,Source-exact definition retained; display whitespace only; no cross-label equivalence asserted
"Percentage of reported patient safety events  where clinical escalation was warranted but did not occur to the appropriate clinician (e.g., primary nurse, charge nurse/technologist, allied health, MRP/physician-on-call, clinical nurse educator, admin coordinator, or CCRT)",ind_c45eb2c6c5463d8a,"Percentage of reported patient safety events where clinical escalation was warranted but did not occur to the appropriate clinician (e.g., primary nurse, charge nurse/technologist, allied health, MRP/physician-on-call, clinical nurse educator, admin coordinator, or CCRT)",accepted,Source-exact definition retained; display whitespace only; no cross-label equivalence asserted
"Percentage of reported patient safety events where clinical escalation did not occur and/or was not escalated to the appropriate clinician (e.g., primary nurse, charge nurse/technologist, allied health, MRP/physician-on-call, clinical nurse educator, admin coordinator, or CCRT)",ind_f7697ef4a11ab188,"Percentage of reported patient safety events where clinical escalation did not occur and/or was not escalated to the appropriate clinician (e.g., primary nurse, charge nurse/technologist, allied health, MRP/physician-on-call, clinical nurse educator, admin coordinator, or CCRT)",accepted,Source-exact definition retained; display whitespace only; no cross-label equivalence asserted
Percentage of reported workplace violence incidents that resulted in health care and lost time,ind_a7c1d367decb2357,Percentage of reported workplace violence incidents that resulted in health care and lost time,accepted,Source-exact definition retained; display whitespace only; no cross-label equivalence asserted
"Percentage of respondent who responded ""completely"" to the following question: Did you receive enough information from the hospital staff about what to do if you were worried about your condition or treatment after you left the hospital?""",ind_4761f36f95626ce8,"Percentage of respondent who responded ""completely"" to the following question: Did you receive enough information from the hospital staff about what to do if you were worried about your condition or treatment after you left the hospital?""",accepted,Source-exact definition retained; display whitespace only; no cross-label equivalence asserted
"Percentage of respondents answering 9 or 10 when asked to rate their hospital experience/care/ stay, where 0 is the worst and 10 is the best.",ind_79536fb35ec74bcb,"Percentage of respondents answering 9 or 10 when asked to rate their hospital experience/care/ stay, where 0 is the worst and 10 is the best.",accepted,Source-exact definition retained; display whitespace only; no cross-label equivalence asserted
"Percentage of respondents who answer “very satisfied” or “satisfied” to the following survey question.  “During this visit, how satisfied were you with the communication and attention you received while waiting in the emergency department?",ind_d605575126b665e4,"Percentage of respondents who answer “very satisfied” or “satisfied” to the following survey question. “During this visit, how satisfied were you with the communication and attention you received while waiting in the emergency department?",accepted,Source-exact definition retained; display whitespace only; no cross-label equivalence asserted
Percentage of respondents who report inequities in care,ind_4f1474ca1cbf8530,Percentage of respondents who report inequities in care,accepted,Source-exact definition retained; display whitespace only; no cross-label equivalence asserted
Percentage of respondents who report inequities in care.,ind_2ee06377c56272ae,Percentage of respondents who report inequities in care.,accepted,Source-exact definition retained; display whitespace only; no cross-label equivalence asserted
"Percentage of respondents who respond ""completely"" and ""quite a bit"" to the following question: Did you receive enough information from hospital staff about what to do if you were worried about your condition or treatment after you left the hospital?",ind_257dd8e61ced7abd,"Percentage of respondents who respond ""completely"" and ""quite a bit"" to the following question: Did you receive enough information from hospital staff about what to do if you were worried about your condition or treatment after you left the hospital?",accepted,Source-exact definition retained; display whitespace only; no cross-label equivalence asserted
"Percentage of respondents who respond positively (Strongly agree, agree) to the EDI Workplace survey - 'At DRHC, employees appreciated others whose backgrounds, beliefs, and experiences are different from their own'.",ind_bc464db3283e4f2d,"Percentage of respondents who respond positively (Strongly agree, agree) to the EDI Workplace survey - 'At DRHC, employees appreciated others whose backgrounds, beliefs, and experiences are different from their own'.",accepted,Source-exact definition retained; display whitespace only; no cross-label equivalence asserted
"Percentage of respondents who responded ""Completely"" or ""Quite a bit"" to the following question: Did you receive enough information from hospital staff about what to do if you were worried about your condition or treatment after you left the hospital?",ind_fda9bd4688dcd829,"Percentage of respondents who responded ""Completely"" or ""Quite a bit"" to the following question: Did you receive enough information from hospital staff about what to do if you were worried about your condition or treatment after you left the hospital?",accepted,Source-exact definition retained; display whitespace only; no cross-label equivalence asserted
"Percentage of respondents who responded ""Excellent and Good"" to the following question: ""Overall, how would you rate your experience at the Grace-Church Street?"" from the Patient Satisfaction Survey",ind_d80d38b5e9e475c3,"Percentage of respondents who responded ""Excellent and Good"" to the following question: ""Overall, how would you rate your experience at the Grace-Church Street?"" from the Patient Satisfaction Survey",accepted,Source-exact definition retained; display whitespace only; no cross-label equivalence asserted
"Percentage of respondents who responded ""YES"" to the following statement: ""Written Information, about what to look for after I leave the hospital, was provided to me""",ind_5736bd14be7dc977,"Percentage of respondents who responded ""YES"" to the following statement: ""Written Information, about what to look for after I leave the hospital, was provided to me""",accepted,Source-exact definition retained; display whitespace only; no cross-label equivalence asserted
"Percentage of respondents who responded ""YES"" to the following statement: ""Written information, about what to look out for after I leave the hospital, was provided to me""",ind_577332e037e4457d,"Percentage of respondents who responded ""YES"" to the following statement: ""Written information, about what to look out for after I leave the hospital, was provided to me""",accepted,Source-exact definition retained; display whitespace only; no cross-label equivalence asserted
"Percentage of respondents who responded ""Yes"" to the following statement: ""Written information, about what to look out for after I leave the hospital, was provided to me""",ind_b801727e63789dea,"Percentage of respondents who responded ""Yes"" to the following statement: ""Written information, about what to look out for after I leave the hospital, was provided to me""",accepted,Source-exact definition retained; display whitespace only; no cross-label equivalence asserted
"Percentage of respondents who responded ""always"" to the following question: ""During this hospital stay, did you get all the information you needed about your condition and treatment?""",ind_9b1c3b1f860f6c0d,"Percentage of respondents who responded ""always"" to the following question: ""During this hospital stay, did you get all the information you needed about your condition and treatment?""",accepted,Source-exact definition retained; display whitespace only; no cross-label equivalence asserted
"Percentage of respondents who responded ""completely"" or ""quite a bit"" to the following question: Did you receive enough information from hospital staff about what to do if you were worried about your condition or treatment after you left the hospital?",ind_5674d5816948251b,"Percentage of respondents who responded ""completely"" or ""quite a bit"" to the following question: Did you receive enough information from hospital staff about what to do if you were worried about your condition or treatment after you left the hospital?",accepted,Source-exact definition retained; display whitespace only; no cross-label equivalence asserted
"Percentage of respondents who responded ""completely"" to the following question: Did you receive enough information from hospital staff about what to do if you were worried about your condition or treatment after you left the hospital?",ind_c0d55e54aada8100,"Percentage of respondents who responded ""completely"" to the following question: Did you receive enough information from hospital staff about what to do if you were worried about your condition or treatment after you left the hospital?",accepted,Source-exact definition retained; display whitespace only; no cross-label equivalence asserted
"Percentage of respondents who responded ""usually"" or ""always"" to the following question: ""did you feel involved, as much as you wanted to be, in decisions about your care and treatment?""",ind_a62c95207399db3e,"Percentage of respondents who responded ""usually"" or ""always"" to the following question: ""did you feel involved, as much as you wanted to be, in decisions about your care and treatment?""",accepted,Source-exact definition retained; display whitespace only; no cross-label equivalence asserted
Percentage of respondents who responded Top Box (9–10/10) to: “How would you rate your overall stay?” (Overall Satisfaction),ind_26e4c563aa8a3fd6,Percentage of respondents who responded Top Box (9–10/10) to: “How would you rate your overall stay?” (Overall Satisfaction),accepted,Source-exact definition retained; display whitespace only; no cross-label equivalence asserted
Percentage of respondents who responded positively (top 2 boxes) to the following question: Did you receive enough information from the hospital about what to do if you were worried about your condition or treatment after you left the hospital:,ind_68d53598b68d6982,Percentage of respondents who responded positively (top 2 boxes) to the following question: Did you receive enough information from the hospital about what to do if you were worried about your condition or treatment after you left the hospital:,accepted,Source-exact definition retained; display whitespace only; no cross-label equivalence asserted
"Percentage of respondents who responded positively to one of the following questions from the Surgical Services Survey - Would you recommend the DRHC Surgical Services to your friends and family?""",ind_a85ead7bdadfd38a,"Percentage of respondents who responded positively to one of the following questions from the Surgical Services Survey - Would you recommend the DRHC Surgical Services to your friends and family?""",accepted,Source-exact definition retained; display whitespace only; no cross-label equivalence asserted
Percentage of respondents who responded positively to the following question:  Were you involved as much as you wanted to be in decisions about you or your family member's care and treatment?,ind_407e2da7118a2dcd,Percentage of respondents who responded positively to the following question: Were you involved as much as you wanted to be in decisions about you or your family member's care and treatment?,accepted,Source-exact definition retained; display whitespace only; no cross-label equivalence asserted
"Percentage of respondents who responded positively to the following question: ""Would you recommend this hospital to your friends and family?""",ind_73b8d84e05aeb2e1,"Percentage of respondents who responded positively to the following question: ""Would you recommend this hospital to your friends and family?""",accepted,Source-exact definition retained; display whitespace only; no cross-label equivalence asserted
Percentage of respondents who responded positively when asked about the Continuity of care at Casey House Services,ind_1d04f369b1ed3249,Percentage of respondents who responded positively when asked about the Continuity of care at Casey House Services,accepted,Source-exact definition retained; display whitespace only; no cross-label equivalence asserted
"Percentage of respondents who responded positively when asked about their involvement in decisions about their careNote: Pulled from Client experience verbal survey, completed by Peers for clients in all programs. Includes all clients who meet the following criteria under the domain of “client involvement in their own care”: - Consistent and thorough discussions about holistic health ensure comprehensive client history.- Client is involved in decisions about their care and has no concerns about the care approach taken by staff- The client felt completely heard and understood. They had ample opportunity to discuss and document holistic health history, leading to highly personalized care plans.- Client is proactively informed regarding their care plan and decisions are made collectively and in advance.",ind_b83e53a29c9c7d46,"Percentage of respondents who responded positively when asked about their involvement in decisions about their careNote: Pulled from Client experience verbal survey, completed by Peers for clients in all programs. Includes all clients who meet the following criteria under the domain of “client involvement in their own care”: - Consistent and thorough discussions about holistic health ensure comprehensive client history.- Client is involved in decisions about their care and has no concerns about the care approach taken by staff- The client felt completely heard and understood. They had ample opportunity to discuss and document holistic health history, leading to highly personalized care plans.- Client is proactively informed regarding their care plan and decisions are made collectively and in advance.",accepted,Source-exact definition retained; display whitespace only; no cross-label equivalence asserted
"Percentage of respondents who responded positively when asked about their involvement in decisions about their careNote: Pulled from Client experience verbal survey, completed by Peers for clients in all programs. Includes all clients who meet the following criteria under the domain of “client involvement in their own care”:- Consistent and thorough discussions about holistic health ensure comprehensive client history.- Client is involved in decisions about their care and has no concerns about the care approach taken by staff- The client felt completely heard and understood. They had ample opportunity to discuss and document holistic health history, leading to highly personalized care plans.- Client is proactively informed regarding their care plan and decisions are made collectively and in advance.",ind_bc3e04f9cdd1beea,"Percentage of respondents who responded positively when asked about their involvement in decisions about their careNote: Pulled from Client experience verbal survey, completed by Peers for clients in all programs. Includes all clients who meet the following criteria under the domain of “client involvement in their own care”:- Consistent and thorough discussions about holistic health ensure comprehensive client history.- Client is involved in decisions about their care and has no concerns about the care approach taken by staff- The client felt completely heard and understood. They had ample opportunity to discuss and document holistic health history, leading to highly personalized care plans.- Client is proactively informed regarding their care plan and decisions are made collectively and in advance.",accepted,Source-exact definition retained; display whitespace only; no cross-label equivalence asserted
Percentage of respondents who responded positively when asked “Did you feel involved in decisions about your care?”,ind_7784d4b18f61cb86,Percentage of respondents who responded positively when asked “Did you feel involved in decisions about your care?”,accepted,Source-exact definition retained; display whitespace only; no cross-label equivalence asserted
Percentage of respondents who responded “always” or “usually” to the following question: “Were you involved as much as you wanted to be in decisions about your care and treatment?”,ind_7a3abc3a2d1e247d,Percentage of respondents who responded “always” or “usually” to the following question: “Were you involved as much as you wanted to be in decisions about your care and treatment?”,accepted,Source-exact definition retained; display whitespace only; no cross-label equivalence asserted
Percentage of respondents who responded “completely” or “quite a bit” to the following question: “Did you receive enough information from hospital staff about what to do if you were worried about your condition or treatment after you left the hospital?” (Top 2 Box Score),ind_ac22aa1ba1b9993b,Percentage of respondents who responded “completely” or “quite a bit” to the following question: “Did you receive enough information from hospital staff about what to do if you were worried about your condition or treatment after you left the hospital?” (Top 2 Box Score),accepted,Source-exact definition retained; display whitespace only; no cross-label equivalence asserted
Percentage of respondents who responded “completely” to the following question: Did you receive enough information from hospital staff about transitioning from ALC to Long Term Care?,ind_263b84a2d1b36c5c,Percentage of respondents who responded “completely” to the following question: Did you receive enough information from hospital staff about transitioning from ALC to Long Term Care?,accepted,Source-exact definition retained; display whitespace only; no cross-label equivalence asserted
Percentage of respondents who responded “completely” to the following question: Did you receive enough information from hospital staff about what to do if you were worried about your condition or treatment after you left the hospital?,ind_67ee717abbe20a1b,Percentage of respondents who responded “completely” to the following question: Did you receive enough information from hospital staff about what to do if you were worried about your condition or treatment after you left the hospital?,accepted,Source-exact definition retained; display whitespace only; no cross-label equivalence asserted
Percentage of respondents who responded “completely” to the following question: Overall Experience Rating 0-10,ind_6b054d81cf49a5f4,Percentage of respondents who responded “completely” to the following question: Overall Experience Rating 0-10,accepted,Source-exact definition retained; display whitespace only; no cross-label equivalence asserted
"Percentage of respondents who responded “definitely yes"" to the following question: Did you receive enough information to take care of yourself when you got home?",ind_93be61da33d2be28,"Percentage of respondents who responded “definitely yes"" to the following question: Did you receive enough information to take care of yourself when you got home?",accepted,Source-exact definition retained; display whitespace only; no cross-label equivalence asserted
"Percentage of respondents who responded, ""always"" the following question: Were you involved as much as you wanted to be in your care and treatment?",ind_efbe6a2a32a15816,"Percentage of respondents who responded, ""always"" the following question: Were you involved as much as you wanted to be in your care and treatment?",accepted,Source-exact definition retained; display whitespace only; no cross-label equivalence asserted
"Percentage of respondents who select “Always” or “Completely” to the following questions:  “Were your family or friends involved as much as you wanted in decisions about your care and treatment?” “When you left the hospital, did you have a better understanding of your condition than when you entered?”",ind_fb955f828e245405,"Percentage of respondents who select “Always” or “Completely” to the following questions: “Were your family or friends involved as much as you wanted in decisions about your care and treatment?” “When you left the hospital, did you have a better understanding of your condition than when you entered?”",accepted,Source-exact definition retained; display whitespace only; no cross-label equivalence asserted
"Percentage of selected staff who have completed relevant equity, diversity, inclusion, and anti-racism education.",ind_b23c8b21989a07cb,"Percentage of selected staff who have completed relevant equity, diversity, inclusion, and anti-racism education.",accepted,Source-exact definition retained; display whitespace only; no cross-label equivalence asserted
"Percentage of staff  who have completed relevant equity, diversity, inclusion, and anti-racism education",ind_cbfc2a07755b1406,"Percentage of staff who have completed relevant equity, diversity, inclusion, and anti-racism education",accepted,Source-exact definition retained; display whitespace only; no cross-label equivalence asserted
"Percentage of staff (all leadership) who have completed relevant equity, diversity, inclusion, and anti-racism education",ind_e976646f03c5d7e2,"Percentage of staff (all leadership) who have completed relevant equity, diversity, inclusion, and anti-racism education",accepted,Source-exact definition retained; display whitespace only; no cross-label equivalence asserted
"Percentage of staff (excluding leadership) who have completed relevant equity, diversity, inclusion, and anti-racism education",ind_c823e1c8ab52688f,"Percentage of staff (excluding leadership) who have completed relevant equity, diversity, inclusion, and anti-racism education",accepted,Source-exact definition retained; display whitespace only; no cross-label equivalence asserted
"Percentage of staff (executive level, management or all) who have completed workplace violence training.",ind_22c28b7ca05cf5a8,"Percentage of staff (executive level, management or all) who have completed workplace violence training.",accepted,Source-exact definition retained; display whitespace only; no cross-label equivalence asserted
"Percentage of staff (executive-level, management or all) who have completed relevant indigenous cultural sensitivity training.",ind_c842a7453ba45de7,"Percentage of staff (executive-level, management or all) who have completed relevant indigenous cultural sensitivity training.",accepted,Source-exact definition retained; display whitespace only; no cross-label equivalence asserted
"Percentage of staff (executive-level, management, or all) who have completed relevant equity, diversity, inclusion, and anti-racism education",ind_5314e24f5f6e6912,"Percentage of staff (executive-level, management, or all) who have completed relevant equity, diversity, inclusion, and anti-racism education",accepted,Source-exact definition retained; display whitespace only; no cross-label equivalence asserted
"Percentage of staff (executive-level, senior management, board ) who have completed relevant equity, diversity, inclusion, and anti-racism education",ind_fac3125152b9f509,"Percentage of staff (executive-level, senior management, board ) who have completed relevant equity, diversity, inclusion, and anti-racism education",accepted,Source-exact definition retained; display whitespace only; no cross-label equivalence asserted
"Percentage of staff (identified groups) who have completed relevant EIDA-R (Equity, Inclusion, Diversity, and Anti-Racism) and FNIMUI (First Nations, Inuit, Métis, and Urban Indigenous) Cultural Safety education",ind_3583b157700e4d66,"Percentage of staff (identified groups) who have completed relevant EIDA-R (Equity, Inclusion, Diversity, and Anti-Racism) and FNIMUI (First Nations, Inuit, Métis, and Urban Indigenous) Cultural Safety education",accepted,Source-exact definition retained; display whitespace only; no cross-label equivalence asserted
Percentage of staff (mandatory); Percentage of physicians (voluntary) who have completed the EDI training (%).,ind_da08a4dcc2d141d5,Percentage of staff (mandatory); Percentage of physicians (voluntary) who have completed the EDI training (%).,accepted,Source-exact definition retained; display whitespace only; no cross-label equivalence asserted
"Percentage of staff (mandatory); Percentage of volunteers, physicians and midwives (voluntary) who have completed the voluntary EDI training",ind_d72fa6caa1d2a469,"Percentage of staff (mandatory); Percentage of volunteers, physicians and midwives (voluntary) who have completed the voluntary EDI training",accepted,Source-exact definition retained; display whitespace only; no cross-label equivalence asserted
"Percentage of staff and physicians that have completed education related to equity, diversity and inclusion.",ind_52b9eeb5b0ff00d6,"Percentage of staff and physicians that have completed education related to equity, diversity and inclusion.",accepted,Source-exact definition retained; display whitespace only; no cross-label equivalence asserted
Percentage of staff compliance with hand hygiene before and after patient/patient environment contact,ind_8539807a451a46de,Percentage of staff compliance with hand hygiene before and after patient/patient environment contact,accepted,Source-exact definition retained; display whitespace only; no cross-label equivalence asserted
Percentage of staff that completed the Inclusion and Diversity e-learning module,ind_62398136819a1e11,Percentage of staff that completed the Inclusion and Diversity e-learning module,accepted,Source-exact definition retained; display whitespace only; no cross-label equivalence asserted
"Percentage of staff who completed relevant equity, diversity, inclusion, and antiracism education. - 4 out of 4 modules plus attestation that they read the crystal clear policy and Violence and Harassment Policy",ind_198bc08205f31867,"Percentage of staff who completed relevant equity, diversity, inclusion, and antiracism education. - 4 out of 4 modules plus attestation that they read the crystal clear policy and Violence and Harassment Policy",accepted,Source-exact definition retained; display whitespace only; no cross-label equivalence asserted
"Percentage of staff who have completed equity, diversity and inclusion (EDI) training",ind_03d5fb907039b47e,"Percentage of staff who have completed equity, diversity and inclusion (EDI) training",accepted,Source-exact definition retained; display whitespace only; no cross-label equivalence asserted
"Percentage of staff who have completed relevant equity, diversity, inclusion and anti-racism education",ind_448c6079569894b7,"Percentage of staff who have completed relevant equity, diversity, inclusion and anti-racism education",accepted,Source-exact definition retained; display whitespace only; no cross-label equivalence asserted
"Percentage of staff who have completed relevant equity, diversity, inclusion, anti-racism education - Repairing the Sacred Circle 1",ind_33025e70228c6176,"Percentage of staff who have completed relevant equity, diversity, inclusion, anti-racism education - Repairing the Sacred Circle 1",accepted,Source-exact definition retained; display whitespace only; no cross-label equivalence asserted
"Percentage of staff who have completed relevant equity, diversity, inclusion, anti-racism education - Repairing the Sacred Circle 2 (Management)",ind_532a39e3ccdd6fd0,"Percentage of staff who have completed relevant equity, diversity, inclusion, anti-racism education - Repairing the Sacred Circle 2 (Management)",accepted,Source-exact definition retained; display whitespace only; no cross-label equivalence asserted
"Percentage of staff who have completed relevant equity, diversity, inclusion, anti-racism education - Wake the Giant (all staff)",ind_3232d0d99901df9a,"Percentage of staff who have completed relevant equity, diversity, inclusion, anti-racism education - Wake the Giant (all staff)",accepted,Source-exact definition retained; display whitespace only; no cross-label equivalence asserted
"Percentage of staff, physicians, midwives, and volunteers who have completed hospital approved equity, diversity, and inclusion education (%)",ind_39093bb6ae0fe491,"Percentage of staff, physicians, midwives, and volunteers who have completed hospital approved equity, diversity, and inclusion education (%)",accepted,Source-exact definition retained; display whitespace only; no cross-label equivalence asserted
Percentage of suicide risk assessment completed at triage,ind_8479876cd401c40e,Percentage of suicide risk assessment completed at triage,accepted,Source-exact definition retained; display whitespace only; no cross-label equivalence asserted
Percentage of survey responses scoring 9 or 10 on overall rating of patient experience,ind_e1957b8c91003d0e,Percentage of survey responses scoring 9 or 10 on overall rating of patient experience,accepted,Source-exact definition retained; display whitespace only; no cross-label equivalence asserted
Percentage of top-box responses to the question 'Overall rating of care',ind_3359c3fc4d5a07fc,Percentage of top-box responses to the question 'Overall rating of care',accepted,Source-exact definition retained; display whitespace only; no cross-label equivalence asserted
Percentage of transplant patients enrolled in Cardiac Rehabilitation.,ind_a3cbb562d9d386c4,Percentage of transplant patients enrolled in Cardiac Rehabilitation.,accepted,Source-exact definition retained; display whitespace only; no cross-label equivalence asserted
Percentage of unique Lambton County residents discharged from the Inpatient Medicine Unit without an identified primary care provider who are referred to Community Transitional Attachment Program,ind_06ee2b9b22e691e4,Percentage of unique Lambton County residents discharged from the Inpatient Medicine Unit without an identified primary care provider who are referred to Community Transitional Attachment Program,accepted,Source-exact definition retained; display whitespace only; no cross-label equivalence asserted
Percentage of workplace violence (WPV) incident reports for which follow-up has been completed within 30 days of the incident.,ind_bfbdc088c953ce1a,Percentage of workplace violence (WPV) incident reports for which follow-up has been completed within 30 days of the incident.,accepted,Source-exact definition retained; display whitespace only; no cross-label equivalence asserted
Percentage of ‘excellent' rating by clients and/or families to the question: Overall how would you rate Holland Bloorview,ind_8613f8ecc0895ba7,Percentage of ‘excellent' rating by clients and/or families to the question: Overall how would you rate Holland Bloorview,accepted,Source-exact definition retained; display whitespace only; no cross-label equivalence asserted
Percentage of “Always/Almost Always” responses to the question “Does your care team include you in decisions about?your treatment?” in the Patient Experience Survey,ind_870c646b8ee7beeb,Percentage of “Always/Almost Always” responses to the question “Does your care team include you in decisions about?your treatment?” in the Patient Experience Survey,accepted,Source-exact definition retained; display whitespace only; no cross-label equivalence asserted
Percentage patient positive responses to:  Did patients feel they received adequate information about their health and their care at discharge?,ind_912915d9b83414c9,Percentage patient positive responses to: Did patients feel they received adequate information about their health and their care at discharge?,accepted,Source-exact definition retained; display whitespace only; no cross-label equivalence asserted
"Percentage patients who stated that when they saw their FHT Provider, they always involve them as much as they want to be in their care and treatment",ind_43e0331c87c5dc36,"Percentage patients who stated that when they saw their FHT Provider, they always involve them as much as they want to be in their care and treatment",accepted,Source-exact definition retained; display whitespace only; no cross-label equivalence asserted
Perception of Care Indicator  - Mental Health Patient Experience,ind_70b7e07e9bd351bb,Perception of Care Indicator - Mental Health Patient Experience,accepted,Source-exact definition retained; display whitespace only; no cross-label equivalence asserted
Perception of Care Indicator - Mental Health Patient Experience,ind_f3b31e6a016823f1,Perception of Care Indicator - Mental Health Patient Experience,accepted,Source-exact definition retained; display whitespace only; no cross-label equivalence asserted
Pilot the expansion of Electronic Positive Patient Identification (ePPID) for medication administration leveraging ID bands and bar code scanning technology.,ind_e8d9414e376f4439,Pilot the expansion of Electronic Positive Patient Identification (ePPID) for medication administration leveraging ID bands and bar code scanning technology.,accepted,Source-exact definition retained; display whitespace only; no cross-label equivalence asserted
Position Stabilization,ind_4833a6214b7d1c7a,Position Stabilization,accepted,Source-exact definition retained; display whitespace only; no cross-label equivalence asserted
"Positive Patient Identification: Percentage of times Two Patient Specific Identifiers are used before medication administration, treatments, tests, and procedures.",ind_cc9c8ab66bb0d215,"Positive Patient Identification: Percentage of times Two Patient Specific Identifiers are used before medication administration, treatments, tests, and procedures.",accepted,Source-exact definition retained; display whitespace only; no cross-label equivalence asserted
"Positive response rate to the Mental Health Short Form Survey question, “The care team helped me develop a plan for when I finish my treatment”.",ind_9c0b4631bd5eeac8,"Positive response rate to the Mental Health Short Form Survey question, “The care team helped me develop a plan for when I finish my treatment”.",accepted,Source-exact definition retained; display whitespace only; no cross-label equivalence asserted
"Positive responses to, “Did you receive enough information from hospital staff about what to do if you were worried about your condition or treatment after you left the hospital?”",ind_8c3adc402724f036,"Positive responses to, “Did you receive enough information from hospital staff about what to do if you were worried about your condition or treatment after you left the hospital?”",accepted,Source-exact definition retained; display whitespace only; no cross-label equivalence asserted
"Pourcentage de répondants qui ont répondu « complètement » à la question suivante : Croyez-vous qu’il y avait une bonne communication à propos de vos soins entre les médecins, les infirmiers et les infirmières et les autres membres du personnel de l’hôpital?",ind_350363c12e330ce5,"Pourcentage de répondants qui ont répondu « complètement » à la question suivante : Croyez-vous qu’il y avait une bonne communication à propos de vos soins entre les médecins, les infirmiers et les infirmières et les autres membres du personnel de l’hôpital?",accepted,Source-exact definition retained; display whitespace only; no cross-label equivalence asserted
Pourcentage de répondants qui ont répondu « complètement » à la question suivante : Recommanderiez-vous cet hôpital à vos parents et amis?,ind_e845ad3d6ab0d69f,Pourcentage de répondants qui ont répondu « complètement » à la question suivante : Recommanderiez-vous cet hôpital à vos parents et amis?,accepted,Source-exact definition retained; display whitespace only; no cross-label equivalence asserted
Pre-Admit Unit LEAN-FMEA,ind_7851c0a58c2accd3,Pre-Admit Unit LEAN-FMEA,accepted,Source-exact definition retained; display whitespace only; no cross-label equivalence asserted
Pre-Check-in. Adoption of preCheck-in: # of completed appointments using preCheck-in / total # of completed appointments,ind_1347df2747a24d5b,Pre-Check-in. Adoption of preCheck-in: # of completed appointments using preCheck-in / total # of completed appointments,accepted,Source-exact definition retained; display whitespace only; no cross-label equivalence asserted
Preparation and implementation of a documentation project plan for the hospital's upcoming electronic health record renewal.,ind_1a2e14bd0e4ec88c,Preparation and implementation of a documentation project plan for the hospital's upcoming electronic health record renewal.,accepted,Source-exact definition retained; display whitespace only; no cross-label equivalence asserted
Pressure Injuries,ind_728c483317570475,Pressure Injuries,accepted,Source-exact definition retained; display whitespace only; no cross-label equivalence asserted
"Pressure Injuries - the percent of long stay patients who develop or have Stage 2 or greater PI that worsens during their admission to LTCM (2N, 4N & 5N), Transitional Care (4S, 2BD, BOE5).",ind_d861155bc9650d4f,"Pressure Injuries - the percent of long stay patients who develop or have Stage 2 or greater PI that worsens during their admission to LTCM (2N, 4N & 5N), Transitional Care (4S, 2BD, BOE5).",accepted,Source-exact definition retained; display whitespace only; no cross-label equivalence asserted
"Pressure Injuries - the percent of long stay patients who develop or have Stage 2 or greater PU that worsens during their admission to LTCM (2N, 4N & 5N), Transitional Care (4S, 2BD, BOE5).",ind_3cc329f248f109dc,"Pressure Injuries - the percent of long stay patients who develop or have Stage 2 or greater PU that worsens during their admission to LTCM (2N, 4N & 5N), Transitional Care (4S, 2BD, BOE5).",accepted,Source-exact definition retained; display whitespace only; no cross-label equivalence asserted
Pressure Injuries(# reported per month; all Stage III/IV/unstageable pressure injuries; 2025/26; In house data collection ),ind_b2ad6aec63fa6347,Pressure Injuries(# reported per month; all Stage III/IV/unstageable pressure injuries; 2025/26; In house data collection ),accepted,Source-exact definition retained; display whitespace only; no cross-label equivalence asserted
"Pressure injury (PI) incidence rate, stage 2 or greater",ind_110b12dcaed1f4f1,"Pressure injury (PI) incidence rate, stage 2 or greater",accepted,Source-exact definition retained; display whitespace only; no cross-label equivalence asserted
Prevalence Rate of Pressure Injuries Greater Than Stage 2 and Unstageable per 1000 patient days,ind_491aeb7a268a3101,Prevalence Rate of Pressure Injuries Greater Than Stage 2 and Unstageable per 1000 patient days,accepted,Source-exact definition retained; display whitespace only; no cross-label equivalence asserted
Prevalence of patients with Healthcare Acquired Pressure Injury Stage 2 and above,ind_49804295e8363e2d,Prevalence of patients with Healthcare Acquired Pressure Injury Stage 2 and above,accepted,Source-exact definition retained; display whitespace only; no cross-label equivalence asserted
"Prevalence of pressure ulcers ( all stages, unstageable and deep tissue). Include adult acute and CCC patients.",ind_2f7b160cd4d3dfa9,"Prevalence of pressure ulcers ( all stages, unstageable and deep tissue). Include adult acute and CCC patients.",accepted,Source-exact definition retained; display whitespace only; no cross-label equivalence asserted
Primary Care Attachment. Number of new attachments to Women's College Academic Family Health Team (WCAFHT).,ind_c5dc8bc1547d7b05,Primary Care Attachment. Number of new attachments to Women's College Academic Family Health Team (WCAFHT).,accepted,Source-exact definition retained; display whitespace only; no cross-label equivalence asserted
Progression on organizational Maturity Scale from Exploring to Transforming (Culturally Safer Care),ind_f814a6a90b7f65c5,Progression on organizational Maturity Scale from Exploring to Transforming (Culturally Safer Care),accepted,Source-exact definition retained; display whitespace only; no cross-label equivalence asserted
Progression on organizational Maturity Scale from Exploring to Transforming (Universal Accessibility),ind_4c4768716aae4555,Progression on organizational Maturity Scale from Exploring to Transforming (Universal Accessibility),accepted,Source-exact definition retained; display whitespace only; no cross-label equivalence asserted
Promote psychological safety for all team members,ind_a17a03d283661b47,Promote psychological safety for all team members,accepted,Source-exact definition retained; display whitespace only; no cross-label equivalence asserted
Proportion of patients on telemetry without an appropriate indication per AHA guidelines or who are on telemetry longer than the indicated duration.,ind_a3d2d9497986d36b,Proportion of patients on telemetry without an appropriate indication per AHA guidelines or who are on telemetry longer than the indicated duration.,accepted,Source-exact definition retained; display whitespace only; no cross-label equivalence asserted
Quality of Experience at CHEO (patient reported scores grouped by demographics),ind_b85351b52ac332d4,Quality of Experience at CHEO (patient reported scores grouped by demographics),accepted,Source-exact definition retained; display whitespace only; no cross-label equivalence asserted
Quality of Experience grouped by demographics,ind_3c666ff3b4b77207,Quality of Experience grouped by demographics,accepted,Source-exact definition retained; display whitespace only; no cross-label equivalence asserted
Quality of patient/caregiver experience,ind_729efa4fd99ade8c,Quality of patient/caregiver experience,accepted,Source-exact definition retained; display whitespace only; no cross-label equivalence asserted
Quality of work life - overtime utilization,ind_3f8f52d4c57259c7,Quality of work life - overtime utilization,accepted,Source-exact definition retained; display whitespace only; no cross-label equivalence asserted
Quality of work life - vacation utilization,ind_c176e105ac5df061,Quality of work life - vacation utilization,accepted,Source-exact definition retained; display whitespace only; no cross-label equivalence asserted
Quarterly incident rate of Hospital Acquired Pressure Injuries,ind_ee563cde6546762a,Quarterly incident rate of Hospital Acquired Pressure Injuries,accepted,Source-exact definition retained; display whitespace only; no cross-label equivalence asserted
ROSC Education Class,ind_9da736a66f9a7b71,ROSC Education Class,accepted,Source-exact definition retained; display whitespace only; no cross-label equivalence asserted
ROSC Patient Journey,ind_8942baa50f2541ed,ROSC Patient Journey,accepted,Source-exact definition retained; display whitespace only; no cross-label equivalence asserted
Rate of ALC bed occupancy in hospital,ind_1de30eb2f316fbbe,Rate of ALC bed occupancy in hospital,accepted,Source-exact definition retained; display whitespace only; no cross-label equivalence asserted
Rate of Adult Day Surgery and Adult Elective Surgical Patients completing the Health Equity Questionnaire,ind_373a79a89f75abd5,Rate of Adult Day Surgery and Adult Elective Surgical Patients completing the Health Equity Questionnaire,accepted,Source-exact definition retained; display whitespace only; no cross-label equivalence asserted
Rate of Central Line Blood Stream Infections (CLABSI) per 1000 line days,ind_5b5b0bc6a26d0c5e,Rate of Central Line Blood Stream Infections (CLABSI) per 1000 line days,accepted,Source-exact definition retained; display whitespace only; no cross-label equivalence asserted
Rate of Day Surgery Patients (adults) completing the Health Equity Questionnaire,ind_6ded00bb464fd404,Rate of Day Surgery Patients (adults) completing the Health Equity Questionnaire,accepted,Source-exact definition retained; display whitespace only; no cross-label equivalence asserted
Rate of Delirium that Increased LOS,ind_0ac9e57b86eeb47f,Rate of Delirium that Increased LOS,accepted,Source-exact definition retained; display whitespace only; no cross-label equivalence asserted
Rate of ED 30-day repeat visits for individuals with sickle cell disease,ind_50d5738b48c86253,Rate of ED 30-day repeat visits for individuals with sickle cell disease,accepted,Source-exact definition retained; display whitespace only; no cross-label equivalence asserted
Rate of ED Closures,ind_e84885ef676f90c8,Rate of ED Closures,accepted,Source-exact definition retained; display whitespace only; no cross-label equivalence asserted
Rate of ED Revisits for Adult Sepsis,ind_dd27b495d4655058,Rate of ED Revisits for Adult Sepsis,accepted,Source-exact definition retained; display whitespace only; no cross-label equivalence asserted
Rate of ED Revisits for Pediatric Sepsis,ind_190f792c11f8550f,Rate of ED Revisits for Pediatric Sepsis,accepted,Source-exact definition retained; display whitespace only; no cross-label equivalence asserted
Rate of ED visits for modified list of ambulatory care–sensitive conditions* per 100 long-term care residents.,ind_4b1201f695099350,Rate of ED visits for modified list of ambulatory care–sensitive conditions* per 100 long-term care residents.,accepted,Source-exact definition retained; display whitespace only; no cross-label equivalence asserted
Rate of Falls with Mild or Greater Harm per 1000 Patient Days,ind_50df5c353d231a09,Rate of Falls with Mild or Greater Harm per 1000 Patient Days,accepted,Source-exact definition retained; display whitespace only; no cross-label equivalence asserted
Rate of Hand Hygiene Compliance Before Patient/Patient Environment Contact,ind_5ccd0fd8b619608a,Rate of Hand Hygiene Compliance Before Patient/Patient Environment Contact,accepted,Source-exact definition retained; display whitespace only; no cross-label equivalence asserted
"Rate of Harmful Events (Level 3-5 incidents/10,000 adj. patient days) Definition: Number of patient safety incidents causing moderate to severe harm or death",ind_44c2303f111784c6,"Rate of Harmful Events (Level 3-5 incidents/10,000 adj. patient days) Definition: Number of patient safety incidents causing moderate to severe harm or death",accepted,Source-exact definition retained; display whitespace only; no cross-label equivalence asserted
Rate of Hospital-Acquired Clostridioides Difficile Infections,ind_37906ec8cd41f7f1,Rate of Hospital-Acquired Clostridioides Difficile Infections,accepted,Source-exact definition retained; display whitespace only; no cross-label equivalence asserted
"Rate of In-Hospital Delirium per 1,000 Acute Care Discharges 65 years of age and older.",ind_e50c0ec7d37691fc,"Rate of In-Hospital Delirium per 1,000 Acute Care Discharges 65 years of age and older.",accepted,Source-exact definition retained; display whitespace only; no cross-label equivalence asserted
Rate of Obstetrical Services unavailable,ind_74b5840fd203fdb3,Rate of Obstetrical Services unavailable,accepted,Source-exact definition retained; display whitespace only; no cross-label equivalence asserted
Rate of Patient Complaints per 1000 Adjusted Patient Days,ind_416f7868050f5ff9,Rate of Patient Complaints per 1000 Adjusted Patient Days,accepted,Source-exact definition retained; display whitespace only; no cross-label equivalence asserted
Rate of Patient Falls,ind_192fded222b44b4c,Rate of Patient Falls,accepted,Source-exact definition retained; display whitespace only; no cross-label equivalence asserted
Rate of Patient Positive Experience,ind_7743c91c76f3d51b,Rate of Patient Positive Experience,accepted,Source-exact definition retained; display whitespace only; no cross-label equivalence asserted
Rate of Patients who leave ED without being seen by a physician,ind_f08543877babc751,Rate of Patients who leave ED without being seen by a physician,accepted,Source-exact definition retained; display whitespace only; no cross-label equivalence asserted
Rate of Pressure Injuries (Crude rate of Hospital Acquired Pressure Injuries as a proportion of all discharged patients).,ind_4d2c7285c450958d,Rate of Pressure Injuries (Crude rate of Hospital Acquired Pressure Injuries as a proportion of all discharged patients).,accepted,Source-exact definition retained; display whitespace only; no cross-label equivalence asserted
"Rate of Stage 3, 4 and unstageable Hospital Acquired Pressure Injury per 1,000 Inpatient Days",ind_22d9bbd1e9dbd1c2,"Rate of Stage 3, 4 and unstageable Hospital Acquired Pressure Injury per 1,000 Inpatient Days",accepted,Source-exact definition retained; display whitespace only; no cross-label equivalence asserted
Rate of Surgical Services closures,ind_ab043aa50642e025,Rate of Surgical Services closures,accepted,Source-exact definition retained; display whitespace only; no cross-label equivalence asserted
Rate of WV incidents resulting in staff harm per number of hours worked by FTE (rate of lost time and Health Care incidents),ind_48da2b610eec04d4,Rate of WV incidents resulting in staff harm per number of hours worked by FTE (rate of lost time and Health Care incidents),accepted,Source-exact definition retained; display whitespace only; no cross-label equivalence asserted
Rate of Workplace Violent Incidents (all AGH Departments except Long Term Care and Family Health Team),ind_dc26dbd56e08e14f,Rate of Workplace Violent Incidents (all AGH Departments except Long Term Care and Family Health Team),accepted,Source-exact definition retained; display whitespace only; no cross-label equivalence asserted
Rate of alternate level of care (ALC) days contributed by ALC patients within the specific reporting month/quarter using near-real time acute and post-acute ALC information and monthly bed census data,ind_3d072a508ca19981,Rate of alternate level of care (ALC) days contributed by ALC patients within the specific reporting month/quarter using near-real time acute and post-acute ALC information and monthly bed census data,accepted,Source-exact definition retained; display whitespace only; no cross-label equivalence asserted
Rate of complaints received from persons receiving care per 1000 care days/care visits,ind_5246601269ab74d1,Rate of complaints received from persons receiving care per 1000 care days/care visits,accepted,Source-exact definition retained; display whitespace only; no cross-label equivalence asserted
Rate of delirium beginning during hospitalization,ind_e9107772c778029f,Rate of delirium beginning during hospitalization,accepted,Source-exact definition retained; display whitespace only; no cross-label equivalence asserted
Rate of delirium onset during hospitalization,ind_a8f6cca5fe8befdf,Rate of delirium onset during hospitalization,accepted,Source-exact definition retained; display whitespace only; no cross-label equivalence asserted
Rate of falls in our in patient units.,ind_659aad21e1d01b4d,Rate of falls in our in patient units.,accepted,Source-exact definition retained; display whitespace only; no cross-label equivalence asserted
Rate of falls with a harm level of moderate or higher,ind_49cc4690adbbd669,Rate of falls with a harm level of moderate or higher,accepted,Source-exact definition retained; display whitespace only; no cross-label equivalence asserted
Rate of high harm patient safety occurrences,ind_90bf423871be880a,Rate of high harm patient safety occurrences,accepted,Source-exact definition retained; display whitespace only; no cross-label equivalence asserted
Rate of hospital acquired delirium,ind_0b9240e516eb529f,Rate of hospital acquired delirium,accepted,Source-exact definition retained; display whitespace only; no cross-label equivalence asserted
Rate of hospital-acquired delirium among inpatient hospitalizations in acute care.,ind_314218ae875aa85c,Rate of hospital-acquired delirium among inpatient hospitalizations in acute care.,accepted,Source-exact definition retained; display whitespace only; no cross-label equivalence asserted
Rate of incidents reported related to issues in management of medications,ind_1d1c733739a4e08f,Rate of incidents reported related to issues in management of medications,accepted,Source-exact definition retained; display whitespace only; no cross-label equivalence asserted
Rate of lost time days,ind_d59c6c27523deaad,Rate of lost time days,accepted,Source-exact definition retained; display whitespace only; no cross-label equivalence asserted
Rate of medication reconciliation (Med Rec) at admission: Total number of admitted patients for whom a Medication Reconciliation is completed within 48 hrs of admission.,ind_e2cd4a17f6e393c6,Rate of medication reconciliation (Med Rec) at admission: Total number of admitted patients for whom a Medication Reconciliation is completed within 48 hrs of admission.,accepted,Source-exact definition retained; display whitespace only; no cross-label equivalence asserted
Rate of medication reconciliation at admission: Total number of admitted patients for whom a Medication Reconciliation is completed within 48 hrs of admission.,ind_15fc2820d344206c,Rate of medication reconciliation at admission: Total number of admitted patients for whom a Medication Reconciliation is completed within 48 hrs of admission.,accepted,Source-exact definition retained; display whitespace only; no cross-label equivalence asserted
Rate of mobilization for in-patients on Acute Care (%),ind_c151238681d453e4,Rate of mobilization for in-patients on Acute Care (%),accepted,Source-exact definition retained; display whitespace only; no cross-label equivalence asserted
"Rate of nosocomial C.Difficile Infection (CDI) per 1,000 patient daysNumber of nosocomial CDI Cases",ind_48cbe77a9b6dc1c4,"Rate of nosocomial C.Difficile Infection (CDI) per 1,000 patient daysNumber of nosocomial CDI Cases",accepted,Source-exact definition retained; display whitespace only; no cross-label equivalence asserted
Rate of outpatient DI requisitions booked within 3 days of receipt (booking turnaround time of test ordered to appointment booked),ind_a5aa6990d163464f,Rate of outpatient DI requisitions booked within 3 days of receipt (booking turnaround time of test ordered to appointment booked),accepted,Source-exact definition retained; display whitespace only; no cross-label equivalence asserted
Rate of patient falls with harm level of Moderate or worse per 1000 inpatient days,ind_d9017915fd4fd919,Rate of patient falls with harm level of Moderate or worse per 1000 inpatient days,accepted,Source-exact definition retained; display whitespace only; no cross-label equivalence asserted
Rate of potentially avoidable emergency department (ED) visits for all programs,ind_473aaf23371e562b,Rate of potentially avoidable emergency department (ED) visits for all programs,accepted,Source-exact definition retained; display whitespace only; no cross-label equivalence asserted
Rate of potentially preventable Hospital Acquired Conditions (HAC) per 1000 patient days,ind_1c102a1b8774667a,Rate of potentially preventable Hospital Acquired Conditions (HAC) per 1000 patient days,accepted,Source-exact definition retained; display whitespace only; no cross-label equivalence asserted
Rate of potentially preventable Hospital Acquired Conditions (HACs),ind_2b94b92efefc0a85,Rate of potentially preventable Hospital Acquired Conditions (HACs),accepted,Source-exact definition retained; display whitespace only; no cross-label equivalence asserted
"Rate of reported patient safety events and near misses where Epic or Epic related workflow is identified as a contributing factor, per 1,000 inpatient days, in the early implementation period after Epic go live.",ind_64ff1cba6ce55385,"Rate of reported patient safety events and near misses where Epic or Epic related workflow is identified as a contributing factor, per 1,000 inpatient days, in the early implementation period after Epic go live.",accepted,Source-exact definition retained; display whitespace only; no cross-label equivalence asserted
Rate of scanning of patient armbands,ind_295a44ad6376a1f3,Rate of scanning of patient armbands,accepted,Source-exact definition retained; display whitespace only; no cross-label equivalence asserted
Rate of staff  and leaders completing mandatory cultural competency training,ind_f88d2ef74800f14a,Rate of staff and leaders completing mandatory cultural competency training,accepted,Source-exact definition retained; display whitespace only; no cross-label equivalence asserted
Rate of staff  and leaders completing training for Foundations of Sexual and Gender Diversity,ind_052de408d26434ce,Rate of staff and leaders completing training for Foundations of Sexual and Gender Diversity,accepted,Source-exact definition retained; display whitespace only; no cross-label equivalence asserted
Rate of violent incidents that result in physical harm,ind_9328e4eec5d79401,Rate of violent incidents that result in physical harm,accepted,Source-exact definition retained; display whitespace only; no cross-label equivalence asserted
"Rate of which patient felt they received adequate information about their care and their care at discharge from emergency department, in patient units, out patient programs at St Joseph's General Hospital Elliot Lake.",ind_bf0d05ce081f5c69,"Rate of which patient felt they received adequate information about their care and their care at discharge from emergency department, in patient units, out patient programs at St Joseph's General Hospital Elliot Lake.",accepted,Source-exact definition retained; display whitespace only; no cross-label equivalence asserted
Rate of which patients felt they received adequate information about their care and their care at discharge.SJGH & OAKS,ind_b37da688cbaac2df,Rate of which patients felt they received adequate information about their care and their care at discharge.SJGH & OAKS,accepted,Source-exact definition retained; display whitespace only; no cross-label equivalence asserted
Rate of workplace violence incidents,ind_7bc37970ae46f8dd,Rate of workplace violence incidents,accepted,Source-exact definition retained; display whitespace only; no cross-label equivalence asserted
Rate of workplace violence incidents reported by hospital workers that resulted harm (as defined by OHSA) within a 12-month period.,ind_5c72eed32e009c27,Rate of workplace violence incidents reported by hospital workers that resulted harm (as defined by OHSA) within a 12-month period.,accepted,Source-exact definition retained; display whitespace only; no cross-label equivalence asserted
Rate of workplace violence incidents resulting in lost time injury,ind_37478f8fb5db2bb6,Rate of workplace violence incidents resulting in lost time injury,accepted,Source-exact definition retained; display whitespace only; no cross-label equivalence asserted
Rate of workplace violence incidents resulting in lost time injury (ECU).,ind_038767a2055fb908,Rate of workplace violence incidents resulting in lost time injury (ECU).,accepted,Source-exact definition retained; display whitespace only; no cross-label equivalence asserted
Rate of workplace violence incidents resulting in reportable injury (healthcare or lost time),ind_7a180c2de68cfd9c,Rate of workplace violence incidents resulting in reportable injury (healthcare or lost time),accepted,Source-exact definition retained; display whitespace only; no cross-label equivalence asserted
Rate of workplace violence incidents that result in reportable and non-reportable injury as defined by WSIB (health care/lost time injuries/illnesses).,ind_8b646b702cd8552b,Rate of workplace violence incidents that result in reportable and non-reportable injury as defined by WSIB (health care/lost time injuries/illnesses).,accepted,Source-exact definition retained; display whitespace only; no cross-label equivalence asserted
Ratio of repeated workplace violence incidents (same initiator) to total number of workplace violence incidents,ind_dc144c4e4d81b1a7,Ratio of repeated workplace violence incidents (same initiator) to total number of workplace violence incidents,accepted,Source-exact definition retained; display whitespace only; no cross-label equivalence asserted
Re-start dormant Indigenous Working Group,ind_6826baa3d74694dc,Re-start dormant Indigenous Working Group,accepted,Source-exact definition retained; display whitespace only; no cross-label equivalence asserted
Readmission Rates within 90 days - Mental Health ( TNI ),ind_8d5ba22f98e64b81,Readmission Rates within 90 days - Mental Health ( TNI ),accepted,Source-exact definition retained; display whitespace only; no cross-label equivalence asserted
Real Time Patient Experience,ind_9546bc9835ca447f,Real Time Patient Experience,accepted,Source-exact definition retained; display whitespace only; no cross-label equivalence asserted
Real Time Patient Satisfaction,ind_0c75fa4e7dee81f7,Real Time Patient Satisfaction,accepted,Source-exact definition retained; display whitespace only; no cross-label equivalence asserted
Reduce 30-day all-cause readmissions for nephrology inpatients by 4%,ind_826b49f43fefd81a,Reduce 30-day all-cause readmissions for nephrology inpatients by 4%,accepted,Source-exact definition retained; display whitespace only; no cross-label equivalence asserted
Reduce the 90th percentile Ambulance Offload Time (AOT) to 45 minutes in FY25-26 for Emergency Department (ED) patients.,ind_4ad3823eb3a77241,Reduce the 90th percentile Ambulance Offload Time (AOT) to 45 minutes in FY25-26 for Emergency Department (ED) patients.,accepted,Source-exact definition retained; display whitespace only; no cross-label equivalence asserted
Reduce the 90th percentile Physician Initial Assessment Time (PIA) time to achieve the Provincial target of 4.0 hours in FY25-26,ind_c4f0fdf7b4140b65,Reduce the 90th percentile Physician Initial Assessment Time (PIA) time to achieve the Provincial target of 4.0 hours in FY25-26,accepted,Source-exact definition retained; display whitespace only; no cross-label equivalence asserted
Reduce the duration of lost time per claim (days lost),ind_6052fdc609a5c393,Reduce the duration of lost time per claim (days lost),accepted,Source-exact definition retained; display whitespace only; no cross-label equivalence asserted
"Reduce the frequency of new stage two, three and four pressure ulcers acquired in hospital",ind_b6f544daf665c17d,"Reduce the frequency of new stage two, three and four pressure ulcers acquired in hospital",accepted,Source-exact definition retained; display whitespace only; no cross-label equivalence asserted
Reduce the number of NBA in the Emergency Department (ED) at 8:00 AM by 20% from the baseline of 40 (Average for January – February 2025 in Q4 of FY24-25) to less than 32 by the end of FY25-26,ind_cc5a6b82eb4eb2bf,Reduce the number of NBA in the Emergency Department (ED) at 8:00 AM by 20% from the baseline of 40 (Average for January – February 2025 in Q4 of FY24-25) to less than 32 by the end of FY25-26,accepted,Source-exact definition retained; display whitespace only; no cross-label equivalence asserted
Reduce the number of incidents of staff harm level 2-5 due to patient action,ind_7f01ea3034955165,Reduce the number of incidents of staff harm level 2-5 due to patient action,accepted,Source-exact definition retained; display whitespace only; no cross-label equivalence asserted
Reduce the number of lost time hours from occupational illness/injury.,ind_e80449aa79ca7d1a,Reduce the number of lost time hours from occupational illness/injury.,accepted,Source-exact definition retained; display whitespace only; no cross-label equivalence asserted
"Reduce the number of medication errors that reached the patient due to wrong drug, dose, patient (severity levels 2-5) by 4%",ind_7a909550554a519f,"Reduce the number of medication errors that reached the patient due to wrong drug, dose, patient (severity levels 2-5) by 4%",accepted,Source-exact definition retained; display whitespace only; no cross-label equivalence asserted
Reduce the number of opioids prescribed in hospital,ind_db84d7ed6a255f8d,Reduce the number of opioids prescribed in hospital,accepted,Source-exact definition retained; display whitespace only; no cross-label equivalence asserted
"Reduce the number of reported workplace violence incidents experienced by hospital workers as defined by the Occupational Health and Safety Act: 1. the exercise of physical force by a person against a worker, in a workplace, that causes or could cause physical injury to the worker; 2. an attempt to exercise physical force against a worker in a workplace, that could cause physical injury to the worker; 3. a statement or behaviour that a worker could reasonably interpret as a threat to exercise physical force against the worker, in a workplace, that could cause physical injury to the worker.",ind_f9db66161f75e468,"Reduce the number of reported workplace violence incidents experienced by hospital workers as defined by the Occupational Health and Safety Act: 1. the exercise of physical force by a person against a worker, in a workplace, that causes or could cause physical injury to the worker; 2. an attempt to exercise physical force against a worker in a workplace, that could cause physical injury to the worker; 3. a statement or behaviour that a worker could reasonably interpret as a threat to exercise physical force against the worker, in a workplace, that could cause physical injury to the worker.",accepted,Source-exact definition retained; display whitespace only; no cross-label equivalence asserted
Reduce the rate of hospital-acquired pressure injuries (Stage 2-4) during inpatient stay by 50%.,ind_9d95f371ced17545,Reduce the rate of hospital-acquired pressure injuries (Stage 2-4) during inpatient stay by 50%.,accepted,Source-exact definition retained; display whitespace only; no cross-label equivalence asserted
Reduce wait time by 20% for outpatient Mood and Anxiety program and General Psychiatry consultations .,ind_af0b87390860f8af,Reduce wait time by 20% for outpatient Mood and Anxiety program and General Psychiatry consultations .,accepted,Source-exact definition retained; display whitespace only; no cross-label equivalence asserted
Reducing Agency Costs,ind_e8e2b78813a4ee0e,Reducing Agency Costs,accepted,Source-exact definition retained; display whitespace only; no cross-label equivalence asserted
Reducing Hospitalizations - Patient Days (sum of the number of days admitted patients spend in the hospital in a specific period),ind_c0703106feb40e3e,Reducing Hospitalizations - Patient Days (sum of the number of days admitted patients spend in the hospital in a specific period),accepted,Source-exact definition retained; display whitespace only; no cross-label equivalence asserted
Reducing inpatient ALC length of stay by 5% from 2024-25.,ind_9c9538390f2f9ee7,Reducing inpatient ALC length of stay by 5% from 2024-25.,accepted,Source-exact definition retained; display whitespace only; no cross-label equivalence asserted
"Reduction in Work Place Violence incidents resulting in injury, severity level 3 or higher.",ind_ea666c77067b2090,"Reduction in Work Place Violence incidents resulting in injury, severity level 3 or higher.",accepted,Source-exact definition retained; display whitespace only; no cross-label equivalence asserted
Reduction in Workplace violence incidents,ind_ab929661217d048c,Reduction in Workplace violence incidents,accepted,Source-exact definition retained; display whitespace only; no cross-label equivalence asserted
Reduction in falls that result in harm,ind_cb9e50114b19da8c,Reduction in falls that result in harm,accepted,Source-exact definition retained; display whitespace only; no cross-label equivalence asserted
Reduction in intravenous (IV) medication administration in the Emergency Department (ED) Yellow Zone,ind_e819be897acabc2a,Reduction in intravenous (IV) medication administration in the Emergency Department (ED) Yellow Zone,accepted,Source-exact definition retained; display whitespace only; no cross-label equivalence asserted
Reduction in the Alternate Level of Care (ALC) Rate,ind_600c541ca088eda7,Reduction in the Alternate Level of Care (ALC) Rate,accepted,Source-exact definition retained; display whitespace only; no cross-label equivalence asserted
Reduction of inpatient falls resulting in moderate to severe harm or death,ind_c2890f0709f8d076,Reduction of inpatient falls resulting in moderate to severe harm or death,accepted,Source-exact definition retained; display whitespace only; no cross-label equivalence asserted
Referrals Acknowledged Within 14 Days,ind_e077f11196a0d646,Referrals Acknowledged Within 14 Days,accepted,Source-exact definition retained; display whitespace only; no cross-label equivalence asserted
Rehab Care (Inpatient) - Active Length of Stay (excluding ALC Days),ind_46a94fbe2210cdb2,Rehab Care (Inpatient) - Active Length of Stay (excluding ALC Days),accepted,Source-exact definition retained; display whitespace only; no cross-label equivalence asserted
Rehab Care (Inpatient) - Active Length of Stay (excluding ALC days),ind_d80bbef2b3221098,Rehab Care (Inpatient) - Active Length of Stay (excluding ALC days),accepted,Source-exact definition retained; display whitespace only; no cross-label equivalence asserted
Rehab Outpatient Experience Indicator - Outpatient Rehab clients feel they have met their goals prior to discharge for the program,ind_4b0948e5d321314b,Rehab Outpatient Experience Indicator - Outpatient Rehab clients feel they have met their goals prior to discharge for the program,accepted,Source-exact definition retained; display whitespace only; no cross-label equivalence asserted
Rehabilitative Care (Inpatient) - Interdisciplinary team (including client/family) develops 2 goals of care within the first 72 hours of admission,ind_7480b9e5fee60250,Rehabilitative Care (Inpatient) - Interdisciplinary team (including client/family) develops 2 goals of care within the first 72 hours of admission,accepted,Source-exact definition retained; display whitespace only; no cross-label equivalence asserted
"Rehabilitative Care (Inpatient) - “Did the hospital staff provide you with clear instructions on how to manage your care and treatment after leaving the hospital?”Response: Yes, definitely*EC",ind_85e4a675ab69281f,"Rehabilitative Care (Inpatient) - “Did the hospital staff provide you with clear instructions on how to manage your care and treatment after leaving the hospital?”Response: Yes, definitely*EC",accepted,Source-exact definition retained; display whitespace only; no cross-label equivalence asserted
Reliable Improvement - % of outpatient who achieve a change of 6 points or more on their Patient Health Questionnaire  (PHQ-9) score and/or 4 points or more on their Generalized Anxiety Disorder-7 (GAD-7) score at the time of a planned discharged.,ind_7ca7f2062bf65701,Reliable Improvement - % of outpatient who achieve a change of 6 points or more on their Patient Health Questionnaire (PHQ-9) score and/or 4 points or more on their Generalized Anxiety Disorder-7 (GAD-7) score at the time of a planned discharged.,accepted,Source-exact definition retained; display whitespace only; no cross-label equivalence asserted
"Reliable Improvement- % of outpatients who achieve a genuine improvement on the identified measures for the problem being treated, including: depression; generalized anxiety disorder; mixed anxiety and depressive disorder; obsessive-compulsive disorder; post-traumatic stress disorder; social anxiety disorder.",ind_962dd98db8e844ed,"Reliable Improvement- % of outpatients who achieve a genuine improvement on the identified measures for the problem being treated, including: depression; generalized anxiety disorder; mixed anxiety and depressive disorder; obsessive-compulsive disorder; post-traumatic stress disorder; social anxiety disorder.",accepted,Source-exact definition retained; display whitespace only; no cross-label equivalence asserted
Repatriations managed within 4 hours.,ind_1c014a0f648b42d7,Repatriations managed within 4 hours.,accepted,Source-exact definition retained; display whitespace only; no cross-label equivalence asserted
Repeat ED visits with 30 days for mental health and addictions,ind_bfc966dab692a4dd,Repeat ED visits with 30 days for mental health and addictions,accepted,Source-exact definition retained; display whitespace only; no cross-label equivalence asserted
Repeat emergency visits for mental health.Percent of unscheduled repeat emergency visits following an emergency visit for a mental health condition.,ind_9d77c548802bed8a,Repeat emergency visits for mental health.Percent of unscheduled repeat emergency visits following an emergency visit for a mental health condition.,accepted,Source-exact definition retained; display whitespace only; no cross-label equivalence asserted
Reported Incidents of patient violence/ aggression,ind_8b15eda87509468e,Reported Incidents of patient violence/ aggression,accepted,Source-exact definition retained; display whitespace only; no cross-label equivalence asserted
Reporting of Number of Workplace Violence incidents,ind_3a893fe2510baf71,Reporting of Number of Workplace Violence incidents,accepted,Source-exact definition retained; display whitespace only; no cross-label equivalence asserted
Reporting the number of new coordinated care plans(CCP's) created for CHF and COPD patients in the CHIS HPG system to be accessed/utilized by COHT partners.,ind_66ab921f18da10ed,Reporting the number of new coordinated care plans(CCP's) created for CHF and COPD patients in the CHIS HPG system to be accessed/utilized by COHT partners.,accepted,Source-exact definition retained; display whitespace only; no cross-label equivalence asserted
Response Rate to OH Measuring Health Equity Questionnaire.,ind_b9ac01e7b2f6c080,Response Rate to OH Measuring Health Equity Questionnaire.,accepted,Source-exact definition retained; display whitespace only; no cross-label equivalence asserted
"Return visits within 72 hours of discharge from the initial ED non-admit visit, resulting in admission to an inpatient unit on the second visit",ind_b65d9340be3eb17e,"Return visits within 72 hours of discharge from the initial ED non-admit visit, resulting in admission to an inpatient unit on the second visit",accepted,Source-exact definition retained; display whitespace only; no cross-label equivalence asserted
"Return visits within 72 hours of discharge from the initial ED non-admit visit, resulting in admission to an inpatient unit on the second visit.",ind_01320c3693fcfb56,"Return visits within 72 hours of discharge from the initial ED non-admit visit, resulting in admission to an inpatient unit on the second visit.",accepted,Source-exact definition retained; display whitespace only; no cross-label equivalence asserted
Review of Residents in Daily Physical Restraints in LTC,ind_b5087c8494b7db7d,Review of Residents in Daily Physical Restraints in LTC,accepted,Source-exact definition retained; display whitespace only; no cross-label equivalence asserted
Revised Medication management internal audit process,ind_ee47813ebc95db6e,Revised Medication management internal audit process,accepted,Source-exact definition retained; display whitespace only; no cross-label equivalence asserted
Roll out hospital wide DEI training to all staff.,ind_74c4462e01ff21b8,Roll out hospital wide DEI training to all staff.,accepted,Source-exact definition retained; display whitespace only; no cross-label equivalence asserted
Rolling quarterly average of workplace violence incidence rate that results in staff harm,ind_fe43b49e834ee4e6,Rolling quarterly average of workplace violence incidence rate that results in staff harm,accepted,Source-exact definition retained; display whitespace only; no cross-label equivalence asserted
"Rollout of ""Safe Spaces"" for 2SLGBTQ+",ind_aaf9b2c05892cda8,"Rollout of ""Safe Spaces"" for 2SLGBTQ+",accepted,Source-exact definition retained; display whitespace only; no cross-label equivalence asserted
SGLT2-i Education,ind_5bd9cba61e578232,SGLT2-i Education,accepted,Source-exact definition retained; display whitespace only; no cross-label equivalence asserted
Safety Learning System Incident Thematic Analysis,ind_c4b1230e572b3a17,Safety Learning System Incident Thematic Analysis,accepted,Source-exact definition retained; display whitespace only; no cross-label equivalence asserted
Seclusion Duration - total duration of seclusion hours per month for inpatients,ind_89cd53fc7444d788,Seclusion Duration - total duration of seclusion hours per month for inpatients,accepted,Source-exact definition retained; display whitespace only; no cross-label equivalence asserted
Senior Friendly Framework and Falls,ind_4aefc7eb8558b2ba,Senior Friendly Framework and Falls,accepted,Source-exact definition retained; display whitespace only; no cross-label equivalence asserted
Senior Leadership Safety/Privacy/Wellness walkabout,ind_49ce29f8c0f89b07,Senior Leadership Safety/Privacy/Wellness walkabout,accepted,Source-exact definition retained; display whitespace only; no cross-label equivalence asserted
Sepsis Rate,ind_7902a2786e2dfb81,Sepsis Rate,accepted,Source-exact definition retained; display whitespace only; no cross-label equivalence asserted
Staff Experience: Percent of staff who feel the organization does enough to promote staff health and wellness.,ind_260cded347dbb0a2,Staff Experience: Percent of staff who feel the organization does enough to promote staff health and wellness.,accepted,Source-exact definition retained; display whitespace only; no cross-label equivalence asserted
Staff experience: % of staff members who feel the organization does enough to promote staff health and wellness.,ind_6fa7a7043d865e89,Staff experience: % of staff members who feel the organization does enough to promote staff health and wellness.,accepted,Source-exact definition retained; display whitespace only; no cross-label equivalence asserted
Staff in management role who have completed Indigenous Cultural Safety (ICS) Training,ind_cd21d815ab43637a,Staff in management role who have completed Indigenous Cultural Safety (ICS) Training,accepted,Source-exact definition retained; display whitespace only; no cross-label equivalence asserted
Staff were sensitive to my cultural needs,ind_53e6a06898dd8209,Staff were sensitive to my cultural needs,accepted,Source-exact definition retained; display whitespace only; no cross-label equivalence asserted
Staff who have completed equity/diversity/inclusion/anti-racism education,ind_2d6adf3960f280c8,Staff who have completed equity/diversity/inclusion/anti-racism education,accepted,Source-exact definition retained; display whitespace only; no cross-label equivalence asserted
Staff with extended injury recovery at 12 months,ind_7e3f99a165d52ff4,Staff with extended injury recovery at 12 months,accepted,Source-exact definition retained; display whitespace only; no cross-label equivalence asserted
Stage 3/4 and unstageable Hospital Acquired Pressure Injury,ind_6636a38f7ccb4d1b,Stage 3/4 and unstageable Hospital Acquired Pressure Injury,accepted,Source-exact definition retained; display whitespace only; no cross-label equivalence asserted
Standardize Reporting to Physician Chiefs,ind_476dfcfa067a2039,Standardize Reporting to Physician Chiefs,accepted,Source-exact definition retained; display whitespace only; no cross-label equivalence asserted
Successful completion of Accreditation Canada ROP’s in preparation for May 2024 QMentum.,ind_ca43defac929c803,Successful completion of Accreditation Canada ROP’s in preparation for May 2024 QMentum.,accepted,Source-exact definition retained; display whitespace only; no cross-label equivalence asserted
Surgical Backlog Clearance Rate,ind_bd74c257c40cc41c,Surgical Backlog Clearance Rate,accepted,Source-exact definition retained; display whitespace only; no cross-label equivalence asserted
Surgical Hours (All surgeries - cancer and non-cancer),ind_819d69bf9755fe3d,Surgical Hours (All surgeries - cancer and non-cancer),accepted,Source-exact definition retained; display whitespace only; no cross-label equivalence asserted
Surgical Site Infections,ind_bd0710666448f331,Surgical Site Infections,accepted,Source-exact definition retained; display whitespace only; no cross-label equivalence asserted
Surgical Volumes (Elective),ind_b305f9db88f3c827,Surgical Volumes (Elective),accepted,Source-exact definition retained; display whitespace only; no cross-label equivalence asserted
Surgical Waitlist Reduction,ind_49edc856c73e78fd,Surgical Waitlist Reduction,accepted,Source-exact definition retained; display whitespace only; no cross-label equivalence asserted
Surgical Waitlist Reduction- Urology Surgery,ind_5f3471dcce8abc6e,Surgical Waitlist Reduction- Urology Surgery,accepted,Source-exact definition retained; display whitespace only; no cross-label equivalence asserted
"Survey Question: “On a scale 1-10, where 10 is the highest knowledge, how would you rate your knowledge base regarding the provision of culturally sensitive care?”",ind_06a384c27c2dc5ed,"Survey Question: “On a scale 1-10, where 10 is the highest knowledge, how would you rate your knowledge base regarding the provision of culturally sensitive care?”",accepted,Source-exact definition retained; display whitespace only; no cross-label equivalence asserted
Survey question: Did you receive enough information from hospital staff about what to do if you were worried about your condition or treatment after you left the hospital?,ind_48b3c72b0cae6479,Survey question: Did you receive enough information from hospital staff about what to do if you were worried about your condition or treatment after you left the hospital?,accepted,Source-exact definition retained; display whitespace only; no cross-label equivalence asserted
The DRHC BPSO (Best Practice Spotlight Organization) Transitions in Care Team will complete a gap analysis reviewing current best practices on transitions in care.,ind_ceaea60c263ae415,The DRHC BPSO (Best Practice Spotlight Organization) Transitions in Care Team will complete a gap analysis reviewing current best practices on transitions in care.,accepted,Source-exact definition retained; display whitespace only; no cross-label equivalence asserted
The Need for Inclusion,ind_7b0320a3ffbf7685,The Need for Inclusion,accepted,Source-exact definition retained; display whitespace only; no cross-label equivalence asserted
The TADH Senior Leadership team will participate in Quality/Safety/Privacy/Wellness huddles which will inform action plans to address any gaps related to Quality/Safety/Privacy and Wellness. We will participate in 6 huddles annually to support our action plans,ind_5aad2b87a6cfd703,The TADH Senior Leadership team will participate in Quality/Safety/Privacy/Wellness huddles which will inform action plans to address any gaps related to Quality/Safety/Privacy and Wellness. We will participate in 6 huddles annually to support our action plans,accepted,Source-exact definition retained; display whitespace only; no cross-label equivalence asserted
The amount of time a patient waits to be booked for an Ultrasound appointment.,ind_1d3043dc4c7d7ee2,The amount of time a patient waits to be booked for an Ultrasound appointment.,accepted,Source-exact definition retained; display whitespace only; no cross-label equivalence asserted
The maximum amount of time it took 90% of patients to be admitted to an inpatient unit or moved to an operating room.,ind_f3abcb8a9ac20a9e,The maximum amount of time it took 90% of patients to be admitted to an inpatient unit or moved to an operating room.,accepted,Source-exact definition retained; display whitespace only; no cross-label equivalence asserted
The median time from ALC designation to discharge.,ind_671a8fc0101bee30,The median time from ALC designation to discharge.,accepted,Source-exact definition retained; display whitespace only; no cross-label equivalence asserted
The number of Inpatient Referrals acknowledged within two business days of receipt,ind_699fa15302fce795,The number of Inpatient Referrals acknowledged within two business days of receipt,accepted,Source-exact definition retained; display whitespace only; no cross-label equivalence asserted
The number of lost time incidents due to workplace violence (WPV) injury.,ind_9ef04319deca0376,The number of lost time incidents due to workplace violence (WPV) injury.,accepted,Source-exact definition retained; display whitespace only; no cross-label equivalence asserted
The number of lost time injury events as the result of workplace violence (WPV) incidents experienced by hospital workers as defined by the Occupational Health and Safety Act.,ind_b09aff91026a38d2,The number of lost time injury events as the result of workplace violence (WPV) incidents experienced by hospital workers as defined by the Occupational Health and Safety Act.,accepted,Source-exact definition retained; display whitespace only; no cross-label equivalence asserted
The number of patients in the emergency department waiting for an inpatient bed at 8 a.m.,ind_4627f671e76cc391,The number of patients in the emergency department waiting for an inpatient bed at 8 a.m.,accepted,Source-exact definition retained; display whitespace only; no cross-label equivalence asserted
The number of privacy requests acknowledged within two business days of receipt,ind_ad5c59e85b9b40bd,The number of privacy requests acknowledged within two business days of receipt,accepted,Source-exact definition retained; display whitespace only; no cross-label equivalence asserted
The percentage of hospitalizations where patients with a life limiting illness are identified to benefit from palliative care and subsequently have their palliative care needs assessed using a comprehensive and holistic assessment.,ind_334a8eb5deee3007,The percentage of hospitalizations where patients with a life limiting illness are identified to benefit from palliative care and subsequently have their palliative care needs assessed using a comprehensive and holistic assessment.,accepted,Source-exact definition retained; display whitespace only; no cross-label equivalence asserted
The percentage of leaders that access the Patient Experience (PE)PowerBI dashboards per month based on the Ontario Hospital Association’s (OHA) digital patient experience surveys.,ind_ca57b714d80ea0b9,The percentage of leaders that access the Patient Experience (PE)PowerBI dashboards per month based on the Ontario Hospital Association’s (OHA) digital patient experience surveys.,accepted,Source-exact definition retained; display whitespace only; no cross-label equivalence asserted
The percentage of mental health patients who receive an offer for follow up services following an ER mental health visit.,ind_5356b9f185c3d888,The percentage of mental health patients who receive an offer for follow up services following an ER mental health visit.,accepted,Source-exact definition retained; display whitespace only; no cross-label equivalence asserted
The percentage of patients who felt they  received adequate information about their health and their care upon discharge.,ind_644553cce3208d96,The percentage of patients who felt they received adequate information about their health and their care upon discharge.,accepted,Source-exact definition retained; display whitespace only; no cross-label equivalence asserted
"The percentage of patients with major depression identified by a trained professional to be at considerable risk to themselves or others, or who show psychotic symptoms, who receive immediate access to a suicide risk assessment, and, if necessary, preventative intervention.",ind_b9c7d64ec0fc70d2,"The percentage of patients with major depression identified by a trained professional to be at considerable risk to themselves or others, or who show psychotic symptoms, who receive immediate access to a suicide risk assessment, and, if necessary, preventative intervention.",accepted,Source-exact definition retained; display whitespace only; no cross-label equivalence asserted
"The percentage of staff and physicians who complete Equity, Diversity, Inclusion and Belonging (EDIB) education modules.",ind_5326632e9eac9167,"The percentage of staff and physicians who complete Equity, Diversity, Inclusion and Belonging (EDIB) education modules.",accepted,Source-exact definition retained; display whitespace only; no cross-label equivalence asserted
"The percentage of staff and physicians who complete one of five modules for Equity, Diversity, Inclusion and Belonging (EDIB) education.",ind_5c76f474d6e980bb,"The percentage of staff and physicians who complete one of five modules for Equity, Diversity, Inclusion and Belonging (EDIB) education.",accepted,Source-exact definition retained; display whitespace only; no cross-label equivalence asserted
The percentage of unique patients who had at least one hospital encounter in the reporting period and for whom health equity sociodemographic questions were completed or explicitly declined (“prefer not to answer”) according to HHS’ standardized questionnaire and data governance approach for CARE data (Collecting Accurate and Robust Equity data),ind_4108543829353686,The percentage of unique patients who had at least one hospital encounter in the reporting period and for whom health equity sociodemographic questions were completed or explicitly declined (“prefer not to answer”) according to HHS’ standardized questionnaire and data governance approach for CARE data (Collecting Accurate and Robust Equity data),accepted,Source-exact definition retained; display whitespace only; no cross-label equivalence asserted
The proportion of Alternate Level of Care (ALC) patients coded correctly upon designation.,ind_0c011b1fbc80f5d7,The proportion of Alternate Level of Care (ALC) patients coded correctly upon designation.,accepted,Source-exact definition retained; display whitespace only; no cross-label equivalence asserted
"The proportion of hospitalizations where patients with a progressive, life limiting illness are identified to benefit from palliative care, and subsequently (within the episode of care) have their own palliative care needs assessed using a comprehensive and holistic assessment.",ind_36a314727348f92d,"The proportion of hospitalizations where patients with a progressive, life limiting illness are identified to benefit from palliative care, and subsequently (within the episode of care) have their own palliative care needs assessed using a comprehensive and holistic assessment.",accepted,Source-exact definition retained; display whitespace only; no cross-label equivalence asserted
The time interval between the Disposition Date/Time (as determined by the main service provider) and the Date/Time Patient Left the Emergency Department (ED) for admission to an inpatient bed or operating room.,ind_2491bbe980ee86bf,The time interval between the Disposition Date/Time (as determined by the main service provider) and the Date/Time Patient Left the Emergency Department (ED) for admission to an inpatient bed or operating room.,accepted,Source-exact definition retained; display whitespace only; no cross-label equivalence asserted
"The year-to-date turnover rate of HSN staff in aggregate, calculated by dividing the sum of resignations, retirements, and involuntary terminations by average headcount and multiplying by 100.",ind_8bccf04a05080c57,"The year-to-date turnover rate of HSN staff in aggregate, calculated by dividing the sum of resignations, retirements, and involuntary terminations by average headcount and multiplying by 100.",accepted,Source-exact definition retained; display whitespace only; no cross-label equivalence asserted
This indicator measures the organization’s compliance with Accreditation Canada’s ROPs and High Priority standards.,ind_203d5322c2f43204,This indicator measures the organization’s compliance with Accreditation Canada’s ROPs and High Priority standards.,accepted,Source-exact definition retained; display whitespace only; no cross-label equivalence asserted
Throughput of spinal surgery cases,ind_048830ec5f2ce1db,Throughput of spinal surgery cases,accepted,Source-exact definition retained; display whitespace only; no cross-label equivalence asserted
Time between decision to admit and actual admission to Acute from Emergency is being completed appropriately.,ind_75d94bb1aba2842f,Time between decision to admit and actual admission to Acute from Emergency is being completed appropriately.,accepted,Source-exact definition retained; display whitespace only; no cross-label equivalence asserted
Time from initial assessment to disposition/discharge.,ind_14aa70bccf8c0852,Time from initial assessment to disposition/discharge.,accepted,Source-exact definition retained; display whitespace only; no cross-label equivalence asserted
Time in-between Serious Workplace Violence incidents resulting in harm,ind_b0c254bf48611aad,Time in-between Serious Workplace Violence incidents resulting in harm,accepted,Source-exact definition retained; display whitespace only; no cross-label equivalence asserted
Time to inpatient bed,ind_e17dc2d5b15c7d17,Time to inpatient bed,accepted,Source-exact definition retained; display whitespace only; no cross-label equivalence asserted
Timely BPMH completion by pharmacy for admitted patients,ind_4de9cf0150993924,Timely BPMH completion by pharmacy for admitted patients,accepted,Source-exact definition retained; display whitespace only; no cross-label equivalence asserted
"Timely Patient Flow: Average number of admitted patients in the Emergency Department (ED) at 07:00, reported by quarter for the QIP.",ind_4916e83e40e1f980,"Timely Patient Flow: Average number of admitted patients in the Emergency Department (ED) at 07:00, reported by quarter for the QIP.",accepted,Source-exact definition retained; display whitespace only; no cross-label equivalence asserted
Timely coordination for repatriation to community hospital.,ind_7948f5eed9fe1446,Timely coordination for repatriation to community hospital.,accepted,Source-exact definition retained; display whitespace only; no cross-label equivalence asserted
"Timely follow-up with hospital discharged patientsThis indicator measures the percentage of those hospital discharges (any condition) where timely (within 48 hours) notification was received, for which follow-up was done (by any mode, any clinician) within 4 days of discharge.",ind_034ca39ac2c8de65,"Timely follow-up with hospital discharged patientsThis indicator measures the percentage of those hospital discharges (any condition) where timely (within 48 hours) notification was received, for which follow-up was done (by any mode, any clinician) within 4 days of discharge.",accepted,Source-exact definition retained; display whitespace only; no cross-label equivalence asserted
"To achieve a 25% reduction in CLABSI rates in three adult ICUs and Complex Malignant Hematology (CMH) by March 31, 2027, through standardized implementation and adherence to an evidence-based central line insertion and maintenance bundle.Rate of CLABSI in 3 adult ICUs and CMH, defined as the number of patients with a new CLABSI per 1,000 central line days.",ind_0529dacadbfa6f30,"To achieve a 25% reduction in CLABSI rates in three adult ICUs and Complex Malignant Hematology (CMH) by March 31, 2027, through standardized implementation and adherence to an evidence-based central line insertion and maintenance bundle.Rate of CLABSI in 3 adult ICUs and CMH, defined as the number of patients with a new CLABSI per 1,000 central line days.",accepted,Source-exact definition retained; display whitespace only; no cross-label equivalence asserted
"To advance awareness of diversity, equity, inclusion, and anti-racism (DEIAR) and establish a cross site DEIAR framework by March 31, 2025.",ind_0c375ae85bf32cca,"To advance awareness of diversity, equity, inclusion, and anti-racism (DEIAR) and establish a cross site DEIAR framework by March 31, 2025.",accepted,Source-exact definition retained; display whitespace only; no cross-label equivalence asserted
"To assess organizational risks by completing 100% (31) of the risk assessment checklist (RAC) modules as part of the program provided by HIROC (Healthcare Insurance Reciprocal of Canada) by March 31, 2026.",ind_ce54799d8c533b8c,"To assess organizational risks by completing 100% (31) of the risk assessment checklist (RAC) modules as part of the program provided by HIROC (Healthcare Insurance Reciprocal of Canada) by March 31, 2026.",accepted,Source-exact definition retained; display whitespace only; no cross-label equivalence asserted
"To decrease length of time (hours) in mechanical restraints by 10% on 4 inpatient units – 5MG GIM, ICU, 9T Acute MH and N1 Seniors MH",ind_6dd0f23919f1a436,"To decrease length of time (hours) in mechanical restraints by 10% on 4 inpatient units – 5MG GIM, ICU, 9T Acute MH and N1 Seniors MH",accepted,Source-exact definition retained; display whitespace only; no cross-label equivalence asserted
"To decrease the?incidence of reported level 3, 4, unstageable and?deep tissue?pressure?injuries by 10% ",ind_195decc5f51a7875,"To decrease the?incidence of reported level 3, 4, unstageable and?deep tissue?pressure?injuries by 10%",accepted,Source-exact definition retained; display whitespace only; no cross-label equivalence asserted
To decrease?occurrences of?physical violence? and verbal aggression exercised by patients across 2 inpatient units by 10%,ind_a7aac3e3c47e6ba7,To decrease?occurrences of?physical violence? and verbal aggression exercised by patients across 2 inpatient units by 10%,accepted,Source-exact definition retained; display whitespace only; no cross-label equivalence asserted
To decrease occurrences of violence and aggression demonstrated by patients across 4 inpatient units by 10%,ind_f940dc55837d654d,To decrease occurrences of violence and aggression demonstrated by patients across 4 inpatient units by 10%,accepted,Source-exact definition retained; display whitespace only; no cross-label equivalence asserted
"To ensure an effective Management System at LWHA, utilizing the existing OMNI software for document control, and preventative maintenance modules.  We will identify the existing weaknesses through gap analysis, and improve functionality by closing these gaps and completing the three (3) change implementation ideas by March 2025.",ind_506ae7670ac37561,"To ensure an effective Management System at LWHA, utilizing the existing OMNI software for document control, and preventative maintenance modules. We will identify the existing weaknesses through gap analysis, and improve functionality by closing these gaps and completing the three (3) change implementation ideas by March 2025.",accepted,Source-exact definition retained; display whitespace only; no cross-label equivalence asserted
"To implement a Just Culture policy/position statement across organization and system, training leaders and embedding Just Culture philosophy into organizational processes.",ind_a14dbc9d8a1d6fb2,"To implement a Just Culture policy/position statement across organization and system, training leaders and embedding Just Culture philosophy into organizational processes.",accepted,Source-exact definition retained; display whitespace only; no cross-label equivalence asserted
"To improve and standardize a minimum of 5 practices/initiatives/change ideas within financial services by March 31, 2027",ind_419f4b432fdf01d3,"To improve and standardize a minimum of 5 practices/initiatives/change ideas within financial services by March 31, 2027",accepted,Source-exact definition retained; display whitespace only; no cross-label equivalence asserted
To improve booking of Community Psychiatry Clinic (CPC) first appointments in days from triage decision  by 10%,ind_311e7e6e0b945930,To improve booking of Community Psychiatry Clinic (CPC) first appointments in days from triage decision by 10%,accepted,Source-exact definition retained; display whitespace only; no cross-label equivalence asserted
To improve in-patient experience survey results related to information at discharge by 5%,ind_0323d0b6532a06af,To improve in-patient experience survey results related to information at discharge by 5%,accepted,Source-exact definition retained; display whitespace only; no cross-label equivalence asserted
To improve inpatient best possible medication history completion rate at 80%,ind_d775be7c22a173f9,To improve inpatient best possible medication history completion rate at 80%,accepted,Source-exact definition retained; display whitespace only; no cross-label equivalence asserted
"To improve skill, knowledge, impact, engagement and leadership development of our PFAC members, we will develop and implement training on at least one item to build capacity among PFAC members by March 31, 2026",ind_15b2c931bd56cf67,"To improve skill, knowledge, impact, engagement and leadership development of our PFAC members, we will develop and implement training on at least one item to build capacity among PFAC members by March 31, 2026",accepted,Source-exact definition retained; display whitespace only; no cross-label equivalence asserted
To improve staff wellness and retention by implementing superior master schedule,ind_190275b8e7fb1e99,To improve staff wellness and retention by implementing superior master schedule,accepted,Source-exact definition retained; display whitespace only; no cross-label equivalence asserted
"To increase the proportion of patients who provide feedback on their care experience in order to support meaningful, data driven quality improvement.",ind_aa091eb1e42b15d8,"To increase the proportion of patients who provide feedback on their care experience in order to support meaningful, data driven quality improvement.",accepted,Source-exact definition retained; display whitespace only; no cross-label equivalence asserted
"To reduce costs by 5% ($225,000) per site through a review of the supply chain spend by March 31, 2026.",ind_a7a9aac5cc4dc2e0,"To reduce costs by 5% ($225,000) per site through a review of the supply chain spend by March 31, 2026.",accepted,Source-exact definition retained; display whitespace only; no cross-label equivalence asserted
Top box response to “Did you feel you had enough information to manage your health after you left the hospital?,ind_b99dce8671684b6d,Top box response to “Did you feel you had enough information to manage your health after you left the hospital?,accepted,Source-exact definition retained; display whitespace only; no cross-label equivalence asserted
"Total (ED, M&S, Peri-Op) Bar Code Medication Administration (BCMA)",ind_659eab4435c730a3,"Total (ED, M&S, Peri-Op) Bar Code Medication Administration (BCMA)",accepted,Source-exact definition retained; display whitespace only; no cross-label equivalence asserted
Total ALC bed days on Active Care,ind_3d9e334d18fb6cf5,Total ALC bed days on Active Care,accepted,Source-exact definition retained; display whitespace only; no cross-label equivalence asserted
"Total ED length of stay (defined as the time from triage or registration, whichever comes first, to the time the patients leaves the ED) where 9 out of 10 complex patients completed their visits.",ind_a4559785cb64aaf3,"Total ED length of stay (defined as the time from triage or registration, whichever comes first, to the time the patients leaves the ED) where 9 out of 10 complex patients completed their visits.",accepted,Source-exact definition retained; display whitespace only; no cross-label equivalence asserted
Total ED visits,ind_992726f2bb66f28e,Total ED visits,accepted,Source-exact definition retained; display whitespace only; no cross-label equivalence asserted
Total Margin (consolidated): %,ind_efed414af72843ef,Total Margin (consolidated): %,accepted,Source-exact definition retained; display whitespace only; no cross-label equivalence asserted
"Total Margin (consolidated): % by which total corporate (consolidated) revenues exceed or fall short of total corporate (consolidated) expenses, excluding the impact of facility amortization, in a given year",ind_8e9ad37919833b7f,"Total Margin (consolidated): % by which total corporate (consolidated) revenues exceed or fall short of total corporate (consolidated) expenses, excluding the impact of facility amortization, in a given year",accepted,Source-exact definition retained; display whitespace only; no cross-label equivalence asserted
Total Percentage of Policies Reviewed Using the Health Equity Impact Assessment (HEIA) Tool,ind_5b70270b69684913,Total Percentage of Policies Reviewed Using the Health Equity Impact Assessment (HEIA) Tool,accepted,Source-exact definition retained; display whitespace only; no cross-label equivalence asserted
Total Seclusion Hours -  measures total duration of seclusion hours per month for inpatients.,ind_3188c1c1803b3549,Total Seclusion Hours - measures total duration of seclusion hours per month for inpatients.,accepted,Source-exact definition retained; display whitespace only; no cross-label equivalence asserted
Total number of Patient Feedback Survey responses,ind_986a1de5f68fe9f9,Total number of Patient Feedback Survey responses,accepted,Source-exact definition retained; display whitespace only; no cross-label equivalence asserted
"Total number of co-designed hospital programs, policy or resource packages with Indigenous community partners (#)",ind_aec04c989ddc0624,"Total number of co-designed hospital programs, policy or resource packages with Indigenous community partners (#)",accepted,Source-exact definition retained; display whitespace only; no cross-label equivalence asserted
Total number of incidents that cause harm to a patient,ind_5be5a05589d19152,Total number of incidents that cause harm to a patient,accepted,Source-exact definition retained; display whitespace only; no cross-label equivalence asserted
"Total number of patients connected with research staff to hear about research opportunities in Child, Youth, and Family Services (FAST and Slaight Centre).",ind_15ec18d11111a6d4,"Total number of patients connected with research staff to hear about research opportunities in Child, Youth, and Family Services (FAST and Slaight Centre).",accepted,Source-exact definition retained; display whitespace only; no cross-label equivalence asserted
Total number of reported workplace violence/harassment incidents as defined by the Ministry of Labour (MOL) perpetrated by patients/visitors towards hospital staff/affiliates as reported by hospital workers,ind_10d9993c86a24c10,Total number of reported workplace violence/harassment incidents as defined by the Ministry of Labour (MOL) perpetrated by patients/visitors towards hospital staff/affiliates as reported by hospital workers,accepted,Source-exact definition retained; display whitespace only; no cross-label equivalence asserted
"Total number of staff events resulting in first aid, lost time, and healthcare following a workplace violence incident.",ind_7b4abbf80d0322cc,"Total number of staff events resulting in first aid, lost time, and healthcare following a workplace violence incident.",accepted,Source-exact definition retained; display whitespace only; no cross-label equivalence asserted
"Total number of staff events resulting in first aid, lost time, and healthcare, following a workplace violence incident.",ind_84bcd6c2c88865cb,"Total number of staff events resulting in first aid, lost time, and healthcare, following a workplace violence incident.",accepted,Source-exact definition retained; display whitespace only; no cross-label equivalence asserted
Total number of visits to the Emergency Department with a main problem of Mental Health or Substance Use,ind_4e800d2a532c03f3,Total number of visits to the Emergency Department with a main problem of Mental Health or Substance Use,accepted,Source-exact definition retained; display whitespace only; no cross-label equivalence asserted
Total number of waitlist entries that have an open status in WTIS,ind_a59f6002b997f63a,Total number of waitlist entries that have an open status in WTIS,accepted,Source-exact definition retained; display whitespace only; no cross-label equivalence asserted
Total numbers of visits to the Emergency Department with a main problem of Mental Health or Substance Abuse.,ind_99b65bb3773c7005,Total numbers of visits to the Emergency Department with a main problem of Mental Health or Substance Abuse.,accepted,Source-exact definition retained; display whitespace only; no cross-label equivalence asserted
Total seclusion duration hours per month,ind_24a978f5735b1942,Total seclusion duration hours per month,accepted,Source-exact definition retained; display whitespace only; no cross-label equivalence asserted
"Track and evaluate return ED visits that occur within 72 hours of discharge out of the emergency departments across the Alliance. The team will investigate a minimum of 40 revisits annually at each site by March 31, 2025",ind_3f59159fbd45567d,"Track and evaluate return ED visits that occur within 72 hours of discharge out of the emergency departments across the Alliance. The team will investigate a minimum of 40 revisits annually at each site by March 31, 2025",accepted,Source-exact definition retained; display whitespace only; no cross-label equivalence asserted
Turnover Rate,ind_fdcad4820aabeac5,Turnover Rate,accepted,Source-exact definition retained; display whitespace only; no cross-label equivalence asserted
Turnover rate,ind_d3e2acc39a4ea6cf,Turnover rate,accepted,Source-exact definition retained; display whitespace only; no cross-label equivalence asserted
Turnover time for inpatient beds,ind_a6faa059574cc371,Turnover time for inpatient beds,accepted,Source-exact definition retained; display whitespace only; no cross-label equivalence asserted
Turnover time for inpatients beds,ind_cd24e70ed071e669,Turnover time for inpatients beds,accepted,Source-exact definition retained; display whitespace only; no cross-label equivalence asserted
Two Patient Identifiers (Bedside Medication Verification),ind_ce14aff52b0f53c0,Two Patient Identifiers (Bedside Medication Verification),accepted,Source-exact definition retained; display whitespace only; no cross-label equivalence asserted
Universal Accessibility: Progression on organizational maturity scale from exploring to transforming,ind_05760c55df01195a,Universal Accessibility: Progression on organizational maturity scale from exploring to transforming,accepted,Source-exact definition retained; display whitespace only; no cross-label equivalence asserted
Using Blood Wisely Implementation,ind_1733d0d79e43d8bf,Using Blood Wisely Implementation,accepted,Source-exact definition retained; display whitespace only; no cross-label equivalence asserted
Vacancy Rate,ind_f2b6203c500e447f,Vacancy Rate,accepted,Source-exact definition retained; display whitespace only; no cross-label equivalence asserted
Vancomycin-Resistant Enterococcus (VRE) bacteremia rate,ind_a2124b774ea199d0,Vancomycin-Resistant Enterococcus (VRE) bacteremia rate,accepted,Source-exact definition retained; display whitespace only; no cross-label equivalence asserted
Virtual Care Adoption Rate,ind_59f68700630cfdea,Virtual Care Adoption Rate,accepted,Source-exact definition retained; display whitespace only; no cross-label equivalence asserted
Voluntary Turnover,ind_86c5d93ce5bc682c,Voluntary Turnover,accepted,Source-exact definition retained; display whitespace only; no cross-label equivalence asserted
WPV epidodes,ind_27c220571d987d84,WPV epidodes,accepted,Source-exact definition retained; display whitespace only; no cross-label equivalence asserted
WPV incidents that result in lost time reported per 100 FTE hospital and LTC workers within a 12 month period,ind_b382c94c71d86ae4,WPV incidents that result in lost time reported per 100 FTE hospital and LTC workers within a 12 month period,accepted,Source-exact definition retained; display whitespace only; no cross-label equivalence asserted
WSIB Healthcare Rate,ind_9be0029897595011,WSIB Healthcare Rate,accepted,Source-exact definition retained; display whitespace only; no cross-label equivalence asserted
WSIB Healthcare Rate(Injury/100 FTEs per year),ind_b47dea8c00f05cd7,WSIB Healthcare Rate(Injury/100 FTEs per year),accepted,Source-exact definition retained; display whitespace only; no cross-label equivalence asserted
Wellness incentive policy uptake,ind_d00d73d43841ef92,Wellness incentive policy uptake,accepted,Source-exact definition retained; display whitespace only; no cross-label equivalence asserted
"Were you involved in your care in a way that you wished? - Yes, definitely",ind_d174d755cbe86602,"Were you involved in your care in a way that you wished? - Yes, definitely",accepted,Source-exact definition retained; display whitespace only; no cross-label equivalence asserted
While You Wait for Your Cardiology Consultation,ind_719f025c2287e852,While You Wait for Your Cardiology Consultation,accepted,Source-exact definition retained; display whitespace only; no cross-label equivalence asserted
White boards are updated every shift by assigned nursing staff to support communication with patients and families.,ind_62f152570f0630d3,White boards are updated every shift by assigned nursing staff to support communication with patients and families.,accepted,Source-exact definition retained; display whitespace only; no cross-label equivalence asserted
Women's Heart Health LEAN-FMEA,ind_5537dbf9752cc12c,Women's Heart Health LEAN-FMEA,accepted,Source-exact definition retained; display whitespace only; no cross-label equivalence asserted
Women's Heart Health Regional Champions,ind_219f1353e267f669,Women's Heart Health Regional Champions,accepted,Source-exact definition retained; display whitespace only; no cross-label equivalence asserted
Workforce stability - agency staffing utilization,ind_31ea07d66dddadfe,Workforce stability - agency staffing utilization,accepted,Source-exact definition retained; display whitespace only; no cross-label equivalence asserted
Workplace Incivility Incidents,ind_3b0b515b07720513,Workplace Incivility Incidents,accepted,Source-exact definition retained; display whitespace only; no cross-label equivalence asserted
Workplace Safety. Number of Workplace Incivility and Workplace Violence incidents,ind_bf082041d2fab662,Workplace Safety. Number of Workplace Incivility and Workplace Violence incidents,accepted,Source-exact definition retained; display whitespace only; no cross-label equivalence asserted
Workplace Violence Frequency,ind_06627c973f92bcee,Workplace Violence Frequency,accepted,Source-exact definition retained; display whitespace only; no cross-label equivalence asserted
Workplace Violence Incidents Rate,ind_8e182b7d955fc6ab,Workplace Violence Incidents Rate,accepted,Source-exact definition retained; display whitespace only; no cross-label equivalence asserted
Workplace Violence Incidents Rate (HQO),ind_bf1720e7ff66b35a,Workplace Violence Incidents Rate (HQO),accepted,Source-exact definition retained; display whitespace only; no cross-label equivalence asserted
Workplace Violence Lost Time Injury Frequency (# of WPV incidents/100 FTEs),ind_686a7304e0a1d67c,Workplace Violence Lost Time Injury Frequency (# of WPV incidents/100 FTEs),accepted,Source-exact definition retained; display whitespace only; no cross-label equivalence asserted
Workplace Violence Severity,ind_1ed3dfcb8668a82f,Workplace Violence Severity,accepted,Source-exact definition retained; display whitespace only; no cross-label equivalence asserted
Workplace Violence Training revision.Trauma Informed De-escalation Education for Safety & Self ProtectionCAMH Tides*,ind_9b0b5b5ffaf590f9,Workplace Violence Training revision.Trauma Informed De-escalation Education for Safety & Self ProtectionCAMH Tides*,accepted,Source-exact definition retained; display whitespace only; no cross-label equivalence asserted
Workplace violence incident reporting. Measuring the number of incidents (violence and harassment) as reported by employees and as defined by OHSA.,ind_4e8b92be2886d199,Workplace violence incident reporting. Measuring the number of incidents (violence and harassment) as reported by employees and as defined by OHSA.,accepted,Source-exact definition retained; display whitespace only; no cross-label equivalence asserted
Workplace violence lost time injury (number of workplace violent incidents/?100 FTEs)?,ind_60fb530189344e89,Workplace violence lost time injury (number of workplace violent incidents/?100 FTEs)?,accepted,Source-exact definition retained; display whitespace only; no cross-label equivalence asserted
Workplace violence lost time injury frequency rate,ind_45701310d1728cff,Workplace violence lost time injury frequency rate,accepted,Source-exact definition retained; display whitespace only; no cross-label equivalence asserted
Workplace violence resulting in injury,ind_d1cb6e07b840ba9f,Workplace violence resulting in injury,accepted,Source-exact definition retained; display whitespace only; no cross-label equivalence asserted
Would you recommend inpatient care to your friends and family?,ind_2e2e1dac984ad04c,Would you recommend inpatient care to your friends and family?,accepted,Source-exact definition retained; display whitespace only; no cross-label equivalence asserted
Would you recommend the emergency department?,ind_e4c5bf8b617394e9,Would you recommend the emergency department?,accepted,Source-exact definition retained; display whitespace only; no cross-label equivalence asserted
improve interdisciplinary team communication,ind_679d949e7ac272c8,improve interdisciplinary team communication,accepted,Source-exact definition retained; display whitespace only; no cross-label equivalence asserted
test test test,ind_497b22d4e86a3caa,test test test,accepted,Source-exact definition retained; display whitespace only; no cross-label equivalence asserted
"“Did the hospital staff provide you with clear instructions on how to manage your care and treatment after leaving the hospital?”Response: Yes, definitely",ind_570dcd5baf5a4df0,"“Did the hospital staff provide you with clear instructions on how to manage your care and treatment after leaving the hospital?”Response: Yes, definitely",accepted,Source-exact definition retained; display whitespace only; no cross-label equivalence asserted
